dataset_id,canonical_name,origin_type,collection_years,capture_provenance,dataset_boundary_basis,canonical_citation_key,canonical_citation,doi,canonical_url,identity_confidence,paper_ids,scheme_ids,use_ids,evidence_ids
DS-ANDRUBIS,Andrubis Android malware network traffic corpus,external_reused,,Network traces produced by Android applications executed in the Andrubis dynamic-analysis sandbox.,Retained as a separately named or independently provenanced traffic corpus.,lindorfer2014andrubis,"Martina Lindorfer, Matthias Neugschwandtner, Lukas Weichselbaum, Yanick Fratantonio, Victor van der Veen, and Christian Platzer. 2014. Andrubis - 1,000,000 Apps Later: A View on Current Android Malware Behaviors. BADGERS.",,https://drive.google.com/drive/folders/1IXa3IJS9zJS4vggpyU7yda8f7jZjz4gB,high,P17818,SCH0199 | SCH0204 | SCH0205,USE0123,EVD0791 | EVD0819 | EVD0841 | EVD2007 | EVD2012 | EVD2015 | EVD2016
DS-ANOSHIFT,AnoShift,external_reused,2006-2015,Kyoto 2006+ traffic from five university subnetworks organized into ten yearly task units with benign and anomalous traffic.,Independently named temporal shift benchmark.,ds_anoshift,AnoShift benchmark built over Kyoto 2006+ traffic.,,https://github.com/bit-ml/AnoShift,high,P26148,SCH0223,USE0139,EVD1802 | EVD1803 | EVD1812 | EVD1813
DS-AUCKLAND-VI-2001,Auckland VI Internet Traffic Trace,external_reused,2001,Header trace collected by the University of Auckland WAND Network Research Group in May 2001.,Retained as a separately named or independently provenanced traffic corpus.,wand2001aucklandvi,WAND Network Research Group. 2001. Auckland VI traces. Waikato Internet Traffic Storage.,,https://labs.ripe.net/datarepository/data-sets/the-waikato-internet-traffic-storage-wits-passive-datasets/,high,P39497,SCH0252,USE0166,EVD0738 | EVD0849 | EVD2066
DS-AWF-2017,Automated Website Fingerprinting (AWF) corpus,external_reused,2017,"Large Tor website trace corpus released by Rimmer et al.; GANDaLF creates labeled, unlabeled, and open-world partitions. || Tor traffic collected by Rimmer et al. in 2017 with Tor Browser 6.5; the evaluated paper repartitions the same sample pool. || Large Tor website-trace corpus released by Rimmer et al.; AWF100, AWF775, and AWF9000 are partitions rather than fresh captures.",Retained as a separately named or independently provenanced traffic corpus.,rimmer2018awf,"Vera Rimmer, Davy Preuveneers, Marc Juarez, Tom Van Goethem, and Wouter Joosen. 2018. Automated Website Fingerprinting through Deep Learning. In NDSS.",,https://github.com/DistriNet/DLWF#datasets-used-for-the-evaluation,high,P14188 | P15385 | P46522 | P48246,SCH0055 | SCH0057 | SCH0092 | SCH0093 | SCH0094 | SCH0379 | SCH0381 | SCH0415,USE0029 | USE0046 | USE0246 | USE0266,EVD0536 | EVD0627 | EVD0790 | EVD0813 | EVD0817 | EVD0830 | EVD0886 | EVD1145 | EVD1146 | EVD1176 | EVD1178 | EVD1195 | EVD1908 | EVD1910 | EVD1948 | EVD1949 | EVD1950 | EVD1954 | EVD2178 | EVD2181 | EVD2182 | EVD2227
DS-AWID3,AWID3 IEEE 802.11 intrusion corpus,external_reused,2021,AWID3 wireless packet captures decrypted with supplied keys and separated with provided malicious and benign filters.,Retained as the named AWID3 source corpus.,p16406,Lumen: a framework for developing and evaluating ML-based IoT network anomaly detection.,10.1145/3555050.3569129,https://doi.org/10.1145/3555050.3569129,high,P16406,SCH0173,USE0104,EVD1640 | EVD1642 | EVD1655 | EVD1746
DS-BOOTERS-2015,Booters attack-source and packet corpus,external_reused,2015,Attack-source observations and a Booter1 DNS packet source from the prior booter study.,Independently named source with distinct provenance.,ds_booters_2015,Karami et al. Stress Testing the Booters. WWW 2016.,,,high,P41311,SCH0269,USE0179,EVD1846 | EVD1850
DS-BOT-IOT,Bot-IoT,external_reused,,Realistic IoT network environment and botnet attack traffic collected by Koroniotis et al.,Retained as a separately named or independently provenanced traffic corpus.,koroniotis2019botiot,"Nickolaos Koroniotis, Nour Moustafa, Elena Sitnikova, and Benjamin Turnbull. 2019. Towards the development of realistic botnet dataset in the Internet of Things for network forensic analytics: Bot-IoT dataset. Future Generation Computer Systems.",,https://unsw-my.sharepoint.com/:f:/g/personal/z5131399_ad_unsw_edu_au/EjlBDf2KODxPgXmqbO3MxxsBBVARCKZxGUG47OiFHb_AnQ,high,P38761,SCH0236,USE0150,EVD0528 | EVD0836 | EVD1144 | EVD2039
DS-BTU-MALWARE,BTU malware-traffic corpus,external_reused,,BTU malware-traffic corpus contains 2 retained traffic components.,BTU-Mobile and BTU-Desktop are device/scenario components of the same cited BTU corpus.,matousek2024btu,"Petr Matousek, Ondrej Rysavy, and Ivana Burgetova. 2024. Experience Report: Using JA4+ Fingerprints for Malware Detection in Encrypted Traffic. CNSM.",10.23919/CNSM62983.2024.10814358,https://doi.org/10.23919/CNSM62983.2024.10814358,high,P17269,SCH0184 | SCH0185,USE0112,EVD0571 | EVD0884 | EVD1987 | EVD1988
DS-CIC-ANDMAL-2017,CIC-AndMal2017,external_reused,2017,Android benign and malware application traffic captured for the CIC-AndMal2017 release.,Retained separately from CICInvesAndMal2019 because the releases contain independently collected application executions.,lashkari2018andmal2017,Arash Habibi Lashkari et al. 2018. Toward Developing a Systematic Approach to Generate Benchmark Android Malware Datasets and Classification.,10.1109/CCST.2018.8585560,https://www.unb.ca/cic/datasets/andmal2017.html,high,P14441 | P16248,SCH0076 | SCH0144,USE0035 | USE0088,EVD1701 | EVD1702 | EVD1703 | EVD1704 | EVD1738 | EVD1739 | EVD1740 | EVD1741
DS-CIC-DDOS-2019,CIC-DDoS2019,external_reused,2019,Canadian Institute for Cybersecurity distributed denial-of-service traffic corpus.,Retained as a separately named CIC traffic release.,,,,https://www.unb.ca/cic/datasets/ddos-2019.html,high,P15558 | P16004 | P16208 | P16248 | P16406 | P41311,SCH0098 | SCH0111 | SCH0127 | SCH0148 | SCH0164 | SCH0270,USE0048 | USE0059 | USE0073 | USE0089 | USE0100 | USE0177,EVD1636 | EVD1639 | EVD1641 | EVD1646 | EVD1710 | EVD1711 | EVD1712 | EVD1714 | EVD1716 | EVD1732 | EVD1734 | EVD1738 | EVD1739 | EVD1740 | EVD1741 | EVD1747 | EVD1847 | EVD1850
DS-CIC-IDS-2017,CIC-IDS2017,external_reused,2017,"Canadian Institute for Cybersecurity 2017 intrusion traffic capture. || CIC intrusion-detection traffic collected in 2017 and described by Sharafaldin et al. || Canadian Institute for Cybersecurity 2017 intrusion-traffic capture. Natural-noise analyses, class subsets, and cross-time uses do not alter sample provenance.",Retained as a separately named or independently provenanced traffic corpus.,sharafaldin2018cicids2017,"Iman Sharafaldin, Arash Habibi Lashkari, and Ali A. Ghorbani. 2018. Toward Generating a New Intrusion Detection Dataset and Intrusion Traffic Characterization. ICISSP, 108-116.",10.5220/0006639801080116,https://doi.org/10.5220/0006639801080116,high,P12361 | P14774 | P15558 | P16208 | P16248 | P16406 | P17148 | P26148 | P38798 | P47085,SCH0011 | SCH0012 | SCH0013 | SCH0014 | SCH0015 | SCH0016 | SCH0017 | SCH0079 | SCH0081 | SCH0087 | SCH0096 | SCH0128 | SCH0145 | SCH0161 | SCH0162 | SCH0163 | SCH0181 | SCH0224 | SCH0240 | SCH0389 | SCH0392 | SCH0393,USE0011 | USE0042 | USE0053 | USE0077 | USE0095 | USE0105 | USE0108 | USE0140 | USE0152 | USE0252,EVD0504 | EVD0668 | EVD0683 | EVD0700 | EVD0801 | EVD0846 | EVD0855 | EVD0878 | EVD0885 | EVD1143 | EVD1153 | EVD1175 | EVD1184 | EVD1201 | EVD1639 | EVD1641 | EVD1643 | EVD1644 | EVD1645 | EVD1692 | EVD1693 | EVD1694 | EVD1695 | EVD1710 | EVD1711 | EVD1712 | EVD1714 | EVD1730 | EVD1732 | EVD1734 | EVD1738 | EVD1739 | EVD1740 | EVD1741 | EVD1748 | EVD1759 | EVD1761 | EVD1762 | EVD1802 | EVD1804 | EVD1812 | EVD1813 | EVD1933 | EVD1941 | EVD1946 | EVD1947 | EVD2043 | EVD2189 | EVD2193 | EVD2195 | EVD2196 | EVD2198
DS-CIC-INVES-ANDMAL-2019,CICInvesAndMal2019,external_reused,,"Traffic and device logs from 5,065 benign and 426 malicious Android apps executed on real devices, malware spans 39 families. || Android malware network-flow corpus introduced by Taheri et al.",Retained as a separately named or independently provenanced traffic corpus.,taheri2019cicinvesandmal,"Laya Taheri, Andi Fitriah Abdul Kadir, and Arash Habibi Lashkari. 2019. Extensible Android Malware Detection and Family Classification Using Network-Flows and API-Calls. In ICCST. IEEE, 1-8.",,https://www.unb.ca/cic/datasets/invesandmal2019.html,high,P17269 | P18222 | P39015,SCH0186 | SCH0190 | SCH0467 | SCH0472 | SCH0473,USE0111 | USE0289 | USE0293,EVD0509 | EVD0623 | EVD0736 | EVD0876 | EVD1141 | EVD1164 | EVD1763 | EVD1764 | EVD1985 | EVD1989 | EVD2417 | EVD2418 | EVD2419 | EVD2420 | EVD2421 | EVD2422 | EVD2423 | EVD2424 | EVD2425 | EVD2426 | EVD2427 | EVD2428 | EVD2429 | EVD2430 | EVD2443 | EVD2444 | EVD2445 | EVD2446 | EVD2447 | EVD2448 | EVD2455 | EVD2456 | EVD2457 | EVD2458 | EVD2459 | EVD2460
DS-CIC-IOT-2022,CICIoT2022,external_reused,,"CICIoT2022 IoT traffic corpus, evaluated papers use subsets, label views, and transformations of the same packet pool. AN-Net specifically selects PCAPs from the official 5-Active directory.",Retained as a separately named or independently provenanced traffic corpus.,dadkhah2022ciciot2022,"Sajjad Dadkhah, Hassan Mahdikhani, Priscilla Kyei Danso, Alireza Zohourian, Kevin Anh Truong, and Ali A. Ghorbani. 2022. Towards the Development of a Realistic Multidimensional IoT Profiling Dataset. PST.",10.1109/PST55820.2022.9851966,https://doi.org/10.1109/PST55820.2022.9851966,high,P07480 | P11328 | P13076 | P38761 | P39771,SCH0003 | SCH0007 | SCH0024 | SCH0235 | SCH0259,USE0006 | USE0010 | USE0019 | USE0151 | USE0171,EVD0514 | EVD0576 | EVD0605 | EVD0712 | EVD0784 | EVD0826 | EVD0844 | EVD0880 | EVD0889 | EVD0891 | EVD1171 | EVD1689 | EVD1690 | EVD1691 | EVD1883 | EVD1893 | EVD2040 | EVD2074
DS-CIC-IOT-2023,CICIoT2023,external_reused,,Large-scale IoT attack traffic capture introduced by Neto et al.,Retained as a separately named or independently provenanced traffic corpus.,neto2023ciciot2023,"E. C. P. Neto, S. Dadkhah, R. Ferreira, A. Zohourian, R. Lu, and A. A. Ghorbani. 2023. CICIoT2023: A Real-Time Dataset and Benchmark for Large-Scale Attacks in IoT Environment. Sensors 23(13):5941.",,https://www.unb.ca/cic/datasets/iotdataset-2023.html,high,P12435 | P16208 | P16248,SCH0021 | SCH0130 | SCH0155,USE0015 | USE0076 | USE0093,EVD0554 | EVD0824 | EVD0843 | EVD1732 | EVD1734 | EVD1738 | EVD1739 | EVD1740 | EVD1741 | EVD1892
DS-CIRA-CIC-DOHBRW-2020,CIRA-CIC-DoHBrw-2020,external_reused,,CIRA-CIC-DoHBrw-2020 contains 2 retained traffic components.,"Rosetta's DoHBrw-NetEnv traces replay the CIRA-CIC-DoHBrw-2020 source under network environments, the replay is a transformed corpus view rather than another source dataset.",montazeri2020doh,"L. MontazeriShatoori et al. 2020. Detection of DoH tunnels using time-series classification of encrypted traffic. In IEEE DASC, 63-70.",,https://www.usenix.org/conference/usenixsecurity23/presentation/xie,high,P16247 | P16248 | P18222 | P39111 | P43001 | P43680,SCH0149 | SCH0338 | SCH0454 | SCH0468 | SCH0477 | SCH0487,USE0087 | USE0220 | USE0282 | USE0290 | USE0295 | USE0304,EVD0608 | EVD0640 | EVD0881 | EVD1154 | EVD1169 | EVD1738 | EVD1739 | EVD1740 | EVD1741 | EVD1865 | EVD1869 | EVD2286 | EVD2287 | EVD2288 | EVD2289 | EVD2290 | EVD2291 | EVD2410 | EVD2411 | EVD2412 | EVD2413 | EVD2414 | EVD2415 | EVD2416 | EVD2424 | EVD2425 | EVD2426 | EVD2427 | EVD2428 | EVD2429 | EVD2430 | EVD2467 | EVD2468 | EVD2469 | EVD2470 | EVD2471 | EVD2472 | EVD2569 | EVD2570 | EVD2571 | EVD2572 | EVD2573 | EVD2574
DS-CROSS-PLATFORM-2017,Cross-Platform mobile-app traffic corpus,external_reused,,Cross-Platform mobile-app traffic corpus contains 2 retained traffic components.,Android and iOS are platform components of the same Cross-Platform release.,ren2019crossplatform,"Jingjing Ren, Daniel J. Dubois, and David Choffnes. 2019. An International View of Privacy Risks for Mobile Apps. Northeastern University technical report.",,https://recon.meddle.mobi/papers/cross-market.pdf,high,P07480 | P12435 | P14774 | P17818 | P35345 | P39064 | P41766 | P45261 | P46427,SCH0004 | SCH0019 | SCH0023 | SCH0080 | SCH0197 | SCH0200 | SCH0201 | SCH0230 | SCH0247 | SCH0279 | SCH0281 | SCH0354 | SCH0370,USE0002 | USE0013 | USE0037 | USE0119 | USE0143 | USE0157 | USE0184 | USE0228 | USE0239,EVD0471 | EVD0474 | EVD0476 | EVD0479 | EVD0502 | EVD0573 | EVD0681 | EVD0752 | EVD0786 | EVD0814 | EVD0837 | EVD0850 | EVD0861 | EVD0865 | EVD0868 | EVD0869 | EVD0872 | EVD1159 | EVD1160 | EVD1166 | EVD1180 | EVD1183 | EVD1185 | EVD1884 | EVD1890 | EVD1891 | EVD1939 | EVD1940 | EVD2008 | EVD2013 | EVD2015 | EVD2016 | EVD2033 | EVD2057 | EVD2096 | EVD2097 | EVD2153 | EVD2177
DS-CROSSNET-2021,CrossNet2021,external_reused,,Cross-network traffic corpus associated with the ProGraph work.,Retained as a separately named or independently provenanced traffic corpus.,li2023prograph,"Wenhao Li, Xiaoyu Zhang, Huaifeng Bao, Haichao Shi, and Qiang Wang. 2023. ProGraph: Robust Network Traffic Identification With Graph Propagation. IEEE/ACM Transactions on Networking 31(3), 1385-1399.",10.1109/TNET.2022.3216603,https://doi.org/10.1109/TNET.2022.3216603,medium,P47085,SCH0390 | SCH0391 | SCH0394,USE0251,EVD0795 | EVD0800 | EVD0835 | EVD0842 | EVD1142 | EVD2190 | EVD2194 | EVD2197
DS-CSE-CIC-IDS-2018,CSE-CIC-IDS2018,external_reused,2018,CIC intrusion traffic corpus described by Sharafaldin et al. || Canadian Institute for Cybersecurity 2018 intrusion-traffic capture. NF-CSE-CIC-IDS2018-V2 is a NetFlow feature representation of this same packet provenance.,Retained as a separately named or independently provenanced traffic corpus.,cse_cic2018ids,Communications Security Establishment and Canadian Institute for Cybersecurity. 2018. CSE-CIC-IDS2018 on AWS.,,https://www.unb.ca/cic/datasets/ids-2018.html,high,P15558 | P16208 | P16248 | P18222 | P26148 | P39064 | P46578 | P47085,SCH0097 | SCH0129 | SCH0146 | SCH0225 | SCH0246 | SCH0386 | SCH0395 | SCH0469,USE0055 | USE0079 | USE0097 | USE0142 | USE0161 | USE0249 | USE0254 | USE0291,EVD0562 | EVD0601 | EVD0658 | EVD0660 | EVD0739 | EVD0839 | EVD0879 | EVD0890 | EVD1139 | EVD1150 | EVD1155 | EVD1710 | EVD1711 | EVD1712 | EVD1714 | EVD1732 | EVD1734 | EVD1738 | EVD1739 | EVD1740 | EVD1741 | EVD1802 | EVD1805 | EVD1812 | EVD1813 | EVD2052 | EVD2186 | EVD2195 | EVD2196 | EVD2198 | EVD2417 | EVD2418 | EVD2419 | EVD2420 | EVD2421 | EVD2422 | EVD2423 | EVD2424 | EVD2425 | EVD2426 | EVD2427 | EVD2428 | EVD2429 | EVD2430
DS-CSTNET-TLS13-2021,CSTNET-TLS 1.3,self_collected,2021,"46,372 TLS 1.3 flows from 120 applications captured under CSTNET from March-July 2021 and labeled with SNI. || TLS 1.3 website/application traffic captured under CSTNET for 120 classes and released through the ET-BERT lineage.",Retained as a separately named or independently provenanced traffic corpus.,DBLP:conf/www/LinXGLSY22,Xinjie Lin; Gang Xiong; Gaopeng Gou; Zhen Li; Junzheng Shi; Jing Yu. 2022. ET-BERT: A Contextualized Datagram Representation with Pre-training Transformers for Encrypted Traffic Classification. The Web Conference (WWW).,10.1145/3485447.3512217,https://doi.org/10.1145/3485447.3512217,high,P16071 | P39804 | P41766 | P45261,SCH0116 | SCH0484 | SCH0485 | SCH0493,USE0064 | USE0301 | USE0302 | USE0308,EVD0546 | EVD0642 | EVD0753 | EVD0783 | EVD0823 | EVD0873 | EVD1147 | EVD1174 | EVD1182 | EVD1718 | EVD1720 | EVD1721 | EVD2527 | EVD2528 | EVD2529 | EVD2530 | EVD2531 | EVD2532 | EVD2533 | EVD2534 | EVD2535 | EVD2536 | EVD2537 | EVD2538 | EVD2539 | EVD2540 | EVD2541 | EVD2542 | EVD2543 | EVD2544 | EVD2545 | EVD2546 | EVD2547 | EVD2548 | EVD2549 | EVD2550 | EVD2593 | EVD2594 | EVD2595 | EVD2596 | EVD2597 | EVD2598
DS-CTU-13,CTU-13,external_reused,,Thirteen botnet scenarios captured at CTU and released through the Malware Capture Facility Project.,Retained as a separately named or independently provenanced traffic corpus.,garcia2014ctu13,"Sebastian Garcia, Martin Grill, Jan Stiborek, and Alejandro Zunino. 2014. An empirical comparison of botnet detection methods. Computers & Security 45, 100-123.",,https://www.stratosphereips.org/datasets-ctu13,high,P13883 | P16248 | P16406 | P26148,SCH0029 | SCH0147 | SCH0165 | SCH0166 | SCH0167 | SCH0168 | SCH0169 | SCH0170 | SCH0226,USE0021 | USE0091 | USE0101 | USE0138,EVD0525 | EVD0825 | EVD0840 | EVD1158 | EVD1639 | EVD1641 | EVD1647 | EVD1648 | EVD1649 | EVD1650 | EVD1651 | EVD1652 | EVD1696 | EVD1738 | EVD1739 | EVD1740 | EVD1741 | EVD1749 | EVD1802 | EVD1806 | EVD1812 | EVD1813 | EVD1898
DS-CTU-NORMAL-MALPHASE,MalPhase-selected Stratosphere normal traffic,external_reused,,Normal packet captures downloaded from the Stratosphere Malware Capture Facility Project.,Retained as a separately named or independently provenanced traffic corpus.,DBLP:conf/asiaccs/PiskozubGBMM21,Michal Piskozub; Fabio De Gaspari; Frederick Barr-Smith; Luigi V. Mancini; Ivan Martinovic. 2021. MalPhase: Fine-Grained Malware Detection Using Network Flow Data. AsiaCCS.,10.1145/3433210.3453101,https://doi.org/10.1145/3433210.3453101,low,P14000,SCH0038 | SCH0039 | SCH0042 | SCH0043 | SCH0044 | SCH0051,USE0027,EVD0711 | EVD0859 | EVD1901 | EVD1902 | EVD1903 | EVD1904 | EVD1905 | EVD1906
DS-DATACON-2020-ENCRYPTED-MALWARE,DataCon2020 Encrypted Malicious Traffic Dataset,external_reused,2020,TLS and SSL traffic generated by malware and normal executable software in the Tianqiong sandbox.,Retained as the separately named DataCon2020 release.,datacon2020_encrypted_malware,DataCon Community. 2020. DataCon2020 Encrypted Malicious Traffic Dataset.,,https://datacon.qianxin.com/opendata/openpage?resourcesId=6,high,P16071,SCH0117,USE0063,EVD1718 | EVD1720 | EVD1721
DS-DATACON-2021-ENCRYPTED-PROXY,DataCon2021 Encrypted Proxy Traffic Dataset,external_reused,2021,Traffic generated by automated website access through encrypted proxy software.,The coordinated DataCon2021 release contains p1 proxy-software and p2 website-identification partitions and is retained as one canonical dataset.,datacon2021_encrypted_proxy,DataCon Community. 2021. DataCon2021 Encrypted Proxy Traffic Dataset.,,https://datacon.qianxin.com/opendata/openpage?resourcesId=10,high,P16071,SCH0118 | SCH0119,USE0062,EVD1718 | EVD1720 | EVD1721
DS-DEEPVC-ALEXA-2019,Kennedy/DeepVC Alexa voice-command traffic corpus,external_reused,,The 100-command Alexa capture introduced by Kennedy et al. and reused by the Wang et al. DeepVC follow-up.,Retained as a separately named or independently provenanced traffic corpus.,wang2020deepvc,"Chenggang Wang, Sean Kennedy, Haipeng Li, King Hudson, Gowtham Atluri, Xuetao Wei, Wenhai Sun, and Boyang Wang. 2020. Fingerprinting Encrypted Voice Traffic on Smart Speakers with Deep Learning. WiSec, 254-265.",10.1145/3395351.3399357,https://doi.org/10.1145/3395351.3399357,medium,P14374 | P43021,SCH0063 | SCH0324,USE0032 | USE0212,EVD0485 | EVD0518 | EVD0858 | EVD1138 | EVD1165 | EVD1914 | EVD2125
DS-DELTASHAPER-COVERT-TRAFFIC,DeltaShaper covert traffic corpus,external_reused,,Covert and legitimate traffic benchmark released with DeltaShaper.,Retained as a named independently provenanced corpus.,,,,,high,P17899,SCH0206,USE0126,EVD1766 | EVD1767 | EVD1768 | EVD1769
DS-DF-2017,Deep Fingerprinting corpus,external_reused,2017,Deep Fingerprinting corpus contains 2 retained traffic components.,The ordinary and Walkie-Talkie traffic pools belong to the same Deep Fingerprinting release; the defended view does not create another source dataset.,sirinam2018df,"Payap Sirinam, Mohsen Imani, Marc Juarez, and Matthew Wright. 2018. Deep Fingerprinting: Undermining Website Fingerprinting Defenses with Deep Learning. In Proceedings of the 2018 ACM SIGSAC Conference on Computer and Communications Security (CCS), 1928-1943.",,https://zenodo.org/records/11631265,high,P15762 | P16217 | P16247 | P41557 | P43026 | P46522 | P48205 | P48207 | P48246,SCH0110 | SCH0134 | SCH0137 | SCH0143 | SCH0273 | SCH0329 | SCH0330 | SCH0374 | SCH0375 | SCH0384 | SCH0409 | SCH0411 | SCH0414,USE0057 | USE0082 | USE0086 | USE0182 | USE0215 | USE0247 | USE0260 | USE0263 | USE0267,EVD0453 | EVD0459 | EVD0483 | EVD0489 | EVD0519 | EVD0529 | EVD0577 | EVD0638 | EVD0639 | EVD0749 | EVD0769 | EVD0803 | EVD0820 | EVD0828 | EVD0829 | EVD0831 | EVD0838 | EVD0860 | EVD0863 | EVD0867 | EVD0871 | EVD0875 | EVD0883 | EVD0897 | EVD1161 | EVD1172 | EVD1181 | EVD1202 | EVD1957 | EVD1962 | EVD1963 | EVD1968 | EVD2091 | EVD2133 | EVD2135 | EVD2137 | EVD2138 | EVD2139 | EVD2179 | EVD2183 | EVD2184 | EVD2219 | EVD2222 | EVD2223 | EVD2229
DS-DYNAFLOW-LU-2018-SOURCE,DynaFlow website-fingerprinting corpus,external_reused,,Tor website traces released for the DynaFlow defense evaluation.,Retained as a separately named or independently provenanced traffic corpus.,lu2018dynaflow,"David Lu, Sanjit Bhat, Albert Kwon, and Srinivas Devadas. 2018. DynaFlow: An Efficient Website Fingerprinting Defense Based on Dynamically-Adjusting Flows. WPES.",10.1145/3267323.3268960,https://doi.org/10.1145/3267323.3268960,high,P48207,SCH0413,USE0264,EVD0595 | EVD0864 | EVD2225
DS-FACET-COVERT-TRAFFIC,Facet covert traffic corpus,external_reused,,Covert and legitimate traffic benchmark released with Facet.,Retained as a named independently provenanced corpus.,,,,,high,P17899,SCH0207,USE0124,EVD1766 | EVD1767 | EVD1768 | EVD1769
DS-FG-NET,FG-Net,external_reused,2020,FG-Net contains 2 retained traffic components.,D1 and D2 are temporal/data partitions within the FG-Net release.,jiang2022fgnet,"Minghao Jiang, Zhen Li, Peipei Fu, Wei Cai, Mingxin Cui, Gang Xiong, and Gaopeng Gou. 2022. Accurate Mobile-App Fingerprinting Using Flow-Level Relationship with Graph Neural Networks. Computer Networks 217, 109309.",10.1016/j.comnet.2022.109309,https://doi.org/10.1016/j.comnet.2022.109309,high,P17323,SCH0193,USE0117,EVD0610 | EVD0781 | EVD0816 | EVD0822 | EVD0848 | EVD1995
DS-FRGP-MIRAI-2016,FRGP Mirai scanning source list,external_reused,2016,Mirai source-address observations used to draw attack source sets.,Independently named source with distinct provenance.,ds_frgp_mirai_2016,LANDER Mirai FRGP scanning trace from 8 September 2016.,,https://www.caida.org/catalog/datasets/telescope-lander/,high,,,,EVD1848
DS-GRESCHBACH-DNS-TOR-UNMONITORED,Greschbach et al. Tor DNS open-world corpus,external_reused,,Large Tor website/open-world traffic collection accompanying the cited study of DNS effects on Tor anonymity.,Retained as a separately named or independently provenanced traffic corpus.,greschbach2017dns,"Benjamin Greschbach, Tobias Pulls, Laura M. Roberts, Philipp Winter, and Nick Feamster. 2017. The Effect of DNS on Tor's Anonymity. NDSS.",10.14722/ndss.2017.23311,https://doi.org/10.14722/ndss.2017.23311,high,P48207,SCH0412,USE0262,EVD0585 | EVD1151 | EVD1879 | EVD2226
DS-HERRMANN-OPENSSH-WF,Herrmann OpenSSH website fingerprinting corpus,external_reused,,Website traces carried through OpenSSH and released for website fingerprinting.,Retained as a named independently provenanced corpus.,,,,,high,P17899,SCH0208,USE0127,EVD1766 | EVD1767 | EVD1768 | EVD1769
DS-HYPERVISION,HyperVision traffic corpus,external_reused,,Traffic benchmark released with HyperVision and reused for multiple binary attack tasks.,The six Exosphere tasks and five tFusion tasks are label views of the same released sample provenance.,,,,,high,P15558 | P16248,SCH0100 | SCH0101 | SCH0102 | SCH0103 | SCH0104 | SCH0105 | SCH0150 | SCH0151 | SCH0152 | SCH0153 | SCH0154,USE0052 | USE0094,EVD1710 | EVD1711 | EVD1712 | EVD1714 | EVD1738 | EVD1739 | EVD1740 | EVD1741
DS-IEEE-IOT-INTRUSION,IEEE IoT Network Intrusion Dataset,external_reused,2019,IEEE Dataport IoT packet capture with supplied Wireshark filters for malicious and benign packets.,Retained as the named IEEE IoT source corpus.,p16406,Lumen: a framework for developing and evaluating ML-based IoT network anomaly detection.,10.1145/3555050.3569129,https://doi.org/10.1145/3555050.3569129,high,P16406,SCH0171,USE0103,EVD1640 | EVD1642 | EVD1653 | EVD1750
DS-IOT-23,IoT-23,external_reused,2018 | 2019,Twenty-three labeled IoT network traffic scenarios released by the Stratosphere Laboratory.,Retained as the separately named IoT-23 release.,garcia2020iot23,"Sebastian Garcia, Agustin Parmisano, and Maria Jose Erquiaga. 2020. IoT-23: A Labeled Dataset with Malicious and Benign IoT Network Traffic.",,https://www.stratosphereips.org/datasets-iot23,high,P16208,SCH0131,USE0074,EVD1732 | EVD1733 | EVD1734
DS-IOT-SENTINEL-2017,IoT Sentinel,external_reused,,IoT device setup traffic collected for Miettinen et al.'s IoT Sentinel study.,Retained as a separately named or independently provenanced traffic corpus.,miettinen2017iotsentinel,Markus Miettinen et al. 2017. IoT Sentinel: Automated device-type identification for security enforcement in IoT. In IEEE ICDCS.,,https://github.com/andypitcher/IoT_Sentinel,high,P42690,SCH0318,USE0208,EVD0679 | EVD0847 | EVD2120
DS-ISCX-IDS-2012,ISCX IDS 2012,external_reused,2012,UNB/ISCX 2012 intrusion-detection network traffic capture.,Retained as a separately named or independently provenanced traffic corpus.,shiravi2012iscx,"Ali Shiravi, Hadi Shiravi, Mahbod Tavallaee, and Ali A. Ghorbani. 2012. Toward Developing a Systematic Approach to Generate Benchmark Datasets for Intrusion Detection. Computers & Security 31(3), 357-374.",10.1016/j.cose.2011.12.012,https://doi.org/10.1016/j.cose.2011.12.012,high,P44356,SCH0347,USE0227,EVD0729 | EVD0833 | EVD0887 | EVD2144
DS-ISCX-TOR-2016,ISCX-Tor-2016,external_reused,,"Single Lashkari/Draper-Gil Tor and non-Tor application-traffic capture, class selections and preprocessing remain one corpus. || Tor and non-Tor traffic captured for the Lashkari et al. characterization study. || Single Lashkari/Draper-Gil Tor and non-Tor application-traffic capture, Tor/non-Tor and service/application views remain one corpus.",Retained as a separately named or independently provenanced traffic corpus.,lashkari2017iscxtor,"Arash Habibi Lashkari, Gerard Draper-Gil, Mohammad Saiful Islam Mamun, and Ali A. Ghorbani. 2017. Characterization of Tor Traffic Using Time Based Features. In Proceedings of the 3rd International Conference on Information Systems Security and Privacy (ICISSP), 253-262.",,https://cicresearch.ca/CICDataset/ISCX-Tor-NonTor-2017/,high,P07480 | P11328 | P12435 | P13076 | P14955 | P39064 | P45261 | P46267 | P46427 | P47085,SCH0002 | SCH0009 | SCH0020 | SCH0025 | SCH0027 | SCH0089 | SCH0249 | SCH0353 | SCH0362 | SCH0366 | SCH0372 | SCH0388 | SCH0397,USE0005 | USE0009 | USE0016 | USE0018 | USE0045 | USE0160 | USE0231 | USE0238 | USE0243 | USE0253,EVD0457 | EVD0463 | EVD0524 | EVD0574 | EVD0600 | EVD0667 | EVD0697 | EVD0799 | EVD0827 | EVD0851 | EVD0854 | EVD0862 | EVD0866 | EVD0870 | EVD1149 | EVD1168 | EVD1173 | EVD1689 | EVD1690 | EVD1691 | EVD1706 | EVD1707 | EVD1885 | EVD1889 | EVD1896 | EVD1897 | EVD2056 | EVD2155 | EVD2171 | EVD2172 | EVD2174 | EVD2188 | EVD2192
DS-ISCX-VPN-2016,ISCX-VPN-2016,external_reused,,"Single Draper-Gil/Lashkari capture of VPN and non-VPN application traffic. Service/application class selections, VPN-only/non-VPN subsets, and alternate label views remain one underlying corpus. || Encrypted and VPN traffic collected by Draper-Gil et al., application and service tasks are label views of the same corpus. || Single Draper-Gil/Lashkari capture of VPN and non-VPN application traffic. VPN/non-VPN, service, application, and binary/multiclass label views remain one underlying sample pool.",Retained as a separately named or independently provenanced traffic corpus.,drapergil2016iscxvpn,"Gerard Draper-Gil, Arash Habibi Lashkari, Mohammad Saiful Islam Mamun, and Ali A. Ghorbani. 2016. Characterization of Encrypted and VPN Traffic Using Time-Related Features. ICISSP, 407-414.",10.5220/0005740704070414,https://doi.org/10.5220/0005740704070414,high,P07480 | P11328 | P12435 | P13076 | P14774 | P35345 | P38761 | P39064 | P39771 | P39804 | P41766 | P44356 | P45261 | P46267 | P46427,SCH0005 | SCH0010 | SCH0022 | SCH0026 | SCH0028 | SCH0078 | SCH0082 | SCH0084 | SCH0233 | SCH0237 | SCH0245 | SCH0248 | SCH0258 | SCH0262 | SCH0263 | SCH0264 | SCH0278 | SCH0280 | SCH0348 | SCH0351 | SCH0352 | SCH0365 | SCH0368 | SCH0373,USE0003 | USE0007 | USE0014 | USE0017 | USE0038 | USE0144 | USE0148 | USE0158 | USE0169 | USE0172 | USE0185 | USE0226 | USE0229 | USE0236 | USE0240,EVD0466 | EVD0487 | EVD0506 | EVD0520 | EVD0539 | EVD0547 | EVD0548 | EVD0604 | EVD0613 | EVD0634 | EVD0713 | EVD0734 | EVD0787 | EVD0789 | EVD0794 | EVD0810 | EVD0821 | EVD0834 | EVD0845 | EVD0852 | EVD0853 | EVD0856 | EVD0857 | EVD0874 | EVD0877 | EVD0882 | EVD0888 | EVD1140 | EVD1148 | EVD1163 | EVD1167 | EVD1170 | EVD1179 | EVD1186 | EVD1187 | EVD1188 | EVD1189 | EVD1689 | EVD1690 | EVD1691 | EVD1832 | EVD1886 | EVD1888 | EVD1894 | EVD1895 | EVD1935 | EVD1936 | EVD1942 | EVD1943 | EVD1944 | EVD1945 | EVD2032 | EVD2041 | EVD2054 | EVD2055 | EVD2075 | EVD2079 | EVD2080 | EVD2083 | EVD2085 | EVD2099 | EVD2100 | EVD2145 | EVD2146 | EVD2147 | EVD2156 | EVD2157 | EVD2158 | EVD2169 | EVD2170 | EVD2175
DS-KDDCUP-99,KDD Cup 1999,external_reused,1998,Connection records from seven weeks of DARPA 1998 training traffic and two weeks of separate test traffic.,Independently named public intrusion corpus.,ds_kddcup_99,KDD Cup 1999 intrusion detection dataset.,10.1109/CISDA.2009.5356528,http://kdd.ics.uci.edu/databases/kddcup99/kddcup99.html,high,P13937 | P26148,SCH0031 | SCH0227 | SCH0228,USE0022 | USE0137,EVD1697 | EVD1699 | EVD1700 | EVD1802 | EVD1807 | EVD1808 | EVD1812 | EVD1813
DS-KITSUNE,Kitsune network intrusion corpus,external_reused,2018,Packet-level Kitsune intrusion traces with ground-truth malicious and benign labels.,Retained as the named Kitsune source corpus.,p16406,Lumen: a framework for developing and evaluating ML-based IoT network anomaly detection.,10.1145/3555050.3569129,https://doi.org/10.1145/3555050.3569129,high,P16406,SCH0172,USE0102,EVD1640 | EVD1642 | EVD1654 | EVD1751
DS-KITSUNE-SSDP-FLOOD,Kitsune SSDP Flood capture,external_reused,,SSDP reflection-flood traffic from the Kitsune dataset.,Retained as a separately named or independently provenanced traffic corpus.,mirsky2018kitsune,"Yisroel Mirsky, Tomer Doitshman, Yuval Elovici, and Asaf Shabtai. 2018. Kitsune: An Ensemble of Autoencoders for Online Network Intrusion Detection. arXiv:1802.09089.",,https://archive.ics.uci.edu/dataset/516/kitsune+network+attack+dataset,high,P15558 | P16248,SCH0106 | SCH0156,USE0049 | USE0090,EVD0599 | EVD1162 | EVD1710 | EVD1711 | EVD1712 | EVD1714 | EVD1738 | EVD1739 | EVD1740 | EVD1741
DS-MALPHASE-VIRUSTOTAL-SANDBOX-PCAPS,MalPhase-selected VirusTotal sandbox PCAPs,external_reused,,Malware hashes gathered from several feeds were resolved through VirusTotal and corresponding sandbox network packet captures were downloaded; the binaries/hash feeds are not counted.,Retained as a separately named or independently provenanced traffic corpus.,DBLP:conf/asiaccs/PiskozubGBMM21,Michal Piskozub; Fabio De Gaspari; Frederick Barr-Smith; Luigi V. Mancini; Ivan Martinovic. 2021. MalPhase: Fine-Grained Malware Detection Using Network Flow Data. AsiaCCS.,10.1145/3433210.3453101,https://doi.org/10.1145/3433210.3453101,low,P14000,SCH0037 | SCH0041 | SCH0047 | SCH0048 | SCH0050 | SCH0052,USE0026,EVD0659 | EVD1157 | EVD1901 | EVD1902 | EVD1903 | EVD1904 | EVD1905 | EVD1906
DS-MALWARE-TRAFFIC-ANALYSIS-NET,Malware-Traffic-Analysis.net corpus,external_reused,2018 | 2019 | 2020 | 2021 | 2022 | 2023,Malware-Traffic-Analysis.net corpus contains 984 retained traffic components.,The 983 MalTAG source groups and FlowRefiner's Malware2023 selection all come from the same named Malware-Traffic-Analysis.net archive; individual exercises and selected files are corpus components.,malwaretrafficarchive,Malware-Traffic-Analysis.net. 2018-2023. Malware Traffic Analysis Exercises and PCAP Archive.,10.1145/3678890.3678921,https://www.malware-traffic-analysis.net/index.html,high,P17269 | P35345 | P39111,SCH0183 | SCH0189 | SCH0231 | SCH0476,USE0114 | USE0146 | USE0297,EVD0630 | EVD0722 | EVD0815 | EVD0818 | EVD0832 | EVD1177 | EVD1763 | EVD1764 | EVD1986 | EVD1989 | EVD2035 | EVD2461 | EVD2462 | EVD2463 | EVD2464 | EVD2465 | EVD2466 | EVD2467 | EVD2468 | EVD2469 | EVD2470 | EVD2471 | EVD2472
DS-MAWI,MAWI/WIDE Samplepoint-F corpus,external_reused,2023,MAWI/WIDE Samplepoint-F corpus contains 2 retained traffic components.,The two dated trace files are daily components of the same named MAWI archive.,cho2000mawi,"Kenjiro Cho, Koushirou Mitsuya, and Akira Kato. 2000. Traffic Data Repository at the WIDE Project. USENIX FREENIX Track.",,https://mawi.wide.ad.jp/mawi/,high,P16004 | P17269 | P41311,SCH0114 | SCH0188 | SCH0271,USE0058 | USE0110 | USE0176,EVD0766 | EVD0898 | EVD0899 | EVD0900 | EVD1636 | EVD1716 | EVD1763 | EVD1764 | EVD1845 | EVD1989
DS-MEI-2023-SINGLE-TAB,Mei et al. 2023 single-tab website-fingerprinting dataset,external_reused,2023,Single-tab real-world website traffic released by the cited work.,Retained as a separately named or independently provenanced traffic corpus.,mei2025realworld,"Haoyang Mei, Guang Cheng, and Y. Yuan. 2025. High Precision and Efficient Anonymous Traffic Classification in the Real-World. IEEE/ACM Transactions on Networking.",10.1109/TON.2024.3518976,https://doi.org/10.1109/TON.2024.3518976,high,P41557,SCH0274,USE0181,EVD0591 | EVD0901 | EVD2093
DS-MONIOT-2019,Mon(IoT)r corpus,external_reused,,Mon(IoT)r corpus contains 2 retained traffic components.,UK and US are collection-site components in the same Mon(IoT)r release.,ren2019moniot,"Jingjing Ren, Daniel J. Dubois, David R. Choffnes, Anna Maria Mandalari, Roman Kolcun, and Hamed Haddadi. 2019. Information Exposure From Consumer IoT Devices: A Multidimensional, Network-Informed Measurement Approach. IMC, 267-279.",10.1145/3355369.3355577,https://doi.org/10.1145/3355369.3355577,high,P48305,SCH0429 | SCH0436 | SCH0445,USE0273,EVD0521 | EVD0715 | EVD0902 | EVD0903 | EVD0904 | EVD2232 | EVD2242 | EVD2243 | EVD2258 | EVD2259 | EVD2260
DS-NETBEACON-TRAFFIC,NetBeacon traffic corpus,external_reused,,Named malicious traffic benchmark released with NetBeacon.,Retained as a named independently provenanced corpus.,,,,,high,P15558 | P16248,SCH0107 | SCH0157,USE0051 | USE0092,EVD1710 | EVD1711 | EVD1712 | EVD1714 | EVD1738 | EVD1739 | EVD1740 | EVD1741
DS-NETWORK-DEVICE-DATASET-HOLLAND-2020,Holland et al. Network Device Dataset,external_reused,,Active network-device/vendor fingerprinting traffic collected by Holland et al.,Retained as a separately named or independently provenanced traffic corpus.,holland2020vendors,"Jordan Holland, Ross Teixeira, Paul Schmitt, Kevin Borgolte, Jennifer Rexford, Nick Feamster, and Jonathan Mayer. 2020. Classifying Network Vendors at Internet Scale. arXiv:2006.13086.",,https://arxiv.org/abs/2006.13086,high,P14774,SCH0086,USE0039,EVD0743 | EVD0905 | EVD1932
DS-NUDT-MOBILETRAFFIC-2020,NUDT MobileTraffic,external_reused,2020,Large-scale Android application traffic captured from 224 volunteers on real phones between May and July 2020. NUDT MobileTraffic and Application-Host are aliases supported by the same Zhao et al. citation and matching sample provenance.,Retained as a separately named or independently provenanced traffic corpus.,zhao2024nudt,"Shuang Zhao, Shuhui Chen, Fei Wang, Ziling Wei, Jincheng Zhong, and Jianbing Liang. 2024. A Large-Scale Mobile Traffic Dataset for Mobile Application Identification. The Computer Journal 67(4), 1501-1513.",10.1093/comjnl/bxad076,https://doi.org/10.1093/comjnl/bxad076,high,P16071 | P16247 | P17323,SCH0120 | SCH0142 | SCH0192,USE0066 | USE0084 | USE0116,EVD0534 | EVD0535 | EVD0906 | EVD0907 | EVD0908 | EVD1718 | EVD1720 | EVD1721 | EVD1964 | EVD1996
DS-ONION-SITES-2016,Overdorf onion-site traffic corpus,external_reused,,Tor hidden-service website traces released for the cited onion-site study.,Retained as a separately named or independently provenanced traffic corpus.,overdorf2017onion,"Rebekah Overdorf, Marc Juarez, Gunes Acar, Rachel Greenstadt, and Claudia Diaz. 2017. How Unique is Your .onion?: An Analysis of the Fingerprintability of Tor Onion Services. In ACM CCS.",,https://zenodo.org/records/11631265,high,P48205,SCH0407,USE0259,EVD0511 | EVD0909 | EVD2220
DS-P05927-PROTOCOL-REPOSITORY,MAPLE coordinated VoIP protocol repository,paper_coordinated_release,,"A coordinated 15,523-stream corpus assembled from seven named public repositories for the paper's VoIP experiments.",The paper releases and evaluates the merged repository as one coordinated corpus. Its source components are not evaluated separately for the qualifying RTP task.,,,,,high,P05927,SCH0001,USE0001,EVD1686 | EVD1687 | EVD1688
DS-P13958-HOMEMOLE,HomeMole corpus,self_collected,,HomeMole corpus contains 2 retained traffic components.,Dataset-Ind and Dataset-Noise are evaluation conditions of the same HomeMole traffic source.,DBLP:conf/ccs/Dong0TCSZ20,Shuaike Dong; Zhou Li; Di Tang; Jiongyi Chen; Menghan Sun; Kehuan Zhang. 2020. Your Smart Home Can't Keep a Secret: Towards Automated Fingerprinting of IoT Traffic. AsiaCCS.,10.1145/3320269.3384732,https://github.com/DongShuaike/iot-traffic-dataset.git,high,P13958,SCH0036,USE0024,EVD0611 | EVD0760 | EVD0910 | EVD0911 | EVD1899 | EVD1900
DS-P14000-MALPHASE-RESEARCH-SERVERS,MalPhase research-server benign corpus,self_collected,,MalPhase research-server benign corpus contains 2 retained traffic components.,Research Servers A and B are collection-site components of one paper-local benign corpus; the unrelated CTU and VirusTotal sources remain separate.,DBLP:conf/asiaccs/PiskozubGBMM21,Michal Piskozub; Fabio De Gaspari; Frederick Barr-Smith; Luigi V. Mancini; Ivan Martinovic. 2021. MalPhase: Fine-Grained Malware Detection Using Network Flow Data. AsiaCCS.,10.1145/3433210.3453101,https://doi.org/10.1145/3433210.3453101,high,P14000,SCH0040 | SCH0045 | SCH0046 | SCH0049 | SCH0053 | SCH0054,USE0025,EVD0500 | EVD0655 | EVD0912 | EVD0913 | EVD1901 | EVD1902 | EVD1903 | EVD1904 | EVD1905 | EVD1906
DS-P14188-PRIVATE-RELAY-WF-2022,Private Relay website-fingerprinting corpus,self_collected,,"Private Relay traces for 100 monitored Alexa-ranked sites, retained at 200 instances per site, plus one trace each from 20,000 additional unmonitored sites.",Retained as a separately named or independently provenanced traffic corpus.,DBLP:conf/asiaccs/ZohaibSH23,Ali Zohaib; Jade Sheffey; Amir Houmansadr. 2023. Investigating Traffic Analysis Attacks on Apple iCloud Private Relay. AsiaCCS.,10.1145/3579856.3595793,https://traces.cs.umass.edu/index.php/Network/Network,high,P14188,SCH0056 | SCH0058,USE0028,EVD0586 | EVD0914 | EVD0915 | EVD0916 | EVD1907 | EVD1909
DS-P14255-CAPSULEFORMER-DAPP-2022,CapsuleFormer DApp traffic corpus,self_collected,2022,"Chrome/tcpdump collection over approximately two weeks in April 2022; ten categories, five DApps per category on Ethereum and BNB, each DApp visited 1,000 times.",Retained as a separately named or independently provenanced traffic corpus.,DBLP:conf/asiaccs/ZhouXLZHLZ24,Xiang Zhou; Xi Xiao; Qing Li; Bin Zhang; Guangwu Hu; Xiapu Luo; Tianwei Zhang. 2024. CapsuleFormer: A Capsule and Transformer combined model for Decentralized Application encrypted traffic classification. AsiaCCS.,10.1145/3634737.3637664,https://github.com/Jsontorch/CapsuleFormer,high,P14255,SCH0059,USE0030,EVD0593 | EVD0917 | EVD0918 | EVD0919 | EVD1911
DS-P14374-WHISPERVOICETRACE,WhisperVoiceTrace corpus,self_collected,2023,WhisperVoiceTrace corpus contains 2 retained traffic components.,Alexa and Google Assistant are device/service components in one coordinated voice-command corpus.,DBLP:conf/asiaccs/KimJHKMO24,Hyojin Kim; Minji Jo; Jiwoo Hong; Hosung Kang; Nate Mathews; Se Eun Oh. 2024. WhisperVoiceTrace: A Comprehensive Analysis of Voice Command Fingerprinting. AsiaCCS.,10.1145/3634737.3657017,https://github.com/AISec-VoiceFingerprinting/WhisperVoiceTrace-A-Comprehensive-Analysis-of-Voice-Command-Fingerprinting,high,P14374,SCH0060 | SCH0061 | SCH0062 | SCH0064 | SCH0065 | SCH0066 | SCH0067 | SCH0068 | SCH0069 | SCH0071 | SCH0072,USE0033,EVD0616 | EVD0670 | EVD0920 | EVD0921 | EVD0922 | EVD0923 | EVD0924 | EVD0925 | EVD0926 | EVD0927 | EVD1912 | EVD1913 | EVD1916 | EVD1917 | EVD1918 | EVD1919 | EVD1920 | EVD1921 | EVD1922 | EVD1923 | EVD1924 | EVD1925 | EVD1926 | EVD1927
DS-P14413-DKF,DKF keyword-fingerprinting corpus,self_collected,2023 | 2024 | 2025,DKF keyword-fingerprinting corpus contains 3 retained traffic components.,"Bingbase, DDGbase, and DDGdrift are search-engine and temporal components of the coordinated DKF collection.",DBLP:conf/asiaccs/HwangJHKMKO25,Chaiwon Hwang; Haeseung Jeon; Jiwoo Hong; Hosung Kang; Nate Mathews; Goun Kim; Se Eun Oh. 2025. Enhancing Search Privacy on Tor: Advanced Deep Keyword Fingerprinting Attacks and BurstGuard Defense. AsiaCCS.,10.1145/3708821.3733914,https://github.com/AISec-EWHA/deep-keyword-fingerprinting,high,P14413,SCH0073 | SCH0074 | SCH0075,USE0034,EVD0512 | EVD0543 | EVD0561 | EVD0637 | EVD0928 | EVD0929 | EVD0930 | EVD0931 | EVD0932 | EVD1928 | EVD1929 | EVD1930 | EVD1931
DS-P14441-ZOOBAZAAR2024,OMAD5G ZooBazzar 2024 corpus,paper_self_collected,2024,Paper-local benign and malware Android application executions collected with Android Emulator 31.1.4.0.,Independent paper-local collection with capture provenance distinct from CIC-AndMal2017.,yan2025omad5g,Guanhua Yan and Zhixin Wen. 2025. OMAD5G: Online Malware Detection in 5G Networks using Compound Paths.,10.1145/3708821.3733864,https://doi.org/10.1145/3708821.3733864,high,P14441,SCH0077,USE0036,EVD1701 | EVD1702 | EVD1703 | EVD1704
DS-P14955-TOR-MALWARE-INITIAL-2021,Tor malware initial campaign,paper_self_collected,2021-06 to 2021-09,Tor traffic generated by 362 active malware binaries in the initial campaign.,Retained separately from the later zero-day recollection because it contains independently collected binaries and traffic.,alrawi2022rat,Omar Alrawi et al. 2022. Exposing the Rat in the Tunnel: Using Traffic Analysis for Tor-based Malware Detection.,10.1145/3548606.3560604,https://doi.org/10.1145/3548606.3560604,high,P14955,SCH0088,USE0044,EVD1705 | EVD1706 | EVD1707 | EVD1708 | EVD1709
DS-P14955-TOR-MALWARE-ZERODAY-2021,Tor malware zero-day campaign,paper_self_collected,2021-12,Fresh December 2021 malware and benign Tor captures used only as the later zero-day target.,Independent recollection with new malware binaries and parent captures.,alrawi2022rat,Omar Alrawi et al. 2022. Exposing the Rat in the Tunnel: Using Traffic Analysis for Tor-based Malware Detection.,10.1145/3548606.3560604,https://doi.org/10.1145/3548606.3560604,high,P14955,SCH0090,USE0043,EVD1708
DS-P15385-REALISTIC-WF-DRIFT-2023,Realistic Website Fingerprinting Drift dataset,self_collected,,"Fresh Tor capture over three months using Ubuntu virtual machines and Tor Browser 11.0.10; up to 550 traces for each of 225 non-onion websites, collected more than five years after AWF.",Retained as a separately named or independently provenanced traffic corpus.,DBLP:conf/ccs/BahramaliBH23,Alireza Bahramali; Ardavan Bozorgi; Amir Houmansadr. 2023. Realistic Website Fingerprinting By Augmenting Network Traces. ACM CCS.,10.1145/3576915.3616639,https://github.com/SPIN-UMass/Realistic-Website-Fingerprinting-By-Augmenting-Network-Traces,high,P15385,SCH0091 | SCH0095,USE0047,EVD0726 | EVD0933 | EVD0934 | EVD0935 | EVD0936 | EVD1951 | EVD1952 | EVD1953 | EVD1955 | EVD1956
DS-P15558-INSTITUTIONAL-2024,Exosphere institutional deployment corpus,paper_self_collected,2024,Three-day traffic capture from an institutional deployment.,Independent operational capture used as a target for a HyperVision-trained model.,shen2024exosphere,Meng Shen et al. 2024. Detecting Tunneled Flooding Traffic via Deep Semantic Analysis of Packet Length Patterns.,10.1145/3658644.3670353,https://doi.org/10.1145/3658644.3670353,high,P15558,SCH0099,USE0050,EVD1713
DS-P15762-STDA-DARKWEB,STDA dark-web corpus,self_collected,2023 | 2024,STDA dark-web corpus contains 2 retained traffic components.,August 2023 and April 2024 are temporal waves of the same dark-web collection lineage.,DBLP:conf/ccs/Deng0024,Xinhao Deng; Qi Li; Ke Xu. 2024. Robust and Reliable Early-Stage Website Fingerprinting Attacks via Spatial-Temporal Distribution Analysis. ACM CCS.,10.1145/3658644.3670272,https://doi.org/10.1145/3658644.3670272,high,P15762,SCH0109,USE0056,EVD0527 | EVD0609 | EVD0937 | EVD0938 | EVD0939 | EVD1958
DS-P16004-CSP,FlowSentry private cloud service provider corpus,paper_self_collected,not disclosed,Private cloud provider flow records covering 100 AS domains with DDoS command and control labels derived from nationwide honeypots.,One provider and honeypot-labeled corpus evaluated as a separate deployment.,p16004,FlowSentry: Accelerating NetFlow-based DDoS Detection.,10.1145/3719027.3744800,https://doi.org/10.1145/3719027.3744800,high,P16004,SCH0113,USE0060,EVD1638 | EVD1715
DS-P16004-TIER1-ISP,FlowSentry private Tier-1 ISP NetFlow corpus,paper_self_collected,not disclosed,Private Tier-1 ISP NetFlow from 100 selected routers with provider-supplied DDoS labels.,One operator-provided corpus evaluated as a separate deployment.,p16004,FlowSentry: Accelerating NetFlow-based DDoS Detection.,10.1145/3719027.3744800,https://doi.org/10.1145/3719027.3744800,high,P16004,SCH0112,USE0061,EVD1637 | EVD1717
DS-P16192-360COMPANY22,ScannerGrouper 360 Company-22,external_reused,2022-10,Service probes captured by five 360 Company honeypots in October 2022.,Separately named annual enterprise capture.,,,,,high,P16192,SCH0121,USE0072,EVD1723 | EVD1724 | EVD1725 | EVD1726 | EVD1728
DS-P16192-360COMPANY23,ScannerGrouper 360 Company-23,external_reused,2023-10,Service probes captured by five 360 Company honeypots in October 2023.,Separately named annual enterprise capture with independent parent traffic.,,,,,high,P16192,SCH0122,USE0068,EVD1723 | EVD1724 | EVD1725 | EVD1726 | EVD1728
DS-P16192-SELFDEPLOY24,ScannerGrouper SelfDeploy-24,paper_self_collected,2024-02-01 to 2024-04-30,Service probes captured by five paper-deployed honeypots on five continents.,Named campaign in the coordinated ScannerGrouper release with independent capture dates.,,,,,high,P16192,SCH0123,USE0070,EVD1723 | EVD1724 | EVD1725 | EVD1726 | EVD1728
DS-P16192-SELFDEPLOY25,ScannerGrouper SelfDeploy-25,paper_self_collected,2024-12-10 to 2025-03-17,Service probes captured by five paper-deployed honeypots on five continents.,Named campaign with parent captures independent of SelfDeploy-24 and SelfDeploy-25-S.,,,,,high,P16192,SCH0124,USE0069,EVD1723 | EVD1724 | EVD1725 | EVD1726 | EVD1728
DS-P16192-SELFDEPLOY25S,ScannerGrouper SelfDeploy-25-S,paper_self_collected,2025-03-18 to 2025-06-30,Service probes captured by five paper-deployed honeypots on five continents.,Named later campaign with independent parent captures.,,,,,high,P16192,SCH0125,USE0067,EVD1723 | EVD1724 | EVD1725 | EVD1726 | EVD1728
DS-P16192-WEBRAY,ScannerGrouper WebRAY,external_reused,2023-10-01 to 2023-10-26,Service probes captured by two WebRAY honeypots.,Separately named enterprise honeypot corpus with independent provenance.,,,,,high,P16192,SCH0126,USE0071,EVD1723 | EVD1724 | EVD1725 | EVD1726 | EVD1728
DS-P16208-SISTAR-IPERF-HPING3,SISTAR iperf and hping3 Spine-Leaf deployment corpus,self_collected,,"Traffic generated in the paper's miniature Spine-Leaf topology with iperf normal workloads and hping3 SYN, UDP, and ICMP flood attacks.","The Section 6.5 paper-generated simulated stream is one parent deployment corpus, distinct from the replayed public-dataset evaluation.",han2025sistar_self_generated,Yinglong Han et al. 2025. SISTAR: An Efficient DDoS Detection and Mitigation Framework Utilizing Programmable Data Planes. ACM CCS.,10.1145/3719027.3765046,https://doi.org/10.1145/3719027.3765046,high,P16208,SCH0132,USE0075,EVD1735 | EVD1736
DS-P16217-SWALLOW,Swallow D1-D8 corpus,self_collected,2024,Swallow D1-D8 corpus contains 8 retained traffic components.,"D1-D8 encode location, date, browser, and open-world conditions within the Swallow release.",DBLP:conf/ccs/0001WALR0Z25,Meng Shen; Jinhe Wu; Junyu Ai; Qi Li; Chenchen Ren; Ke Xu; Liehuang Zhu. 2025. Swallow: A Transfer-Robust Website Fingerprinting Attack via Consistent Feature Learning. ACM CCS.,10.1145/3719027.3744795,https://github.com/wujinhe0814/Swallow,high,P16217,SCH0136,USE0081,EVD0464 | EVD0501 | EVD0565 | EVD0580 | EVD0632 | EVD0647 | EVD0701 | EVD0709 | EVD0940 | EVD0941 | EVD0942 | EVD0943 | EVD1959 | EVD1960 | EVD1961
DS-P16247-APPLICATION-ALL-2024,Application-ALL fresh recapture,fresh_recapture,,New traffic capture generated by replaying/transforming Application-Host applications under multiple dynamic conditions.,Retained as a separately named or independently provenanced traffic corpus.,DBLP:conf/ccs/QingYD0LL00025,Yuqi Qing; Qilei Yin; Xinhao Deng; Xiaoli Zhang; Peiyang Li; Zhuotao Liu; Kun Sun; Ke Xu; Qi Li. 2025. Training Robust Classifiers for Classifying Encrypted Traffic under Dynamic Network Conditions. ACM CCS.,10.1145/3719027.3765073,https://github.com/XXnormal/MAML-Training-ETC,medium,P16247,SCH0139,USE0085,EVD0488 | EVD0944 | EVD0945 | EVD0946 | EVD0947 | EVD1967 | EVD1969 | EVD1971 | EVD1973 | EVD1975
DS-P16247-DOHBRW-ALL-2024,DoHBrw-ALL fresh recapture,fresh_recapture,,New capture constructed from the DoH browser workload under multiple network/obfuscation conditions.,Retained as a separately named or independently provenanced traffic corpus.,DBLP:conf/ccs/QingYD0LL00025,Yuqi Qing; Qilei Yin; Xinhao Deng; Xiaoli Zhang; Peiyang Li; Zhuotao Liu; Kun Sun; Ke Xu; Qi Li. 2025. Training Robust Classifiers for Classifying Encrypted Traffic under Dynamic Network Conditions. ACM CCS.,10.1145/3719027.3765073,https://github.com/XXnormal/MAML-Training-ETC,medium,P16247,SCH0141 | SCH0453,USE0283,EVD0793 | EVD0948 | EVD0949 | EVD0950 | EVD1970 | EVD1974 | EVD1976 | EVD2280 | EVD2281 | EVD2282 | EVD2283 | EVD2284 | EVD2285 | EVD2292 | EVD2293 | EVD2294 | EVD2295 | EVD2296 | EVD2297
DS-P16247-TOR-ALL-2024,Tor-ALL June-August 2024 capture,self_collected,2024,Fresh real Tor traffic collected from June through August 2024 under multiple conditions.,Retained as a separately named or independently provenanced traffic corpus.,DBLP:conf/ccs/QingYD0LL00025,Yuqi Qing; Qilei Yin; Xinhao Deng; Xiaoli Zhang; Peiyang Li; Zhuotao Liu; Kun Sun; Ke Xu; Qi Li. 2025. Training Robust Classifiers for Classifying Encrypted Traffic under Dynamic Network Conditions. ACM CCS.,10.1145/3719027.3765073,https://github.com/XXnormal/MAML-Training-ETC,high,P16247,SCH0140,USE0083,EVD0603 | EVD0951 | EVD0952 | EVD0953 | EVD0954 | EVD1977
DS-P16354-DARKVEC-UNIVERSITY-DARKNET-2021,DarkVec university /24 darknet corpus,self_collected,2021,Traffic to an unused university /24 darknet collected 2-31 March 2021; the last day is held out for testing.,Retained as a separately named or independently provenanced traffic corpus.,DBLP:conf/conext/GioacchiniVMDBR21,Luca Gioacchini; Luca Vassio; Marco Mellia; Idilio Drago; Zied Ben-Houidi; Dario Rossi. 2021. DarkVec: automatic analysis of darknet traffic with word embeddings. CoNEXT.,10.1145/3485983.3494863,https://github.com/SmartData-Polito/darkvec,high,P16354,SCH0159,USE0098,EVD0533 | EVD0673 | EVD0955 | EVD0956 | EVD0957 | EVD1978
DS-P16398-FIAT-TESTBED,FIAT IoT testbed corpus,paper_self_collected,2022 or earlier,Coordinated IoT event corpus collected at New Jersey and Illinois with additional VPN locations for three devices.,All sites and device configurations form one coordinated paper corpus with a shared three-class labeling procedure.,xiao2022fiat,Yunming Xiao and Matteo Varvello. 2022. FIAT: Frictionless Authentication of IoT Traffic.,10.1145/3555050.3569126,https://doi.org/10.1145/3555050.3569126,high,P16398,SCH0160,USE0099,EVD1742 | EVD1743 | EVD1744 | EVD1745
DS-P16418-XATU-ISP-2019,Xatu global ISP NetFlow corpus,self_collected,2019,"Sampled NetFlow from all points of presence of a large global ISP, covering more than 1000 customer networks and paired with NetScout attack alerts.",The 100-day ISP observation and alert corpus used by Xatu is one paper-defined parent capture.,ramanathan2022xatu,"Sivaramakrishnan Ramanathan, Alexander M. Rush, Minlan Yu, Jelena Mirkovic, and Zhiying Xu. 2022. Xatu: Boosting Existing DDoS Detection Systems Using Auxiliary Signals. CoNEXT.",10.1145/3555050.3569121,https://doi.org/10.1145/3555050.3569121,high,P16418,SCH0174 | SCH0175 | SCH0176 | SCH0177 | SCH0178 | SCH0179,USE0106,EVD1752 | EVD1756
DS-P16931-GITHUB500,Github500,self_collected,,"500,000 TLS traces generated by visiting the top 500 GitHub project pages 1,000 times each.",Retained as a separately named or independently provenanced traffic corpus.,DBLP:conf/dsn/MavroudisH23,Vasilios Mavroudis; Jamie Hayes. 2023. Adaptive Webpage Fingerprinting from TLS Traces. DSN.,10.1109/dsn58367.2023.00049,https://doi.org/10.1109/DSN58367.2023.00049,medium,P16931,SCH0458,USE0284,EVD0602 | EVD0958 | EVD0959 | EVD0960 | EVD0961 | EVD2316 | EVD2317 | EVD2318 | EVD2319 | EVD2320 | EVD2321
DS-P16931-WIKI19000,Wiki19000,self_collected,,"1,900,000 TLS traces from 19,000 distinct Wikipedia article URLs, 100 traces per URL; includes a 500-page TLS 1.3 subset.",Retained as a separately named or independently provenanced traffic corpus.,DBLP:conf/dsn/MavroudisH23,Vasilios Mavroudis; Jamie Hayes. 2023. Adaptive Webpage Fingerprinting from TLS Traces. DSN.,10.1109/dsn58367.2023.00049,https://doi.org/10.1109/DSN58367.2023.00049,medium,P16931,SCH0455 | SCH0456 | SCH0457 | SCH0459,USE0285,EVD0727 | EVD0962 | EVD0963 | EVD0964 | EVD0965 | EVD2298 | EVD2299 | EVD2300 | EVD2301 | EVD2302 | EVD2303 | EVD2304 | EVD2305 | EVD2306 | EVD2307 | EVD2308 | EVD2309 | EVD2310 | EVD2311 | EVD2312 | EVD2313 | EVD2314 | EVD2315 | EVD2316 | EVD2317 | EVD2318 | EVD2319 | EVD2320 | EVD2321
DS-P17056-LTE-FINGERPRINT,LTE mobile-app fingerprinting corpus,self_collected,,LTE mobile-app fingerprinting corpus contains 4 retained traffic components.,Laboratory and carrier captures are network-site conditions within the paper's LTE fingerprinting corpus.,DBLP:conf/dsn/BaekSKWSDA23,Jaejong Baek; Pradeep Kumar Duraisamy Soundrapandian; Sukwha Kyung; Ruoyu Wang; Yan Shoshitaishvili; Adam Doupé; Gail-Joon Ahn. 2023. Targeted Privacy Attacks by Fingerprinting Mobile Apps in LTE Radio Layer. DSN.,10.1109/dsn58367.2023.00035,https://doi.org/10.1109/DSN58367.2023.00035,high,P17056,SCH0180,USE0107,EVD0566 | EVD0628 | EVD0797 | EVD0807 | EVD0966 | EVD0967 | EVD0968 | EVD0969 | EVD1983 | EVD1984
DS-P17148-EBPF-REPRODUCTION,eBPF intrusion reproduction corpus,paper_self_collected,2024 or earlier,Paper-local benign and intrusion traffic captured on separate documented training and testing dates.,Independent reproduction capture distinct from CIC-IDS2017.,he2024ebpfids,Zilong He et al. 2024. Real-Time Intrusion Detection and Prevention with Neural Network in Kernel Using eBPF.,10.1109/DSN58291.2024.00048,https://doi.org/10.1109/DSN58291.2024.00048,high,P17148,SCH0182,USE0109,EVD1759 | EVD1760 | EVD1762
DS-P17269-P17269-ENTERPRISE-GATEWAY-1DAY,MalTAG one-day enterprise gateway capture,self_collected,,150 GB of port-443 traffic captured for one day at an enterprise gateway.,Retained as a separately named or independently provenanced traffic corpus.,DBLP:conf/dsn/Li0M0025,Renjie Li; Zhou Zhou; Hao Miao; Fengyuan Shi; Qingyun Liu. 2025. MalTAG: Encrypted Malware Traffic Detection Framework via Graph Based Flow Interaction Mining. DSN.,10.1109/dsn64029.2025.00052,https://doi.org/10.1109/DSN64029.2025.00052,high,P17269,SCH0187,USE0113,EVD0619 | EVD0970 | EVD0971 | EVD0972 | EVD1764 | EVD1989
DS-P17290-ODOH,ODoH website-fingerprinting corpus,self_collected,,ODoH website-fingerprinting corpus contains 2 retained traffic components.,The primary and second-round captures are temporal waves of one ODoH corpus.,DBLP:conf/dsn/SalariKRTSE25,Mohammad Amir Salari; Abhinav Kumar; Federico Rinaudi; Reza Tourani; Alessio Sacco; Flavio Esposito. 2025. Privacy Analysis of Oblivious DNS over HTTPS: a Website Fingerprinting Study. DSN.,10.1109/dsn64029.2025.00048,https://doi.org/10.5281/zenodo.15115716,high,P17290,SCH0460,USE0286,EVD0460 | EVD0564 | EVD0809 | EVD0973 | EVD0974 | EVD0975 | EVD0976 | EVD2322 | EVD2323 | EVD2324 | EVD2325 | EVD2326 | EVD2327 | EVD2328 | EVD2329 | EVD2330 | EVD2331 | EVD2332 | EVD2333 | EVD2334 | EVD2335 | EVD2336 | EVD2337 | EVD2338 | EVD2339
DS-P17610-CHLO,Chlo video-platform corpus,self_collected,,Chlo video-platform corpus contains 2 retained traffic components.,Laboratory and separate validation-site traffic are collection-site components for the same platform-classification task.,DBLP:conf/imc/WangLS24,Yifan Wang; Minzhao Lyu; Vijay Sivaraman. 2024. Characterizing User Platforms for Video Streaming in Broadband Networks. IMC.,10.1145/3646547.3688435,https://doi.org/10.1145/3646547.3688435,high,P17610,SCH0461 | SCH0462 | SCH0463 | SCH0464,USE0287,EVD0484 | EVD0583 | EVD0977 | EVD0978 | EVD1196 | EVD2340 | EVD2341 | EVD2342 | EVD2343 | EVD2344 | EVD2345 | EVD2346 | EVD2347 | EVD2348 | EVD2349 | EVD2350 | EVD2351 | EVD2352 | EVD2353 | EVD2354 | EVD2355 | EVD2356 | EVD2357 | EVD2358 | EVD2359 | EVD2360 | EVD2361 | EVD2362 | EVD2363 | EVD2364 | EVD2365 | EVD2366 | EVD2367 | EVD2368 | EVD2369 | EVD2370 | EVD2371 | EVD2372 | EVD2373 | EVD2374 | EVD2375 | EVD2376 | EVD2377 | EVD2378 | EVD2379 | EVD2380 | EVD2381 | EVD2382 | EVD2383 | EVD2384 | EVD2385 | EVD2386 | EVD2387 | EVD2388 | EVD2389 | EVD2390 | EVD2391
DS-P17713-MULTIMEDIA-NETWORK-TRAFFIC-2025,Multimedia Network Traffic Dataset,self_collected,,"Controlled lab captures from GeForce NOW, Xbox Cloud Gaming, Amazon Luna, and PS5; 531 sessions, 67 hours, and about 800 GB.",Retained as a separately named or independently provenanced traffic corpus.,dataset_multimedia_network_traffic_2025,Minzhao Lyu. 2025. Multimedia Network Traffic Dataset.,,https://minzhaolyu.github.io/dataset/MultimediaNetworkTrafficDataset,high,P17713,SCH0194 | SCH0195,USE0118,EVD0706 | EVD0771 | EVD0979 | EVD0980 | EVD0981 | EVD1197 | EVD1999 | EVD2000 | EVD2001
DS-P17815-ENCRYPTED-DNS,Encrypted-DNS traffic-analysis corpus,self_collected,,Encrypted-DNS traffic-analysis corpus contains 11 retained traffic components.,"Locations, resolvers, clients, protocols, platforms, paired channels, and open-world background data are conditions or roles in one released study corpus.",DBLP:conf/ndss/SibyJDVT20,Sandra Deepthy Siby; Marc Juárez; Claudia Díaz; Narseo Vallina-Rodriguez; Carmela Troncoso. 2020. Encrypted DNS -> Privacy? A Traffic Analysis Perspective. NDSS.,,https://www.ndss-symposium.org/ndss-paper/encrypted-dns-privacy-a-traffic-analysis-perspective/,high,P17815,SCH0465 | SCH0466,USE0288,EVD0470 | EVD0475 | EVD0491 | EVD0541 | EVD0549 | EVD0550 | EVD0555 | EVD0559 | EVD0569 | EVD0615 | EVD0620 | EVD0648 | EVD0651 | EVD0675 | EVD0676 | EVD0680 | EVD0693 | EVD0724 | EVD0741 | EVD0758 | EVD0763 | EVD0775 | EVD0982 | EVD0983 | EVD0984 | EVD1190 | EVD1191 | EVD1198 | EVD2392 | EVD2393 | EVD2394 | EVD2395 | EVD2396 | EVD2397 | EVD2398 | EVD2399 | EVD2400 | EVD2401 | EVD2402 | EVD2403 | EVD2404 | EVD2405 | EVD2406 | EVD2407 | EVD2408 | EVD2409
DS-P17818-FLOWPRINT-BROWSER-SELF-COLLECTED,FlowPrint browser corpus,self_collected,,Browser traffic collected by the FlowPrint authors for browser/application differentiation.,Retained as a separately named or independently provenanced traffic corpus.,DBLP:conf/ndss/EdeBCRDLCSP20,Thijs van Ede; Riccardo Bortolameotti; Andrea Continella; Jingjing Ren; Daniel J. Dubois; Martina Lindorfer; David R. Choffnes; Maarten van Steen; Andreas Peter. 2020. FlowPrint: Semi-Supervised Mobile-App Fingerprinting on Encrypted Network Traffic. NDSS.,,https://github.com/Thijsvanede/FlowPrint,high,P16071 | P17818,SCH0115 | SCH0202,USE0065 | USE0122,EVD0614 | EVD0985 | EVD0986 | EVD1718 | EVD1720 | EVD1721 | EVD2010
DS-P17818-FLOWPRINT-CROSS-PLATFORM-RECAPTURE-2020,FlowPrint 26-month Cross Platform recapture,fresh_recapture,,Fresh traffic captured from current versions of 31 applications approximately 26 months after the original Cross Platform capture.,Retained as a separately named or independently provenanced traffic corpus.,DBLP:conf/ndss/EdeBCRDLCSP20,Thijs van Ede; Riccardo Bortolameotti; Andrea Continella; Jingjing Ren; Daniel J. Dubois; Martina Lindorfer; David R. Choffnes; Maarten van Steen; Andreas Peter. 2020. FlowPrint: Semi-Supervised Mobile-App Fingerprinting on Encrypted Network Traffic. NDSS.,,https://github.com/Thijsvanede/FlowPrint,medium,P17818,SCH0198,USE0121,EVD0710 | EVD0987 | EVD2015 | EVD2016
DS-P17951-OPENSKY-2020,OpenSky ADS-B Europe February 2020 corpus,paper_self_collected,2020,"OpenSky ADS-B reports over Europe from 15 and 17 February 2020, with attack examples separately simulated from each dated capture.",One named OpenSky source corpus. The two dates and simulated attack components remain components.,ds_p17951_opensky_2020,Martinovic et al. Trust the Crowd. NDSS 2021.,,https://www.ndss-symposium.org/ndss-paper/trust-the-crowd-wireless-witnessing-to-detect-attacks-on-ads-b-based-air-traffic-surveillance/,high,P17951,SCH0210 | SCH0211 | SCH0212 | SCH0213,USE0128,EVD1771 | EVD1774 | EVD1775 | EVD1776
DS-P18011-HUMAN100,Human100,paper_self_collected,not reported,Encrypted 802.11 traffic from five volunteers manually operating 100 apps.,Separately named human-operated corpus with distinct collection provenance.,ds_p18011_human100,Luo et al. Packet-Level Open-World App Fingerprinting on Wireless Traffic. NDSS 2022.,,https://www.ndss-symposium.org/ndss-paper/auto-draft-218/,high,P18011,SCH0214,USE0131,EVD1780 | EVD1781 | EVD1782
DS-P18011-IUA,IUA,paper_self_collected,not reported,"Encrypted 802.11 traffic for reported in-app actions in 13 apps, with five volunteers producing five instances for every action.",Separately named in-app user-action corpus.,ds_p18011_iua,Luo et al. Packet-Level Open-World App Fingerprinting on Wireless Traffic. NDSS 2022.,,https://www.ndss-symposium.org/ndss-paper/auto-draft-218/,high,P18011,SCH0215 | SCH0216,USE0130,EVD1783 | EVD1785
DS-P18011-MONKEY500,Monkey500,paper_self_collected,not reported,"Encrypted 802.11 traffic from 500 apps run on Pixel 2 phones, with 50 ordinary and 10 congested instances per app.",Separately named automated app-traffic corpus.,ds_p18011_monkey500,Luo et al. Packet-Level Open-World App Fingerprinting on Wireless Traffic. NDSS 2022.,,https://www.ndss-symposium.org/ndss-paper/auto-draft-218/,high,P18011,SCH0217,USE0129,EVD1781 | EVD1784 | EVD1789
DS-P18222-ENTERPRISE-2017-2021,RAPIER enterprise encrypted-traffic corpus,paper_self_collected,2017-2021,More than 2.9 million benign and 790 thousand malicious encrypted flows collected by a security enterprise from November 2017 through February 2021.,One continuous timestamped enterprise corpus with threat-intelligence and expert labels.,ds_p18222_enterprise_2017_2021,Liu et al. Low-Quality Training Data Only? NDSS 2024.,,https://www.ndss-symposium.org/ndss-paper/low-quality-training-data-only-a-robust-framework-for-detecting-encrypted-malicious-network-traffic/,high,P18222,SCH0218,USE0132,EVD1791
DS-P18348-IOT-ID,IoT-ID multi-site longitudinal corpus,self_collected,2022 | 2023 | 2024,IoT-ID multi-site longitudinal corpus contains 12 retained traffic components.,"UK/USA sites, collection months, activity modes, and sampling-rate experiments are components of the coordinated IoT-ID corpus.",DBLP:conf/ndss/MaaliAM25,Eman Maali; Omar Alrawi; Julie A. McCann. 2025. Evaluating Machine Learning-Based IoT Device Identification Models for Security Applications. NDSS.,,https://www.ndss-symposium.org/ndss-paper/evaluating-machine-learning-based-iot-device-identification-models-for-security-applications/,high,P18348,SCH0219,USE0133,EVD0458 | EVD0505 | EVD0558 | EVD0568 | EVD0588 | EVD0656 | EVD0751 | EVD0754 | EVD0761 | EVD0802 | EVD0804 | EVD0806 | EVD0988 | EVD0989 | EVD0990 | EVD2017 | EVD2018 | EVD2019 | EVD2020 | EVD2021 | EVD2022 | EVD2023 | EVD2024 | EVD2025 | EVD2026 | EVD2027 | EVD2028 | EVD2029 | EVD2030 | EVD2031
DS-P18385-IOT-LIGHT,IoT-Light cryptomining corpus,external_reused,not reported,Previously published cryptomining and normal packet traffic from cryptojacking malware and benign activity.,Independently named prior corpus with distinct provenance.,ds_p18385_iot_light,IoT-Light cryptomining traffic dataset cited by MineShark.,,,high,P18385,SCH0221,USE0135,EVD1793 | EVD1794
DS-P18385-MINESHARK-2023,MineShark coordinated cryptomining corpus,paper_self_collected,2023,"Coordinated release of obfuscated mining, perturbed mining, sampled campus-gateway normal traffic, and deployment-labeled traffic.","One coordinated release. Obfuscation, perturbation, gateway, and update partitions remain components.",ds_p18385_mineshark_2023,Chen et al. MineShark. NDSS 2025.,,https://www.ndss-symposium.org/ndss-paper/mineshark-cryptomining-traffic-detection-at-scale/,high,P18385,SCH0222,USE0136,EVD1793 | EVD1795 | EVD1798 | EVD1800
DS-P38868-CATO-CAMPUS-APP-TRAFFIC,CATO campus web-application traffic capture,self_collected,,Live campus web-application traffic captured and labeled for CATO; approximately two million connection samples across packet-depth configurations.,Retained as a separately named or independently provenanced traffic corpus.,DBLP:conf/nsdi/WanLBFD25,Gerry Wan; Shinan Liu; Francesco Bronzino; Nick Feamster; Zakir Durumeric. 2025. CATO: End-to-End Optimization of ML-Based Traffic Analysis Pipelines. NSDI.,,https://www.usenix.org/conference/nsdi25/presentation/wan-gerry,medium,P38868,SCH0470,USE0292,EVD0481 | EVD0684 | EVD0991 | EVD0992 | EVD0993 | EVD2431 | EVD2432 | EVD2433 | EVD2434 | EVD2435 | EVD2436
DS-P39009-CJ-SNIFFER-CONTRAST-CAMPUS-LAB,CJ-Sniffer campus/lab contrast traffic corpus,self_collected,,"316 GB / about 2,000 hours of background traffic collected from a 1-Gbps lab and 10-Gbps campus network, about 35,100 connections.",Retained as a separately named or independently provenanced traffic corpus.,DBLP:conf/raid/FengLS22,Yebo Feng; Jun Li; Devkishen Sisodia. 2022. CJ-Sniffer: Measurement and Content-Agnostic Detection of Cryptojacking Traffic. RAID.,10.1145/3545948.3545973,https://doi.org/10.1145/3545948.3545973,high,P39009,SCH0242,USE0156,EVD0755 | EVD0994 | EVD0995 | EVD2047 | EVD2048 | EVD2049
DS-P39009-CJ-SNIFFER-CRYPTOMINING-2022,CJ-Sniffer packet-level cryptomining corpus,self_collected,,"Approximately 750 hours of XMR/ETH user-initiated and cryptojacking traffic collected across CPUs, GPUs, servers, PCs, home, lab, and campus environments.",Retained as a separately named or independently provenanced traffic corpus.,dataset_cj_sniffer_cryptomining_2022,Yebo Feng. 2022. Packet-Level Cryptomining Network Traffic Dataset. https://github.com/yebof/CJ-Sniffer-Dataset.,,https://github.com/yebof/CJ-Sniffer-Dataset,high,P18385 | P39009,SCH0220 | SCH0243,USE0134 | USE0155,EVD0762 | EVD0780 | EVD0996 | EVD0997 | EVD0998 | EVD1793 | EVD1816 | EVD2047 | EVD2049
DS-P39015-ENCMAL2021,EncMal2021,self_collected,2021,EncMal2021 contains 2 retained traffic components.,Campus and sandbox captures are source components of the paper's reported EncMal2021 corpus.,DBLP:conf/raid/FuLQZZYLD22,Zhuoqun Fu; Mingxuan Liu; Yue Qin; Jia Zhang; Yuan Zou; Qilei Yin; Qi Li; Hai-Xin Duan. 2022. Encrypted Malware Traffic Detection via Graph-based Network Analysis. RAID.,10.1145/3545948.3545983,https://doi.org/10.1145/3545948.3545983,high,P39015,SCH0471 | SCH0474,USE0294,EVD0572 | EVD0765 | EVD0999 | EVD1000 | EVD1001 | EVD1002 | EVD2437 | EVD2438 | EVD2439 | EVD2440 | EVD2441 | EVD2442 | EVD2449 | EVD2450 | EVD2451 | EVD2452 | EVD2453 | EVD2454
DS-P39111-METASPLOIT-2024,P39111 Metasploit TLS C2 corpus,paper_self_collected,not reported,In-house Metasploit and Meterpreter C2 traffic generated under TLS 1.2 and TLS 1.3 with short and long certificate chains.,One independently generated in-house C2 corpus.,barradas2024extending,Diogo Barradas et al. Extending C2 Traffic Detection Methodologies: From TLS 1.2 to TLS 1.3-enabled Malware. RAID 2024.,10.1145/3678890.3678921,https://doi.org/10.1145/3678890.3678921,high,P39111,SCH0478,USE0296,EVD2461 | EVD2462 | EVD2463 | EVD2464 | EVD2465 | EVD2466 | EVD2467 | EVD2468 | EVD2469 | EVD2470 | EVD2471 | EVD2472
DS-P39111-TRANCO-2024,P39111 Tranco TLS web-browsing corpus,paper_self_collected,2024,"Automated visits to 56,500 Tranco domains, once with TLS 1.2 and once with TLS 1.3.",One independently collected in-house web-browsing corpus.,barradas2024extending,Diogo Barradas et al. Extending C2 Traffic Detection Methodologies: From TLS 1.2 to TLS 1.3-enabled Malware. RAID 2024.,10.1145/3678890.3678921,https://doi.org/10.1145/3678890.3678921,high,P39111,SCH0475,USE0298,EVD2461 | EVD2462 | EVD2463 | EVD2464 | EVD2465 | EVD2466 | EVD2467 | EVD2468 | EVD2469 | EVD2470 | EVD2471 | EVD2472
DS-P39132-PROTOCOL-WF,Protocol-centric website-fingerprinting corpus,self_collected,,Protocol-centric website-fingerprinting corpus contains 4 retained traffic components.,The URL-list/source-site groups are workload components in one protocol-centric collection.,DBLP:conf/raid/CebereR24,Bogdan Cebere; Christian Rossow. 2024. Understanding Web Fingerprinting with a Protocol-Centric Approach. RAID.,10.1145/3678890.3678910,https://github.com/bcebere/Understanding-and-Explaining-Web-Fingerprinting-with-a-Protocol-Centric-Approach,high,P39132,SCH0479 | SCH0480 | SCH0481 | SCH0482,USE0299,EVD0618 | EVD0705 | EVD0757 | EVD0785 | EVD1003 | EVD1004 | EVD1005 | EVD1006 | EVD1056 | EVD1057 | EVD2473 | EVD2474 | EVD2475 | EVD2476 | EVD2477 | EVD2478 | EVD2479 | EVD2480 | EVD2481 | EVD2482 | EVD2483 | EVD2484 | EVD2485 | EVD2486 | EVD2487 | EVD2488 | EVD2489 | EVD2490 | EVD2491 | EVD2492 | EVD2493 | EVD2494 | EVD2495 | EVD2496 | EVD2497 | EVD2498 | EVD2499 | EVD2500 | EVD2501 | EVD2502 | EVD2503 | EVD2504 | EVD2505 | EVD2506 | EVD2507 | EVD2508 | EVD2509 | EVD2510 | EVD2511 | EVD2512 | EVD2513 | EVD2514 | EVD2515 | EVD2516 | EVD2517 | EVD2518 | EVD2519 | EVD2520
DS-P39403-IXP-BLACKHOLE-2019-2021,IXP Scrubber five-IXP blackholing corpus,paper_self_collected,2019-2021,Balanced benign and blackholing flow aggregates from five IXPs operated by one entity.,"One coordinated release under common operator, instrumentation, and blackholing service. IXPs and dates remain conditions.",ds_p39403_ixp_blackhole_2019_2021,Prepens et al. IXP Scrubber. SIGCOMM 2022.,10.1145/3544216.3544268,https://doi.org/10.1145/3544216.3544268,high,P39403,SCH0250,USE0162,EVD1825 | EVD1826 | EVD1829
DS-P39403-SELF-ATTACK-2021,IXP Scrubber self-attack set,paper_self_collected,2021,Controlled DDoS self-attack traffic captured for nine days at IXP-CE1.,Independently collected controlled source with different provenance from the blackholing corpus.,ds_p39403_self_attack_2021,Prepens et al. IXP Scrubber. SIGCOMM 2022.,10.1145/3544216.3544268,https://doi.org/10.1145/3544216.3544268,high,P39403,SCH0251,,EVD1830
DS-P39497-GGFAST-TRACE-A,GGFAST trace A,self_collected,2022,"National laboratory/research-facility edge, 24 hours in March 2022.",Retained as a separately named or independently provenanced traffic corpus.,DBLP:conf/sigcomm/PietNP23,Julien Piet; Dubem Nwoji; Vern Paxson. 2023. GGFAST: Automating Generation of Flexible Network Traffic Classifiers. SIGCOMM.,10.1145/3603269.3604840,https://doi.org/10.1145/3603269.3604840,high,P39497,SCH0254,USE0163,EVD0717 | EVD1007 | EVD2067
DS-P39497-GGFAST-TRACE-B,GGFAST trace B,self_collected,2020,"Enterprise/same network as A, 60-minute UDP capture in November 2020.",Retained as a separately named or independently provenanced traffic corpus.,DBLP:conf/sigcomm/PietNP23,Julien Piet; Dubem Nwoji; Vern Paxson. 2023. GGFAST: Automating Generation of Flexible Network Traffic Classifiers. SIGCOMM.,10.1145/3603269.3604840,https://doi.org/10.1145/3603269.3604840,high,P39497,SCH0256,USE0167,EVD0498 | EVD1008 | EVD2068
DS-P39497-GGFAST-TRACE-C,GGFAST trace C,self_collected,2020,University edge capture over two months in August-September 2020.,Retained as a separately named or independently provenanced traffic corpus.,DBLP:conf/sigcomm/PietNP23,Julien Piet; Dubem Nwoji; Vern Paxson. 2023. GGFAST: Automating Generation of Flexible Network Traffic Classifiers. SIGCOMM.,10.1145/3603269.3604840,https://doi.org/10.1145/3603269.3604840,high,P39497,SCH0483,USE0300,EVD0575 | EVD1009 | EVD2521 | EVD2522 | EVD2523 | EVD2524 | EVD2525 | EVD2526
DS-P39497-GGFAST-TRACE-D,GGFAST trace D,self_collected,2019,"University RDP capture, 20 hours in August 2019, covering three authentication modes.",Retained as a separately named or independently provenanced traffic corpus.,DBLP:conf/sigcomm/PietNP23,Julien Piet; Dubem Nwoji; Vern Paxson. 2023. GGFAST: Automating Generation of Flexible Network Traffic Classifiers. SIGCOMM.,10.1145/3603269.3604840,https://doi.org/10.1145/3603269.3604840,high,P39497,SCH0257,USE0168,EVD0538 | EVD1010 | EVD2069
DS-P39497-GGFAST-TRACE-E,GGFAST trace E,self_collected,2021,"University SSH capture, five hours in August 2021, covering three authentication modes.",Retained as a separately named or independently provenanced traffic corpus.,DBLP:conf/sigcomm/PietNP23,Julien Piet; Dubem Nwoji; Vern Paxson. 2023. GGFAST: Automating Generation of Flexible Network Traffic Classifiers. SIGCOMM.,10.1145/3603269.3604840,https://doi.org/10.1145/3603269.3604840,high,P39497,SCH0253,USE0165,EVD0516 | EVD1011 | EVD2070
DS-P39497-GGFAST-TRACE-G,GGFAST trace G,self_collected,2020,"Enterprise layer-7 capture, 90 minutes in August 2020, containing 17 classes.",Retained as a separately named or independently provenanced traffic corpus.,DBLP:conf/sigcomm/PietNP23,Julien Piet; Dubem Nwoji; Vern Paxson. 2023. GGFAST: Automating Generation of Flexible Network Traffic Classifiers. SIGCOMM.,10.1145/3603269.3604840,https://doi.org/10.1145/3603269.3604840,medium,P39497,SCH0255,USE0164,EVD0699 | EVD1012 | EVD2071 | EVD2072
DS-P40493-HP-OWF,High-Precision open-world website-fingerprinting corpus,self_collected,2019,High-Precision open-world website-fingerprinting corpus contains 4 retained traffic components.,"Client, monitored-page, main, and Wikipedia scenarios are components of one paper corpus.",DBLP:conf/sp/Wang20,Tao Wang. 2020. High Precision Open-World Website Fingerprinting. IEEE S&P.,10.1109/sp40000.2020.00015,https://github.com/OpenWF/openwf.git,high,P40493,SCH0265 | SCH0266 | SCH0267,USE0174,EVD0523 | EVD0532 | EVD0624 | EVD0747 | EVD1013 | EVD1014 | EVD1015 | EVD1016 | EVD1193 | EVD2087 | EVD2088 | EVD2089 | EVD2090
DS-P40572-RADWARE-BOT-2018-2019,Radware three-site bot traffic corpus,paper_self_collected,2018-2019,"Timestamped request sequences from three services in August 2018 and two services in January and September 2019, with verified bot and benign labels.",One coordinated provider release. Sites and months remain conditions.,ds_p40572_radware_bot_2018_2019,Hu et al. Throwing Darts in the Dark? IEEE S&P 2020.,10.1109/SP40000.2020.00079,https://doi.org/10.1109/SP40000.2020.00079,high,P40572,SCH0268,USE0175,EVD1833 | EVD1835 | EVD1838
DS-P41709-TUNTIGHT-DEPLOYMENT,TunTight production DNS deployment stream,self_collected,,Per-query DNS traffic feature vectors observed during a two-month production deployment.,The paper-reported two-month production observation is treated as one parent deployment stream. Training data are not assumed to be part of it.,wang2025tuntight,"Jun Wang, Daiping Liu, and Ruian Duan. 2025. Resolution Without Dissent: In-Path Per-Query Sanitization to Defeat Surreptitious Communication Over DNS. IEEE Symposium on Security and Privacy.",10.1109/SP61157.2025.00004,https://doi.org/10.1109/SP61157.2025.00004,medium,P41709,SCH0276,USE0183,EVD1852 | EVD1853 | EVD1854
DS-P42020-OWL-PUBLIC-WIFI-2019,OWL multinational public-WiFi device corpus,self_collected,2019,"Passive broadcast/multicast WiFi traffic collected January-July 2019 from 176 networks in seven countries, covering 31,850 devices.",Retained as a separately named or independently provenanced traffic corpus.,DBLP:conf/uss/YuLMZL20,Lingjing Yu; Bo Luo; Jun Ma; Zhaoyu Zhou; Qingyun Liu. 2020. You Are What You Broadcast: Identification of Mobile and IoT Devices from (Public) WiFi. USENIX Security.,,https://www.usenix.org/conference/usenixsecurity20/presentation/yu,high,P42020,SCH0282 | SCH0283,USE0187,EVD0490 | EVD1017 | EVD1018 | EVD1019 | EVD1058 | EVD1059 | EVD1060 | EVD1061 | EVD2102 | EVD2103
DS-P42427-FOAP-AUTO,FOAP automated 1000-app corpus,paper_self_collected,2021,"Google Pixel 2 Selenium runs capture 50 instances for each of 1000 Android apps, totaling 50,000 instances and about 2.7 million flows.",Paper-defined automated app corpus.,p42427,FOAP: Fine-Grained Open-World Android App Fingerprinting.,,https://www.usenix.org/conference/usenixsecurity22/presentation/li-jianfeng,high,P17323 | P42427,SCH0191 | SCH0284 | SCH0285,USE0115 | USE0190,EVD0767 | EVD1152 | EVD1656 | EVD1657 | EVD1660 | EVD1661 | EVD1855 | EVD1994
DS-P42427-FOAP-HUMAN,FOAP five-volunteer 100-app corpus,paper_self_collected,2021,"Five volunteers each operate the same 100 Android apps, producing 500 human-generated app instances.",Paper-defined human-use generalization corpus.,p42427,FOAP: Fine-Grained Open-World Android App Fingerprinting.,,https://www.usenix.org/conference/usenixsecurity22/presentation/li-jianfeng,high,P42427,SCH0286 | SCH0287,USE0191,EVD1658 | EVD1659 | EVD1660 | EVD1661 | EVD1856
DS-P42427-MOBILE-WEB,FOAP Alexa mobile-web background corpus,paper_self_collected,2021,"Mobile browsing traffic for Alexa top 10,000 sites supplies non-app background flows.",Independent negative-only web-traffic source.,p42427,FOAP: Fine-Grained Open-World Android App Fingerprinting.,,https://www.usenix.org/conference/usenixsecurity22/presentation/li-jianfeng,high,P42427,SCH0290,USE0192,EVD1656 | EVD1857
DS-P42427-PC-BACKGROUND,FOAP six-PC background corpus,paper_self_collected,2021,One day of ordinary network traffic from six personal computers supplies non-app background flows.,Independent negative-only PC traffic source.,p42427,FOAP: Fine-Grained Open-World Android App Fingerprinting.,,https://www.usenix.org/conference/usenixsecurity22/presentation/li-jianfeng,high,P42427,SCH0288,USE0189,EVD1656 | EVD1858
DS-P42485-LUMOS,Lumos multi-environment IoT corpus,self_collected,,Lumos multi-environment IoT corpus contains 7 retained traffic components.,Training/test sites and laboratory activity levels are environment components of one Lumos evaluation corpus.,DBLP:conf/uss/SharmaSRS22,Rahul Anand Sharma; Elahe Soltanaghai; Anthony Rowe; Vyas Sekar. 2022. Lumos: Identifying and Localizing Diverse Hidden IoT Devices in an Unfamiliar Environment. USENIX Security.,,https://www.usenix.org/conference/usenixsecurity22/presentation/sharma-rahul,high,P42485,SCH0291 | SCH0292,USE0193,EVD0472 | EVD0542 | EVD0592 | EVD0631 | EVD0652 | EVD0694 | EVD0702 | EVD0735 | EVD0750 | EVD1020 | EVD1021 | EVD1022 | EVD2104 | EVD2105
DS-P42512-ONLINE-WF,Online website-fingerprinting corpus,self_collected,2020 | 2021,Online website-fingerprinting corpus contains 4 retained traffic components.,"Collection phases, dates, synthetic/genuine exit views, and paired entry-exit data are components of one coordinated online-WF study corpus.",DBLP:conf/uss/CherubinJT22,Giovanni Cherubin; Rob Jansen; Carmela Troncoso. 2022. Online Website Fingerprinting: Evaluating Website Fingerprinting Attacks on Tor in the Real World. USENIX Security.,,https://www.usenix.org/conference/usenixsecurity22/presentation/cherubin,high,P42512,SCH0293 | SCH0294 | SCH0295,USE0194,EVD0495 | EVD0594 | EVD0661 | EVD0662 | EVD0686 | EVD1023 | EVD1024 | EVD1025 | EVD1026 | EVD1062 | EVD1063 | EVD1199 | EVD2106 | EVD2107 | EVD2108
DS-P42516-MERIT-DEPLOYMENT,OpenVPN Merit deployment corpus,paper_self_collected,2021,"One week of Merit traffic from August 13 through 20, with controlled VPN traffic from a client station observed alongside ambient ISP flows.",Paper-defined passive deployment evaluation corpus.,p42516,OpenVPN is Open to VPN Fingerprinting.,,https://www.usenix.org/conference/usenixsecurity22/presentation/xue-diwen,high,P42516,SCH0296,USE0195,EVD1662 | EVD1860
DS-P42516-MERIT-TUNING,OpenVPN Merit ISP tuning corpus,paper_self_collected,2021,"Forty-five minutes of ambient Merit ISP traffic collected on July 28, 2021, containing 221,534 flows.",Paper-defined ambient negative training component.,p42516,OpenVPN is Open to VPN Fingerprinting.,,https://www.usenix.org/conference/usenixsecurity22/presentation/xue-diwen,high,P42516,SCH0297,USE0197,EVD1662 | EVD1861
DS-P42516-VPN-TUNING,OpenVPN multi-provider tuning corpus,paper_self_collected,2021,"Vanilla OpenVPN traffic from 20 commercial providers and two self-hosted servers, totaling 2,200 controlled traces.",Paper-defined positive training component.,p42516,OpenVPN is Open to VPN Fingerprinting.,,https://www.usenix.org/conference/usenixsecurity22/presentation/xue-diwen,high,P42516,SCH0298,USE0196,EVD1662 | EVD1862
DS-P42624-WTW-AMAZON,Watching the Watchers Amazon corpus,self_collected,,"1,210 fresh commercial-LTE traces of 32 random Amazon Prime Video titles, 120 seconds each.",Retained as a separately named or independently provenanced traffic corpus.,dataset_wtw_artifact,Watching the Watchers. https://sites.google.com/view/sec21-wtw/watching-the-watchers.,,https://sites.google.com/view/sec21-wtw/watching-the-watchers,high,P42624,SCH0310 | SCH0315,USE0206,EVD0522 | EVD1027 | EVD2111 | EVD2115
DS-P42624-WTW-AMAZONDT,Watching the Watchers AmazonDT corpus,self_collected,,310 fresh commercial-LTE traces of 36 random Amazon Prime Video titles for service-type decision-tree training.,Retained as a separately named or independently provenanced traffic corpus.,dataset_wtw_artifact,Watching the Watchers. https://sites.google.com/view/sec21-wtw/watching-the-watchers.,,https://sites.google.com/view/sec21-wtw/watching-the-watchers,high,P42624,SCH0313,USE0204,EVD0748 | EVD1028 | EVD2115
DS-P42624-WTW-NETFLIX,Watching the Watchers Netflix corpus,self_collected,,"1,001 commercial-LTE traces for 22 Netflix titles selected from a top-50 list, 800 seconds each.",Retained as a separately named or independently provenanced traffic corpus.,dataset_wtw_artifact,Watching the Watchers. https://sites.google.com/view/sec21-wtw/watching-the-watchers.,,https://sites.google.com/view/sec21-wtw/watching-the-watchers,high,P42624,SCH0304 | SCH0309 | SCH0311,USE0200,EVD0774 | EVD1029 | EVD2110 | EVD2115 | EVD2116
DS-P42624-WTW-NETFLIXDT,Watching the Watchers NetflixDT corpus,self_collected,,"298 fresh commercial-LTE traces of 31 random Netflix titles, 800 seconds each, for service-type decision-tree training.",Retained as a separately named or independently provenanced traffic corpus.,dataset_wtw_artifact,Watching the Watchers. https://sites.google.com/view/sec21-wtw/watching-the-watchers.,,https://sites.google.com/view/sec21-wtw/watching-the-watchers,high,P42624,SCH0303,USE0199,EVD0704 | EVD1030 | EVD2115
DS-P42624-WTW-TELECONF,Watching the Watchers Teleconf corpus,self_collected,,201 fresh 120-second LTE traces generated by Google Meet teleconferences.,Retained as a separately named or independently provenanced traffic corpus.,dataset_wtw_artifact,Watching the Watchers. https://sites.google.com/view/sec21-wtw/watching-the-watchers.,,https://sites.google.com/view/sec21-wtw/watching-the-watchers,high,P42624,SCH0314,USE0203,EVD0805 | EVD1031 | EVD2116
DS-P42624-WTW-WEB,Watching the Watchers Web corpus,self_collected,,268 fresh LTE traces generated by repeatedly visiting one of the Alexa top 50 websites for 120 seconds.,Retained as a separately named or independently provenanced traffic corpus.,dataset_wtw_web,Watching the Watchers. https://sites.google.com/view/sec21-wtw/watching-the-watchers. (Alexa top-site list cited separately.),,https://sites.google.com/view/sec21-wtw/watching-the-watchers,high,P42624,SCH0307,USE0201,EVD0796 | EVD1032 | EVD2116
DS-P42624-WTW-YOUTUBE100,Watching the Watchers YouTube100,self_collected,,"29,715 commercial-LTE traces of the top 100 YouTube music videos, 120 seconds each, across three MNOs and video qualities.",Retained as a separately named or independently provenanced traffic corpus.,dataset_wtw_artifact,Watching the Watchers. https://sites.google.com/view/sec21-wtw/watching-the-watchers.,,https://sites.google.com/view/sec21-wtw/watching-the-watchers,high,P42624,SCH0299 | SCH0301 | SCH0302 | SCH0305 | SCH0312,USE0202,EVD0606 | EVD1033 | EVD1034 | EVD1035 | EVD2109 | EVD2112 | EVD2113 | EVD2114 | EVD2115 | EVD2116
DS-P42624-WTW-YOUTUBE200,Watching the Watchers YouTube200 corpus,self_collected,,"6,424 fresh LTE traces of YouTube titles ranked 101-300, collected to expand class size and provide unseen titles.",Retained as a separately named or independently provenanced traffic corpus.,dataset_wtw_artifact,Watching the Watchers. https://sites.google.com/view/sec21-wtw/watching-the-watchers.,,https://sites.google.com/view/sec21-wtw/watching-the-watchers,high,P42624,SCH0300 | SCH0306 | SCH0316,USE0205,EVD0737 | EVD0811 | EVD1036 | EVD1037 | EVD2112 | EVD2115 | EVD2116
DS-P42624-WTW-YOUTUBECA,Watching the Watchers YouTubeCA corpus,self_collected,,"7,383 fresh LTE traces of the YouTube top 100 collected with carrier aggregation activated.",Retained as a separately named or independently provenanced traffic corpus.,dataset_wtw_artifact,Watching the Watchers. https://sites.google.com/view/sec21-wtw/watching-the-watchers.,,https://sites.google.com/view/sec21-wtw/watching-the-watchers,high,P42624,SCH0308,USE0198,EVD0696 | EVD1038 | EVD1039 | EVD2114
DS-P42690-INPUT-AGNOSTIC-KWS-2021,Input-Agnostic KWS corpus,self_collected,2021,"Baidu keyword-search traffic collected in an Android simulator from 13-15 April 2021, 50 keywords with 100 traces each.",Retained as a separately named or independently provenanced traffic corpus.,DBLP:conf/uss/QuMLL000FG23,Jian Qu; Xiaobo Ma; Jianfeng Li; Xiapu Luo; Lei Xue; Junjie Zhang; Zhenhua Li; Li Feng; Xiaohong Guan. 2023. An Input-Agnostic Hierarchical Deep Learning Framework for Traffic Fingerprinting. USENIX Security.,,https://github.com/shashadehuajiang/trace_classifier,medium,P42690,SCH0486,USE0303,EVD0764 | EVD1040 | EVD2551 | EVD2552 | EVD2553 | EVD2554 | EVD2555 | EVD2556
DS-P42690-INPUT-AGNOSTIC-SWF-2020,Input-Agnostic SWF corpus,self_collected,2020,"Shadowsocks website traces collected 26 October-2 November 2020 from 23 monitored websites and 3,300 background websites.",Retained as a separately named or independently provenanced traffic corpus.,DBLP:conf/uss/QuMLL000FG23,Jian Qu; Xiaobo Ma; Jianfeng Li; Xiapu Luo; Lei Xue; Junjie Zhang; Zhenhua Li; Li Feng; Xiaohong Guan. 2023. An Input-Agnostic Hierarchical Deep Learning Framework for Traffic Fingerprinting. USENIX Security.,,https://github.com/shashadehuajiang/trace_classifier,medium,P42690,SCH0319,USE0209,EVD0742 | EVD1041 | EVD2118 | EVD2121 | EVD2122
DS-P42933-LBNL-SSH,LBNL interactive SSH corpus,paper_self_collected,2016 to 2022,"Six years of border PCAP and SSH syslog data covering 77 months, 632,000 filtered interactive connections, and about 3,900 users.",One continuous LBNL SSH monitoring corpus.,p42933,Network Detection of Interactive SSH Impostors Using Deep Learning.,,https://www.usenix.org/conference/usenixsecurity23/presentation/piet,high,P42933,SCH0320 | SCH0321,USE0210,EVD1663 | EVD1664 | EVD1665 | EVD1666 | EVD1863
DS-P42933-LBNL-TELNET,LBNL Telnet and Rlogin corpus,paper_self_collected,2001,"One hundred days of cleartext Telnet and Rlogin traffic at LBNL, yielding 24,000 interactive connections for about 1,300 users.",Independent historical interactive-login corpus.,p42933,Network Detection of Interactive SSH Impostors Using Deep Learning.,,https://www.usenix.org/conference/usenixsecurity23/presentation/piet,high,P42933,SCH0322,USE0211,EVD1667 | EVD1864
DS-P43001-ROSETTA-APPLICATION,Rosetta real-application corpus,self_collected,,Rosetta real-application corpus contains 6 retained traffic components.,The six application taus are network-environment components of one real-application task corpus.,DBLP:conf/uss/XieCDX00SZ23,"Renjie Xie, Jiahao Cao, Enhuan Dong, Mingwei Xu, Kun Sun, Qi Li, Licheng Shen, and Menghao Zhang. 2023. Rosetta: Enabling Robust TLS Encrypted Traffic Classification in Diverse Network Environments with TCP-Aware Traffic Augmentation. USENIX Security.",,https://github.com/sunskyXX/Rosetta.git,high,P43001,SCH0488,USE0305,EVD0478 | EVD0503 | EVD0551 | EVD0579 | EVD0645 | EVD0740 | EVD1042 | EVD1043 | EVD2563 | EVD2564 | EVD2565 | EVD2566 | EVD2567 | EVD2568
DS-P43001-ROSETTA-WEBSITE,Rosetta real-website corpus,self_collected,,Rosetta real-website corpus contains 6 retained traffic components.,The six website taus are network-environment components of one real-website task corpus.,DBLP:conf/uss/XieCDX00SZ23,"Renjie Xie, Jiahao Cao, Enhuan Dong, Mingwei Xu, Kun Sun, Qi Li, Licheng Shen, and Menghao Zhang. 2023. Rosetta: Enabling Robust TLS Encrypted Traffic Classification in Diverse Network Environments with TCP-Aware Traffic Augmentation. USENIX Security.",,https://github.com/sunskyXX/Rosetta.git,high,P43001,SCH0489,USE0306,EVD0544 | EVD0621 | EVD0759 | EVD0778 | EVD0782 | EVD0792 | EVD1044 | EVD1045 | EVD1046 | EVD2557 | EVD2558 | EVD2559 | EVD2560 | EVD2561 | EVD2562
DS-P43021-VA-FP,Voice-assistant fingerprinting corpus,self_collected,,Voice-assistant fingerprinting corpus contains 10 retained traffic components.,"Assistants, devices, users, idle traffic, skills, and command scenarios are components of the coordinated voice-assistant corpus.",DBLP:conf/uss/AhmedS023,Dilawer Ahmed; Aafaq Sabir; Anupam Das. 2023. Spying through Your Voice Assistants: Realistic Voice Command Fingerprinting. USENIX Security.,,https://github.com/dilawer11/va-fingerprinting,high,P43021,SCH0323 | SCH0325 | SCH0326 | SCH0327 | SCH0328,USE0213,EVD0508 | EVD0553 | EVD0582 | EVD0622 | EVD0663 | EVD0690 | EVD0692 | EVD0695 | EVD0707 | EVD0812 | EVD1047 | EVD1048 | EVD1049 | EVD1050 | EVD1051 | EVD1064 | EVD1065 | EVD1066 | EVD2126 | EVD2127 | EVD2128 | EVD2129 | EVD2130 | EVD2131 | EVD2132
DS-P43500-P43500-ALEXA-WSC-BG,ALEXA-WSC-BG,self_collected,,Alexa background/unmonitored Tor traces gathered in the paper's collection.,Retained as a separately named or independently provenanced traffic corpus.,DBLP:conf/uss/Mitseva024,"Asya Mitseva; Andriy Panchenko. 2024. Stop, Don't Click Here Anymore: Boosting Website Fingerprinting By Considering Sets of Subpages. USENIX Security.",,https://www.usenix.org/conference/usenixsecurity24/presentation/mitseva,high,P43500,SCH0334,USE0219,EVD0685 | EVD1052 | EVD2143
DS-P43500-P43500-ALEXA-WSC-FG,ALEXA-WSC-FG,self_collected,,Alexa website/subpage Tor traces collected with Tor Browser 7.5.6; 90 traces per site/subpage unit.,Retained as a separately named or independently provenanced traffic corpus.,DBLP:conf/uss/Mitseva024,"Asya Mitseva; Andriy Panchenko. 2024. Stop, Don't Click Here Anymore: Boosting Website Fingerprinting By Considering Sets of Subpages. USENIX Security.",,https://www.usenix.org/conference/usenixsecurity24/presentation/mitseva,high,P43500,SCH0333 | SCH0335 | SCH0337,USE0217,EVD0497 | EVD1053 | EVD2140 | EVD2142 | EVD2143
DS-P43500-P43500-ALEXA-WSC-HMM,ALEXA-WSC-HMM,self_collected,,Separate Alexa browsing-session capture consisting of ten user sessions.,Retained as a separately named or independently provenanced traffic corpus.,DBLP:conf/uss/Mitseva024,"Asya Mitseva; Andriy Panchenko. 2024. Stop, Don't Click Here Anymore: Boosting Website Fingerprinting By Considering Sets of Subpages. USENIX Security.",,https://www.usenix.org/conference/usenixsecurity24/presentation/mitseva,high,P43500,SCH0332,USE0216,EVD0461 | EVD1054 | EVD2142
DS-P43500-P43500-TRANCO-WSC-FG,TRANCO-WSC-FG,self_collected,,Tranco website/subpage Tor traces collected with Tor Browser 12.5.3; one trace for each selected item.,Retained as a separately named or independently provenanced traffic corpus.,DBLP:conf/uss/Mitseva024,"Asya Mitseva; Andriy Panchenko. 2024. Stop, Don't Click Here Anymore: Boosting Website Fingerprinting By Considering Sets of Subpages. USENIX Security.",,https://www.usenix.org/conference/usenixsecurity24/presentation/mitseva,high,P43500,SCH0336,USE0218,EVD0480 | EVD1055 | EVD2141
DS-P43793-FBSAD,FBSAD fake base-station corpus,paper_self_collected,2024,POWDER over-the-air cellular traces contain legitimate and fake base-station traffic under mobility and five attacker capability levels using srsRAN and OpenAirInterface.,Paper-defined FBSAD corpus.,p43793,Gotta Detect 'Em All: Fake Base Station and Multi-Step Attack Detection in Cellular Networks.,,https://www.usenix.org/conference/usenixsecurity25/presentation/mubasshir,high,P43793,SCH0340 | SCH0341,USE0224,EVD1668 | EVD1669 | EVD1672 | EVD1870
DS-P43793-LAB-VALIDATION,FBSDetector controlled lab validation corpus,paper_self_collected,2024,"A smartphone with the deployed app is tested on a controlled 4G lab and commercial Google Fi scenarios, including ordinary FBS activity, all 21 attacks, and an unseen Overshadow attack.",Paper-defined deployment and zero-shot validation corpus.,p43793,Gotta Detect 'Em All: Fake Base Station and Multi-Step Attack Detection in Cellular Networks.,,https://www.usenix.org/conference/usenixsecurity25/presentation/mubasshir,high,P43793,SCH0342 | SCH0343,USE0222,EVD1669 | EVD1670 | EVD1672 | EVD1871
DS-P43793-MSAD,MSAD multi-step cellular attack corpus,paper_self_collected,2024,POWDER traces cover benign traffic and 21 implemented multi-step cellular attacks in NAS and RRC layers.,Paper-defined MSAD corpus.,p43793,Gotta Detect 'Em All: Fake Base Station and Multi-Step Attack Detection in Cellular Networks.,,https://www.usenix.org/conference/usenixsecurity25/presentation/mubasshir,high,P43793,SCH0344,USE0223,EVD1670 | EVD1671 | EVD1872
DS-P43907-SMS-AIT,Three-month multi-country SMS authentication corpus,paper_self_collected,2023,"About 9.4 million SMS request logs from 19 countries between August and October 2023, split into web and native-client channels and labeled as attack or genuine.",One coordinated authentication-service log corpus.,p43907,Preventing Artificially Inflated SMS Attacks through Large-Scale Traffic Inspection.,,https://www.usenix.org/conference/usenixsecurity25/presentation/huh,high,P43907,SCH0345 | SCH0346,USE0225,EVD1673 | EVD1674 | EVD1873
DS-P44828-INTRADOMAIN-WPF,Intra-domain webpage-fingerprinting corpus,self_collected,,Intra-domain webpage-fingerprinting corpus contains 4 retained traffic components.,"D1, D2, D3, and D5 are scenario components of the same intra-domain corpus.",dataset_intradomain_wpf_artifact,Visited February 2021. Intra-domain webpage fingerprinting dataset. https://github.com/ResearchWPF/Intra-domain-WPF.git.,,https://github.com/ResearchWPF/Intra-domain-WPF.git,high,P44828,SCH0349 | SCH0350 | SCH0490 | SCH0491 | SCH0492,USE0307,EVD0649 | EVD0669 | EVD0677 | EVD0779 | EVD0798 | EVD1067 | EVD1068 | EVD2151 | EVD2152 | EVD2575 | EVD2576 | EVD2577 | EVD2578 | EVD2579 | EVD2580 | EVD2581 | EVD2582 | EVD2583 | EVD2584 | EVD2585 | EVD2586 | EVD2587 | EVD2588 | EVD2589 | EVD2590 | EVD2591 | EVD2592
DS-P45721-APPSNIFFER,AppSniffer multi-tunnel corpus,self_collected,,AppSniffer multi-tunnel corpus contains 6 retained traffic components.,"Normal, VPN-provider, and concurrent-app traffic are tunnel/workload conditions of one AppSniffer corpus.",DBLP:conf/www/OhL0BK23,Sanghak Oh; Minwook Lee; Hyunwoo Lee; Elisa Bertino; Hyoungshick Kim. 2023. AppSniffer: Towards Robust Mobile App Fingerprinting Against VPN. The Web Conference (WWW).,10.1145/3543507.3583473,https://github.com/network-traffic/AppSniffer,high,P45721,SCH0356,USE0232,EVD0540 | EVD0545 | EVD0567 | EVD0664 | EVD0689 | EVD0773 | EVD1069 | EVD1070 | EVD1200 | EVD2160 | EVD2161 | EVD2162 | EVD2163
DS-P45879-LOW-OVERHEAD-WF,Low-overhead multi-browser website-fingerprinting corpus,self_collected,,Low-overhead multi-browser website-fingerprinting corpus contains 3 retained traffic components.,"Chrome, Edge, and Firefox are client conditions within one website-fingerprinting corpus.",DBLP:conf/www/HuangMDQGF023,Guodong Huang; Chuan Ma; Ming Ding; Yuwen Qian; Chunpeng Ge; Liming Fang; Zhe Liu. 2023. Efficient and Low Overhead Website Fingerprinting Attacks and Defenses based on TCP/IP Traffic. The Web Conference (WWW).,10.1145/3543507.3583200,https://doi.org/10.1145/3543507.3583200,high,P45879,SCH0357 | SCH0358,USE0233,EVD0515 | EVD0584 | EVD0718 | EVD1071 | EVD1072 | EVD2164 | EVD2165
DS-P46126-NETTRACK,Net-track Alexa top-20K traffic corpus,paper_self_collected,2022,"Selenium and Chrome visit Alexa top-20K homepages over four weeks, producing about 350,000 per-connection traces labeled with EasyList and EasyPrivacy.",Paper-defined web tracker corpus.,p46126,Net-track: Generic Web Tracking Detection Using Packet Metadata.,10.1145/3543507.3583372,https://doi.org/10.1145/3543507.3583372,high,P46126,SCH0359,USE0234,EVD1675 | EVD1874
DS-P46215-SCANNERSCOPE,ScannerScope WVS and human browsing corpus,paper_self_collected,2022,"Twelve web vulnerability scanners each run ten rounds against WordPress and Joomla targets, producing 240 scan sessions, while 159 recruited users browse the same applications.",One coordinated scanner and human testbed corpus.,p46215,Scan Me If You Can: Understanding and Detecting Unwanted Vulnerability Scanning.,10.1145/3543507.3583394,https://doi.org/10.1145/3543507.3583394,high,P46215,SCH0360 | SCH0361,USE0235,EVD1676 | EVD1677 | EVD1678 | EVD1679 | EVD1875
DS-P46267-TFE-GNN-WWT,TFE-GNN WWT corpus,self_collected,,"Self-collected encrypted messaging traffic from WeChat, WhatsApp, and Telegram.",Retained as a separately named or independently provenanced traffic corpus.,DBLP:conf/www/ZhangYXLMLL23,Haozhen Zhang; Le Yu; Xi Xiao; Qing Li; Francesco Mercaldo; Xiapu Luo; Qixu Liu. 2023. TFE-GNN: A Temporal Fusion Encoder Using Graph Neural Networks for Fine-grained Encrypted Traffic Classification. The Web Conference (WWW).,10.1145/3543507.3583227,https://doi.org/10.1145/3543507.3583227,high,P46267,SCH0363 | SCH0364 | SCH0367,USE0237,EVD0657 | EVD1073 | EVD2166 | EVD2167 | EVD2168
DS-P46522-CF-2022-2023,Contrastive Fingerprinting (CF) dataset,self_collected,2022 | 2023,Real Tor traffic collected with Tor Browser 12.x between October 2022 and February 2023; CF500 and CF9000 are closed/open-world partitions of the same capture lineage.,Retained as a separately named or independently provenanced traffic corpus.,DBLP:conf/www/0004FHZSCL24,Yi Xie; Jiahao Feng; Wenju Huang; Yixi Zhang; Xueliang Sun; Xiaochou Chen; Xiapu Luo. 2024. Contrastive Fingerprinting: A Novel Website Fingerprinting Attack over Few-shot Traces. The Web Conference (WWW).,10.1145/3589334.3645575,https://doi.org/10.1145/3589334.3645575,high,P46522,SCH0376 | SCH0377 | SCH0378 | SCH0380 | SCH0382 | SCH0385,USE0245,EVD0517 | EVD0635 | EVD1074 | EVD1075 | EVD2178 | EVD2179 | EVD2180 | EVD2182 | EVD2183 | EVD2184
DS-P47353-DECETT,DecETT multi-tunnel corpus,self_collected,,DecETT multi-tunnel corpus contains 5 retained traffic components.,The five tunnel protocols are condition components in one DecETT collection.,DBLP:conf/www/GuLZYGX0L25,Zheyuan Gu; Chang Liu; Xiyuan Zhang; Chen Yang; Gaopeng Gou; Gang Xiong; Zhen Li; Sijia Li. 2025. DecETT: Accurate App Fingerprinting Under Encrypted Tunnels via Dual Decouple-based Semantic Enhancement. The Web Conference (WWW).,10.1145/3696410.3714643,https://github.com/DecETT/DecETT,high,P47353,SCH0399,USE0255,EVD0531 | EVD0617 | EVD0698 | EVD0719 | EVD0720 | EVD1076 | EVD1077 | EVD2199 | EVD2200 | EVD2201 | EVD2202 | EVD2203 | EVD2204
DS-P47584-HOLMES-WATSON,HOLMES & WATSON evaluation corpus,self_collected,2024,HOLMES & WATSON evaluation corpus contains 11 retained traffic components.,"Browser, bandwidth, site-list, open-world, and time-drift captures are condition components in one coordinated release.",DBLP:conf/www/ChengZLSDD025,Yifei Cheng; Yujia Zhu; Baiyang Li; Peishuai Sun; Yong Ding; Xinhao Deng; Qingyun Liu. 2025. HOLMES & WATSON: A Robust and Lightweight HTTPS Website Fingerprinting through HTTP Version Parallelism. The Web Conference (WWW).,10.1145/3696410.3714578,https://zenodo.org/records/14727250,high,P47584,SCH0400 | SCH0401 | SCH0402 | SCH0403 | SCH0404,USE0256,EVD0455 | EVD0469 | EVD0473 | EVD0486 | EVD0513 | EVD0563 | EVD0581 | EVD0587 | EVD0607 | EVD0612 | EVD0629 | EVD0636 | EVD0650 | EVD0654 | EVD0674 | EVD0703 | EVD0708 | EVD0714 | EVD0721 | EVD0777 | EVD0788 | EVD0808 | EVD1078 | EVD1079 | EVD1080 | EVD1081 | EVD1876 | EVD1877 | EVD2205 | EVD2206 | EVD2207 | EVD2208 | EVD2209 | EVD2210 | EVD2211 | EVD2212 | EVD2213 | EVD2214 | EVD2215 | EVD2216 | EVD2217 | EVD2218
DS-P48170-NOMOATS,NoMoATS Android traffic corpus,paper_self_collected,2019,"A Nexus 6 running Android 7.1 and Droidbot exercises 307 apps selected across 35 Google Play categories, producing 37,438 HTTP or HTTPS requests labeled by originating app or A&T library stack traces.",Paper-defined Android app and library traffic corpus.,p48170,NoMoATS: Towards Automatic Detection of Mobile Tracking.,10.2478/popets-2020-0017,https://doi.org/10.2478/POPETS-2020-0017,high,P48170,SCH0405 | SCH0406,USE0257,EVD1680 | EVD1681 | EVD1878
DS-P48246-GANDALF,GANDaLF GDLF corpus,self_collected,,GANDaLF GDLF corpus contains 3 retained traffic components.,"GDLF monitored, open-world, and older-wave data are coordinated components of the GDLF release.",DBLP:journals/popets/OhMRWH21,"Se Eun Oh, Nate Mathews, Mohammad Saidur Rahman, Matthew Wright, and Nicholas Hopper. 2021. GANDaLF: GAN for Data-Limited Fingerprinting. Proceedings on Privacy Enhancing Technologies.",10.2478/popets-2021-0029,https://github.com/traffic-analysis/gandalf,high,P48246,SCH0416,USE0265,EVD0456 | EVD0590 | EVD0671 | EVD1082 | EVD1083 | EVD2228
DS-P48290-QUIC-TCP-WF-2021,Website Fingerprinting in the Age of QUIC dataset,self_collected,,"Approximately 117,000 TCP and QUIC website traces collected in a coordinated two-phase crawl through three WireGuard gateways.",Retained as a separately named or independently provenanced traffic corpus.,DBLP:journals/popets/SmithMP21,Jean-Pierre Smith; Prateek Mittal; Adrian Perrig. 2021. Website Fingerprinting in the Age of QUIC. PETS/PoPETs.,10.2478/popets-2021-0017,https://github.com/jpcsmith/wf-in-the-age-of-quic,high,P48290,SCH0417,USE0268,EVD0746 | EVD1084 | EVD1085 | EVD1086 | EVD1880 | EVD2230 | EVD2231
DS-P48305-HOMESNITCH-FLORIDA-2020,HomeSnitch-associated Florida capture (2020),fresh_recapture,2020,Fresh US-Florida IoT traffic captured in early 2020 for 12 days across 24 device types/28 instances; the release/source identity is unresolved.,Retained as a separately named or independently provenanced traffic corpus.,DBLP:journals/popets/Ahmed0Z22,Dilawer Ahmed; Anupam Das; Fareed Zaffar. 2022. Analyzing the Feasibility and Generalizability of Fingerprinting Internet of Things Devices. PETS/PoPETs.,10.2478/popets-2022-0057,https://doi.org/10.2478/popets-2022-0057,low,P48305,SCH0420 | SCH0421 | SCH0434 | SCH0437 | SCH0440 | SCH0443 | SCH0444,USE0270,EVD0597 | EVD1087 | EVD1088 | EVD2233 | EVD2240 | EVD2241 | EVD2248 | EVD2249 | EVD2250 | EVD2251 | EVD2252 | EVD2253 | EVD2254 | EVD2255 | EVD2256 | EVD2257 | EVD2262
DS-P48305-HOMESNITCH-FLORIDA-2021-RECAPTURE,HomeSnitch-associated Florida recapture (May 2021),fresh_recapture,2021,Fresh May 2021 HomeSnitch-team traffic for 15 device classes common to the early-2020 Florida source capture.,The evaluated paper explicitly calls this another/new round of data and evaluates it only as the held-out 2021 target; it is independently captured from the 2020 source corpus.,DBLP:journals/popets/Ahmed0Z22,Dilawer Ahmed; Anupam Das; Fareed Zaffar. 2022. Analyzing the Feasibility and Generalizability of Fingerprinting Internet of Things Devices. PETS/PoPETs.,10.2478/popets-2022-0057,https://doi.org/10.2478/popets-2022-0057,high,P48305,SCH0423 | SCH0442,USE0274,EVD0570 | EVD0643 | EVD0892 | EVD0893 | EVD2240 | EVD2241 | EVD2262
DS-P48305-IOT-GENERALIZABILITY-OWN-NC-2020,IoT generalizability North Carolina lab corpus,self_collected,2020,Fresh North Carolina laboratory IoT capture collected in early 2020 by the evaluated paper.,Retained as a separately named or independently provenanced traffic corpus.,DBLP:journals/popets/Ahmed0Z22,Dilawer Ahmed; Anupam Das; Fareed Zaffar. 2022. Analyzing the Feasibility and Generalizability of Fingerprinting Internet of Things Devices. PETS/PoPETs.,10.2478/popets-2022-0057,https://doi.org/10.2478/POPETS-2022-0057,high,P48305,SCH0424 | SCH0425 | SCH0430 | SCH0431 | SCH0432 | SCH0438,USE0272,EVD0496 | EVD1089 | EVD1090 | EVD2234 | EVD2238 | EVD2239 | EVD2244 | EVD2245 | EVD2246 | EVD2247 | EVD2252 | EVD2253 | EVD2254 | EVD2255 | EVD2256 | EVD2257 | EVD2261
DS-P48305-IOT-GENERALIZABILITY-OWN-NC-2021-RECAPTURE,IoT generalizability North Carolina lab recapture (January 2021),fresh_recapture,2021,Fresh January 2021 North Carolina laboratory traffic for the same eight device classes as the early-2020 source capture.,The evaluated paper explicitly calls this another/new round of data and evaluates it only as the held-out 2021 target; it is independently captured from the 2020 source corpus.,DBLP:journals/popets/Ahmed0Z22,Dilawer Ahmed; Anupam Das; Fareed Zaffar. 2022. Analyzing the Feasibility and Generalizability of Fingerprinting Internet of Things Devices. PETS/PoPETs.,10.2478/popets-2022-0057,https://doi.org/10.2478/popets-2022-0057,high,P48305,SCH0419,USE0271,EVD0467 | EVD0493 | EVD0894 | EVD0895 | EVD0896 | EVD2238 | EVD2239 | EVD2261
DS-P48443-EXPLAINWF-LIVE-TOR,ExplainWF live-Tor corpus,self_collected,,ExplainWF live-Tor corpus contains 1 retained traffic components.,The live-Tor wget2 capture has real-network provenance distinct from the Shadow-simulated traffic.,DBLP:journals/popets/JansenW23,Rob Jansen; Ryan Wails. 2023. Data-Explainable Website Fingerprinting with Network Simulation. PETS/PoPETs.,10.56553/popets-2023-0125,https://explainwf-popets2023.github.io,high,P48443,SCH0447,USE0277,EVD0644 | EVD1091 | EVD2264 | EVD2266 | EVD2267 | EVD2270
DS-P48443-EXPLAINWF-SHADOW,ExplainWF Shadow-simulation corpus,self_collected,,ExplainWF Shadow-simulation corpus contains 10 retained traffic components.,The initial Shadow capture and the load-by-seed matrix are simulation configurations within one Shadow-generated corpus.,DBLP:journals/popets/JansenW23,Rob Jansen; Ryan Wails. 2023. Data-Explainable Website Fingerprinting with Network Simulation. PETS/PoPETs.,10.56553/popets-2023-0125,https://explainwf-popets2023.github.io,high,P48443,SCH0446,USE0278,EVD0468 | EVD0492 | EVD0494 | EVD0537 | EVD0560 | EVD0665 | EVD0666 | EVD0728 | EVD0770 | EVD0772 | EVD1092 | EVD1093 | EVD1094 | EVD1095 | EVD2265 | EVD2266 | EVD2267 | EVD2268 | EVD2269 | EVD2270
DS-P48659-LONGENOUGH,LongEnough video-streaming corpus,self_collected,,LongEnough video-streaming corpus contains 2 retained traffic components.,Fixed and variable-bandwidth traces are conditions within one LongEnough corpus.,DBLP:journals/popets/HasselquistWCJC24,David Hasselquist; Ethan Witwer; August Carlson; Niklas Johansson; Niklas Carlsson. 2024. Raising the Bar: Improved Fingerprinting Attacks and Defenses for Video Streaming Traffic. PETS/PoPETs.,10.56553/popets-2024-0112,https://github.com/trafnex/raising-the-bar,high,P48659,SCH0448,USE0279,EVD0589 | EVD0744 | EVD1096 | EVD1097 | EVD1098 | EVD2271 | EVD2272 | EVD2273
DS-P48723-TEX-2022,T.EX multi-browser crawl 2022,external_reused,2022,"Six Chrome, six Brave, and four successful Firefox crawls of the Tranco top 10,000 run on separate AWS instances in Frankfurt on August 12, 2022.",One coordinated multi-browser crawl with shared site list and collection day.,p48723,Beyond the Request: Harnessing HTTP Response Headers for Cross-Browser Web Tracker Detection in an Imbalanced Setting.,10.56553/popets-2025-0007,https://doi.org/10.56553/POPETS-2025-0007,high,P48723,SCH0449,USE0281,EVD1682 | EVD1683 | EVD1684 | EVD1685 | EVD1881
DS-P48723-TEX-2023,T.EX Chrome crawl 2023,paper_self_collected,2023,"A new Chrome crawl visits the Tranco top 10,000 selected on March 29, 2023 using the same T.EX methodology.",Independent one-year-later Chrome crawl.,p48723,Beyond the Request: Harnessing HTTP Response Headers for Cross-Browser Web Tracker Detection in an Imbalanced Setting.,10.56553/popets-2025-0007,https://doi.org/10.56553/POPETS-2025-0007,high,P48723,SCH0450,USE0280,EVD1685 | EVD1882
DS-PEERRUSH,PeerRush,external_reused,,"Peer-to-peer application traffic collected and released for the PeerRush study. || P2P application traffic from eMule, uTorrent, and Vuze introduced by Rahbarinia et al.",Retained as a separately named or independently provenanced traffic corpus.,rahbarinia2013peerrush,"Babak Rahbarinia, Roberto Perdisci, Andrea Lanzi, and Kang Li. 2013. PeerRush: Mining for Unwanted P2P Traffic. DIMVA, 62-82.",10.1007/978-3-642-39235-1_4,https://doi.org/10.1007/978-3-642-39235-1_4,high,P17899 | P38761 | P39771,SCH0209 | SCH0238 | SCH0260,USE0125 | USE0149 | USE0170,EVD0633 | EVD0682 | EVD1099 | EVD1766 | EVD1767 | EVD1768 | EVD1769 | EVD2042 | EVD2073
DS-PINGPONG-IOT,PingPong IoT traffic corpus,external_reused,,US packet-level smart-home device/activity traffic collected for PingPong.,Retained as a separately named or independently provenanced traffic corpus.,trimananda2020pingpong,"Rahmadi Trimananda, Janus Varmarken, Athina Markopoulou, and Brian Demsky. 2020. Packet-Level Signatures for Smart Home Devices. In NDSS.",,https://athinagroup.eng.uci.edu/projects/pingpong/data/,high,P42427 | P48305,SCH0289 | SCH0439,USE0188 | USE0269,EVD0557 | EVD1100 | EVD1101 | EVD1656 | EVD1859 | EVD2235
DS-QUIC-2019,QUIC2019,external_reused,2018 to 2019,Encrypted QUIC application traffic corpus introduced by Rezaei and Liu.,Retained as a named independently provenanced traffic corpus.,rezaei2018quicfewlabels,Shahbaz Rezaei and Xin Liu. 2018. How to Achieve High Classification Accuracy with Just a Few Labels: A Semi-supervised Approach Using Sampled Packets.,,,high,P11328,SCH0008,USE0008,EVD1689 | EVD1690 | EVD1691
DS-RECON-APPVERSIONS,ReCon AppVersions mobile-app traffic corpus,external_reused,,Mobile-app traffic collected through the ReCon system across Android app versions; AppVersions is the longitudinal evaluation view.,Retained as a separately named or independently provenanced traffic corpus.,ren2018appversions,"Jingjing Ren, Martina Lindorfer, Daniel J. Dubois, Ashwin Rao, David Choffnes, and Narseo Vallina-Rodriguez. 2018. Bug Fixes, Improvements, ... and Privacy Leaks: A Longitudinal Study of PII Leaks Across Android App Versions. NDSS.",10.14722/ndss.2018.23143,https://doi.org/10.14722/ndss.2018.23143,high,P17818,SCH0196 | SCH0203,USE0120,EVD0723 | EVD1102 | EVD1103 | EVD1104 | EVD1765 | EVD2009 | EVD2014
DS-SHAME-ALEXA-2021,SHAME Alexa voice-command dataset,external_reused,,"Amazon Echo Dot second-generation traffic for 20 commands, 800 samples per command, collected for Hyland et al.",Retained as a separately named or independently provenanced traffic corpus.,hyland2021shame,"Jack Hyland et al. 2021. What a SHAME: Smart Assistant Hyper-sensitive Audio Monitoring Eavesdropping. WPES, 237-243.",10.1145/3463676.3485615,https://doi.org/10.1145/3463676.3485615,high,P14374,SCH0070,USE0031,EVD0626 | EVD1105 | EVD1106 | EVD1915
DS-SIVANATHAN-IOT-2018,Sivanathan smart-home IoT traffic corpus,external_reused,2016,"Single Australian smart-environment IoT packet capture published by Sivanathan et al.; 'UNSW' and 'Sivanathan dataset' are aliases in the audited papers. || Eight-day smart-home IoT capture from September 2016 with approximately 134,000 connections.",Retained as a separately named or independently provenanced traffic corpus.,sivanathan2019iot,"Arunan Sivanathan, Hassan Habibi Gharakheili, Franco Loi, Adam Radford, Chamith Wijenayake, Arun Vishwanath, and Vijay Sivaraman. 2019. Classifying IoT Devices in Smart Environments Using Network Traffic Characteristics. IEEE Transactions on Mobile Computing 18(8), 1745-1759.",10.1109/TMC.2018.2866249,https://doi.org/10.1109/TMC.2018.2866249,high,P38630 | P38868 | P48305,SCH0234 | SCH0241 | SCH0426,USE0147 | USE0154 | USE0275,EVD0462 | EVD0725 | EVD0732 | EVD0768 | EVD1107 | EVD1108 | EVD1109 | EVD1192 | EVD1815 | EVD2037 | EVD2038 | EVD2046 | EVD2236
DS-SJTU-AN21,SJTU-AN21,external_reused,,Anonymity-network traffic introduced by Zhao et al.; the released test partition was collected separately in a different network environment from training.,Retained as a separately named or independently provenanced traffic corpus.,zhao2022sjtuan21,"Ruijie Zhao, Xianwen Deng, Yanhao Wang, Libo Chen, Ming Liu, Zhi Xue, and Yijun Wang. 2022. Flow Sequence-Based Anonymity Network Traffic Identification with Residual Graph Convolutional Networks. IEEE/ACM IWQoS, 1-10.",10.1109/IWQoS54832.2022.9812882,https://doi.org/10.1109/IWQoS54832.2022.9812882,high,P46427,SCH0371,USE0241,EVD0526 | EVD1110 | EVD1111 | EVD2173
DS-STRATOSPHERE-CURRENT-MALWARE-2013-2018-BOTECTION,BOTection-selected Stratosphere malware captures (2013-2018),external_reused,2013 | 2018,Later botnet traffic captures dated 2013-2018 downloaded from the Stratosphere IPS Project; independent from the older CTU-13 scenarios.,Retained as a separately named or independently provenanced traffic corpus.,DBLP:conf/ccs/AlahmadiMSSM20,Bushra A. AlAhmadi; Enrico Mariconti; Riccardo Spolaor; Gianluca Stringhini; Ivan Martinovic. 2020. BOTection: Bot Detection by Building Markov Chain Models of Bots Network Behavior. AsiaCCS.,10.1145/3320269.3372202,https://doi.org/10.1145/3320269.3372202,low,P13883,SCH0030,USE0020,EVD0625 | EVD1112 | EVD1113 | EVD1696 | EVD1898
DS-STRATOSPHERE-IOT-MALWARE-NETML,nPrintML/netML-selected Stratosphere IoT malware traffic,external_reused,,IoT malware packet captures selected from the Stratosphere Malware Capture Facility Project for netML.,Retained as a separately named or independently provenanced traffic corpus.,DBLP:conf/ccs/HollandSFM21,Jordan Holland; Paul Schmitt; Nick Feamster; Prateek Mittal. 2021. New Directions in Automated Traffic Analysis. ACM CCS.,10.1145/3460120.3484758,https://doi.org/10.1145/3460120.3484758,low,P14774,SCH0085,USE0041,EVD0578 | EVD1114 | EVD1937
DS-STREAMING-VIDEO-PROVIDERS-BRONZINO-2019,Bronzino et al. streaming-video provider corpus,external_reused,,Encrypted streaming-video traffic collected across providers for video-quality inference.,Retained as a separately named or independently provenanced traffic corpus.,schmitt2019videoquality,"Paul Schmitt, Francesco Bronzino, Sara Ayoubi, Guilherme Martins, Renata Teixeira, and Nick Feamster. 2019. Inferring Streaming Video Quality from Encrypted Traffic: Practical Models and Deployment Experience. Proceedings of the ACM on Measurement and Analysis of Computing Systems 3(3), 1-25.",10.1145/3366704,https://doi.org/10.1145/3366704,high,P14774,SCH0083,USE0040,EVD0596 | EVD1115 | EVD1938
DS-SUCURI-SSDP-2014,Sucuri SSDP DDoS trace,external_reused,2014,SSDP DDoS traffic documented in the Sucuri analysis and used in generated ZAPDOS scenarios.,Independently documented attack source with distinct provenance.,ds_sucuri_ssdp_2014,Quick Analysis of a DDoS Attack Using SSDP. Sucuri 2014.,,https://blog.sucuri.net/2014/09/quick-analysis-of-a-ddos-attack-using-ssdp.html,high,P41311,SCH0272,USE0178,EVD1849 | EVD1850
DS-TII-SSRC-23,TII-SSRC-23,external_reused,2023,"Public intrusion-detection packet captures with benign media traffic, brute-force traffic, and Mirai traffic.",Retained as the separately named TII-SSRC-23 release.,herzalla2023tii_ssrc_23,"Dania Herzalla, Willian T. Lunardi, and Martin Andreoni. 2023. TII-SSRC-23 Dataset: Typological Exploration of Diverse Traffic Patterns for Intrusion Detection. IEEE Access.",,https://doi.org/10.1109/ACCESS.2023.3322410,high,P43680,SCH0339,USE0221,EVD1865 | EVD1869
DS-TIKTOK-LIVE-WALKIE-TALKIE-2019,Tik-Tok real-world Walkie-Talkie corpus,self_collected,,"Fresh live Tor traffic collected with a real-world Walkie-Talkie implementation rather than offline simulation. || Live Tor capture distributed with the Tik-Tok study, containing monitored and unmonitored website traces under the Walkie-Talkie setting.",Retained as a separately named or independently provenanced traffic corpus.,DBLP:journals/popets/RahmanSMG020,Mohammad Saidur Rahman; Payap Sirinam; Nate Mathews; Kantha Girish Gangadhara; Matthew Wright. 2020. Tik-Tok: The Utility of Packet Timing in Website Fingerprinting Attacks. PETS/PoPETs.,10.2478/popets-2020-0043,https://doi.org/10.2478/POPETS-2020-0043,high,P43026 | P48205,SCH0331 | SCH0408,USE0214 | USE0258,EVD0556 | EVD0730 | EVD1116 | EVD1117 | EVD2134 | EVD2136 | EVD2221
DS-TON-IOT,ToN-IoT,external_reused,,"Underlying ToN-IoT traffic capture represented in the evaluated paper as NF-ToN-IoT-V2; NetFlow V2 feature extraction is a transformation, not a new capture.",Retained as a separately named or independently provenanced traffic corpus.,moustafa2021toniot,"Nour Moustafa. 2021. A New Distributed Architecture for Evaluating AI-Based Security Systems at the Edge: Network ToN-IoT Datasets. Sustainable Cities and Society 72, 102994.",10.1016/j.scs.2021.102994,https://doi.org/10.1016/j.scs.2021.102994,high,P46578,SCH0387,USE0248,EVD0646 | EVD0716 | EVD1118 | EVD1119 | EVD2185
DS-UAV-ACTIVITY-LABAYEN-2020,UAV user-activity traffic dataset,external_reused,,User-activity network traffic corpus for unmanned aerial vehicle activity classification.,Retained as a separately named or independently provenanced traffic corpus.,labayen2020uav,V. Labayen et al. 2020. Online classification of user activities using machine learning on network traffic. Computer Networks.,,https://doi.org/10.17632/5pmnkshffm.3,high,P42690,SCH0317,USE0207,EVD0598 | EVD1120 | EVD1121 | EVD2117
DS-UNSW-NB15,UNSW-NB15,external_reused,,UNSW Canberra synthetic/realistic network intrusion traffic capture. || Synthetic/realistic normal and attack network traffic generated at UNSW Canberra Cyber Range Lab.,Retained as a separately named or independently provenanced traffic corpus.,moustafa2015unswnb15,Nour Moustafa and Jill Slay. 2015. UNSW-NB15: A Comprehensive Data Set for Network Intrusion Detection Systems. In MilCIS. IEEE.,,https://unsw-my.sharepoint.com/:f:/g/personal/z5025758_ad_unsw_edu_au/EnuQZZn3XuNBjgfcUu4DIVMBLCHyoLHqOswirpOQifr1ag?e=gKWkLS,high,P12361 | P13937 | P16208 | P26148 | P38798,SCH0018 | SCH0032 | SCH0033 | SCH0034 | SCH0035 | SCH0133 | SCH0229 | SCH0239,USE0012 | USE0023 | USE0078 | USE0141 | USE0153,EVD0678 | EVD0756 | EVD1122 | EVD1123 | EVD1124 | EVD1125 | EVD1126 | EVD1127 | EVD1128 | EVD1692 | EVD1693 | EVD1694 | EVD1695 | EVD1697 | EVD1698 | EVD1699 | EVD1700 | EVD1732 | EVD1734 | EVD1802 | EVD1809 | EVD1812 | EVD1813 | EVD2044
DS-USTC-TFC-2016,USTC-TFC2016,external_reused,,One released traffic corpus containing ten benign traffic categories and ten malware categories; model-specific preprocessing does not create a new dataset. || Benign and malware traffic corpus released with Wang et al.'s CNN study. || One released traffic corpus containing ten benign traffic categories and ten malware categories; task-specific selections and injected malware subsets remain the same underlying capture.,Retained as a separately named or independently provenanced traffic corpus.,wang2017ustctfc,"Wei Wang, Ming Zhu, Xuewen Zeng, Xin Ye, and Yiqiang Sheng. 2017. Malware Traffic Classification Using Convolutional Neural Network for Representation Learning. In International Conference on Information Networking (ICOIN), 712-717.",,https://github.com/yungshenglu/USTC-TFC2016,high,P07480 | P35345 | P39064 | P39804 | P41766 | P45261 | P46427 | P47085,SCH0006 | SCH0232 | SCH0244 | SCH0261 | SCH0277 | SCH0355 | SCH0369 | SCH0396 | SCH0398,USE0004 | USE0145 | USE0159 | USE0173 | USE0186 | USE0230 | USE0242 | USE0250,EVD0454 | EVD0465 | EVD0482 | EVD0507 | EVD0530 | EVD0552 | EVD0641 | EVD0653 | EVD0672 | EVD0691 | EVD1129 | EVD1130 | EVD1887 | EVD2034 | EVD2053 | EVD2081 | EVD2101 | EVD2159 | EVD2176 | EVD2187 | EVD2191
DS-WALSH-VIDEO-2024,Walsh et al. Vimeo streaming corpus,external_reused,,Walsh et al. Vimeo streaming corpus contains 2 retained traffic components.,HTTPS and Tor are transport conditions within the same Vimeo streaming corpus.,walsh2024video,"Tim Walsh, Trevor Thomas, and Armon Barton. 2024. Exploring the Capabilities and Limitations of Video Stream Fingerprinting. IEEE Security and Privacy Workshops.",10.1109/SPW63631.2024.00008,https://doi.org/10.1109/SPW63631.2024.00008,high,P48758,SCH0451 | SCH0452 | SCH0494 | SCH0495,USE0309,EVD0510 | EVD0687 | EVD0688 | EVD0733 | EVD1131 | EVD1132 | EVD1133 | EVD2275 | EVD2277 | EVD2279 | EVD2599 | EVD2600 | EVD2601 | EVD2602 | EVD2603 | EVD2604 | EVD2605 | EVD2606 | EVD2607 | EVD2608 | EVD2609 | EVD2610 | EVD2611 | EVD2612 | EVD2613 | EVD2614 | EVD2615 | EVD2616
DS-WANG-WF-2014,Wang et al. 2014 website-fingerprinting corpus,external_reused,,Tor website traces from the Wang et al. USENIX Security study. || Tor website traces from the Wang et al. USENIX Security study; Wang100/Wang9000 and other class/open-world selections are partitions of this one capture lineage.,Retained as a separately named or independently provenanced traffic corpus.,wang2014wangwf,"Tao Wang, Xiang Cai, Rishab Nithyanand, Rob Johnson, and Ian Goldberg. 2014. Effective Attacks and Provable Defenses for Website Fingerprinting. In USENIX Security.",,https://www.cs.sfu.ca/~taowang/wf/data/,high,P16217 | P41557 | P46522 | P48207,SCH0135 | SCH0138 | SCH0275 | SCH0383 | SCH0410,USE0080 | USE0180 | USE0244 | USE0261,EVD0477 | EVD0731 | EVD0745 | EVD0776 | EVD1134 | EVD1135 | EVD1962 | EVD1963 | EVD2092 | EVD2180 | EVD2224
DS-WHISPER-MALICIOUS-TRAFFIC,Whisper malicious traffic corpus,external_reused,,Named malicious traffic benchmark released with Whisper.,Retained as a named independently provenanced corpus.,,,,,high,P15558 | P16248,SCH0108 | SCH0158,USE0054 | USE0096,EVD1710 | EVD1711 | EVD1712 | EVD1714 | EVD1738 | EVD1739 | EVD1740 | EVD1741
DS-YOURTHINGS-2019,YourThings IoT traffic corpus,external_reused,,US smart-home/IoT traffic captured for the YourThings/SoK study.,Retained as a separately named or independently provenanced traffic corpus.,alrawi2019yourthings,"Omar Alrawi, Chaz Lever, Manos Antonakakis, and Fabian Monrose. 2019. SoK: Security Evaluation of Home-Based IoT Deployments. IEEE Symposium on Security and Privacy, 1362-1380.",10.1109/SP.2019.00013,https://doi.org/10.1109/SP.2019.00013,high,P48305,SCH0418 | SCH0422 | SCH0427 | SCH0428 | SCH0433 | SCH0435 | SCH0441,USE0276,EVD0499 | EVD1136 | EVD1137 | EVD2237 | EVD2243 | EVD2244 | EVD2245 | EVD2246 | EVD2247 | EVD2248 | EVD2249 | EVD2250 | EVD2251 | EVD2252 | EVD2253 | EVD2254 | EVD2255 | EVD2256 | EVD2257 | EVD2258 | EVD2259 | EVD2260
