scheme_id,paper_id,dataset_id,task_family,task_name,label_scheme_key,label_semantics,class_cardinality,cardinality_type,class_type,input_units,design_ids,component_roles,complete_scheme_in_dataset,eligibility_status,exclusion_reason,evidence_ids
SCH0001,P05927,DS-P05927-PROTOCOL-REPOSITORY,semantic_inference,VoIP RTP stream detection,RTP VoIP media versus non-RTP traffic::2,RTP VoIP media versus non-RTP traffic,2,exact,binary,packet_stream,DES0001,both,yes,eligible,,EVD1688 | EVD1686 | EVD1687
SCH0002,P07480,DS-ISCX-TOR-2016,semantic_inference,ISCX-Tor classification,tor service category::8,Tor service category,8,exact,multiclass,unknown,DES0241,both,yes,eligible,,EVD1885
SCH0003,P07480,DS-CIC-IOT-2022,semantic_inference,CICIoT2022 classification,iot traffic category::10,IoT traffic category,10,exact,multiclass,unknown,DES0239,both,yes,eligible,,EVD1883
SCH0004,P07480,DS-CROSS-PLATFORM-2017,semantic_inference,Cross-Platform transfer classification,mobile application identity::411,mobile application identity,411,exact,multiclass,unknown,DES0240,both,yes,eligible,,EVD1884
SCH0005,P07480,DS-ISCX-VPN-2016,semantic_inference,ISCX-VPN classification,vpn service category::7,VPN service category,7,exact,multiclass,unknown,DES0242,both,yes,eligible,,EVD1886
SCH0006,P07480,DS-USTC-TFC-2016,other_eligible_fixed_labels,USTC-TFC classification,benign application or malware family::20,benign application or malware family,20,exact,multiclass,unknown,DES0243,both,yes,eligible,,EVD1887
SCH0007,P11328,DS-CIC-IOT-2022,semantic_inference,CICIoT2022 traffic category classification,dataset-defined encrypted traffic categories::3,dataset-defined encrypted traffic categories,3,lower_bound,multiclass,message_level_flow_graph,DES0002,both,yes,eligible,,EVD1691 | EVD1689 | EVD1690
SCH0008,P11328,DS-QUIC-2019,semantic_inference,QUIC2019 traffic category classification,dataset-defined encrypted traffic categories::3,dataset-defined encrypted traffic categories,3,lower_bound,multiclass,message_level_flow_graph,DES0003,both,yes,eligible,,EVD1691 | EVD1689 | EVD1690
SCH0009,P11328,DS-ISCX-TOR-2016,semantic_inference,ISCX-Tor2016 traffic category classification,dataset-defined encrypted traffic categories::3,dataset-defined encrypted traffic categories,3,lower_bound,multiclass,message_level_flow_graph,DES0004,both,yes,eligible,,EVD1691 | EVD1689 | EVD1690
SCH0010,P11328,DS-ISCX-VPN-2016,semantic_inference,ISCX-VPN2016 traffic category classification,dataset-defined encrypted traffic categories::3,dataset-defined encrypted traffic categories,3,lower_bound,multiclass,message_level_flow_graph,DES0005,both,yes,eligible,,EVD1691 | EVD1689 | EVD1690
SCH0011,P12361,DS-CIC-IDS-2017,security_state_classification,Bot traffic detection,benign versus Bot attack traffic::2,benign versus Bot attack traffic,2,exact,binary,traffic_node_flow,DES0006,both,yes,eligible,,EVD1695 | EVD1692 | EVD1694 | EVD1693
SCH0012,P12361,DS-CIC-IDS-2017,security_state_classification,DDoS traffic detection,benign versus DDoS attack traffic::2,benign versus DDoS attack traffic,2,exact,binary,traffic_node_flow,DES0007,both,yes,eligible,,EVD1695 | EVD1692 | EVD1694 | EVD1693
SCH0013,P12361,DS-CIC-IDS-2017,security_state_classification,Infiltration traffic detection,benign versus Infiltration attack traffic::2,benign versus Infiltration attack traffic,2,exact,binary,traffic_node_flow,DES0008,both,yes,eligible,,EVD1695 | EVD1692 | EVD1694 | EVD1693
SCH0014,P12361,DS-CIC-IDS-2017,security_state_classification,MultiDos traffic detection,benign versus MultiDos attack traffic::2,benign versus MultiDos attack traffic,2,exact,binary,traffic_node_flow,DES0009,both,yes,eligible,,EVD1695 | EVD1692 | EVD1694 | EVD1693
SCH0015,P12361,DS-CIC-IDS-2017,security_state_classification,Patator traffic detection,benign versus Patator attack traffic::2,benign versus Patator attack traffic,2,exact,binary,traffic_node_flow,DES0010,both,yes,eligible,,EVD1695 | EVD1692 | EVD1694 | EVD1693
SCH0016,P12361,DS-CIC-IDS-2017,security_state_classification,PortScan traffic detection,benign versus PortScan attack traffic::2,benign versus PortScan attack traffic,2,exact,binary,traffic_node_flow,DES0011,both,yes,eligible,,EVD1695 | EVD1692 | EVD1694 | EVD1693
SCH0017,P12361,DS-CIC-IDS-2017,security_state_classification,WebAttacks traffic detection,benign versus WebAttacks attack traffic::2,benign versus WebAttacks attack traffic,2,exact,binary,traffic_node_flow,DES0012,both,yes,eligible,,EVD1695 | EVD1692 | EVD1694 | EVD1693
SCH0018,P12361,DS-UNSW-NB15,security_state_classification,UNSW-NB15 malicious traffic detection,benign versus any of nine attack types::2,benign versus any of nine attack types,2,exact,binary,traffic_node_flow,DES0013,both,yes,eligible,,EVD1695 | EVD1692 | EVD1694 | EVD1693
SCH0019,P12435,DS-CROSS-PLATFORM-2017,semantic_inference,CrossPlatform iOS app identification,service/application or iot traffic class::196,service/application or IoT traffic class,196,exact,multiclass,flow,DES0247,both,yes,eligible,,EVD1891
SCH0020,P12435,DS-ISCX-TOR-2016,semantic_inference,ISCXTor service classification,service/application or iot traffic class::7,service/application or IoT traffic class,7,exact,multiclass,flow,DES0245,both,yes,eligible,,EVD1889
SCH0021,P12435,DS-CIC-IOT-2023,semantic_inference,CICIoT traffic classification,service/application or iot traffic class::7,service/application or IoT traffic class,7,exact,multiclass,flow,DES0248,both,yes,eligible,,EVD1892
SCH0022,P12435,DS-ISCX-VPN-2016,semantic_inference,ISCXVPN service classification,service/application or iot traffic class::6,service/application or IoT traffic class,6,exact,multiclass,flow,DES0244,both,yes,eligible,,EVD1888
SCH0023,P12435,DS-CROSS-PLATFORM-2017,semantic_inference,CrossPlatform Android app identification,service/application or iot traffic class::212,service/application or IoT traffic class,212,exact,multiclass,flow,DES0246,both,yes,eligible,,EVD1890
SCH0024,P13076,DS-CIC-IOT-2022,semantic_inference,CIC-IoT 2022 traffic classification,application/service or iot traffic class::6,application/service or IoT traffic class,6,exact,multiclass,flow,DES0249,both,yes,eligible,,EVD1893
SCH0025,P13076,DS-ISCX-TOR-2016,semantic_inference,ISCX-NonTor application classification,iscx-nontor service identity|8,application/service or IoT traffic class,8,exact,multiclass,flow,DES0253,both,yes,eligible,,EVD1897
SCH0026,P13076,DS-ISCX-VPN-2016,semantic_inference,ISCX-NonVPN application classification,iscx-nonvpn application identity|6,application/service or IoT traffic class,6,exact,multiclass,flow,DES0251,both,yes,eligible,,EVD1895
SCH0027,P13076,DS-ISCX-TOR-2016,semantic_inference,ISCX-Tor application classification,iscx-tor service identity|8,application/service or IoT traffic class,8,exact,multiclass,flow,DES0252,both,yes,eligible,,EVD1896
SCH0028,P13076,DS-ISCX-VPN-2016,semantic_inference,ISCX-VPN application classification,iscx-vpn application identity|6,application/service or IoT traffic class,6,exact,multiclass,flow,DES0250,both,yes,eligible,,EVD1894
SCH0029,P13883,DS-CTU-13,security_state_classification,Bot-family classification,botnet or malware family::10,botnet or malware family,10,lower_bound,multiclass,flow,DES0254,both,no,eligible,,EVD1898 | EVD1696
SCH0030,P13883,DS-STRATOSPHERE-CURRENT-MALWARE-2013-2018-BOTECTION,security_state_classification,Bot-family classification,botnet or malware family::10,botnet or malware family,10,lower_bound,multiclass,flow,DES0254,both,no,eligible,,EVD1898 | EVD1696
SCH0031,P13937,DS-KDDCUP-99,security_state_classification,Cross-dataset intrusion classification,benign versus attack traffic::2,benign versus attack traffic,2,exact,binary,flow_record,DES0014,both,yes,eligible,,EVD1700 | EVD1697 | EVD1699
SCH0032,P13937,DS-UNSW-NB15,security_state_classification,Cross-dataset intrusion classification,benign versus attack traffic::2,benign versus attack traffic,2,exact,binary,flow_record,DES0014,both,yes,eligible,,EVD1700 | EVD1697 | EVD1699
SCH0033,P13937,DS-UNSW-NB15,security_state_classification,Held-out exploits attack detection,benign versus exploits attack traffic::2,benign versus exploits attack traffic,2,exact,binary,flow_record,DES0015,both,yes,eligible,,EVD1700 | EVD1697 | EVD1698
SCH0034,P13937,DS-UNSW-NB15,security_state_classification,Held-out reconnaissance attack detection,benign versus reconnaissance attack traffic::2,benign versus reconnaissance attack traffic,2,exact,binary,flow_record,DES0016,both,yes,eligible,,EVD1700 | EVD1697 | EVD1698
SCH0035,P13937,DS-UNSW-NB15,security_state_classification,Held-out shellcode attack detection,benign versus shellcode attack traffic::2,benign versus shellcode attack traffic,2,exact,binary,flow_record,DES0017,both,yes,eligible,,EVD1700 | EVD1697 | EVD1698
SCH0036,P13958,DS-P13958-HOMEMOLE,endpoint_or_platform_identification,Individual-device scenario | Noisy multi-device scenario,iot device identity::10,IoT device identity,10,exact,multiclass,burst,DES0255 | DES0256,both,yes,eligible,,EVD1899 | EVD1900
SCH0037,P14000,DS-MALPHASE-VIRUSTOTAL-SANDBOX-PCAPS,security_state_classification,Adware-family classification,adware family::9,adware family,9,exact,multiclass,unknown,DES0258,both,yes,eligible,,EVD1902
SCH0038,P14000,DS-CTU-NORMAL-MALPHASE,security_state_classification,Malware-stage/type classification,malware type::5,malware type,5,exact,multiclass,unknown,DES0257,background,no,eligible,,EVD1901
SCH0039,P14000,DS-CTU-NORMAL-MALPHASE,security_state_classification,Worm-family classification,worm family::6,worm family,6,exact,multiclass,unknown,DES0262,background,no,eligible,,EVD1906
SCH0040,P14000,DS-P14000-MALPHASE-RESEARCH-SERVERS,security_state_classification,Worm-family classification,worm family::6,worm family,6,exact,multiclass,unknown,DES0262,background,no,eligible,,EVD1906
SCH0041,P14000,DS-MALPHASE-VIRUSTOTAL-SANDBOX-PCAPS,security_state_classification,Trojan-family classification,trojan family::15,trojan family,15,exact,multiclass,unknown,DES0260,both,yes,eligible,,EVD1904
SCH0042,P14000,DS-CTU-NORMAL-MALPHASE,security_state_classification,Virus-family classification,virus family::3,virus family,3,exact,multiclass,unknown,DES0261,background,no,eligible,,EVD1905
SCH0043,P14000,DS-CTU-NORMAL-MALPHASE,security_state_classification,Trojan-family classification,trojan family::15,trojan family,15,exact,multiclass,unknown,DES0260,background,no,eligible,,EVD1904
SCH0044,P14000,DS-CTU-NORMAL-MALPHASE,security_state_classification,Ransomware-family classification,ransomware family::5,ransomware family,5,exact,multiclass,unknown,DES0259,background,no,eligible,,EVD1903
SCH0045,P14000,DS-P14000-MALPHASE-RESEARCH-SERVERS,security_state_classification,Ransomware-family classification,ransomware family::5,ransomware family,5,exact,multiclass,unknown,DES0259,background,no,eligible,,EVD1903
SCH0046,P14000,DS-P14000-MALPHASE-RESEARCH-SERVERS,security_state_classification,Trojan-family classification,trojan family::15,trojan family,15,exact,multiclass,unknown,DES0260,background,no,eligible,,EVD1904
SCH0047,P14000,DS-MALPHASE-VIRUSTOTAL-SANDBOX-PCAPS,security_state_classification,Malware-stage/type classification,malware type::5,malware type,5,exact,multiclass,unknown,DES0257,both,yes,eligible,,EVD1901
SCH0048,P14000,DS-MALPHASE-VIRUSTOTAL-SANDBOX-PCAPS,security_state_classification,Ransomware-family classification,ransomware family::5,ransomware family,5,exact,multiclass,unknown,DES0259,both,yes,eligible,,EVD1903
SCH0049,P14000,DS-P14000-MALPHASE-RESEARCH-SERVERS,security_state_classification,Malware-stage/type classification,malware type::5,malware type,5,exact,multiclass,unknown,DES0257,background,no,eligible,,EVD1901
SCH0050,P14000,DS-MALPHASE-VIRUSTOTAL-SANDBOX-PCAPS,security_state_classification,Worm-family classification,worm family::6,worm family,6,exact,multiclass,unknown,DES0262,both,yes,eligible,,EVD1906
SCH0051,P14000,DS-CTU-NORMAL-MALPHASE,security_state_classification,Adware-family classification,adware family::9,adware family,9,exact,multiclass,unknown,DES0258,background,no,eligible,,EVD1902
SCH0052,P14000,DS-MALPHASE-VIRUSTOTAL-SANDBOX-PCAPS,security_state_classification,Virus-family classification,virus family::3,virus family,3,exact,multiclass,unknown,DES0261,both,yes,eligible,,EVD1905
SCH0053,P14000,DS-P14000-MALPHASE-RESEARCH-SERVERS,security_state_classification,Adware-family classification,adware family::9,adware family,9,exact,multiclass,unknown,DES0258,background,no,eligible,,EVD1902
SCH0054,P14000,DS-P14000-MALPHASE-RESEARCH-SERVERS,security_state_classification,Virus-family classification,virus family::3,virus family,3,exact,multiclass,unknown,DES0261,background,no,eligible,,EVD1905
SCH0055,P14188,DS-AWF-2017,semantic_inference,AWF/Tor closed-world website fingerprinting,monitored website identity::100,monitored website identity,100,exact,multiclass,session_or_trace,DES0264,both,yes,eligible,,EVD1908
SCH0056,P14188,DS-P14188-PRIVATE-RELAY-WF-2022,semantic_inference,Private Relay open-world website fingerprinting,100 monitored website identities with unmonitored background::100,100 monitored website identities with unmonitored background,100,exact,multiclass,action_or_visit,DES0265,both,yes,eligible,,EVD1909
SCH0057,P14188,DS-AWF-2017,semantic_inference,AWF/Tor open-world website fingerprinting,100 monitored website identities with unmonitored background::100,100 monitored website identities with unmonitored background,100,exact,multiclass,session_or_trace,DES0266,both,yes,eligible,,EVD1910
SCH0058,P14188,DS-P14188-PRIVATE-RELAY-WF-2022,semantic_inference,Private Relay closed-world website fingerprinting,monitored website identity::100,monitored website identity,100,exact,multiclass,action_or_visit,DES0263,both,yes,eligible,,EVD1907
SCH0059,P14255,DS-P14255-CAPSULEFORMER-DAPP-2022,semantic_inference,DApp encrypted-traffic classification,decentralized-application identity::10,decentralized-application identity,10,exact,multiclass,flow,DES0267,both,yes,eligible,,EVD1911
SCH0060,P14374,DS-P14374-WHISPERVOICETRACE,semantic_inference,WhiVo Google closed-world command fingerprinting,voice command identity::427,voice command identity,427,exact,multiclass,action_or_visit,DES0269,both,yes,eligible,,EVD1913
SCH0061,P14374,DS-P14374-WHISPERVOICETRACE,endpoint_or_platform_identification,Voice-assistant location identification,capture location identity::5,capture location identity,5,exact,multiclass,action_or_visit,DES0276,both,yes,eligible,,EVD1920
SCH0062,P14374,DS-P14374-WHISPERVOICETRACE,semantic_inference,Demographic/accent-conditioned command fingerprinting | Gender-conditioned command fingerprinting,voice command identity::295,voice command identity,295,exact,multiclass,action_or_visit,DES0281 | DES0282,both,yes,eligible,,EVD1925 | EVD1926
SCH0063,P14374,DS-DEEPVC-ALEXA-2019,semantic_inference,DeepVC closed-world command fingerprinting,voice command identity::100,voice command identity,100,exact,multiclass,action_or_visit,DES0270,both,yes,eligible,,EVD1914
SCH0064,P14374,DS-P14374-WHISPERVOICETRACE,semantic_inference,WhiVo Alexa closed-world command fingerprinting,voice command identity::300,voice command identity,300,exact,multiclass,action_or_visit,DES0268,both,yes,eligible,,EVD1912
SCH0065,P14374,DS-P14374-WHISPERVOICETRACE,semantic_inference,Global mixed-location command fingerprinting | Per-location matched command fingerprinting | US-to-unseen-location command fingerprinting,voice command identity::20,voice command identity,20,exact,multiclass,action_or_visit,DES0273 | DES0274 | DES0275,both,yes,eligible,,EVD1917 | EVD1918 | EVD1919
SCH0066,P14374,DS-P14374-WHISPERVOICETRACE,semantic_inference,Static-command fingerprinting,static voice-command identity::24,static voice-command identity,24,exact,multiclass,action_or_visit,DES0280,both,yes,eligible,,EVD1924
SCH0067,P14374,DS-P14374-WHISPERVOICETRACE,semantic_inference,WhiVo Alexa open-world command fingerprinting,monitored voice command identity with unmonitored background::300,monitored voice command identity with unmonitored background,300,exact,multiclass,action_or_visit,DES0272,both,yes,eligible,,EVD1916
SCH0068,P14374,DS-P14374-WHISPERVOICETRACE,semantic_inference,TF-IDF command-category classification,tf-idf-derived command category::8,TF-IDF-derived command category,8,exact,multiclass,action_or_visit,DES0278,both,yes,eligible,,EVD1922
SCH0069,P14374,DS-P14374-WHISPERVOICETRACE,semantic_inference,Unseen-command category generalization,voice-command category::8,voice-command category,8,exact,multiclass,action_or_visit,DES0283,both,yes,eligible,,EVD1927
SCH0070,P14374,DS-SHAME-ALEXA-2021,semantic_inference,SHAME closed-world command fingerprinting,voice command identity::20,voice command identity,20,exact,multiclass,action_or_visit,DES0271,both,yes,eligible,,EVD1915
SCH0071,P14374,DS-P14374-WHISPERVOICETRACE,semantic_inference,Dynamic-command fingerprinting,dynamic voice-command identity::24,dynamic voice-command identity,24,exact,multiclass,action_or_visit,DES0279,both,yes,eligible,,EVD1923
SCH0072,P14374,DS-P14374-WHISPERVOICETRACE,semantic_inference,Manual command-category classification,manually assigned command category::24,manually assigned command category,24,exact,multiclass,action_or_visit,DES0277,both,yes,eligible,,EVD1921
SCH0073,P14413,DS-P14413-DKF,semantic_inference,DDG temporal-drift keyword fingerprinting,search keyword identity::273,search keyword identity,273,exact,multiclass,action_or_visit,DES0286,both,yes,eligible,,EVD1930 | EVD1931
SCH0074,P14413,DS-P14413-DKF,semantic_inference,Bing keyword fingerprinting,search keyword identity::258,search keyword identity,258,exact,multiclass,action_or_visit,DES0284,both,yes,eligible,,EVD1928
SCH0075,P14413,DS-P14413-DKF,semantic_inference,DDGbase keyword fingerprinting,search keyword identity::258,search keyword identity,258,exact,multiclass,action_or_visit,DES0285,both,yes,eligible,,EVD1929
SCH0076,P14441,DS-CIC-ANDMAL-2017,security_state_classification,CIC-AndMal2017 malware detection,benign versus malicious Android application traffic::2,benign versus malicious Android application traffic,2,exact,binary,pcap_or_compound_path,DES0018,both,yes,eligible,,EVD1704 | EVD1701 | EVD1703 | EVD1702
SCH0077,P14441,DS-P14441-ZOOBAZAAR2024,security_state_classification,ZooBazzar 2024 malware detection,benign versus malicious Android application traffic::2,benign versus malicious Android application traffic,2,exact,binary,pcap_or_compound_path,DES0019,both,yes,eligible,,EVD1704 | EVD1701 | EVD1703 | EVD1702
SCH0078,P14774,DS-ISCX-VPN-2016,semantic_inference,NetML Non-VPN fine-grained application/action classification,31 fine-grained application/action classes::31,31 fine-grained application/action classes,31,exact,multiclass,mixed,DES0296,both,yes,eligible,,EVD1944 | EVD1945
SCH0079,P14774,DS-CIC-IDS-2017,endpoint_or_platform_identification,Passive operating-system fingerprinting,operating-system class::3,operating-system class,3,exact,multiclass,mixed,DES0288,both,yes,eligible,,EVD1933
SCH0080,P14774,DS-CROSS-PLATFORM-2017,endpoint_or_platform_identification,Cross-platform country classification,"china, united states, or india::3","China, United States, or India",3,exact,multiclass,mixed,DES0293,both,yes,eligible,,EVD1939 | EVD1940
SCH0081,P14774,DS-CIC-IDS-2017,security_state_classification,NetML CICIDS2017 fine-grained intrusion classification,benign traffic plus seven attack-type classes::8,benign traffic plus seven attack-type classes,8,exact,multiclass,mixed,DES0297,both,yes,eligible,,EVD1946 | EVD1947
SCH0082,P14774,DS-ISCX-VPN-2016,semantic_inference,NetML Non-VPN mid-level application classification,18 mid-level application classes::18,18 mid-level application classes,18,exact,multiclass,mixed,DES0295,both,yes,eligible,,EVD1942 | EVD1943
SCH0083,P14774,DS-STREAMING-VIDEO-PROVIDERS-BRONZINO-2019,semantic_inference,Streaming-provider classification,streaming provider::4,streaming provider,4,exact,multiclass,mixed,DES0292,both,yes,eligible,,EVD1938
SCH0084,P14774,DS-ISCX-VPN-2016,semantic_inference,NetML Non-VPN top-level traffic classification,"p2p, audio, chat, email, file transfer, tor, and video::7","P2P, audio, chat, email, file transfer, Tor, and video",7,exact,multiclass,mixed,DES0290,both,yes,eligible,,EVD1935 | EVD1936
SCH0085,P14774,DS-STRATOSPHERE-IOT-MALWARE-NETML,security_state_classification,IoT malware-family classification,iot malware family/device class::19,IoT malware family/device class,19,exact,multiclass,mixed,DES0291,both,yes,eligible,,EVD1937
SCH0086,P14774,DS-NETWORK-DEVICE-DATASET-HOLLAND-2020,endpoint_or_platform_identification,Active network-device vendor fingerprinting,network device vendor::15,network device vendor,15,lower_bound,multiclass,mixed,DES0287,both,yes,eligible,,EVD1932
SCH0087,P14774,DS-CIC-IDS-2017,endpoint_or_platform_identification,Fine-grained host/operating-system identity classification,host and operating-system identity::13,host and operating-system identity,13,exact,multiclass,mixed,DES0294,both,yes,eligible,,EVD1941
SCH0088,P14955,DS-P14955-TOR-MALWARE-INITIAL-2021,security_state_classification,Tor malware detection,benign Tor browsing versus Tor malware traffic::2,benign Tor browsing versus Tor malware traffic,2,exact,binary,tor_connection,DES0020 | DES0021 | DES0022,both,yes,eligible,,EVD1709 | EVD1705 | EVD1706 | EVD1707 | EVD1708
SCH0089,P14955,DS-ISCX-TOR-2016,security_state_classification,Tor malware detection,benign Tor browsing versus Tor malware traffic::2,benign Tor browsing versus Tor malware traffic,2,exact,binary,tor_connection,DES0020 | DES0021,both,no,eligible,,EVD1706 | EVD1707
SCH0090,P14955,DS-P14955-TOR-MALWARE-ZERODAY-2021,security_state_classification,Later-campaign Tor malware detection,benign Tor browsing versus Tor malware traffic::2,benign Tor browsing versus Tor malware traffic,2,exact,binary,tor_connection,DES0022,both,yes,eligible,,EVD1708
SCH0091,P15385,DS-P15385-REALISTIC-WF-DRIFT-2023,semantic_inference,Cross-continent guard-relay transfer | Five-year AWF-to-Drift target-informed transfer,90 website identities::90,90 website identities,90,exact,multiclass,session_or_trace,DES0301 | DES0302,both,yes,eligible,,EVD1951 | EVD1952 | EVD1953
SCH0092,P15385,DS-AWF-2017,semantic_inference,Traditional matched AWF closed-world WF,100 website identities::100,100 website identities,100,exact,multiclass,action_or_visit,DES0298,both,yes,eligible,,EVD1948
SCH0093,P15385,DS-AWF-2017,semantic_inference,Matched AWF open-world WF,monitored website identities plus unmonitored::70,monitored website identities plus unmonitored,70,lower_bound,multiclass,action_or_visit,DES0303,both,yes,eligible,,EVD1954
SCH0094,P15385,DS-AWF-2017,semantic_inference,Inferior/superior condition reversal | Superior-to-mixed network-condition transfer,69 website identities::69,69 website identities,69,exact,multiclass,action_or_visit,DES0299 | DES0300,both,yes,eligible,,EVD1949 | EVD1950
SCH0095,P15385,DS-P15385-REALISTIC-WF-DRIFT-2023,semantic_inference,Five-year open-world Drift transfer,90 monitored websites plus unmonitored::91,90 monitored websites plus one unmonitored output class,91,exact,multiclass,session_or_trace,DES0304,both,yes,eligible,,EVD1955 | EVD1956
SCH0096,P15558,DS-CIC-IDS-2017,security_state_classification,intrusion detection,benign versus intrusion traffic::2,benign versus intrusion traffic,2,exact,binary,packet_length_sequence,DES0023,both,yes,eligible,,EVD1714 | EVD1710 | EVD1712 | EVD1711
SCH0097,P15558,DS-CSE-CIC-IDS-2018,security_state_classification,intrusion detection,benign versus intrusion traffic::2,benign versus intrusion traffic,2,exact,binary,packet_length_sequence,DES0024,both,yes,eligible,,EVD1714 | EVD1710 | EVD1712 | EVD1711
SCH0098,P15558,DS-CIC-DDOS-2019,security_state_classification,distributed denial-of-service attack detection,benign versus distributed denial-of-service attack traffic::2,benign versus distributed denial-of-service attack traffic,2,exact,binary,packet_length_sequence,DES0025,both,yes,eligible,,EVD1714 | EVD1710 | EVD1712 | EVD1711
SCH0099,P15558,DS-P15558-INSTITUTIONAL-2024,security_state_classification,Institutional tunneled flood detection,benign versus amplification flood traffic::2,benign versus amplification flood traffic,2,exact,binary,packet_length_sequence,DES0026,both,yes,eligible,,EVD1713
SCH0100,P15558,DS-HYPERVISION,security_state_classification,amplification flood detection,benign versus amplification flood traffic::2,benign versus amplification flood traffic,2,exact,binary,packet_length_sequence,DES0026 | DES0027,both,yes,eligible,,EVD1714 | EVD1710 | EVD1712 | EVD1711
SCH0101,P15558,DS-HYPERVISION,security_state_classification,application-layer flood detection,benign versus application-layer flood traffic::2,benign versus application-layer flood traffic,2,exact,binary,packet_length_sequence,DES0028,both,yes,eligible,,EVD1714 | EVD1710 | EVD1712 | EVD1711
SCH0102,P15558,DS-HYPERVISION,security_state_classification,brute-force attack detection,benign versus brute-force attack traffic::2,benign versus brute-force attack traffic,2,exact,binary,packet_length_sequence,DES0029,both,yes,eligible,,EVD1714 | EVD1710 | EVD1712 | EVD1711
SCH0103,P15558,DS-HYPERVISION,security_state_classification,low-frequency attack detection,benign versus low-frequency attack traffic::2,benign versus low-frequency attack traffic,2,exact,binary,packet_length_sequence,DES0030,both,yes,eligible,,EVD1714 | EVD1710 | EVD1712 | EVD1711
SCH0104,P15558,DS-HYPERVISION,security_state_classification,low-rate attack detection,benign versus low-rate attack traffic::2,benign versus low-rate attack traffic,2,exact,binary,packet_length_sequence,DES0031,both,yes,eligible,,EVD1714 | EVD1710 | EVD1712 | EVD1711
SCH0105,P15558,DS-HYPERVISION,security_state_classification,spoofed flood detection,benign versus spoofed flood traffic::2,benign versus spoofed flood traffic,2,exact,binary,packet_length_sequence,DES0032,both,yes,eligible,,EVD1714 | EVD1710 | EVD1712 | EVD1711
SCH0106,P15558,DS-KITSUNE-SSDP-FLOOD,security_state_classification,SSDP flood detection,benign versus SSDP flood traffic::2,benign versus SSDP flood traffic,2,exact,binary,packet_length_sequence,DES0033,both,yes,eligible,,EVD1714 | EVD1710 | EVD1712 | EVD1711
SCH0107,P15558,DS-NETBEACON-TRAFFIC,security_state_classification,beaconing attack detection,benign versus beaconing attack traffic::2,benign versus beaconing attack traffic,2,exact,binary,packet_length_sequence,DES0034,both,yes,eligible,,EVD1714 | EVD1710 | EVD1712 | EVD1711
SCH0108,P15558,DS-WHISPER-MALICIOUS-TRAFFIC,security_state_classification,malicious detection,benign versus malicious traffic::2,benign versus malicious traffic,2,exact,binary,packet_length_sequence,DES0035,both,yes,eligible,,EVD1714 | EVD1710 | EVD1712 | EVD1711
SCH0109,P15762,DS-P15762-STDA-DARKWEB,semantic_inference,Dark-web website fingerprinting,dark-web website identity::80,dark-web website identity,80,exact,multiclass,action_or_visit,DES0306,both,yes,eligible,,EVD1958
SCH0110,P15762,DS-DF-2017,semantic_inference,DF95 website fingerprinting,website identity::95,website identity,95,exact,multiclass,action_or_visit,DES0305,both,yes,eligible,,EVD1957
SCH0111,P16004,DS-CIC-DDOS-2019,security_state_classification,NetFlow DDoS detection,DDoS attack versus normal traffic|2,DDoS attack versus normal traffic,2,exact,binary,netflow_record,DES0036,positive_only,no,eligible,,EVD1716 | EVD1636
SCH0112,P16004,DS-P16004-TIER1-ISP,security_state_classification,NetFlow DDoS detection,DDoS attack versus normal traffic|2,DDoS attack versus normal traffic,2,exact,binary,netflow_record,DES0037,both_or_unspecified,yes,eligible,,EVD1717 | EVD1637
SCH0113,P16004,DS-P16004-CSP,security_state_classification,NetFlow DDoS detection,DDoS attack versus normal traffic|2,DDoS attack versus normal traffic,2,exact,binary,netflow_record,DES0038,both_or_unspecified,yes,eligible,,EVD1715 | EVD1638
SCH0114,P16004,DS-MAWI,security_state_classification,NetFlow DDoS detection,DDoS attack versus normal traffic|2,DDoS attack versus normal traffic,2,exact,binary,netflow_record,DES0036,negative_only,no,eligible,,EVD1716 | EVD1636
SCH0115,P16071,DS-P17818-FLOWPRINT-BROWSER-SELF-COLLECTED,semantic_inference,Browser identification,"chrome, firefox, samsung internet, and uc browser::4","Chrome, Firefox, Samsung Internet, and UC Browser",4,exact,multiclass,network_flow,DES0039,both,yes,eligible,,EVD1718 | EVD1721 | EVD1720
SCH0116,P16071,DS-CSTNET-TLS13-2021,semantic_inference,TLS 1.3 website identification,eighty tls 1.3 websites::80,Eighty TLS 1.3 websites,80,exact,multiclass,network_flow,DES0040,both,yes,eligible,,EVD1718 | EVD1721 | EVD1720
SCH0117,P16071,DS-DATACON-2020-ENCRYPTED-MALWARE,security_state_classification,Encrypted malware traffic detection,malware executable traffic versus normal executable traffic::2,Malware executable traffic versus normal executable traffic,2,exact,binary,network_flow,DES0041,both,yes,eligible,,EVD1718 | EVD1721 | EVD1720
SCH0118,P16071,DS-DATACON-2021-ENCRYPTED-PROXY,semantic_inference,Encrypted proxy traffic classification,"firefox, v2ray, clash, lantern, netch, and shadowsocks::6","Firefox, V2ray, Clash, Lantern, Netch, and Shadowsocks",6,exact,multiclass,network_flow,DES0042,both,yes,eligible,,EVD1718 | EVD1721 | EVD1720
SCH0119,P16071,DS-DATACON-2021-ENCRYPTED-PROXY,semantic_inference,Website identification under encrypted tunnel,twenty-two websites accessed through one encrypted proxy::22,Twenty-two websites accessed through one encrypted proxy,22,exact,multiclass,network_flow,DES0043,both,yes,eligible,,EVD1718 | EVD1721 | EVD1720
SCH0120,P16071,DS-NUDT-MOBILETRAFFIC-2020,semantic_inference,Mobile application identification,three hundred mobile applications::300,Three hundred mobile applications,300,exact,multiclass,network_flow,DES0044,both,yes,eligible,,EVD1718 | EVD1721 | EVD1720
SCH0121,P16192,DS-P16192-360COMPANY22,endpoint_or_platform_identification,Scanner organization identification,known scanner organizations plus trained unknown category::11,known scanner organizations plus trained unknown category,11,exact,multiclass,service_probe,DES0045,both,yes,eligible,,EVD1728 | EVD1723 | EVD1724 | EVD1726 | EVD1725
SCH0122,P16192,DS-P16192-360COMPANY23,endpoint_or_platform_identification,Scanner organization identification,known scanner organizations plus trained unknown category::11,known scanner organizations plus trained unknown category,11,exact,multiclass,service_probe,DES0046,both,yes,eligible,,EVD1728 | EVD1723 | EVD1724 | EVD1726 | EVD1725
SCH0123,P16192,DS-P16192-SELFDEPLOY24,endpoint_or_platform_identification,Scanner organization identification,known scanner organizations plus trained unknown category::10,known scanner organizations plus trained unknown category,10,exact,multiclass,service_probe,DES0047 | DES0048,both,yes,eligible,,EVD1728 | EVD1723 | EVD1724 | EVD1726 | EVD1725
SCH0124,P16192,DS-P16192-SELFDEPLOY25,endpoint_or_platform_identification,Scanner organization identification,known scanner organizations plus trained unknown category::12,known scanner organizations plus trained unknown category,12,exact,multiclass,service_probe,DES0049 | DES0050,both,yes,eligible,,EVD1728 | EVD1723 | EVD1724 | EVD1726 | EVD1725
SCH0125,P16192,DS-P16192-SELFDEPLOY25S,endpoint_or_platform_identification,Scanner organization identification,known scanner organizations plus trained unknown category::10,known scanner organizations plus trained unknown category,10,exact,multiclass,service_probe,DES0051 | DES0052,both,yes,eligible,,EVD1728 | EVD1723 | EVD1724 | EVD1726 | EVD1725
SCH0126,P16192,DS-P16192-WEBRAY,endpoint_or_platform_identification,Scanner organization identification,known scanner organizations plus trained unknown category::10,known scanner organizations plus trained unknown category,10,exact,multiclass,service_probe,DES0053,both,yes,eligible,,EVD1728 | EVD1723 | EVD1724 | EVD1726 | EVD1725
SCH0127,P16208,DS-CIC-DDOS-2019,security_state_classification,CIC-DDoS2019 DDoS detection,ddos attack versus benign::2,DDoS attack versus benign,2,exact,binary,traffic_feature_record,DES0054 | DES0055,both,yes,eligible,,EVD1732 | EVD1734
SCH0128,P16208,DS-CIC-IDS-2017,security_state_classification,CIC-IDS2017 Wednesday DoS detection,dos or ddos attack versus benign::2,DoS or DDoS attack versus benign,2,exact,binary,traffic_feature_record,DES0056 | DES0057,both,yes,eligible,,EVD1732 | EVD1734 | EVD1730
SCH0129,P16208,DS-CSE-CIC-IDS-2018,security_state_classification,CSE-CIC-IDS2018 DoS detection,dos or ddos attack versus benign::2,DoS or DDoS attack versus benign,2,exact,binary,traffic_feature_record,DES0058 | DES0059,both,yes,eligible,,EVD1732 | EVD1734
SCH0130,P16208,DS-CIC-IOT-2023,security_state_classification,CICIoT2023 DDoS detection,ddos attack versus benign::2,DDoS attack versus benign,2,exact,binary,traffic_feature_record,DES0060 | DES0061,both,yes,eligible,,EVD1732 | EVD1734
SCH0131,P16208,DS-IOT-23,security_state_classification,IoT23 malicious traffic detection,malicious versus benign iot traffic::2,Malicious versus benign IoT traffic,2,exact,binary,traffic_feature_record,DES0062 | DES0063,both,yes,eligible,,EVD1732 | EVD1734 | EVD1733
SCH0132,P16208,DS-P16208-SISTAR-IPERF-HPING3,security_state_classification,Simulated flood traffic detection in a Spine-Leaf deployment,"iperf normal traffic versus hping3 syn, udp, or icmp flood traffic::2","iperf normal traffic versus hping3 SYN, UDP, or ICMP flood traffic",2,exact,binary,packet_traffic_stream,DES0064,both,yes,eligible,,EVD1735 | EVD1736
SCH0133,P16208,DS-UNSW-NB15,security_state_classification,UNSW-NB15 DoS detection,dos attack versus benign::2,DoS attack versus benign,2,exact,binary,traffic_feature_record,DES0065 | DES0066,both,yes,eligible,,EVD1732 | EVD1734
SCH0134,P16217,DS-DF-2017,semantic_inference,Wang-to-DF cross-dataset website fingerprinting,website identity::95,website identity,95,exact,multiclass,dataset,DES0310,target,yes,eligible,,EVD1962
SCH0135,P16217,DS-WANG-WF-2014,semantic_inference,Wang-to-DF cross-dataset website fingerprinting,website identity::95,website identity,95,exact,multiclass,dataset,DES0310,source,yes,eligible,,EVD1962
SCH0136,P16217,DS-P16217-SWALLOW,semantic_inference,Concept-drift Tor website fingerprinting | Cross-browser Tor website fingerprinting | Cross-location Tor website fingerprinting,website identity::100,website identity,100,exact,multiclass,action_or_visit,DES0307 | DES0308 | DES0309,both,yes,eligible,,EVD1959 | EVD1960 | EVD1961
SCH0137,P16217,DS-DF-2017,semantic_inference,DF open-world monitored-site identification,95 monitored websites with background rejection::95,95 monitored websites with background rejection,95,exact,multiclass,dataset,DES0311,target,yes,eligible,,EVD1963
SCH0138,P16217,DS-WANG-WF-2014,semantic_inference,DF open-world monitored-site identification,95 monitored websites with background rejection::95,95 monitored websites with background rejection,95,exact,multiclass,dataset,DES0311,source,yes,eligible,,EVD1963
SCH0139,P16247,DS-P16247-APPLICATION-ALL-2024,semantic_inference,Application-ALL dynamic-network classification | Application-ALL held-out-obfuscation classification | Application-ALL host-plus-network classification | Application-ALL host-plus-obfuscation classification | Application-ALL network-plus-obfuscation classification,"application, doh type, or website identity::3","application, DoH type, or website identity",3,lower_bound,multiclass,session_or_trace,DES0315 | DES0317 | DES0319 | DES0321 | DES0323,both,yes,eligible,,EVD1967 | EVD1969 | EVD1971 | EVD1973 | EVD1975
SCH0140,P16247,DS-P16247-TOR-ALL-2024,semantic_inference,Tor-ALL host-network-obfuscation fingerprinting,"application, doh type, or website identity::100","application, DoH type, or website identity",100,exact,multiclass,session_or_trace,DES0325,both,yes,eligible,,EVD1977
SCH0141,P16247,DS-P16247-DOHBRW-ALL-2024,semantic_inference,DoHBrw-ALL held-out-obfuscation classification | DoHBrw-ALL host-plus-obfuscation classification | DoHBrw-ALL network-plus-obfuscation classification,"application, doh type, or website identity::4","application, DoH type, or website identity",4,exact,multiclass,session_or_trace,DES0318 | DES0322 | DES0324,both,yes,eligible,,EVD1970 | EVD1974 | EVD1976
SCH0142,P16247,DS-NUDT-MOBILETRAFFIC-2020,semantic_inference,Application-Host dynamic-client classification,"application, doh type, or website identity::3","application, DoH type, or website identity",3,lower_bound,multiclass,session_or_trace,DES0312,both,yes,eligible,,EVD1964
SCH0143,P16247,DS-DF-2017,semantic_inference,Tor-Obfuscation held-out-obfuscation fingerprinting,"application, doh type, or website identity::95","application, DoH type, or website identity",95,exact,multiclass,session_or_trace,DES0316,both,yes,eligible,,EVD1968
SCH0144,P16248,DS-CIC-ANDMAL-2017,security_state_classification,Android malware detection,benign versus Android malware traffic::2,benign versus Android malware traffic,2,exact,binary,cross_modality_flow,DES0067,both,yes,eligible,,EVD1741 | EVD1738 | EVD1739 | EVD1740
SCH0145,P16248,DS-CIC-IDS-2017,security_state_classification,intrusion detection,benign versus intrusion traffic::2,benign versus intrusion traffic,2,exact,binary,cross_modality_flow,DES0068,both,yes,eligible,,EVD1741 | EVD1738 | EVD1739 | EVD1740
SCH0146,P16248,DS-CSE-CIC-IDS-2018,security_state_classification,intrusion detection,benign versus intrusion traffic::2,benign versus intrusion traffic,2,exact,binary,cross_modality_flow,DES0069,both,yes,eligible,,EVD1741 | EVD1738 | EVD1739 | EVD1740
SCH0147,P16248,DS-CTU-13,security_state_classification,botnet detection,benign versus botnet traffic::2,benign versus botnet traffic,2,exact,binary,cross_modality_flow,DES0070,both,yes,eligible,,EVD1741 | EVD1738 | EVD1739 | EVD1740
SCH0148,P16248,DS-CIC-DDOS-2019,security_state_classification,distributed denial-of-service attack detection,benign versus distributed denial-of-service attack traffic::2,benign versus distributed denial-of-service attack traffic,2,exact,binary,cross_modality_flow,DES0071,both,yes,eligible,,EVD1741 | EVD1738 | EVD1739 | EVD1740
SCH0149,P16248,DS-CIRA-CIC-DOHBRW-2020,security_state_classification,malicious DoH detection,benign versus malicious DoH traffic::2,benign versus malicious DoH traffic,2,exact,binary,cross_modality_flow,DES0072,both,yes,eligible,,EVD1741 | EVD1738 | EVD1739 | EVD1740
SCH0150,P16248,DS-HYPERVISION,security_state_classification,advanced attack detection,benign versus advanced attack::2,benign versus advanced attack,2,exact,binary,cross_modality_flow,DES0073,both,yes,eligible,,EVD1741 | EVD1738 | EVD1739 | EVD1740
SCH0151,P16248,DS-HYPERVISION,security_state_classification,flooding attack detection,benign versus flooding attack::2,benign versus flooding attack,2,exact,binary,cross_modality_flow,DES0074,both,yes,eligible,,EVD1741 | EVD1738 | EVD1739 | EVD1740
SCH0152,P16248,DS-HYPERVISION,security_state_classification,malware traffic detection,benign versus malware traffic::2,benign versus malware traffic,2,exact,binary,cross_modality_flow,DES0075,both,yes,eligible,,EVD1741 | EVD1738 | EVD1739 | EVD1740
SCH0153,P16248,DS-HYPERVISION,security_state_classification,probing attack detection,benign versus probing attack::2,benign versus probing attack,2,exact,binary,cross_modality_flow,DES0076,both,yes,eligible,,EVD1741 | EVD1738 | EVD1739 | EVD1740
SCH0154,P16248,DS-HYPERVISION,security_state_classification,web attack detection,benign versus web attack::2,benign versus web attack,2,exact,binary,cross_modality_flow,DES0077,both,yes,eligible,,EVD1741 | EVD1738 | EVD1739 | EVD1740
SCH0155,P16248,DS-CIC-IOT-2023,security_state_classification,IoT attack detection,benign versus IoT attack traffic::2,benign versus IoT attack traffic,2,exact,binary,cross_modality_flow,DES0078,both,yes,eligible,,EVD1741 | EVD1738 | EVD1739 | EVD1740
SCH0156,P16248,DS-KITSUNE-SSDP-FLOOD,security_state_classification,SSDP flood detection,benign versus SSDP flood traffic::2,benign versus SSDP flood traffic,2,exact,binary,cross_modality_flow,DES0079,both,yes,eligible,,EVD1741 | EVD1738 | EVD1739 | EVD1740
SCH0157,P16248,DS-NETBEACON-TRAFFIC,security_state_classification,beaconing attack detection,benign versus beaconing attack traffic::2,benign versus beaconing attack traffic,2,exact,binary,cross_modality_flow,DES0080,both,yes,eligible,,EVD1741 | EVD1738 | EVD1739 | EVD1740
SCH0158,P16248,DS-WHISPER-MALICIOUS-TRAFFIC,security_state_classification,malicious detection,benign versus malicious traffic::2,benign versus malicious traffic,2,exact,binary,cross_modality_flow,DES0081,both,yes,eligible,,EVD1741 | EVD1738 | EVD1739 | EVD1740
SCH0159,P16354,DS-P16354-DARKVEC-UNIVERSITY-DARKNET-2021,security_state_classification,Darknet sender-category classification,ten ground-truth sender categories::10,ten ground-truth sender categories,10,exact,multiclass,device,DES0326,both,yes,eligible,,EVD1978
SCH0160,P16398,DS-P16398-FIAT-TESTBED,security_state_classification,IoT event-origin classification,"control, automated, or manual IoT event::3","control, automated, or manual IoT event",3,exact,multiclass,unpredictable_event,DES0082 | DES0083,both,yes,eligible,,EVD1745 | EVD1742 | EVD1743 | EVD1744
SCH0161,P16406,DS-CIC-IDS-2017,security_state_classification,CIC-IDS2017 Tuesday anomaly detection,malicious versus benign traffic|2,malicious versus benign traffic,2,exact,binary,connection,DES0084 | DES0086 | DES0088,both_or_unspecified,yes,eligible,,EVD1748 | EVD1643 | EVD1639 | EVD1641
SCH0162,P16406,DS-CIC-IDS-2017,security_state_classification,CIC-IDS2017 Wednesday anomaly detection,malicious versus benign traffic|2,malicious versus benign traffic,2,exact,binary,connection,DES0084 | DES0086 | DES0089,both_or_unspecified,yes,eligible,,EVD1748 | EVD1644 | EVD1639 | EVD1641
SCH0163,P16406,DS-CIC-IDS-2017,security_state_classification,CIC-IDS2017 Thursday anomaly detection,malicious versus benign traffic|2,malicious versus benign traffic,2,exact,binary,connection,DES0084 | DES0086 | DES0090,both_or_unspecified,yes,eligible,,EVD1748 | EVD1645 | EVD1639 | EVD1641
SCH0164,P16406,DS-CIC-DDOS-2019,security_state_classification,CIC-DDoS2019 January 11 anomaly detection,malicious versus benign traffic|2,malicious versus benign traffic,2,exact,binary,connection,DES0084 | DES0086 | DES0091,both_or_unspecified,yes,eligible,,EVD1747 | EVD1646 | EVD1639 | EVD1641
SCH0165,P16406,DS-CTU-13,security_state_classification,CTU scenario 1-1 anomaly detection,malicious versus benign traffic|2,malicious versus benign traffic,2,exact,binary,connection,DES0084 | DES0086 | DES0092,both_or_unspecified,yes,eligible,,EVD1749 | EVD1647 | EVD1639 | EVD1641
SCH0166,P16406,DS-CTU-13,security_state_classification,CTU scenario 20-1 anomaly detection,malicious versus benign traffic|2,malicious versus benign traffic,2,exact,binary,connection,DES0084 | DES0086 | DES0093,both_or_unspecified,yes,eligible,,EVD1749 | EVD1648 | EVD1639 | EVD1641
SCH0167,P16406,DS-CTU-13,security_state_classification,CTU scenario 3-1 anomaly detection,malicious versus benign traffic|2,malicious versus benign traffic,2,exact,binary,connection,DES0084 | DES0086 | DES0094,both_or_unspecified,yes,eligible,,EVD1749 | EVD1649 | EVD1639 | EVD1641
SCH0168,P16406,DS-CTU-13,security_state_classification,CTU scenario 7-1 anomaly detection,malicious versus benign traffic|2,malicious versus benign traffic,2,exact,binary,connection,DES0084 | DES0086 | DES0095,both_or_unspecified,yes,eligible,,EVD1749 | EVD1650 | EVD1639 | EVD1641
SCH0169,P16406,DS-CTU-13,security_state_classification,CTU scenario 34-1 anomaly detection,malicious versus benign traffic|2,malicious versus benign traffic,2,exact,binary,connection,DES0084 | DES0086 | DES0096,both_or_unspecified,yes,eligible,,EVD1749 | EVD1651 | EVD1639 | EVD1641
SCH0170,P16406,DS-CTU-13,security_state_classification,CTU scenario 8-1 anomaly detection,malicious versus benign traffic|2,malicious versus benign traffic,2,exact,binary,connection,DES0084 | DES0086 | DES0097,both_or_unspecified,yes,eligible,,EVD1749 | EVD1652 | EVD1639 | EVD1641
SCH0171,P16406,DS-IEEE-IOT-INTRUSION,security_state_classification,IEEE IoT packet trace anomaly detection,malicious versus benign traffic|2,malicious versus benign traffic,2,exact,binary,packet,DES0085 | DES0087 | DES0098,both_or_unspecified,yes,eligible,,EVD1750 | EVD1653 | EVD1640 | EVD1642
SCH0172,P16406,DS-KITSUNE,security_state_classification,Kitsune packet trace anomaly detection,malicious versus benign traffic|2,malicious versus benign traffic,2,exact,binary,packet,DES0085 | DES0087 | DES0099,both_or_unspecified,yes,eligible,,EVD1751 | EVD1654 | EVD1640 | EVD1642
SCH0173,P16406,DS-AWID3,security_state_classification,AWID3 packet trace anomaly detection,malicious versus benign traffic|2,malicious versus benign traffic,2,exact,binary,packet,DES0085 | DES0087 | DES0100,both_or_unspecified,yes,eligible,,EVD1746 | EVD1655 | EVD1640 | EVD1642
SCH0174,P16418,DS-P16418-XATU-ISP-2019,security_state_classification,DNS amplification detection,dns amplification versus no dns amplification::2,DNS amplification versus no DNS amplification,2,exact,binary,customer_time_series,DES0101,both,yes,eligible,,EVD1756 | EVD1752
SCH0175,P16418,DS-P16418-XATU-ISP-2019,security_state_classification,ICMP flood detection,icmp flood versus no icmp flood::2,ICMP flood versus no ICMP flood,2,exact,binary,customer_time_series,DES0102,both,yes,eligible,,EVD1756 | EVD1752
SCH0176,P16418,DS-P16418-XATU-ISP-2019,security_state_classification,TCP ACK flood detection,tcp ack flood versus no tcp ack flood::2,TCP ACK flood versus no TCP ACK flood,2,exact,binary,customer_time_series,DES0103,both,yes,eligible,,EVD1756 | EVD1752
SCH0177,P16418,DS-P16418-XATU-ISP-2019,security_state_classification,TCP RST flood detection,tcp rst flood versus no tcp rst flood::2,TCP RST flood versus no TCP RST flood,2,exact,binary,customer_time_series,DES0104,both,yes,eligible,,EVD1756 | EVD1752
SCH0178,P16418,DS-P16418-XATU-ISP-2019,security_state_classification,TCP SYN flood detection,tcp syn flood versus no tcp syn flood::2,TCP SYN flood versus no TCP SYN flood,2,exact,binary,customer_time_series,DES0105,both,yes,eligible,,EVD1756 | EVD1752
SCH0179,P16418,DS-P16418-XATU-ISP-2019,security_state_classification,UDP flood detection,udp flood versus no udp flood::2,UDP flood versus no UDP flood,2,exact,binary,customer_time_series,DES0106,both,yes,eligible,,EVD1756 | EVD1752
SCH0180,P17056,DS-P17056-LTE-FINGERPRINT,semantic_inference,Day-1 to later-day LTE app fingerprinting | Matched LTE app fingerprinting by operator/environment,mobile application identity::9,mobile application identity,9,exact,multiclass,session_or_trace,DES0331 | DES0332,both,yes,eligible,,EVD1983 | EVD1984
SCH0181,P17148,DS-CIC-IDS-2017,security_state_classification,CIC-IDS2017 intrusion detection,benign versus intrusion traffic::2,benign versus intrusion traffic,2,exact,binary,packet_or_flow,DES0107,both,yes,eligible,,EVD1762 | EVD1759 | EVD1761
SCH0182,P17148,DS-P17148-EBPF-REPRODUCTION,security_state_classification,eBPF reproduction intrusion detection,benign versus intrusion traffic::2,benign versus intrusion traffic,2,exact,binary,packet_or_flow,DES0108,both,yes,eligible,,EVD1762 | EVD1759 | EVD1760
SCH0183,P17269,DS-MALWARE-TRAFFIC-ANALYSIS-NET,security_state_classification,MTA malware-family classification,malware family::80,malware family,80,exact,multiclass,file_or_capture,DES0334,both,yes,eligible,,EVD1986
SCH0184,P17269,DS-BTU-MALWARE,security_state_classification,BTU-Desktop malware-family classification,malware family::33,malware family,33,exact,multiclass,file_or_capture,DES0336,both,yes,eligible,,EVD1988
SCH0185,P17269,DS-BTU-MALWARE,security_state_classification,BTU-Mobile malware-family classification,malware family::29,malware family,29,exact,multiclass,file_or_capture,DES0335,both,yes,eligible,,EVD1987
SCH0186,P17269,DS-CIC-INVES-ANDMAL-2019,security_state_classification,Cross-dataset binary malware generalization,benign versus malicious::2,benign versus malicious,2,exact,binary,flow_interaction_graph,DES0109,source,yes,eligible,,EVD1989 | EVD1763 | EVD1764
SCH0187,P17269,DS-P17269-P17269-ENTERPRISE-GATEWAY-1DAY,security_state_classification,Cross-dataset binary malware generalization,benign versus malicious::2,benign versus malicious,2,exact,binary,flow_interaction_graph,DES0109 | DES0110,target,no,eligible,,EVD1989 | EVD1764
SCH0188,P17269,DS-MAWI,security_state_classification,Cross-dataset binary malware generalization,benign versus malicious::2,benign versus malicious,2,exact,binary,flow_interaction_graph,DES0110,source,no,eligible,,EVD1989 | EVD1763 | EVD1764
SCH0189,P17269,DS-MALWARE-TRAFFIC-ANALYSIS-NET,security_state_classification,Cross-dataset binary malware generalization,benign versus malicious::2,benign versus malicious,2,exact,binary,flow_interaction_graph,DES0109 | DES0110,source | target,no,eligible,,EVD1989 | EVD1763 | EVD1764
SCH0190,P17269,DS-CIC-INVES-ANDMAL-2019,security_state_classification,AndMal2019 malware-family classification,malware family::42,malware family,42,exact,multiclass,file_or_capture,DES0333,both,yes,eligible,,EVD1985
SCH0191,P17323,DS-P42427-FOAP-AUTO,semantic_inference,FOAP app fingerprinting,mobile application identity::1000,mobile application identity,1000,exact,multiclass,flow,DES0341,both,yes,eligible,,EVD1994
SCH0192,P17323,DS-NUDT-MOBILETRAFFIC-2020,semantic_inference,NUDT app fingerprinting,mobile application identity::100,mobile application identity,100,exact,multiclass,flow,DES0343,both,yes,eligible,,EVD1996
SCH0193,P17323,DS-FG-NET,semantic_inference,FG-Net D1/D2 app fingerprinting,mobile application identity::53,mobile application identity,53,exact,multiclass,flow,DES0342,both,yes,eligible,,EVD1995
SCH0194,P17713,DS-P17713-MULTIMEDIA-NETWORK-TRAFFIC-2025,semantic_inference,Cloud-gaming title classification | Field-deployment game-title validation,game title::13,game title,13,exact,multiclass,session_or_trace,DES0346 | DES0348,both,yes,eligible,,EVD1999 | EVD2001
SCH0195,P17713,DS-P17713-MULTIMEDIA-NETWORK-TRAFFIC-2025,semantic_inference,Cloud-gaming activity-stage classification,player activity stage::3,player activity stage,3,exact,multiclass,session_or_trace,DES0347,both,yes,eligible,,EVD2000
SCH0196,P17818,DS-RECON-APPVERSIONS,semantic_inference,ReCon matched evaluation,mobile application identity::512,mobile application identity,512,exact,multiclass,flow,DES0354,both,yes,eligible,,EVD2009
SCH0197,P17818,DS-CROSS-PLATFORM-2017,semantic_inference,Twenty-six-month fresh recapture,31 mobile application identities::31,31 mobile application identities,31,exact,multiclass,session_or_trace,DES0360,source,yes,eligible,,EVD2015 | EVD2016
SCH0198,P17818,DS-P17818-FLOWPRINT-CROSS-PLATFORM-RECAPTURE-2020,semantic_inference,Twenty-six-month fresh recapture,31 mobile application identities::31,31 mobile application identities,31,exact,multiclass,session_or_trace,DES0360,target,yes,eligible,,EVD2015 | EVD2016
SCH0199,P17818,DS-ANDRUBIS,semantic_inference,Andrubis matched evaluation,mobile application identity::1030000,mobile application identity,1030000,lower_bound,multiclass,flow,DES0352,both,yes,eligible,,EVD2007
SCH0200,P17818,DS-CROSS-PLATFORM-2017,semantic_inference,Cross-Platform matched evaluation,mobile application identity::411,mobile application identity,411,exact,multiclass,flow,DES0353,both,yes,eligible,,EVD2008
SCH0201,P17818,DS-CROSS-PLATFORM-2017,semantic_inference,Cross-Platform synthetic feature-aging sensitivity,mobile application identity under replaced destination features::411,mobile application identity under replaced destination features,411,exact,multiclass,flow,DES0358,both,yes,eligible,,EVD2013
SCH0202,P17818,DS-P17818-FLOWPRINT-BROWSER-SELF-COLLECTED,endpoint_or_platform_identification,Browser identification,browser identity::4,browser identity,4,exact,multiclass,flow,DES0355,both,yes,eligible,,EVD2010
SCH0203,P17818,DS-RECON-APPVERSIONS,semantic_inference,ReCon synthetic feature-aging sensitivity,mobile application identity under replaced destination features::512,mobile application identity under replaced destination features,512,exact,multiclass,flow,DES0359,both,yes,eligible,,EVD2014
SCH0204,P17818,DS-ANDRUBIS,semantic_inference,Andrubis synthetic feature-aging sensitivity,mobile application identity under replaced destination features::1030000,mobile application identity under replaced destination features,1030000,lower_bound,multiclass,flow,DES0357,both,yes,eligible,,EVD2012
SCH0205,P17818,DS-ANDRUBIS,semantic_inference,Twenty-six-month fresh recapture,31 mobile application identities::31,31 mobile application identities,31,exact,multiclass,session_or_trace,DES0360,background,no,eligible,,EVD2015 | EVD2016
SCH0206,P17899,DS-DELTASHAPER-COVERT-TRAFFIC,security_state_classification,DeltaShaper covert-channel detection,legitimate versus covert traffic::2,legitimate versus covert traffic,2,exact,binary,flow_distribution,DES0111,both,yes,eligible,,EVD1769 | EVD1766 | EVD1767 | EVD1768
SCH0207,P17899,DS-FACET-COVERT-TRAFFIC,security_state_classification,Facet covert-channel detection,legitimate versus covert traffic::2,legitimate versus covert traffic,2,exact,binary,flow_distribution,DES0112,both,yes,eligible,,EVD1769 | EVD1766 | EVD1767 | EVD1768
SCH0208,P17899,DS-HERRMANN-OPENSSH-WF,semantic_inference,OpenSSH website identification,website identity::3,website identity,3,lower_bound,multiclass,flow_distribution,DES0113,both,yes,eligible,,EVD1769 | EVD1766 | EVD1767 | EVD1768
SCH0209,P17899,DS-PEERRUSH,security_state_classification,P2P botnet detection,legitimate P2P application versus botnet traffic::2,legitimate P2P application versus botnet traffic,2,exact,binary,flow_distribution,DES0114,both,yes,eligible,,EVD1769 | EVD1766 | EVD1767 | EVD1768
SCH0210,P17951,DS-P17951-OPENSKY-2020,security_state_classification,ADS-B spoofing detection,normal_versus_ads-b_spoofing|2,normal versus ADS-B spoofing,2,exact,binary,ADS-B report or aircraft track,DES0115,both_or_unspecified,yes,eligible,,EVD1775 | EVD1776
SCH0211,P17951,DS-P17951-OPENSKY-2020,security_state_classification,Attack type classification,normal_versus_gps_spoofing_versus_ads-b_spoofing|3,normal versus GPS spoofing versus ADS-B spoofing,3,exact,multiclass,ADS-B report or aircraft track,DES0116,both_or_unspecified,yes,eligible,,EVD1774
SCH0212,P17951,DS-P17951-OPENSKY-2020,security_state_classification,GPS spoofing detection,normal_versus_gps_spoofing|2,normal versus GPS spoofing,2,exact,binary,ADS-B report or aircraft track,DES0117,both_or_unspecified,yes,eligible,,EVD1775 | EVD1776
SCH0213,P17951,DS-P17951-OPENSKY-2020,security_state_classification,Sensor control or Sybil detection,normal_versus_sensor_control_or_sybil_attack|2,normal versus sensor control or Sybil attack,2,exact,binary,ADS-B report or aircraft track,DES0118,both_or_unspecified,yes,eligible,,EVD1775 | EVD1776
SCH0214,P18011,DS-P18011-HUMAN100,semantic_inference,Repeated one-versus-rest human app recognition,target_app_versus_other_apps|2,target app versus other apps,2,exact,binary,wireless packet sequence,DES0124,both_or_unspecified,yes,eligible,,EVD1781 | EVD1780
SCH0215,P18011,DS-P18011-IUA,semantic_inference,Cross-app same-behavior recognition,target_app-action_versus_the_same_behavior_in_other_apps|2,target app-action versus the same behavior in other apps,2,exact,binary,wireless packet sequence,DES0120 | DES0121,both_or_unspecified,yes,eligible,,EVD1785
SCH0216,P18011,DS-P18011-IUA,semantic_inference,Within-app action recognition,target_action_versus_other_actions_in_the_same_app|2,target action versus other actions in the same app,2,exact,binary,wireless packet sequence,DES0122,both_or_unspecified,yes,eligible,,EVD1785
SCH0217,P18011,DS-P18011-MONKEY500,semantic_inference,Repeated one-versus-rest app recognition,target_app_versus_other_apps|2,target app versus other apps,2,exact,binary,wireless packet sequence,DES0119 | DES0123 | DES0124 | DES0125 | DES0126,both_or_unspecified,yes,eligible,,EVD1781 | EVD1789
SCH0218,P18222,DS-P18222-ENTERPRISE-2017-2021,security_state_classification,Enterprise encrypted malicious-flow detection,benign_versus_malicious_encrypted_traffic|2,benign versus malicious encrypted traffic,2,exact,binary,flow,DES0127,both_or_unspecified,yes,eligible,,EVD1791
SCH0219,P18348,DS-P18348-IOT-ID,endpoint_or_platform_identification,Cross-site IoT device identification | IoT activity-mode transfer | Packet-sampling IoT identification | one-month IoT device-identification transfer | one-month target-informed tailored-feature temporal transfer | one-week IoT device-identification transfer | six-month IoT device-identification transfer | six-month target-informed tailored-feature temporal transfer | three-month IoT device-identification transfer | three-month target-informed tailored-feature temporal transfer | three-week IoT device-identification transfer | twelve-month IoT device-identification transfer | twelve-month target-informed tailored-feature temporal transfer | two-week IoT device-identification transfer,device identity::13,device identity,13,exact,multiclass,campaign_or_period | device,DES0361 | DES0362 | DES0363 | DES0364 | DES0365 | DES0366 | DES0367 | DES0368 | DES0369 | DES0370 | DES0371 | DES0372 | DES0373 | DES0374,both,yes,eligible,,EVD2017 | EVD2018 | EVD2019 | EVD2020 | EVD2021 | EVD2022 | EVD2023 | EVD2024 | EVD2025 | EVD2026 | EVD2027 | EVD2028 | EVD2029 | EVD2030 | EVD2031
SCH0220,P18385,DS-P39009-CJ-SNIFFER-CRYPTOMINING-2022,security_state_classification,Cryptomining detection,benign_versus_cryptomining_traffic|2,benign versus cryptomining traffic,2,exact,binary,flow,DES0128,positive_only,no,eligible,,EVD1793
SCH0221,P18385,DS-P18385-IOT-LIGHT,security_state_classification,Cryptomining detection,benign_versus_cryptomining_traffic|2,benign versus cryptomining traffic,2,exact,binary,flow,DES0128 | DES0129 | DES0130,both_or_unspecified,yes,eligible,,EVD1793
SCH0222,P18385,DS-P18385-MINESHARK-2023,security_state_classification,Robust cryptomining detection,benign_versus_cryptomining_traffic|2,benign versus cryptomining traffic,2,exact,binary,flow,DES0129 | DES0130 | DES0131 | DES0132,both_or_unspecified,yes,eligible,,EVD1793 | EVD1798 | EVD1800
SCH0223,P26148,DS-ANOSHIFT,security_state_classification,AnoShift continual intrusion detection,benign_versus_attack|2,benign versus attack,2,exact,binary,network flow record,DES0133,both_or_unspecified,yes,eligible,,EVD1802 | EVD1813 | EVD1812
SCH0224,P26148,DS-CIC-IDS-2017,security_state_classification,CIC-IDS2017 continual intrusion detection,benign_versus_attack|2,benign versus attack,2,exact,binary,network flow record,DES0134,both_or_unspecified,yes,eligible,,EVD1802 | EVD1813 | EVD1812
SCH0225,P26148,DS-CSE-CIC-IDS-2018,security_state_classification,CSE-CIC-IDS2018 continual intrusion detection,benign_versus_attack|2,benign versus attack,2,exact,binary,network flow record,DES0135,both_or_unspecified,yes,eligible,,EVD1802 | EVD1813 | EVD1812
SCH0226,P26148,DS-CTU-13,security_state_classification,CTU-13 continual intrusion detection,benign_versus_attack|2,benign versus attack,2,exact,binary,network flow record,DES0136,both_or_unspecified,yes,eligible,,EVD1802 | EVD1813 | EVD1812
SCH0227,P26148,DS-KDDCUP-99,security_state_classification,KDD Cup 1999 continual intrusion detection,benign_versus_attack|2,benign versus attack,2,exact,binary,network flow record,DES0137,both_or_unspecified,yes,eligible,,EVD1802 | EVD1813 | EVD1812
SCH0228,P26148,DS-KDDCUP-99,security_state_classification,NSL-KDD continual intrusion detection,benign_versus_attack|2,benign versus attack,2,exact,binary,network flow record,DES0138,both_or_unspecified,yes,eligible,,EVD1802 | EVD1813 | EVD1812
SCH0229,P26148,DS-UNSW-NB15,security_state_classification,UNSW-NB15 continual intrusion detection,benign_versus_attack|2,benign versus attack,2,exact,binary,network flow record,DES0139,both_or_unspecified,yes,eligible,,EVD1802 | EVD1813 | EVD1812
SCH0230,P35345,DS-CROSS-PLATFORM-2017,semantic_inference,CrossPlatform iOS-China app classification,traffic class or application/malware identity::30,traffic class or application/malware identity,30,exact,multiclass,flow,DES0376,both,yes,eligible,,EVD2033
SCH0231,P35345,DS-MALWARE-TRAFFIC-ANALYSIS-NET,security_state_classification,Malware-Traffic-Analysis.net family classification,traffic class or application/malware identity::10,traffic class or application/malware identity,10,exact,multiclass,flow,DES0378,both,yes,eligible,,EVD2035
SCH0232,P35345,DS-USTC-TFC-2016,other_eligible_fixed_labels,USTC-TFC traffic classification,traffic class or application/malware identity::20,traffic class or application/malware identity,20,exact,multiclass,flow,DES0377,both,yes,eligible,,EVD2034
SCH0233,P35345,DS-ISCX-VPN-2016,other_eligible_fixed_labels,ISCXVPN traffic classification,traffic class or application/malware identity::7,traffic class or application/malware identity,7,exact,multiclass,flow,DES0375,both,yes,eligible,,EVD2032
SCH0234,P38630,DS-SIVANATHAN-IOT-2018,endpoint_or_platform_identification,IoT device-category classification,ten iot device categories::10,ten IoT device categories,10,exact,multiclass,flow,DES0380,both,yes,eligible,,EVD2037 | EVD2038
SCH0235,P38761,DS-CIC-IOT-2022,security_state_classification,CIC-IoT-2022 traffic-type classification,iot traffic/attack type::3,IoT traffic/attack type,3,exact,multiclass,flow,DES0382,both,yes,eligible,,EVD2040
SCH0236,P38761,DS-BOT-IOT,security_state_classification,BoT-IoT attack-type classification,attack/traffic type::4,attack/traffic type,4,exact,multiclass,flow,DES0381,both,yes,eligible,,EVD2039
SCH0237,P38761,DS-ISCX-VPN-2016,semantic_inference,ISCX-VPN traffic classification,vpn traffic class::7,VPN traffic class,7,exact,multiclass,flow,DES0383,both,yes,eligible,,EVD2041
SCH0238,P38761,DS-PEERRUSH,semantic_inference,PeerRush application classification,peer-to-peer application identity::3,peer-to-peer application identity,3,exact,multiclass,flow,DES0384,both,yes,eligible,,EVD2042
SCH0239,P38798,DS-UNSW-NB15,security_state_classification,UNSW-NB15 multiclass intrusion classification,seven benign/attack-group classes::7,seven benign/attack-group classes,7,exact,multiclass,flow,DES0386,both,yes,eligible,,EVD2044
SCH0240,P38798,DS-CIC-IDS-2017,security_state_classification,CICIDS-2017 multiclass intrusion classification,benign plus six attack-group classes::7,benign plus six attack-group classes,7,exact,multiclass,flow,DES0385,both,yes,eligible,,EVD2043
SCH0241,P38868,DS-SIVANATHAN-IOT-2018,endpoint_or_platform_identification,IoT device-type classification,iot device type::28,IoT device type,28,exact,multiclass,flow,DES0388,both,yes,eligible,,EVD2046 | EVD1815
SCH0242,P39009,DS-P39009-CJ-SNIFFER-CONTRAST-CAMPUS-LAB,security_state_classification,CJ-Sniffer end-to-end hierarchical traffic classification,"cryptojacking, user-initiated cryptomining, or other traffic::3","cryptojacking, user-initiated cryptomining, or other traffic",3,exact,multiclass,connection_or_processing_window,DES0389,background,no,eligible,,EVD2047 | EVD2048 | EVD2049
SCH0243,P39009,DS-P39009-CJ-SNIFFER-CRYPTOMINING-2022,security_state_classification,CJ-Sniffer end-to-end hierarchical traffic classification,"cryptojacking, user-initiated cryptomining, or other traffic::3","cryptojacking, user-initiated cryptomining, or other traffic",3,exact,multiclass,connection_or_processing_window,DES0389,both,no,eligible,,EVD2047 | EVD2049 | EVD1816
SCH0244,P39064,DS-USTC-TFC-2016,other_eligible_fixed_labels,USTC-TFC traffic-family classification,ten benign applications plus ten malware families::20,ten benign applications plus ten malware families,20,exact,multiclass,burst,DES0393,both,yes,eligible,,EVD2053
SCH0245,P39064,DS-ISCX-VPN-2016,semantic_inference,ISCX-VPN service classification,service identity::12,service identity,12,exact,multiclass,burst,DES0395,both,yes,eligible,,EVD2055
SCH0246,P39064,DS-CSE-CIC-IDS-2018,security_state_classification,CIC-IDS2018 attack/benign-type classification,benign plus seven attack classes::8,benign plus seven attack classes,8,exact,multiclass,burst,DES0392,both,yes,eligible,,EVD2052
SCH0247,P39064,DS-CROSS-PLATFORM-2017,semantic_inference,Cross-Platform Android app classification,android application identity::71,Android application identity,71,exact,multiclass,burst,DES0397,both,yes,eligible,,EVD2057
SCH0248,P39064,DS-ISCX-VPN-2016,semantic_inference,ISCX-VPN application classification,application identity::17,application identity,17,exact,multiclass,burst,DES0394,both,yes,eligible,,EVD2054
SCH0249,P39064,DS-ISCX-TOR-2016,semantic_inference,ISCX-Tor application classification,application identity across tor/non-tor traffic::16,application identity across Tor/non-Tor traffic,16,exact,multiclass,burst,DES0396,both,yes,eligible,,EVD2056
SCH0250,P39403,DS-P39403-IXP-BLACKHOLE-2019-2021,security_state_classification,Blackholing-based DDoS detection,benign_versus_blackholing_or_ddos_traffic|2,benign versus blackholing or DDoS traffic,2,exact,binary,aggregated IXP flow record,DES0140 | DES0141 | DES0142 | DES0143,both_or_unspecified,yes,eligible,,EVD1825 | EVD1829 | EVD1826
SCH0251,P39403,DS-P39403-SELF-ATTACK-2021,security_state_classification,Self-attack evaluation,benign_versus_ddos_traffic|2,benign versus DDoS traffic,2,exact,binary,aggregated IXP flow record,,positive_only,no,excluded,one-class attack-only evaluation,EVD1830
SCH0252,P39497,DS-AUCKLAND-VI-2001,semantic_inference,Auckland-VI protocol classification,network protocol/application class::5,network protocol/application class,5,exact,multiclass,flow,DES0406,both,yes,eligible,,EVD2066
SCH0253,P39497,DS-P39497-GGFAST-TRACE-E,semantic_inference,Trace E SSH activity classification,ssh traffic class::3,SSH traffic class,3,exact,multiclass,flow,DES0410,both,yes,eligible,,EVD2070
SCH0254,P39497,DS-P39497-GGFAST-TRACE-A,semantic_inference,Trace A layer-7 classification,layer-7 application/service class::15,layer-7 application/service class,15,exact,multiclass,flow,DES0407,both,yes,eligible,,EVD2067
SCH0255,P39497,DS-P39497-GGFAST-TRACE-G,semantic_inference,Trace G clear-to-SSH replay evaluation | Trace G layer-7 classification,layer-7 application/service class::17,layer-7 application/service class,17,exact,multiclass,flow,DES0411 | DES0412,both,yes,eligible,,EVD2071 | EVD2072
SCH0256,P39497,DS-P39497-GGFAST-TRACE-B,semantic_inference,Trace B UDP application classification,udp application class::4,UDP application class,4,exact,multiclass,flow,DES0408,both,yes,eligible,,EVD2068
SCH0257,P39497,DS-P39497-GGFAST-TRACE-D,semantic_inference,Trace D RDP activity classification,rdp traffic class::3,RDP traffic class,3,exact,multiclass,flow,DES0409,both,yes,eligible,,EVD2069
SCH0258,P39771,DS-ISCX-VPN-2016,semantic_inference,ISCXVPN service classification,"application, device state, or service identity::7","application, device state, or service identity",7,exact,multiclass,flow,DES0415,both,yes,eligible,,EVD2075
SCH0259,P39771,DS-CIC-IOT-2022,semantic_inference,CICIOT device-state classification,"application, device state, or service identity::3","application, device state, or service identity",3,exact,multiclass,flow,DES0414,both,yes,eligible,,EVD2074
SCH0260,P39771,DS-PEERRUSH,semantic_inference,PeerRush P2P application classification,"application, device state, or service identity::3","application, device state, or service identity",3,exact,multiclass,flow,DES0413,both,yes,eligible,,EVD2073
SCH0261,P39804,DS-USTC-TFC-2016,semantic_inference,USTC application packet classification,"service, application, or website identity::20","service, application, or website identity",20,exact,multiclass,flow,DES0421,both,yes,eligible,,EVD2081
SCH0262,P39804,DS-ISCX-VPN-2016,semantic_inference,VPN-service packet classification,"service, application, or website identity::6","service, application, or website identity",6,exact,multiclass,flow,DES0419,both,yes,eligible,,EVD2079
SCH0263,P39804,DS-ISCX-VPN-2016,semantic_inference,VPN-application flow classification | VPN-application packet classification under per-packet splitting,application or website identity::16,application or website identity,16,exact,multiclass,flow | packet,DES0423 | DES0425,both,yes,eligible,,EVD2083 | EVD2085 | EVD1832
SCH0264,P39804,DS-ISCX-VPN-2016,semantic_inference,VPN-application packet classification,"service, application, or website identity::16","service, application, or website identity",16,exact,multiclass,flow,DES0420,both,yes,eligible,,EVD2080 | EVD1832
SCH0265,P40493,DS-P40493-HP-OWF,semantic_inference,Active-client page fingerprinting,"96 retained monitored pages, four active-browsing replacement classes, and an unmonitored output::101","96 retained monitored pages, four active-browsing replacement classes, and an unmonitored output",101,exact,multiclass,action_or_visit,DES0429,both,yes,eligible,,EVD2089 | EVD2090
SCH0266,P40493,DS-P40493-HP-OWF,semantic_inference,Main open-world website fingerprinting,100 monitored pages plus an unmonitored output::101,100 monitored pages plus an unmonitored output,101,exact,multiclass,action_or_visit,DES0427,both,yes,eligible,,EVD2087
SCH0267,P40493,DS-P40493-HP-OWF,semantic_inference,Wikipedia open-world sensitivity,100 monitored wikipedia pages plus unmonitored::101,100 monitored Wikipedia pages plus unmonitored,101,exact,multiclass,action_or_visit,DES0428,both,yes,eligible,,EVD2088
SCH0268,P40572,DS-P40572-RADWARE-BOT-2018-2019,security_state_classification,Advanced bot detection,benign_versus_advanced_bot_ip-sequence|2,benign versus advanced bot IP-sequence,2,exact,binary,IP request sequence,DES0144 | DES0145 | DES0146,both_or_unspecified,yes,eligible,,EVD1835 | EVD1833 | EVD1838
SCH0269,P41311,DS-BOOTERS-2015,security_state_classification,Prefix-level DDoS source detection,benign_prefix_versus_attack-source_prefix|2,benign prefix versus attack-source prefix,2,exact,binary,prefix-level traffic aggregate,DES0147 | DES0149 | DES0150,positive_only,no,eligible,,EVD1850
SCH0270,P41311,DS-CIC-DDOS-2019,security_state_classification,Prefix-level DDoS source detection,benign_prefix_versus_attack-source_prefix|2,benign prefix versus attack-source prefix,2,exact,binary,prefix-level traffic aggregate,DES0147 | DES0149 | DES0150,positive_only,no,eligible,,EVD1850
SCH0271,P41311,DS-MAWI,security_state_classification,Prefix-level DDoS source detection,benign_prefix_versus_attack-source_prefix|2,benign prefix versus attack-source prefix,2,exact,binary,prefix-level traffic aggregate,DES0147 | DES0148 | DES0149 | DES0150,negative_only,no,eligible,,EVD1845
SCH0272,P41311,DS-SUCURI-SSDP-2014,security_state_classification,Prefix-level DDoS source detection,benign_prefix_versus_attack-source_prefix|2,benign prefix versus attack-source prefix,2,exact,binary,prefix-level traffic aggregate,DES0147 | DES0149 | DES0150,positive_only,no,eligible,,EVD1850
SCH0273,P41557,DS-DF-2017,semantic_inference,DFset single-tab fingerprinting,website identity::95,website identity,95,exact,multiclass,session_or_trace,DES0430,both,yes,eligible,,EVD2091
SCH0274,P41557,DS-MEI-2023-SINGLE-TAB,semantic_inference,MEI-2023 single-tab fingerprinting,website identity::265,website identity,265,exact,multiclass,session_or_trace,DES0432,both,yes,eligible,,EVD2093
SCH0275,P41557,DS-WANG-WF-2014,semantic_inference,k-NNset single-tab fingerprinting,website identity::100,website identity,100,exact,multiclass,session_or_trace,DES0431,both,yes,eligible,,EVD2092
SCH0276,P41709,DS-P41709-TUNTIGHT-DEPLOYMENT,security_state_classification,Per-query DNS tunnel detection,dns tunnel versus non-tunnel query::2,DNS tunnel versus non-tunnel query,2,exact,binary,dns_query_feature_vector,DES0151,both,no,eligible,,EVD1854 | EVD1852 | EVD1853
SCH0277,P41766,DS-USTC-TFC-2016,semantic_inference,USTC selected-class classification,application/service/website identity::14,application/service/website identity,14,exact,multiclass,flow,DES0440,both,yes,eligible,,EVD2101
SCH0278,P41766,DS-ISCX-VPN-2016,semantic_inference,ISCXVPN application classification,application/service/website identity::11,application/service/website identity,11,exact,multiclass,flow,DES0439,both,yes,eligible,,EVD2100
SCH0279,P41766,DS-CROSS-PLATFORM-2017,semantic_inference,CrossPlatform Android classification,application/service/website identity::197,application/service/website identity,197,exact,multiclass,flow,DES0435,both,yes,eligible,,EVD2096
SCH0280,P41766,DS-ISCX-VPN-2016,semantic_inference,ISCXVPN service classification,application/service/website identity::6,application/service/website identity,6,exact,multiclass,flow,DES0438,both,yes,eligible,,EVD2099
SCH0281,P41766,DS-CROSS-PLATFORM-2017,semantic_inference,CrossPlatform iOS classification,application/service/website identity::190,application/service/website identity,190,exact,multiclass,flow,DES0436,both,yes,eligible,,EVD2097
SCH0282,P42020,DS-P42020-OWL-PUBLIC-WIFI-2019,endpoint_or_platform_identification,Device-model identification,device model::410,device model,410,exact,multiclass,device,DES0442,both,yes,eligible,,EVD2103
SCH0283,P42020,DS-P42020-OWL-PUBLIC-WIFI-2019,endpoint_or_platform_identification,Device-type identification,device type::34,device type,34,exact,multiclass,device,DES0441,both,yes,eligible,,EVD2102
SCH0284,P42427,DS-P42427-FOAP-AUTO,semantic_inference,Open-world Android app recognition,target app versus other traffic|2,target app versus other traffic,2,exact,binary,flow,DES0152 | DES0156,both_or_unspecified,yes,eligible,,EVD1855 | EVD1656 | EVD1660
SCH0285,P42427,DS-P42427-FOAP-AUTO,semantic_inference,Executing-path classification,mutually exclusive executing-path identity within a recognized app|2,mutually exclusive executing-path identity within a recognized app,2,lower_bound,multiclass,in_flow_burst,DES0153 | DES0157,both_or_unspecified,yes,eligible,,EVD1855 | EVD1657 | EVD1661
SCH0286,P42427,DS-P42427-FOAP-HUMAN,semantic_inference,Human-use Android app recognition,target app versus other traffic|2,target app versus other traffic,2,exact,binary,flow,DES0154 | DES0156,both_or_unspecified,yes,eligible,,EVD1856 | EVD1660 | EVD1658
SCH0287,P42427,DS-P42427-FOAP-HUMAN,semantic_inference,Human-use executing-path classification,mutually exclusive executing-path identity within a recognized app|2,mutually exclusive executing-path identity within a recognized app,2,lower_bound,multiclass,in_flow_burst,DES0155 | DES0157,both_or_unspecified,yes,eligible,,EVD1856 | EVD1661 | EVD1659
SCH0288,P42427,DS-P42427-PC-BACKGROUND,semantic_inference,Open-world Android app recognition,target app versus other traffic|2,target app versus other traffic,2,exact,binary,flow,DES0152,negative_component,no,eligible,,EVD1858 | EVD1656
SCH0289,P42427,DS-PINGPONG-IOT,semantic_inference,Open-world Android app recognition,target app versus other traffic|2,target app versus other traffic,2,exact,binary,flow,DES0152,negative_component,no,eligible,,EVD1859 | EVD1656
SCH0290,P42427,DS-P42427-MOBILE-WEB,semantic_inference,Open-world Android app recognition,target app versus other traffic|2,target app versus other traffic,2,exact,binary,flow,DES0152,negative_component,no,eligible,,EVD1857 | EVD1656
SCH0291,P42485,DS-P42485-LUMOS,endpoint_or_platform_identification,Leave-one-camera-instance-out type identification,nine device types with one camera instance held out::9,nine device types with one camera instance held out,9,exact,multiclass,device,DES0444,both,yes,eligible,,EVD2105
SCH0292,P42485,DS-P42485-LUMOS,endpoint_or_platform_identification,Unfamiliar-environment device-type identification,nine iot device types::9,nine IoT device types,9,exact,multiclass,device,DES0443,both,yes,eligible,,EVD2104
SCH0293,P42512,DS-P42512-ONLINE-WF,semantic_inference,Exit-to-entry vantage transfer,website identity for up to 750 monitored sites::750,website identity for up to 750 monitored sites,750,exact,multiclass,action_or_visit,DES0447,both,yes,eligible,,EVD2108
SCH0294,P42512,DS-P42512-ONLINE-WF,semantic_inference,Sampled-1000 online prequential WF,sampled monitored websites plus unmonitored::1001,sampled monitored websites plus unmonitored,1001,exact,multiclass,session_or_trace,DES0446,both,yes,eligible,,EVD2107
SCH0295,P42512,DS-P42512-ONLINE-WF,semantic_inference,Top-100 online prequential WF,top-100 websites plus unmonitored::101,top-100 websites plus unmonitored,101,exact,multiclass,session_or_trace,DES0445,both,yes,eligible,,EVD2106
SCH0296,P42516,DS-P42516-MERIT-DEPLOYMENT,semantic_inference,Passive OpenVPN traffic detection,OpenVPN versus non-OpenVPN|2,OpenVPN versus non-OpenVPN,2,exact,binary,flow,DES0158,both_or_unspecified,yes,eligible,,EVD1860 | EVD1662
SCH0297,P42516,DS-P42516-MERIT-TUNING,semantic_inference,Passive OpenVPN traffic detection,OpenVPN versus non-OpenVPN|2,OpenVPN versus non-OpenVPN,2,exact,binary,flow,DES0158,negative_component,no,eligible,,EVD1861 | EVD1662
SCH0298,P42516,DS-P42516-VPN-TUNING,semantic_inference,Passive OpenVPN traffic detection,OpenVPN versus non-OpenVPN|2,OpenVPN versus non-OpenVPN,2,exact,binary,flow,DES0158,positive_component,no,eligible,,EVD1862 | EVD1662
SCH0299,P42624,DS-P42624-WTW-YOUTUBE100,semantic_inference,Cross-title streaming-service classification,three streaming services::3,three streaming services,3,exact,multiclass,dataset,DES0454,target,yes,eligible,,EVD2115
SCH0300,P42624,DS-P42624-WTW-YOUTUBE200,semantic_inference,Cross-title streaming-service classification,three streaming services::3,three streaming services,3,exact,multiclass,dataset,DES0454,source,yes,eligible,,EVD2115
SCH0301,P42624,DS-P42624-WTW-YOUTUBE100,semantic_inference,Top-300 YouTube title classification,300 youtube video titles::300,300 YouTube video titles,300,exact,multiclass,session_or_trace,DES0451,both,no,eligible,,EVD2112
SCH0302,P42624,DS-P42624-WTW-YOUTUBE100,semantic_inference,YouTube100 title classification,video title::100,video title,100,exact,multiclass,session_or_trace,DES0448,both,yes,eligible,,EVD2109
SCH0303,P42624,DS-P42624-WTW-NETFLIXDT,semantic_inference,Cross-title streaming-service classification,three streaming services::3,three streaming services,3,exact,multiclass,dataset,DES0454,source,yes,eligible,,EVD2115
SCH0304,P42624,DS-P42624-WTW-NETFLIX,semantic_inference,Cross-title streaming-service classification,three streaming services::3,three streaming services,3,exact,multiclass,dataset,DES0454,target,yes,eligible,,EVD2115
SCH0305,P42624,DS-P42624-WTW-YOUTUBE100,semantic_inference,Open-world YouTube-title recognition,100 known titles plus unseen::101,100 known titles plus one unseen output class,101,exact,multiclass,dataset,DES0455,source,no,eligible,,EVD2116
SCH0306,P42624,DS-P42624-WTW-YOUTUBE200,semantic_inference,Top-300 YouTube title classification,300 youtube video titles::300,300 YouTube video titles,300,exact,multiclass,session_or_trace,DES0451,both,no,eligible,,EVD2112
SCH0307,P42624,DS-P42624-WTW-WEB,semantic_inference,Open-world YouTube-title recognition,100 known titles plus unseen::101,100 known titles plus unseen,101,exact,multiclass,dataset,DES0455,background,no,eligible,,EVD2116
SCH0308,P42624,DS-P42624-WTW-YOUTUBECA,semantic_inference,Carrier-aggregation transfer,100 youtube video titles::100,100 YouTube video titles,100,exact,multiclass,dataset,DES0453,target,yes,eligible,,EVD2114
SCH0309,P42624,DS-P42624-WTW-NETFLIX,semantic_inference,Open-world YouTube-title recognition,100 known titles plus unseen::101,100 known titles plus unseen,101,exact,multiclass,dataset,DES0455,background,no,eligible,,EVD2116
SCH0310,P42624,DS-P42624-WTW-AMAZON,semantic_inference,Cross-title streaming-service classification,three streaming services::3,three streaming services,3,exact,multiclass,dataset,DES0454,target,yes,eligible,,EVD2115
SCH0311,P42624,DS-P42624-WTW-NETFLIX,semantic_inference,Netflix title classification,video title::22,video title,22,exact,multiclass,session_or_trace,DES0449,both,yes,eligible,,EVD2110
SCH0312,P42624,DS-P42624-WTW-YOUTUBE100,semantic_inference,Carrier-aggregation transfer | Cross-MNO title transfer,100 youtube video titles::100,100 YouTube video titles,100,exact,multiclass,dataset | session_or_trace,DES0452 | DES0453,both | source,yes,eligible,,EVD2113 | EVD2114
SCH0313,P42624,DS-P42624-WTW-AMAZONDT,semantic_inference,Cross-title streaming-service classification,three streaming services::3,three streaming services,3,exact,multiclass,dataset,DES0454,source,yes,eligible,,EVD2115
SCH0314,P42624,DS-P42624-WTW-TELECONF,semantic_inference,Open-world YouTube-title recognition,100 known titles plus unseen::101,100 known titles plus unseen,101,exact,multiclass,dataset,DES0455,background,no,eligible,,EVD2116
SCH0315,P42624,DS-P42624-WTW-AMAZON,semantic_inference,Amazon title classification,video title::32,video title,32,exact,multiclass,session_or_trace,DES0450,both,yes,eligible,,EVD2111
SCH0316,P42624,DS-P42624-WTW-YOUTUBE200,semantic_inference,Open-world YouTube-title recognition,100 known titles plus unseen::101,100 known titles plus unseen,101,exact,multiclass,dataset,DES0455,background,no,eligible,,EVD2116
SCH0317,P42690,DS-UAV-ACTIVITY-LABAYEN-2020,semantic_inference,UAV activity fingerprinting,uav activity class::4,UAV activity class,4,exact,multiclass,session_or_trace,DES0456,both,yes,eligible,,EVD2117
SCH0318,P42690,DS-IOT-SENTINEL-2017,endpoint_or_platform_identification,IoT device identification,iot device type::27,IoT device type,27,exact,multiclass,session_or_trace,DES0459,both,yes,eligible,,EVD2120
SCH0319,P42690,DS-P42690-INPUT-AGNOSTIC-SWF-2020,semantic_inference,SWF original-to-perturbed evaluation | SWF perturbed matched-condition retraining | Website fingerprinting,website identity::24,website identity,24,exact,multiclass,session_or_trace,DES0457 | DES0460 | DES0461,both,yes,eligible,,EVD2118 | EVD2121 | EVD2122
SCH0320,P42933,DS-P42933-LBNL-SSH,security_state_classification,Interactive SSH impostor detection,claimed user versus impostor|2,claimed user versus impostor,2,exact,binary,interactive_session,DES0159 | DES0160 | DES0161,both_or_unspecified,yes,eligible,,EVD1863 | EVD1663 | EVD1664 | EVD1665
SCH0321,P42933,DS-P42933-LBNL-SSH,endpoint_or_platform_identification,Interactive SSH user identification,user identity|183,user identity,183,exact,multiclass,interactive_session,DES0162,both_or_unspecified,yes,eligible,,EVD1863 | EVD1666
SCH0322,P42933,DS-P42933-LBNL-TELNET,security_state_classification,Interactive Telnet and Rlogin impostor detection,claimed user versus impostor|2,claimed user versus impostor,2,exact,binary,interactive_session,DES0163,both_or_unspecified,yes,eligible,,EVD1864 | EVD1667
SCH0323,P43021,DS-P43021-VA-FP,semantic_inference,Alexa streaming-command fingerprinting,streaming command identity::15,streaming command identity,15,exact,multiclass,action_or_visit,DES0467,both,yes,eligible,,EVD2128
SCH0324,P43021,DS-DEEPVC-ALEXA-2019,semantic_inference,DeepVC benchmark voice-command fingerprinting,voice command identity::100,voice command identity,100,exact,multiclass,action_or_visit,DES0464,both,yes,eligible,,EVD2125
SCH0325,P43021,DS-P43021-VA-FP,semantic_inference,Alexa skills fingerprinting,voice assistant skill identity::100,voice assistant skill identity,100,exact,multiclass,action_or_visit,DES0466,both,yes,eligible,,EVD2127
SCH0326,P43021,DS-P43021-VA-FP,semantic_inference,Five-user real-world known-command evaluation,known voice command identity::15,known voice command identity,15,exact,multiclass,action_or_visit,DES0471,both,yes,eligible,,EVD2132
SCH0327,P43021,DS-P43021-VA-FP,semantic_inference,Cross-assistant simple-command matched evaluation | Lab-to-new-home cross-environment command fingerprinting,voice command identity::50,voice command identity,50,exact,multiclass,action_or_visit,DES0468 | DES0470,both,yes,eligible,,EVD2129 | EVD2131
SCH0328,P43021,DS-P43021-VA-FP,semantic_inference,Alexa simple-command fingerprinting | Mix100 chronological command fingerprinting,voice command identity::100,voice command identity,100,exact,multiclass,action_or_visit,DES0465 | DES0469,both,yes,eligible,,EVD2126 | EVD2130
SCH0329,P43026,DS-DF-2017,semantic_inference,Bandwidth-proxy fastest/slowest holdout | DF closed-world website fingerprinting | DF defended full-knowledge evaluation | Partial-knowledge WTF-PAD distribution evaluation,website identity::95,website identity,95,exact,multiclass,action_or_visit | session_or_trace,DES0472 | DES0474 | DES0476 | DES0477,both,yes,eligible,,EVD2133 | EVD2135 | EVD2137 | EVD2138
SCH0330,P43026,DS-DF-2017,semantic_inference,DF open-world website fingerprinting,95 monitored website identities with unmonitored background::95,95 monitored website identities with unmonitored background,95,exact,multiclass,action_or_visit,DES0478,both,yes,eligible,,EVD2139
SCH0331,P43026,DS-TIKTOK-LIVE-WALKIE-TALKIE-2019,semantic_inference,Live Walkie-Talkie closed-world website fingerprinting | Walkie-Talkie defended full-knowledge evaluation,website identity::100,website identity,100,exact,multiclass,action_or_visit | session_or_trace,DES0473 | DES0475,both,yes,eligible,,EVD2134 | EVD2136
SCH0332,P43500,DS-P43500-P43500-ALEXA-WSC-HMM,semantic_inference,Browsing-history website-set fingerprinting,website identity in multi-page browsing history::100,website identity in multi-page browsing history,100,exact,multiclass,session_or_trace,DES0481,target,yes,eligible,,EVD2142
SCH0333,P43500,DS-P43500-P43500-ALEXA-WSC-FG,semantic_inference,ALEXA open-world monitored-site identification,100 monitored website identities with background rejection::100,100 monitored website identities with background rejection,100,exact,multiclass,action_or_visit,DES0482,both,yes,eligible,,EVD2143
SCH0334,P43500,DS-P43500-P43500-ALEXA-WSC-BG,semantic_inference,ALEXA open-world monitored-site identification,100 monitored website identities with background rejection::100,100 monitored website identities with background rejection,100,exact,multiclass,action_or_visit,DES0482,background,no,eligible,,EVD2143
SCH0335,P43500,DS-P43500-P43500-ALEXA-WSC-FG,semantic_inference,Browsing-history website-set fingerprinting,website identity in multi-page browsing history::100,website identity in multi-page browsing history,100,exact,multiclass,session_or_trace,DES0481,source,yes,eligible,,EVD2142
SCH0336,P43500,DS-P43500-P43500-TRANCO-WSC-FG,semantic_inference,TRANCO closed-world website-set fingerprinting,website identity::100,website identity,100,exact,multiclass,action_or_visit,DES0480,both,yes,eligible,,EVD2141
SCH0337,P43500,DS-P43500-P43500-ALEXA-WSC-FG,semantic_inference,ALEXA closed-world website-set fingerprinting,website identity::100,website identity,100,exact,multiclass,action_or_visit,DES0479,both,yes,eligible,,EVD2140
SCH0338,P43680,DS-CIRA-CIC-DOHBRW-2020,security_state_classification,DNS over HTTPS tunnel tool classification,"benign, dns2tcp, dnscat2, and iodine::4","Benign, DNS2TCP, DNSCat2, and Iodine",4,exact,multiclass,network_flow,DES0164,both,yes,eligible,,EVD1869 | EVD1865
SCH0339,P43680,DS-TII-SSRC-23,security_state_classification,Intrusion traffic classification,"benign-audio, benign-video, bruteforce-http, bruteforce-telnet, and mirai::5","Benign-audio, Benign-video, BruteForce-http, BruteForce-telnet, and Mirai",5,exact,multiclass,network_flow,DES0165,both,yes,eligible,,EVD1869 | EVD1865
SCH0340,P43793,DS-P43793-FBSAD,security_state_classification,Fake base-station packet classification,fake-base-station versus benign packet|2,fake-base-station versus benign packet,2,exact,binary,packet,DES0166,both_or_unspecified,yes,eligible,,EVD1870 | EVD1668
SCH0341,P43793,DS-P43793-FBSAD,security_state_classification,Fake base-station trace classification,fake-base-station versus benign trace|2,fake-base-station versus benign trace,2,exact,binary,trace,DES0166 | DES0167 | DES0170,both_or_unspecified,yes,eligible,,EVD1870 | EVD1668 | EVD1669 | EVD1672
SCH0342,P43793,DS-P43793-LAB-VALIDATION,security_state_classification,Deployed fake base-station detection,fake-base-station versus benign trace|2,fake-base-station versus benign trace,2,exact,binary,trace,DES0167 | DES0170,both_or_unspecified,yes,eligible,,EVD1871 | EVD1669 | EVD1672
SCH0343,P43793,DS-P43793-LAB-VALIDATION,security_state_classification,Deployed multi-step attack recognition,benign plus 21 attack identities|22,benign plus 21 attack identities,22,exact,multiclass,trace_graph,DES0168,both_or_unspecified,yes,eligible,,EVD1871 | EVD1670
SCH0344,P43793,DS-P43793-MSAD,security_state_classification,Multi-step cellular attack recognition,benign plus 21 attack identities|22,benign plus 21 attack identities,22,exact,multiclass,trace_graph,DES0168 | DES0169,both_or_unspecified,yes,eligible,,EVD1872 | EVD1671 | EVD1670
SCH0345,P43907,DS-P43907-SMS-AIT,security_state_classification,Native-channel AIT detection,artificially inflated SMS attack versus genuine request|2,artificially inflated SMS attack versus genuine request,2,exact,binary,sms_request,DES0171,both_or_unspecified,yes,eligible,,EVD1873 | EVD1673
SCH0346,P43907,DS-P43907-SMS-AIT,security_state_classification,Web-channel AIT detection,artificially inflated SMS attack versus genuine request|2,artificially inflated SMS attack versus genuine request,2,exact,binary,sms_request,DES0172,both_or_unspecified,yes,eligible,,EVD1873 | EVD1674
SCH0347,P44356,DS-ISCX-IDS-2012,security_state_classification,ISCX IDS attack-type classification,normal plus four attack categories::5,normal plus four attack categories,5,exact,multiclass,flow,DES0483,both,yes,eligible,,EVD2144
SCH0348,P44356,DS-ISCX-VPN-2016,semantic_inference,Balanced VPN application classification | Balanced-to-full VPN verification | Small-sample full VPN experiment,15 application classes::15,15 application classes,15,exact,multiclass,flow | unknown,DES0484 | DES0485 | DES0486,both,yes,eligible,,EVD2145 | EVD2146 | EVD2147
SCH0349,P44828,DS-P44828-INTRADOMAIN-WPF,semantic_inference,D4 defended Instagram-page fingerprinting,50 instagram profile identities::50,50 Instagram profile identities,50,exact,multiclass,action_or_visit,DES0490,both,yes,eligible,,EVD2151
SCH0350,P44828,DS-P44828-INTRADOMAIN-WPF,semantic_inference,D4-to-D5 Instagram-over-Tor transfer,50 instagram profile identities::50,50 Instagram profile identities,50,exact,multiclass,action_or_visit,DES0491,both,yes,eligible,,EVD2152
SCH0351,P45261,DS-ISCX-VPN-2016,semantic_inference,ISCX-VPN service classification,vpn service category::12,VPN service category,12,exact,multiclass,flow,DES0496,both,yes,eligible,,EVD2157 | EVD2158
SCH0352,P45261,DS-ISCX-VPN-2016,semantic_inference,ISCX-VPN application classification,vpn application identity::17,VPN application identity,17,exact,multiclass,flow,DES0495,both,yes,eligible,,EVD2156
SCH0353,P45261,DS-ISCX-TOR-2016,semantic_inference,ISCX-Tor application classification,tor application/service identity::16,Tor application/service identity,16,exact,multiclass,flow,DES0494,both,yes,eligible,,EVD2155
SCH0354,P45261,DS-CROSS-PLATFORM-2017,semantic_inference,Cross-Platform app classification,mobile application identity::411,mobile application identity,411,exact,multiclass,flow,DES0492,both,yes,eligible,,EVD2153
SCH0355,P45261,DS-USTC-TFC-2016,other_eligible_fixed_labels,USTC-TFC traffic classification,benign application or malware family::20,benign application or malware family,20,exact,multiclass,flow,DES0497,both,yes,eligible,,EVD2159
SCH0356,P45721,DS-P45721-APPSNIFFER,semantic_inference,Chronological time-series CV1 | Chronological time-series CV2 | Chronological time-series CV3 | Normal-network to VPN app fingerprinting,mobile application identity::100,mobile application identity,100,exact,multiclass,action_or_visit,DES0498 | DES0499 | DES0500 | DES0501,both,yes,eligible,,EVD2160 | EVD2161 | EVD2162 | EVD2163
SCH0357,P45879,DS-P45879-LOW-OVERHEAD-WF,semantic_inference,Closed-world browser-specific website fingerprinting,website identity::100,website identity,100,exact,multiclass,action_or_visit,DES0502,both,yes,eligible,,EVD2164
SCH0358,P45879,DS-P45879-LOW-OVERHEAD-WF,semantic_inference,Open-world website fingerprinting,100 monitored website identities with unmonitored background::100,100 monitored website identities with unmonitored background,100,exact,multiclass,action_or_visit,DES0503,both,yes,eligible,,EVD2165
SCH0359,P46126,DS-P46126-NETTRACK,security_state_classification,Web tracker traffic detection,tracker versus benign traffic|2,tracker versus benign traffic,2,exact,binary,tcp_connection,DES0173,both_or_unspecified,yes,eligible,,EVD1874 | EVD1675
SCH0360,P46215,DS-P46215-SCANNERSCOPE,security_state_classification,Joomla vulnerability-scanner detection,web vulnerability scanner versus human visitor|2,web vulnerability scanner versus human visitor,2,exact,binary,request_window,DES0174 | DES0175 | DES0176,both_or_unspecified,yes,eligible,,EVD1875 | EVD1677 | EVD1676 | EVD1678
SCH0361,P46215,DS-P46215-SCANNERSCOPE,security_state_classification,WordPress vulnerability-scanner detection,web vulnerability scanner versus human visitor|2,web vulnerability scanner versus human visitor,2,exact,binary,request_window,DES0174 | DES0176 | DES0177,both_or_unspecified,yes,eligible,,EVD1875 | EVD1679 | EVD1676 | EVD1678
SCH0362,P46267,DS-ISCX-TOR-2016,semantic_inference,ISCX-nonTor behaviour classification,eight user-behaviour categories without tor::8,eight user-behaviour categories without Tor,8,exact,multiclass,flow,DES0510,both,yes,eligible,,EVD2172
SCH0363,P46267,DS-P46267-TFE-GNN-WWT,semantic_inference,WeChat behaviour classification,wechat user-behaviour category::9,WeChat user-behaviour category,9,exact,multiclass,flow,DES0505,both,yes,eligible,,EVD2167
SCH0364,P46267,DS-P46267-TFE-GNN-WWT,semantic_inference,Telegram behaviour classification,telegram user-behaviour category::6,Telegram user-behaviour category,6,exact,multiclass,flow,DES0506,both,yes,eligible,,EVD2168
SCH0365,P46267,DS-ISCX-VPN-2016,semantic_inference,ISCX-nonVPN behaviour classification,six user-behaviour categories without vpn::6,six user-behaviour categories without VPN,6,exact,multiclass,flow,DES0508,both,yes,eligible,,EVD2170
SCH0366,P46267,DS-ISCX-TOR-2016,semantic_inference,ISCX-Tor behaviour classification,eight user-behaviour categories over tor::8,eight user-behaviour categories over Tor,8,exact,multiclass,flow,DES0509,both,yes,eligible,,EVD2171
SCH0367,P46267,DS-P46267-TFE-GNN-WWT,semantic_inference,WhatsApp behaviour classification,whatsapp user-behaviour category::12,WhatsApp user-behaviour category,12,exact,multiclass,flow,DES0504,both,yes,eligible,,EVD2166
SCH0368,P46267,DS-ISCX-VPN-2016,semantic_inference,ISCX-VPN behaviour classification,six user-behaviour categories over vpn::6,six user-behaviour categories over VPN,6,exact,multiclass,flow,DES0507,both,yes,eligible,,EVD2169
SCH0369,P46427,DS-USTC-TFC-2016,other_eligible_fixed_labels,USTC-TFC traffic-family classification,benign application or malware-family identity::20,benign application or malware-family identity,20,exact,multiclass,flow,DES0514,both,yes,eligible,,EVD2176
SCH0370,P46427,DS-CROSS-PLATFORM-2017,semantic_inference,Cross-Platform app classification,mobile application identity::411,mobile application identity,411,exact,multiclass,flow,DES0515,both,yes,eligible,,EVD2177
SCH0371,P46427,DS-SJTU-AN21,semantic_inference,SJTU-AN21 anonymous-traffic classification,anonymity-network/service class::10,anonymity-network/service class,10,exact,multiclass,file_or_capture,DES0511,both,yes,eligible,,EVD2173
SCH0372,P46427,DS-ISCX-TOR-2016,semantic_inference,ISCX-Tor traffic classification,application/status class::16,application/status class,16,exact,multiclass,flow,DES0512,both,yes,eligible,,EVD2174
SCH0373,P46427,DS-ISCX-VPN-2016,semantic_inference,ISCX-VPN traffic classification,application/service and vpn status class::17,application/service and VPN status class,17,exact,multiclass,flow,DES0513,both,yes,eligible,,EVD2175
SCH0374,P46522,DS-DF-2017,semantic_inference,CF-to-WTF-PAD-DF open-world adaptation,df monitored website identity under wtf-pad with unmonitored background::95,DF monitored website identity under WTF-PAD with unmonitored background,95,exact,multiclass,action_or_visit,DES0522,target,yes,eligible,,EVD2184
SCH0375,P46522,DS-DF-2017,semantic_inference,CF-to-DF open-world adaptation,df monitored website identity with unmonitored background::95,DF monitored website identity with unmonitored background,95,exact,multiclass,action_or_visit,DES0521,target,yes,eligible,,EVD2183
SCH0376,P46522,DS-P46522-CF-2022-2023,semantic_inference,CF500 to AWF100 closed-world adaptation,awf website identity::100,AWF website identity,100,exact,multiclass,action_or_visit,DES0516,source,yes,eligible,,EVD2178
SCH0377,P46522,DS-P46522-CF-2022-2023,semantic_inference,CF-to-DF open-world adaptation,df monitored website identity with unmonitored background::95,DF monitored website identity with unmonitored background,95,exact,multiclass,action_or_visit,DES0521,source,yes,eligible,,EVD2183
SCH0378,P46522,DS-P46522-CF-2022-2023,semantic_inference,CF500 to Wang100 closed-world adaptation,wang website identity::100,Wang website identity,100,exact,multiclass,action_or_visit,DES0518,source,yes,eligible,,EVD2180
SCH0379,P46522,DS-AWF-2017,semantic_inference,AWF775 to AWF100 same-distribution adaptation | CF500 to AWF100 closed-world adaptation,awf website identity::100,AWF website identity,100,exact,multiclass,action_or_visit,DES0516 | DES0519,both | target,yes,eligible,,EVD2178 | EVD2181
SCH0380,P46522,DS-P46522-CF-2022-2023,semantic_inference,CF-to-WTF-PAD-DF open-world adaptation,df monitored website identity under wtf-pad with unmonitored background::95,DF monitored website identity under WTF-PAD with unmonitored background,95,exact,multiclass,action_or_visit,DES0522,source,yes,eligible,,EVD2184
SCH0381,P46522,DS-AWF-2017,semantic_inference,CF-to-AWF open-world adaptation,awf monitored website identity with unmonitored background::100,AWF monitored website identity with unmonitored background,100,exact,multiclass,action_or_visit,DES0520,target,yes,eligible,,EVD2182
SCH0382,P46522,DS-P46522-CF-2022-2023,semantic_inference,CF-to-AWF open-world adaptation,awf monitored website identity with unmonitored background::100,AWF monitored website identity with unmonitored background,100,exact,multiclass,action_or_visit,DES0520,source,yes,eligible,,EVD2182
SCH0383,P46522,DS-WANG-WF-2014,semantic_inference,CF500 to Wang100 closed-world adaptation,wang website identity::100,Wang website identity,100,exact,multiclass,action_or_visit,DES0518,target,yes,eligible,,EVD2180
SCH0384,P46522,DS-DF-2017,semantic_inference,CF500 to DF95 closed-world adaptation,df website identity::95,DF website identity,95,exact,multiclass,action_or_visit,DES0517,target,yes,eligible,,EVD2179
SCH0385,P46522,DS-P46522-CF-2022-2023,semantic_inference,CF500 to DF95 closed-world adaptation,df website identity::95,DF website identity,95,exact,multiclass,action_or_visit,DES0517,source,yes,eligible,,EVD2179
SCH0386,P46578,DS-CSE-CIC-IDS-2018,security_state_classification,NF-CSE-CIC-IDS2018-V2 attack-type classification,benign plus attack type::7,benign plus attack type,7,exact,multiclass,flow,DES0524,both,yes,eligible,,EVD2186
SCH0387,P46578,DS-TON-IOT,security_state_classification,NF-ToN-IoT-V2 attack-type classification,benign plus attack type::10,benign plus attack type,10,exact,multiclass,flow,DES0523,both,yes,eligible,,EVD2185
SCH0388,P47085,DS-ISCX-TOR-2016,semantic_inference,Class-incremental ISCXTor2016 classification,known and newly discovered traffic class::8,known and newly discovered traffic class,8,exact,multiclass,flow,DES0530,both,yes,eligible,,EVD2192
SCH0389,P47085,DS-CIC-IDS-2017,semantic_inference,Class-incremental IDS2017/2018 selected IDS view classification,known and newly discovered traffic class::8,known and newly discovered traffic class,8,exact,multiclass,flow,DES0531,both,yes,eligible,,EVD2193
SCH0390,P47085,DS-CROSSNET-2021,semantic_inference,CrossNet scenario-A to scenario-B classification,application identity::20,application identity,20,exact,multiclass,dataset,DES0534,both,yes,eligible,,EVD2197
SCH0391,P47085,DS-CROSSNET-2021,semantic_inference,Class-incremental CrossNet2021 classification,known and newly discovered traffic class::20,known and newly discovered traffic class,20,exact,multiclass,flow,DES0532,both,yes,eligible,,EVD2194
SCH0392,P47085,DS-CIC-IDS-2017,other_eligible_fixed_labels,Supervised IDS2017/2018 selected IDS view fine-grained classification,application/service or attack type::8,application/service or attack type,8,exact,multiclass,flow,DES0527,both,yes,eligible,,EVD2189
SCH0393,P47085,DS-CIC-IDS-2017,security_state_classification,IDS2017 to IDS2018 supervised multiclass transfer,intrusion/attack type::8,intrusion/attack type,8,exact,multiclass,dataset,DES0533,source,yes,eligible,,EVD2195 | EVD2196 | EVD2198
SCH0394,P47085,DS-CROSSNET-2021,other_eligible_fixed_labels,Supervised CrossNet2021 fine-grained classification,application/service or attack type::20,application/service or attack type,20,exact,multiclass,flow,DES0528,both,yes,eligible,,EVD2190
SCH0395,P47085,DS-CSE-CIC-IDS-2018,security_state_classification,IDS2017 to IDS2018 supervised multiclass transfer,intrusion/attack type::8,intrusion/attack type,8,exact,multiclass,dataset,DES0533,target,yes,eligible,,EVD2195 | EVD2196 | EVD2198
SCH0396,P47085,DS-USTC-TFC-2016,semantic_inference,Class-incremental USTC-TFC2016 classification,known and newly discovered traffic class::20,known and newly discovered traffic class,20,exact,multiclass,flow,DES0529,both,yes,eligible,,EVD2191
SCH0397,P47085,DS-ISCX-TOR-2016,other_eligible_fixed_labels,Supervised ISCXTor2016 fine-grained classification,application/service or attack type::8,application/service or attack type,8,exact,multiclass,flow,DES0526,both,yes,eligible,,EVD2188
SCH0398,P47085,DS-USTC-TFC-2016,other_eligible_fixed_labels,Supervised USTC-TFC2016 fine-grained classification,application/service or attack type::20,application/service or attack type,20,exact,multiclass,flow,DES0525,both,yes,eligible,,EVD2187
SCH0399,P47353,DS-P47353-DECETT,semantic_inference,Mixed-tunnel app fingerprinting | OpenVPN app fingerprinting | Shadowsocks app fingerprinting | ShadowsocksR app fingerprinting | Trojan app fingerprinting | V2Ray app fingerprinting,mobile application identity::54,mobile application identity,54,exact,multiclass,mixed | session_or_trace,DES0535 | DES0536 | DES0537 | DES0538 | DES0539 | DES0540,both,yes,eligible,,EVD2199 | EVD2200 | EVD2201 | EVD2202 | EVD2203 | EVD2204
SCH0400,P47584,DS-P47584-HOLMES-WATSON,semantic_inference,Closed-world popular-site fingerprinting,website identity::1600,website identity,1600,exact,multiclass,action_or_visit,DES0541,both,yes,eligible,,EVD2205 | EVD1876
SCH0401,P47584,DS-P47584-HOLMES-WATSON,semantic_inference,18-day concept-drift website fingerprinting | 30-day concept-drift website fingerprinting | Cross-Chrome-version website fingerprinting | Cross-browser website fingerprinting | Cross-network website fingerprinting | Matched-browser website fingerprinting,website identity::200,website identity,200,exact,multiclass,action_or_visit,DES0544 | DES0545 | DES0546 | DES0548 | DES0549 | DES0550,both,yes,eligible,,EVD2208 | EVD2209 | EVD2210 | EVD2212 | EVD2213 | EVD2214 | EVD2217 | EVD2218
SCH0402,P47584,DS-P47584-HOLMES-WATSON,semantic_inference,Open-world censorship-site fingerprinting,monitored website identity with unmonitored background::321,320 monitored website identities plus one unmonitored output class,321,exact_N_plus_1,multiclass,action_or_visit,DES0547,both,yes,eligible,,EVD2211 | EVD1876 | EVD1877
SCH0403,P47584,DS-P47584-HOLMES-WATSON,semantic_inference,Closed-world censorship-site fingerprinting | Padding-aware defended website fingerprinting | Padding-unaware defended website fingerprinting,censorship-site website identity|320,website identity,320,exact,multiclass,action_or_visit,DES0543 | DES0551 | DES0552,both,yes,eligible,,EVD2207 | EVD2215 | EVD2216 | EVD1876
SCH0404,P47584,DS-P47584-HOLMES-WATSON,semantic_inference,Closed-world random-site fingerprinting,random-site website identity|320,website identity,320,exact,multiclass,action_or_visit,DES0542,both,yes,eligible,,EVD2206 | EVD1876
SCH0405,P48170,DS-P48170-NOMOATS,security_state_classification,General mobile A&T request detection,advertising or tracking request versus other request|2,advertising or tracking request versus other request,2,exact,binary,http_request,DES0178,both_or_unspecified,yes,eligible,,EVD1878 | EVD1680
SCH0406,P48170,DS-P48170-NOMOATS,security_state_classification,Per-app mobile A&T request detection,advertising or tracking request versus other request|2,advertising or tracking request versus other request,2,exact,binary,http_request,DES0179,both_or_unspecified,yes,eligible,,EVD1878 | EVD1681
SCH0407,P48205,DS-ONION-SITES-2016,semantic_inference,Circuit-disjoint onion-service WF,website identity::538,website identity,538,exact,multiclass,session_or_trace,DES0554,both,yes,eligible,,EVD2220
SCH0408,P48205,DS-TIKTOK-LIVE-WALKIE-TALKIE-2019,semantic_inference,Circuit-disjoint live Walkie-Talkie WF,website identity::100,website identity,100,exact,multiclass,session_or_trace,DES0555,both,yes,eligible,,EVD2221
SCH0409,P48205,DS-DF-2017,semantic_inference,Circuit-disjoint undefended/defended WF | Fast/slow-circuit transfer,website identity::95,website identity,95,exact,multiclass,session_or_trace,DES0553 | DES0556,both,yes,eligible,,EVD2219 | EVD2222
SCH0410,P48207,DS-WANG-WF-2014,semantic_inference,Wang oracle-assisted WF,website identity::100,website identity,100,exact,multiclass,action_or_visit,DES0558,both,yes,eligible,,EVD2224
SCH0411,P48207,DS-DF-2017,semantic_inference,DF oracle-assisted WF,website identity::95,website identity,95,exact,multiclass,action_or_visit,DES0557,both,yes,eligible,,EVD2223
SCH0412,P48207,DS-GRESCHBACH-DNS-TOR-UNMONITORED,semantic_inference,Greschbach open-world oracle experiment,100 monitored sites plus unmonitored::101,100 monitored website identities plus one unmonitored output class,101,exact,multiclass,action_or_visit,DES0560,both,yes,eligible,,EVD2226 | EVD1879
SCH0413,P48207,DS-DYNAFLOW-LU-2018-SOURCE,semantic_inference,DynaFlow oracle-assisted WF,website identity::100,website identity,100,exact,multiclass,action_or_visit,DES0559,both,yes,eligible,,EVD2225
SCH0414,P48246,DS-DF-2017,semantic_inference,Circuit-diversity holdout,website identity::95,website identity,95,exact,multiclass,session_or_trace,DES0563,both,yes,eligible,,EVD2229
SCH0415,P48246,DS-AWF-2017,semantic_inference,Data-limited index-page WF,website identity::900,website identity,900,exact,multiclass,action_or_visit,DES0561,both,yes,eligible,,EVD2227
SCH0416,P48246,DS-P48246-GANDALF,semantic_inference,Data-limited subpage WF,25 monitored websites::25,25 monitored websites,25,exact,multiclass,action_or_visit,DES0562,both,yes,eligible,,EVD2228
SCH0417,P48290,DS-P48290-QUIC-TCP-WF-2021,semantic_inference,Matched/mixed TCP-QUIC WF | TCP-to-QUIC protocol transfer,100 monitored websites plus unmonitored::101,100 monitored website identities plus one unmonitored output class,101,exact,multiclass,action_or_visit,DES0564 | DES0565,both,yes,eligible,,EVD2230 | EVD2231 | EVD1880
SCH0418,P48305,DS-YOURTHINGS-2019,endpoint_or_platform_identification,HomeSnitch-to-YourThings cross-dataset transfer | YourThings-to-HomeSnitch cross-dataset transfer,five common iot device identities::5,five common IoT device identities,5,exact,multiclass,dataset,DES0578 | DES0579,source | target,yes,eligible,,EVD2248 | EVD2249 | EVD2250 | EVD2251
SCH0419,P48305,DS-P48305-IOT-GENERALIZABILITY-OWN-NC-2021-RECAPTURE,endpoint_or_platform_identification,Own-lab robust-feature temporal recapture | Own-lab temporal recapture,eight common iot device identities::8,eight common IoT device identities,8,exact,multiclass,dataset,DES0572 | DES0586,target,yes,eligible,,EVD2238 | EVD2239 | EVD2261
SCH0420,P48305,DS-P48305-HOMESNITCH-FLORIDA-2020,endpoint_or_platform_identification,HomeSnitch matched evaluation,iot device identity::24,IoT device identity,24,exact,multiclass,flow,DES0567,both,yes,eligible,,EVD2233
SCH0421,P48305,DS-P48305-HOMESNITCH-FLORIDA-2020,endpoint_or_platform_identification,HomeSnitch-plus-YourThings-to-own-lab transfer,four target iot device identities represented in the source mixture::4,four target IoT device identities represented in the source mixture,4,exact,multiclass,dataset,DES0582,source,yes,eligible,,EVD2256 | EVD2257
SCH0422,P48305,DS-YOURTHINGS-2019,endpoint_or_platform_identification,HomeSnitch-plus-YourThings-to-own-lab transfer,four target iot device identities represented in the source mixture::4,four target IoT device identities represented in the source mixture,4,exact,multiclass,dataset,DES0582,source,yes,eligible,,EVD2256 | EVD2257
SCH0423,P48305,DS-P48305-HOMESNITCH-FLORIDA-2021-RECAPTURE,endpoint_or_platform_identification,HomeSnitch temporal recapture,common iot device identities::15,common IoT device identities,15,exact,multiclass,dataset,DES0573,target,yes,eligible,,EVD2240 | EVD2241
SCH0424,P48305,DS-P48305-IOT-GENERALIZABILITY-OWN-NC-2020,endpoint_or_platform_identification,Own-lab robust-feature temporal recapture | Own-lab temporal recapture,eight common iot device identities::8,eight common IoT device identities,8,exact,multiclass,dataset,DES0572 | DES0586,source,yes,eligible,,EVD2238 | EVD2239 | EVD2261
SCH0425,P48305,DS-P48305-IOT-GENERALIZABILITY-OWN-NC-2020,endpoint_or_platform_identification,Own-lab matched evaluation,iot device identity::8,IoT device identity,8,exact,multiclass,flow,DES0568,both,yes,eligible,,EVD2234
SCH0426,P48305,DS-SIVANATHAN-IOT-2018,endpoint_or_platform_identification,Sivanathan matched evaluation,iot device identity::19,IoT device identity,19,exact,multiclass,flow,DES0570,both,yes,eligible,,EVD2236
SCH0427,P48305,DS-YOURTHINGS-2019,endpoint_or_platform_identification,HomeSnitch-plus-own-lab-to-YourThings transfer,seven target iot device identities represented in the source mixture::7,seven target IoT device identities represented in the source mixture,7,exact,multiclass,dataset,DES0581,target,yes,eligible,,EVD2254 | EVD2255
SCH0428,P48305,DS-YOURTHINGS-2019,endpoint_or_platform_identification,YourThings matched evaluation,iot device identity::45,IoT device identity,45,exact,multiclass,flow,DES0571,both,yes,eligible,,EVD2237
SCH0429,P48305,DS-MONIOT-2019,endpoint_or_platform_identification,Mon(IoT)r matched evaluation,iot device identity::21,IoT device identity,21,exact,multiclass,flow,DES0566,both,yes,eligible,,EVD2232
SCH0430,P48305,DS-P48305-IOT-GENERALIZABILITY-OWN-NC-2020,endpoint_or_platform_identification,HomeSnitch-plus-YourThings-to-own-lab transfer,four target iot device identities represented in the source mixture::4,four target IoT device identities represented in the source mixture,4,exact,multiclass,dataset,DES0582,target,yes,eligible,,EVD2256 | EVD2257
SCH0431,P48305,DS-P48305-IOT-GENERALIZABILITY-OWN-NC-2020,endpoint_or_platform_identification,YourThings-plus-own-lab-to-HomeSnitch transfer,five target iot device identities represented in the source mixture::5,five target IoT device identities represented in the source mixture,5,exact,multiclass,dataset,DES0580,source,yes,eligible,,EVD2252 | EVD2253
SCH0432,P48305,DS-P48305-IOT-GENERALIZABILITY-OWN-NC-2020,endpoint_or_platform_identification,HomeSnitch-plus-own-lab-to-YourThings transfer,seven target iot device identities represented in the source mixture::7,seven target IoT device identities represented in the source mixture,7,exact,multiclass,dataset,DES0581,source,yes,eligible,,EVD2254 | EVD2255
SCH0433,P48305,DS-YOURTHINGS-2019,endpoint_or_platform_identification,Mon(IoT)r-to-YourThings all-feature temporal transfer | Mon(IoT)r-to-YourThings robust-feature temporal transfer | YourThings-to-Mon(IoT)r all-feature temporal transfer | YourThings-to-Mon(IoT)r robust-feature temporal transfer,13 common iot device identities::13,13 common IoT device identities,13,exact,multiclass,dataset,DES0575 | DES0583 | DES0584 | DES0585,source | target,yes,eligible,,EVD2243 | EVD2258 | EVD2259 | EVD2260
SCH0434,P48305,DS-P48305-HOMESNITCH-FLORIDA-2020,endpoint_or_platform_identification,HomeSnitch temporal recapture,common iot device identities::15,common IoT device identities,15,exact,multiclass,dataset,DES0573,source,yes,eligible,,EVD2240 | EVD2241
SCH0435,P48305,DS-YOURTHINGS-2019,endpoint_or_platform_identification,YourThings-plus-own-lab-to-HomeSnitch transfer,five target iot device identities represented in the source mixture::5,five target IoT device identities represented in the source mixture,5,exact,multiclass,dataset,DES0580,source,yes,eligible,,EVD2252 | EVD2253
SCH0436,P48305,DS-MONIOT-2019,endpoint_or_platform_identification,Mon(IoT)r-to-YourThings all-feature temporal transfer | Mon(IoT)r-to-YourThings robust-feature temporal transfer | YourThings-to-Mon(IoT)r all-feature temporal transfer | YourThings-to-Mon(IoT)r robust-feature temporal transfer,13 common iot device identities::13,13 common IoT device identities,13,exact,multiclass,dataset,DES0575 | DES0583 | DES0584 | DES0585,source | target,yes,eligible,,EVD2243 | EVD2258 | EVD2259 | EVD2260
SCH0437,P48305,DS-P48305-HOMESNITCH-FLORIDA-2020,endpoint_or_platform_identification,HomeSnitch-to-YourThings cross-dataset transfer | YourThings-to-HomeSnitch cross-dataset transfer,five common iot device identities::5,five common IoT device identities,5,exact,multiclass,dataset,DES0578 | DES0579,source | target,yes,eligible,,EVD2248 | EVD2249 | EVD2250 | EVD2251
SCH0438,P48305,DS-P48305-IOT-GENERALIZABILITY-OWN-NC-2020,endpoint_or_platform_identification,Own-lab-to-YourThings cross-dataset transfer | YourThings-to-own-lab cross-dataset transfer,four common iot device identities::4,four common IoT device identities,4,exact,multiclass,dataset,DES0576 | DES0577,source | target,yes,eligible,,EVD2244 | EVD2245 | EVD2246 | EVD2247
SCH0439,P48305,DS-PINGPONG-IOT,endpoint_or_platform_identification,PingPong matched evaluation,iot device identity::17,IoT device identity,17,exact,multiclass,flow,DES0569,both,yes,eligible,,EVD2235
SCH0440,P48305,DS-P48305-HOMESNITCH-FLORIDA-2020,endpoint_or_platform_identification,YourThings-plus-own-lab-to-HomeSnitch transfer,five target iot device identities represented in the source mixture::5,five target IoT device identities represented in the source mixture,5,exact,multiclass,dataset,DES0580,target,yes,eligible,,EVD2252 | EVD2253
SCH0441,P48305,DS-YOURTHINGS-2019,endpoint_or_platform_identification,Own-lab-to-YourThings cross-dataset transfer | YourThings-to-own-lab cross-dataset transfer,four common iot device identities::4,four common IoT device identities,4,exact,multiclass,dataset,DES0576 | DES0577,source | target,yes,eligible,,EVD2244 | EVD2245 | EVD2246 | EVD2247
SCH0442,P48305,DS-P48305-HOMESNITCH-FLORIDA-2021-RECAPTURE,endpoint_or_platform_identification,HomeSnitch robust-feature temporal recapture,15 common iot device identities::15,15 common IoT device identities,15,exact,multiclass,dataset,DES0587,target,yes,eligible,,EVD2262
SCH0443,P48305,DS-P48305-HOMESNITCH-FLORIDA-2020,endpoint_or_platform_identification,HomeSnitch-plus-own-lab-to-YourThings transfer,seven target iot device identities represented in the source mixture::7,seven target IoT device identities represented in the source mixture,7,exact,multiclass,dataset,DES0581,source,yes,eligible,,EVD2254 | EVD2255
SCH0444,P48305,DS-P48305-HOMESNITCH-FLORIDA-2020,endpoint_or_platform_identification,HomeSnitch robust-feature temporal recapture,15 common iot device identities::15,15 common IoT device identities,15,exact,multiclass,dataset,DES0587,source,yes,eligible,,EVD2262
SCH0445,P48305,DS-MONIOT-2019,endpoint_or_platform_identification,Mon(IoT)r US-UK geographic transfer,21 common iot device identities::21,21 common IoT device identities,21,exact,multiclass,dataset,DES0574,both,yes,eligible,,EVD2242
SCH0446,P48443,DS-P48443-EXPLAINWF-SHADOW,semantic_inference,Live Tor to Shadow transfer | Multi-condition Shadow training with held-out seed | Robust Shadow model to live Tor | Shadow load-and-seed cross-condition matrix | Shadow matched-condition website fingerprinting | Shadow to live Tor transfer,website identity::98,website identity,98,exact,multiclass,action_or_visit | dataset | file_or_capture,DES0589 | DES0590 | DES0591 | DES0592 | DES0593 | DES0594,both | source | target,yes,eligible,,EVD2265 | EVD2266 | EVD2267 | EVD2268 | EVD2269 | EVD2270
SCH0447,P48443,DS-P48443-EXPLAINWF-LIVE-TOR,semantic_inference,Live Tor matched-condition website fingerprinting | Live Tor to Shadow transfer | Robust Shadow model to live Tor | Shadow to live Tor transfer,website identity::98,website identity,98,exact,multiclass,action_or_visit | dataset,DES0588 | DES0590 | DES0591 | DES0594,both | source | target,yes,eligible,,EVD2264 | EVD2266 | EVD2267 | EVD2270
SCH0448,P48659,DS-P48659-LONGENOUGH,semantic_inference,LongEnough Beauty-and-the-Burst video fingerprinting | LongEnough CNN video-title fingerprinting | LongEnough variable-bandwidth video fingerprinting,video title identity::100,video title identity,100,exact,multiclass,session_or_trace,DES0595 | DES0596 | DES0597,both,yes,eligible,,EVD2271 | EVD2272 | EVD2273
SCH0449,P48723,DS-P48723-TEX-2022,security_state_classification,Cross-browser web tracker response classification,tracker versus non-tracker response|2,tracker versus non-tracker response,2,exact,binary,http_response,DES0180 | DES0181 | DES0182 | DES0183,both_or_unspecified,yes,eligible,,EVD1881 | EVD1684 | EVD1683 | EVD1682 | EVD1685
SCH0450,P48723,DS-P48723-TEX-2023,security_state_classification,Longitudinal Chrome web tracker classification,tracker versus non-tracker response|2,tracker versus non-tracker response,2,exact,binary,http_response,DES0183,both_or_unspecified,yes,eligible,,EVD1882 | EVD1685
SCH0451,P48758,DS-WALSH-VIDEO-2024,semantic_inference,Tor cross-vantage open-world video fingerprinting | Tor open-world video fingerprinting,monitored video identity::60,monitored video identity,60,exact,multiclass,action_or_visit,DES0599 | DES0603,both,yes,eligible,,EVD2275 | EVD2279
SCH0452,P48758,DS-WALSH-VIDEO-2024,semantic_inference,Tor cross-vantage closed-world video fingerprinting,video identity::60,video identity,60,exact,multiclass,action_or_visit,DES0601,both,yes,eligible,,EVD2277
SCH0453,P16247,DS-P16247-DOHBRW-ALL-2024,security_state_classification,DoHBrw-ALL dynamic-client classification | DoHBrw-ALL host-plus-network classification,normal doh or one of three malicious doh traffic types|4,normal DoH or one of three malicious DoH traffic types,4,exact,multiclass,session_or_trace,DES0184 | DES0186,both,yes,eligible,,EVD2280 | EVD2281 | EVD2282 | EVD2283 | EVD2284 | EVD2285 | EVD2292 | EVD2293 | EVD2294 | EVD2295 | EVD2296 | EVD2297
SCH0454,P16247,DS-CIRA-CIC-DOHBRW-2020,security_state_classification,DoHBrw-NetEnv binary network-environment classification,normal versus malicious doh|2,normal versus malicious DoH,2,exact,binary,session_or_trace,DES0185,both,yes,eligible,,EVD2286 | EVD2287 | EVD2288 | EVD2289 | EVD2290 | EVD2291
SCH0455,P16931,DS-P16931-WIKI19000,semantic_inference,TLS 1.2 to TLS 1.3 webpage fingerprinting,website identity under tls-version change|500,website identity under TLS-version change,500,exact,multiclass,action_or_visit,DES0189,both,yes,eligible,,EVD2310 | EVD2311 | EVD2312 | EVD2313 | EVD2314 | EVD2315
SCH0456,P16931,DS-P16931-WIKI19000,semantic_inference,Wiki19K Experiment 1: known-page classification,wikipedia page identity|6000,Wikipedia page identity,6000,exact,multiclass,action_or_visit,DES0187,both,yes,eligible,,EVD2298 | EVD2299 | EVD2300 | EVD2301 | EVD2302 | EVD2303
SCH0457,P16931,DS-P16931-WIKI19000,semantic_inference,Wiki19K Experiment 2: new-class reference adaptation,wikipedia page identity|13000,Wikipedia page identity,13000,exact,multiclass,action_or_visit,DES0188,both,yes,eligible,,EVD2304 | EVD2305 | EVD2306 | EVD2307 | EVD2308 | EVD2309
SCH0458,P16931,DS-P16931-GITHUB500,semantic_inference,Wiki19K to GitHub500 adaptive fingerprinting,github page identity|500,GitHub page identity,500,exact,multiclass,action_or_visit,DES0190,target,yes,eligible,,EVD2316 | EVD2317 | EVD2318 | EVD2319 | EVD2320 | EVD2321
SCH0459,P16931,DS-P16931-WIKI19000,semantic_inference,Wiki19K to GitHub500 adaptive fingerprinting,github page identity|500,GitHub page identity,500,exact,multiclass,action_or_visit,DES0190,source,no,eligible,,EVD2316 | EVD2317 | EVD2318 | EVD2319 | EVD2320 | EVD2321
SCH0460,P17290,DS-P17290-ODOH,semantic_inference,Leave-one-client-location-out ODoH fingerprinting | ODoH fingerprinting baseline | Six-week ODoH temporal fingerprinting,website identity|100,website identity,100,exact,multiclass,action_or_visit | device,DES0191 | DES0192 | DES0193,both,yes,eligible,,EVD2322 | EVD2323 | EVD2324 | EVD2325 | EVD2326 | EVD2327 | EVD2328 | EVD2329 | EVD2330 | EVD2331 | EVD2332 | EVD2333 | EVD2334 | EVD2335 | EVD2336 | EVD2337 | EVD2338 | EVD2339
SCH0461,P17610,DS-P17610-CHLO,endpoint_or_platform_identification,Netflix TCP/TLS laboratory user-platform classification | Netflix TCP/TLS laboratory-to-home user-platform classification,"netflix-specific device, operating-system, and software-agent combinations|12","Netflix-specific device, operating-system, and software-agent combinations",12,exact_from_Table_1,multiclass,flow,DES0195 | DES0199,both,yes,eligible,,EVD2346 | EVD2347 | EVD2348 | EVD2349 | EVD2350 | EVD2351 | EVD2371 | EVD2372 | EVD2373 | EVD2374 | EVD2375 | EVD2376 | EVD2377
SCH0462,P17610,DS-P17610-CHLO,endpoint_or_platform_identification,Disney+ TCP/TLS laboratory user-platform classification | Disney+ TCP/TLS laboratory-to-home user-platform classification,"disney+-specific device, operating-system, and software-agent combinations|12","Disney+-specific device, operating-system, and software-agent combinations",12,exact_from_Table_1,multiclass,flow,DES0196 | DES0200,both,yes,eligible,,EVD2352 | EVD2353 | EVD2354 | EVD2355 | EVD2356 | EVD2357 | EVD2378 | EVD2379 | EVD2380 | EVD2381 | EVD2382 | EVD2383 | EVD2384
SCH0463,P17610,DS-P17610-CHLO,endpoint_or_platform_identification,Amazon Prime Video TCP/TLS laboratory user-platform classification | Amazon Prime Video TCP/TLS laboratory-to-home user-platform classification,"amazon prime video-specific device, operating-system, and software-agent combinations|13","Amazon Prime Video-specific device, operating-system, and software-agent combinations",13,exact_from_Table_1,multiclass,flow,DES0197 | DES0201,both,yes,eligible,,EVD2358 | EVD2359 | EVD2360 | EVD2361 | EVD2362 | EVD2363 | EVD2385 | EVD2386 | EVD2387 | EVD2388 | EVD2389 | EVD2390 | EVD2391
SCH0464,P17610,DS-P17610-CHLO,endpoint_or_platform_identification,YouTube TCP/TLS laboratory user-platform classification | YouTube TCP/TLS laboratory-to-home user-platform classification,"youtube-specific device, operating-system, and software-agent combinations|15","YouTube-specific device, operating-system, and software-agent combinations",15,exact_from_Table_1,multiclass,flow,DES0194 | DES0198,both,yes,eligible,,EVD2340 | EVD2341 | EVD2342 | EVD2343 | EVD2344 | EVD2345 | EVD2364 | EVD2365 | EVD2366 | EVD2367 | EVD2368 | EVD2369 | EVD2370
SCH0465,P17815,DS-P17815-ENCRYPTED-DNS,semantic_inference,Cross-location/resolver/platform transfer,website identity|700,website identity,700,exact,multiclass,session_or_trace,DES0204,both,yes,eligible,,EVD2404 | EVD2405 | EVD2406 | EVD2407 | EVD2408 | EVD2409
SCH0466,P17815,DS-P17815-ENCRYPTED-DNS,semantic_inference,Matched-condition encrypted-DNS website classification | Two-week interval temporal transfer matrix,website identity|1500,website identity,1500,exact,multiclass,action_or_visit | session_or_trace,DES0202 | DES0203,both,yes,eligible,,EVD2392 | EVD2393 | EVD2394 | EVD2395 | EVD2396 | EVD2397 | EVD2398 | EVD2399 | EVD2400 | EVD2401 | EVD2402 | EVD2403
SCH0467,P18222,DS-CIC-INVES-ANDMAL-2019,security_state_classification,IDS malicious-flow detection | IDS-to-DoHBrw evolved-malware detection,normal_versus_malicious|2,normal TLS versus malicious TLS,2,exact,binary,flow,DES0206 | DES0207,both_or_unspecified,no,eligible,,EVD2417 | EVD2418 | EVD2419 | EVD2420 | EVD2421 | EVD2422 | EVD2423 | EVD2424 | EVD2425 | EVD2426 | EVD2427 | EVD2428 | EVD2429 | EVD2430
SCH0468,P18222,DS-CIRA-CIC-DOHBRW-2020,security_state_classification,DoHBrw malicious-flow detection | IDS-to-DoHBrw evolved-malware detection,normal_versus_malicious|2,normal DoH versus malicious DoH,2,exact,binary,flow,DES0205 | DES0207,both_or_unspecified,yes,eligible,,EVD2410 | EVD2411 | EVD2412 | EVD2413 | EVD2414 | EVD2415 | EVD2416 | EVD2424 | EVD2425 | EVD2426 | EVD2427 | EVD2428 | EVD2429 | EVD2430
SCH0469,P18222,DS-CSE-CIC-IDS-2018,security_state_classification,IDS malicious-flow detection | IDS-to-DoHBrw evolved-malware detection,normal_versus_malicious|2,normal TLS versus malicious TLS,2,exact,binary,flow,DES0206 | DES0207,both_or_unspecified,yes,eligible,,EVD2417 | EVD2418 | EVD2419 | EVD2420 | EVD2421 | EVD2422 | EVD2423 | EVD2424 | EVD2425 | EVD2426 | EVD2427 | EVD2428 | EVD2429 | EVD2430
SCH0470,P38868,DS-P38868-CATO-CAMPUS-APP-TRAFFIC,semantic_inference,Campus application classification,six named applications plus other|7,six named applications plus other,7,exact,multiclass,flow,DES0208,both,yes,eligible,,EVD2431 | EVD2432 | EVD2433 | EVD2434 | EVD2435 | EVD2436
SCH0471,P39015,DS-P39015-ENCMAL2021,security_state_classification,EncMal2021 TLS malware detection,benign tls versus malicious tls|2,benign TLS versus malicious TLS,2,exact,binary,flow,DES0211,both_or_unspecified,yes,eligible,,EVD2449 | EVD2450 | EVD2451 | EVD2452 | EVD2453 | EVD2454
SCH0472,P39015,DS-CIC-INVES-ANDMAL-2019,security_state_classification,CIC-AndMal2019 TLS malware detection,benign tls versus malicious tls|2,benign TLS versus malicious TLS,2,exact,binary,flow,DES0212,both_or_unspecified,yes,eligible,,EVD2455 | EVD2456 | EVD2457 | EVD2458 | EVD2459 | EVD2460
SCH0473,P39015,DS-CIC-INVES-ANDMAL-2019,security_state_classification,CIC-AndMal2019 malware-family classification,malware family|42,malware family,42,exact,multiclass,flow,DES0210,both,yes,eligible,,EVD2443 | EVD2444 | EVD2445 | EVD2446 | EVD2447 | EVD2448
SCH0474,P39015,DS-P39015-ENCMAL2021,security_state_classification,EncMal2021 malware-family classification,malware family|20,malware family,20,exact,multiclass,flow,DES0209,both,yes,eligible,,EVD2437 | EVD2438 | EVD2439 | EVD2440 | EVD2441 | EVD2442
SCH0475,P39111,DS-P39111-TRANCO-2024,security_state_classification,Matched TLS 1.2 C2 detection | TLS 1.2-to-TLS 1.3 C2 detection,legitimate tls versus c2 tls|2,legitimate TLS versus C2 TLS,2,exact,binary,TLS connection,DES0213 | DES0214,both_or_unspecified,no,eligible,,EVD2461 | EVD2462 | EVD2463 | EVD2464 | EVD2465 | EVD2466 | EVD2467 | EVD2468 | EVD2469 | EVD2470 | EVD2471 | EVD2472
SCH0476,P39111,DS-MALWARE-TRAFFIC-ANALYSIS-NET,security_state_classification,Matched TLS 1.2 C2 detection | TLS 1.2-to-TLS 1.3 C2 detection,legitimate tls versus c2 tls|2,legitimate TLS versus C2 TLS,2,exact,binary,TLS connection,DES0213 | DES0214,both_or_unspecified,yes,eligible,,EVD2461 | EVD2462 | EVD2463 | EVD2464 | EVD2465 | EVD2466 | EVD2467 | EVD2468 | EVD2469 | EVD2470 | EVD2471 | EVD2472
SCH0477,P39111,DS-CIRA-CIC-DOHBRW-2020,security_state_classification,TLS 1.2-to-TLS 1.3 C2 detection,legitimate tls versus c2 tls|2,legitimate TLS versus C2 TLS,2,exact,binary,TLS connection,DES0214,both_or_unspecified,no,eligible,,EVD2467 | EVD2468 | EVD2469 | EVD2470 | EVD2471 | EVD2472
SCH0478,P39111,DS-P39111-METASPLOIT-2024,security_state_classification,Matched TLS 1.2 C2 detection | TLS 1.2-to-TLS 1.3 C2 detection,legitimate tls versus c2 tls|2,legitimate TLS versus C2 TLS,2,exact,binary,TLS connection,DES0213 | DES0214,both_or_unspecified,no,eligible,,EVD2461 | EVD2462 | EVD2463 | EVD2464 | EVD2465 | EVD2466 | EVD2467 | EVD2468 | EVD2469 | EVD2470 | EVD2471 | EVD2472
SCH0479,P39132,DS-P39132-PROTOCOL-WF,semantic_inference,9GAG page fingerprinting | Desktop-to-mobile user-agent page transfer | Mixed-user-agent page fingerprinting,9gag page identity|2326,9GAG page identity,2326,exact,multiclass,action_or_visit,DES0217 | DES0221 | DES0222,both,yes,eligible,,EVD2485 | EVD2486 | EVD2487 | EVD2488 | EVD2489 | EVD2490 | EVD2509 | EVD2510 | EVD2511 | EVD2512 | EVD2513 | EVD2514 | EVD2515 | EVD2516 | EVD2517 | EVD2518 | EVD2519 | EVD2520
SCH0480,P39132,DS-P39132-PROTOCOL-WF,semantic_inference,Cache-to-no-cache domain transfer | Mixed-cache domain fingerprinting | Tranco domain fingerprinting,domain identity|6472,domain identity,6472,exact,multiclass,action_or_visit,DES0215 | DES0219 | DES0220,both,yes,eligible,,EVD2473 | EVD2474 | EVD2475 | EVD2476 | EVD2477 | EVD2478 | EVD2497 | EVD2498 | EVD2499 | EVD2500 | EVD2501 | EVD2502 | EVD2503 | EVD2504 | EVD2505 | EVD2506 | EVD2507 | EVD2508
SCH0481,P39132,DS-P39132-PROTOCOL-WF,semantic_inference,IMDb page fingerprinting,imdb page identity|1592,IMDb page identity,1592,exact,multiclass,action_or_visit,DES0218,both,yes,eligible,,EVD2491 | EVD2492 | EVD2493 | EVD2494 | EVD2495 | EVD2496
SCH0482,P39132,DS-P39132-PROTOCOL-WF,semantic_inference,Wikipedia page fingerprinting,wikipedia page identity|1455,Wikipedia page identity,1455,exact,multiclass,action_or_visit,DES0216,both,yes,eligible,,EVD2479 | EVD2480 | EVD2481 | EVD2482 | EVD2483 | EVD2484
SCH0483,P39497,DS-P39497-GGFAST-TRACE-C,semantic_inference,DoH identification among TLS flows,doh tls versus non-doh tls|2,DoH TLS versus non-DoH TLS,2,exact,binary,flow,DES0223,both_or_unspecified,yes,eligible,,EVD2521 | EVD2522 | EVD2523 | EVD2524 | EVD2525 | EVD2526
SCH0484,P39804,DS-CSTNET-TLS13-2021,semantic_inference,TLS website flow classification | TLS website packet classification | TLS website packet classification under per-packet splitting,tls_website_identity|120,"service, application, or website identity",120,exact,multiclass,flow | packet,DES0224 | DES0225 | DES0226,both,yes,eligible,,EVD2527 | EVD2528 | EVD2529 | EVD2530 | EVD2531 | EVD2532 | EVD2533 | EVD2534 | EVD2535 | EVD2536 | EVD2537 | EVD2538 | EVD2539 | EVD2540 | EVD2541 | EVD2542 | EVD2543 | EVD2544
SCH0485,P41766,DS-CSTNET-TLS13-2021,semantic_inference,CSTNET TLS1.3 website classification,application/service/website identity|120,application/service/website identity,120,exact,multiclass,flow,DES0227,both,yes,eligible,,EVD2545 | EVD2546 | EVD2547 | EVD2548 | EVD2549 | EVD2550
SCH0486,P42690,DS-P42690-INPUT-AGNOSTIC-KWS-2021,semantic_inference,Keyword fingerprinting,keyword identity|50,keyword identity,50,exact,multiclass,session_or_trace,DES0228,both,yes,eligible,,EVD2551 | EVD2552 | EVD2553 | EVD2554 | EVD2555 | EVD2556
SCH0487,P43001,DS-CIRA-CIC-DOHBRW-2020,security_state_classification,Replayed DoH malicious-flow classification,benign doh versus malicious doh|2,benign DoH versus malicious DoH,2,exact,binary,flow,DES0231,both_or_unspecified,yes,eligible,,EVD2569 | EVD2570 | EVD2571 | EVD2572 | EVD2573 | EVD2574
SCH0488,P43001,DS-P43001-ROSETTA-APPLICATION,semantic_inference,Cross-network application identification,application identity|6,application identity,6,exact,multiclass,flow,DES0230,both,yes,eligible,,EVD2563 | EVD2564 | EVD2565 | EVD2566 | EVD2567 | EVD2568
SCH0489,P43001,DS-P43001-ROSETTA-WEBSITE,semantic_inference,Cross-network website identification,website identity|12,website identity,12,exact,multiclass,flow,DES0229,both,yes,eligible,,EVD2557 | EVD2558 | EVD2559 | EVD2560 | EVD2561 | EVD2562
SCH0490,P44828,DS-P44828-INTRADOMAIN-WPF,semantic_inference,D1 closed-world page fingerprinting,d1 social-media page identity|1000,D1 social-media page identity,1000,exact,multiclass,action_or_visit,DES0232,both,yes,eligible,,EVD2575 | EVD2576 | EVD2577 | EVD2578 | EVD2579 | EVD2580
SCH0491,P44828,DS-P44828-INTRADOMAIN-WPF,semantic_inference,D2 closed-world page fingerprinting,d2 social-media page identity|300,D2 social-media page identity,300,exact,multiclass,action_or_visit,DES0233,both,yes,eligible,,EVD2581 | EVD2582 | EVD2583 | EVD2584 | EVD2585 | EVD2586
SCH0492,P44828,DS-P44828-INTRADOMAIN-WPF,semantic_inference,D3 open-world page fingerprinting,300 monitored page identities plus unmonitored|301,300 monitored page identities plus unmonitored,301,exact,multiclass,action_or_visit,DES0234,both,yes,eligible,,EVD2587 | EVD2588 | EVD2589 | EVD2590 | EVD2591 | EVD2592
SCH0493,P45261,DS-CSTNET-TLS13-2021,semantic_inference,CSTNET TLS 1.3 app classification,tls application identity|120,TLS application identity,120,exact,multiclass,flow,DES0235,both,yes,eligible,,EVD2593 | EVD2594 | EVD2595 | EVD2596 | EVD2597 | EVD2598
SCH0494,P48758,DS-WALSH-VIDEO-2024,semantic_inference,HTTPS-only cross-vantage closed-world video fingerprinting,video_identity|closed_world|60,video identity,60,exact,multiclass,action_or_visit,DES0237,both,yes,eligible,,EVD2605 | EVD2606 | EVD2607 | EVD2608 | EVD2609 | EVD2610
SCH0495,P48758,DS-WALSH-VIDEO-2024,semantic_inference,HTTPS-only cross-vantage open-world video fingerprinting | HTTPS-only open-world video fingerprinting,video_identity|open_world|61,60 monitored video identities plus one unmonitored output class,61,exact_N_plus_1,multiclass,action_or_visit,DES0236 | DES0238,both,yes,eligible,,EVD2599 | EVD2600 | EVD2601 | EVD2602 | EVD2603 | EVD2604 | EVD2611 | EVD2612 | EVD2613 | EVD2614 | EVD2615 | EVD2616
