evidence_id,paper_id,dataset_id,scheme_id,design_id,dimension,evidence_type,source_type,source_url,pdf_page,paper_page_label,section_or_table,evidence_text,confidence
EVD0001,P07480,,,,split,The paper does not provide enough client metadata and split detail to determine whether a qualifying client-condition holdout occurred.,evaluated_paper,https://doi.org/10.1609/AAAI.V37I4.25674,5,,Section 4.1,"The paper names the downstream dataset and fine-tuning task, but does not report how its labelled samples are divided into train/validation/test sets.",
EVD0002,P07480,,,,not_reported_search,Documents the basis for retaining unknown client-condition or target-access fields.,not_reported_search,https://doi.org/10.1609/AAAI.V37I4.25674,,,Full-paper client-condition search,"Inspected the dataset/collection, feature and model, training/evaluation, appendix, artifact/availability, and reference sections; searched for client, device, instance, hardware, platform, operating system/OS, browser, application version, firmware, train, validation, test, fold, and holdout. The missing client allocation or target-access detail was not found.",
EVD0003,P07480,,,,split,The paper does not provide enough client metadata and split detail to determine whether a qualifying client-condition holdout occurred.,evaluated_paper,https://doi.org/10.1609/AAAI.V37I4.25674,5,,Section 4.1,"The paper names the downstream dataset and fine-tuning task, but does not report how its labelled samples are divided into train/validation/test sets.",
EVD0004,P07480,,,,not_reported_search,Documents the basis for retaining unknown client-condition or target-access fields.,not_reported_search,https://doi.org/10.1609/AAAI.V37I4.25674,,,Full-paper client-condition search,"Inspected the dataset/collection, feature and model, training/evaluation, appendix, artifact/availability, and reference sections; searched for client, device, instance, hardware, platform, operating system/OS, browser, application version, firmware, train, validation, test, fold, and holdout. The missing client allocation or target-access detail was not found.",
EVD0005,P07480,,,,split,The paper does not provide enough client metadata and split detail to determine whether a qualifying client-condition holdout occurred.,evaluated_paper,https://doi.org/10.1609/AAAI.V37I4.25674,5,,Section 4.1,"The paper names the downstream dataset and fine-tuning task, but does not report how its labelled samples are divided into train/validation/test sets.",
EVD0006,P07480,,,,not_reported_search,Documents the basis for retaining unknown client-condition or target-access fields.,not_reported_search,https://doi.org/10.1609/AAAI.V37I4.25674,,,Full-paper client-condition search,"Inspected the dataset/collection, feature and model, training/evaluation, appendix, artifact/availability, and reference sections; searched for client, device, instance, hardware, platform, operating system/OS, browser, application version, firmware, train, validation, test, fold, and holdout. The missing client allocation or target-access detail was not found.",
EVD0007,P07480,,,,split,The paper does not provide enough client metadata and split detail to determine whether a qualifying client-condition holdout occurred.,evaluated_paper,https://doi.org/10.1609/AAAI.V37I4.25674,5,,Section 4.1,"The paper names the downstream dataset and fine-tuning task, but does not report how its labelled samples are divided into train/validation/test sets.",
EVD0008,P07480,,,,not_reported_search,Documents the basis for retaining unknown client-condition or target-access fields.,not_reported_search,https://doi.org/10.1609/AAAI.V37I4.25674,,,Full-paper client-condition search,"Inspected the dataset/collection, feature and model, training/evaluation, appendix, artifact/availability, and reference sections; searched for client, device, instance, hardware, platform, operating system/OS, browser, application version, firmware, train, validation, test, fold, and holdout. The missing client allocation or target-access detail was not found.",
EVD0009,P07480,,,,split,The paper does not provide enough client metadata and split detail to determine whether a qualifying client-condition holdout occurred.,evaluated_paper,https://doi.org/10.1609/AAAI.V37I4.25674,5,,Section 4.1,"The paper names the downstream dataset and fine-tuning task, but does not report how its labelled samples are divided into train/validation/test sets.",
EVD0010,P07480,,,,not_reported_search,Documents the basis for retaining unknown client-condition or target-access fields.,not_reported_search,https://doi.org/10.1609/AAAI.V37I4.25674,,,Full-paper client-condition search,"Inspected the dataset/collection, feature and model, training/evaluation, appendix, artifact/availability, and reference sections; searched for client, device, instance, hardware, platform, operating system/OS, browser, application version, firmware, train, validation, test, fold, and holdout. The missing client allocation or target-access detail was not found.",
EVD0011,P12435,,,,not_reported_search,Unknown-not-reported client-condition coding.,not_reported_search,https://doi.org/10.1609/AAAI.V39I15.33748,,,"Dataset/collection, experimental setup, train-validation-test construction, evaluation, artifact/appendix sections","Search record: inspected the listed sections and searched client, host, device, hardware, operating system, browser, software/version, TLS/library, VM/container/emulator, split, fold, holdout, train, validation, and test; no assignable client-condition protocol with class coverage and parent grouping was reported.",
EVD0012,P12435,,,,not_reported_search,Unknown-not-reported client-condition coding.,not_reported_search,https://doi.org/10.1609/AAAI.V39I15.33748,,,"Dataset/collection, experimental setup, train-validation-test construction, evaluation, artifact/appendix sections","Search record: inspected the listed sections and searched client, host, device, hardware, operating system, browser, software/version, TLS/library, VM/container/emulator, split, fold, holdout, train, validation, and test; no assignable client-condition protocol with class coverage and parent grouping was reported.",
EVD0013,P12435,,,,split,"Client-condition identity, grouping, holdout status, and claim-scope coding.",evaluated_paper,https://doi.org/10.1609/AAAI.V39I15.33748,6,,Experimental setup,"Each downstream dataset is split 8:1:1 into training, validation, and test portions; no time or capture grouping is reported.",
EVD0014,P12435,,,,split,"Client-condition identity, grouping, holdout status, and claim-scope coding.",evaluated_paper,https://doi.org/10.1609/AAAI.V39I15.33748,6,,Experimental setup,"Each downstream dataset is split 8:1:1 into training, validation, and test portions; no time or capture grouping is reported.",
EVD0015,P12435,,,,not_reported_search,Unknown-not-reported client-condition coding.,not_reported_search,https://doi.org/10.1609/AAAI.V39I15.33748,,,"Dataset/collection, experimental setup, train-validation-test construction, evaluation, artifact/appendix sections","Search record: inspected the listed sections and searched client, host, device, hardware, operating system, browser, software/version, TLS/library, VM/container/emulator, split, fold, holdout, train, validation, and test; no assignable client-condition protocol with class coverage and parent grouping was reported.",
EVD0016,P13076,,,,split,"Client-condition identity, grouping, holdout status, and claim-scope coding.",evaluated_paper,https://doi.org/10.1609/AAAI.V39I1.32091,5,,Experimental setup,Flows are stratified and split 9:1 into training and test sets; packet samples inherit their parent-flow grouping.,
EVD0017,P13076,,,,split,"Client-condition identity, grouping, holdout status, and claim-scope coding.",evaluated_paper,https://doi.org/10.1609/AAAI.V39I1.32091,5,,Experimental setup,Flows are stratified and split 9:1 into training and test sets; packet samples inherit their parent-flow grouping.,
EVD0018,P13076,,,,split,"Client-condition identity, grouping, holdout status, and claim-scope coding.",evaluated_paper,https://doi.org/10.1609/AAAI.V39I1.32091,5,,Experimental setup,Flows are stratified and split 9:1 into training and test sets; packet samples inherit their parent-flow grouping.,
EVD0019,P13076,,,,split,"Client-condition identity, grouping, holdout status, and claim-scope coding.",evaluated_paper,https://doi.org/10.1609/AAAI.V39I1.32091,5,,Experimental setup,Flows are stratified and split 9:1 into training and test sets; packet samples inherit their parent-flow grouping.,
EVD0020,P13076,,,,split,"Client-condition identity, grouping, holdout status, and claim-scope coding.",evaluated_paper,https://doi.org/10.1609/AAAI.V39I1.32091,5,,Experimental setup,Flows are stratified and split 9:1 into training and test sets; packet samples inherit their parent-flow grouping.,
EVD0021,P13883,,,,split,The reported split does not create a client-condition holdout.,evaluated_paper,https://doi.org/10.1145/3320269.3372202,5,,"Section 4.2, Dataset and Classifier Setup",The family classifier combines malicious family samples and reports 10-fold cross-validation. No source/test grouping by an orthogonal client condition is reported for this protocol.,
EVD0022,P13958,,,,split,"The client-related property defines the class label, and no separate orthogonal client factor is held out across at least three common classes.",evaluated_paper,https://doi.org/10.1145/3320269.3384732,8,,"Section 4.1, Dataset",Each NAPT/VPN dataset is split 8:2 for training and testing and evaluated with five-fold cross-validation. No source/test grouping by an orthogonal client condition is reported for this protocol.,
EVD0023,P13958,,,,split,"The client-related property defines the class label, and no separate orthogonal client factor is held out across at least three common classes.",evaluated_paper,https://doi.org/10.1145/3320269.3384732,8,,"Section 4.1, Dataset",Each NAPT/VPN dataset is split 8:2 for training and testing and evaluated with five-fold cross-validation. No source/test grouping by an orthogonal client condition is reported for this protocol.,
EVD0024,P14000,,,,split,The paper does not provide enough client metadata and split detail to determine whether a qualifying client-condition holdout occurred.,evaluated_paper,https://doi.org/10.1145/3433210.3453101,5,,"Section 4, Datasets and Training Details","The paper reports the malware type evaluation and its traffic sources, but the inspected training, experiment, and appendix sections do not state a reproducible multiclass train/test partition.",
EVD0025,P14000,,,,not_reported_search,Documents the basis for retaining unknown client-condition or target-access fields.,not_reported_search,https://doi.org/10.1145/3433210.3453101,,,Full-paper client-condition search,"Inspected the dataset/collection, feature and model, training/evaluation, appendix, artifact/availability, and reference sections; searched for client, device, instance, hardware, platform, operating system/OS, browser, application version, firmware, train, validation, test, fold, and holdout. The missing client allocation or target-access detail was not found.",
EVD0026,P14000,,,,split,The paper does not provide enough client metadata and split detail to determine whether a qualifying client-condition holdout occurred.,evaluated_paper,https://doi.org/10.1145/3433210.3453101,5,,"Section 4, Datasets and Training Details","The paper reports the adware family evaluation and its traffic sources, but the inspected training, experiment, and appendix sections do not state a reproducible multiclass train/test partition.",
EVD0027,P14000,,,,not_reported_search,Documents the basis for retaining unknown client-condition or target-access fields.,not_reported_search,https://doi.org/10.1145/3433210.3453101,,,Full-paper client-condition search,"Inspected the dataset/collection, feature and model, training/evaluation, appendix, artifact/availability, and reference sections; searched for client, device, instance, hardware, platform, operating system/OS, browser, application version, firmware, train, validation, test, fold, and holdout. The missing client allocation or target-access detail was not found.",
EVD0028,P14000,,,,split,The paper does not provide enough client metadata and split detail to determine whether a qualifying client-condition holdout occurred.,evaluated_paper,https://doi.org/10.1145/3433210.3453101,5,,"Section 4, Datasets and Training Details","The paper reports the ransomware family evaluation and its traffic sources, but the inspected training, experiment, and appendix sections do not state a reproducible multiclass train/test partition.",
EVD0029,P14000,,,,not_reported_search,Documents the basis for retaining unknown client-condition or target-access fields.,not_reported_search,https://doi.org/10.1145/3433210.3453101,,,Full-paper client-condition search,"Inspected the dataset/collection, feature and model, training/evaluation, appendix, artifact/availability, and reference sections; searched for client, device, instance, hardware, platform, operating system/OS, browser, application version, firmware, train, validation, test, fold, and holdout. The missing client allocation or target-access detail was not found.",
EVD0030,P14000,,,,split,The paper does not provide enough client metadata and split detail to determine whether a qualifying client-condition holdout occurred.,evaluated_paper,https://doi.org/10.1145/3433210.3453101,5,,"Section 4, Datasets and Training Details","The paper reports the trojan family evaluation and its traffic sources, but the inspected training, experiment, and appendix sections do not state a reproducible multiclass train/test partition.",
EVD0031,P14000,,,,not_reported_search,Documents the basis for retaining unknown client-condition or target-access fields.,not_reported_search,https://doi.org/10.1145/3433210.3453101,,,Full-paper client-condition search,"Inspected the dataset/collection, feature and model, training/evaluation, appendix, artifact/availability, and reference sections; searched for client, device, instance, hardware, platform, operating system/OS, browser, application version, firmware, train, validation, test, fold, and holdout. The missing client allocation or target-access detail was not found.",
EVD0032,P14000,,,,split,The paper does not provide enough client metadata and split detail to determine whether a qualifying client-condition holdout occurred.,evaluated_paper,https://doi.org/10.1145/3433210.3453101,5,,"Section 4, Datasets and Training Details","The paper reports the virus family evaluation and its traffic sources, but the inspected training, experiment, and appendix sections do not state a reproducible multiclass train/test partition.",
EVD0033,P14000,,,,not_reported_search,Documents the basis for retaining unknown client-condition or target-access fields.,not_reported_search,https://doi.org/10.1145/3433210.3453101,,,Full-paper client-condition search,"Inspected the dataset/collection, feature and model, training/evaluation, appendix, artifact/availability, and reference sections; searched for client, device, instance, hardware, platform, operating system/OS, browser, application version, firmware, train, validation, test, fold, and holdout. The missing client allocation or target-access detail was not found.",
EVD0034,P14000,,,,split,The paper does not provide enough client metadata and split detail to determine whether a qualifying client-condition holdout occurred.,evaluated_paper,https://doi.org/10.1145/3433210.3453101,5,,"Section 4, Datasets and Training Details","The paper reports the worm family evaluation and its traffic sources, but the inspected training, experiment, and appendix sections do not state a reproducible multiclass train/test partition.",
EVD0035,P14000,,,,not_reported_search,Documents the basis for retaining unknown client-condition or target-access fields.,not_reported_search,https://doi.org/10.1145/3433210.3453101,,,Full-paper client-condition search,"Inspected the dataset/collection, feature and model, training/evaluation, appendix, artifact/availability, and reference sections; searched for client, device, instance, hardware, platform, operating system/OS, browser, application version, firmware, train, validation, test, fold, and holdout. The missing client allocation or target-access detail was not found.",
EVD0036,P14188,,,,split,"Reported matched, pooled, label-defined, non-client, or no-common-class design.",evaluated_paper,https://doi.org/10.1145/3579856.3595793,8,PDF p. 8,§6.1,"Two M1 MacBooks use macOS 12.2, Safari 15.3 and one account; no client is held out.",
EVD0037,P14188,,,,not_reported_search,Unknown-not-reported status.,not_reported_search,https://doi.org/10.1145/3579856.3595793,,,"Dataset, collection, training, evaluation, appendix and artifact search",Searched client/device/hardware/platform/OS/version/browser/software/host and train/test/fold/split terms; client-condition grouping is not established.,
EVD0038,P14188,,,,split,"Reported matched, pooled, label-defined, non-client, or no-common-class design.",evaluated_paper,https://doi.org/10.1145/3579856.3595793,8,PDF p. 8,§6.1,"Two M1 MacBooks use macOS 12.2, Safari 15.3 and one account; no client is held out.",
EVD0039,P14188,,,,not_reported_search,Unknown-not-reported status.,not_reported_search,https://doi.org/10.1145/3579856.3595793,,,"Dataset, collection, training, evaluation, appendix and artifact search",Searched client/device/hardware/platform/OS/version/browser/software/host and train/test/fold/split terms; client-condition grouping is not established.,
EVD0040,P14255,,,,split,"Reported matched, pooled, label-defined, non-client, or no-common-class design.",evaluated_paper,https://doi.org/10.1145/3634737.3637664,5,PDF p. 5,§4.1,Traffic is collected with Chrome on one computer.,
EVD0041,P14374,,,,split,"Reported matched, pooled, label-defined, non-client, or no-common-class design.",evaluated_paper,https://doi.org/10.1145/3634737.3657017,8,PDF p. 8,"§4.2, closed-world evaluation","The paper uses a 9:1 data split, reserves 10% of training for validation, and reports five-fold cross-validation; folds are sample-level rather than collection-period grouped.",
EVD0042,P14374,,,,split,"Reported matched, pooled, label-defined, non-client, or no-common-class design.",evaluated_paper,https://doi.org/10.1145/3634737.3657017,8,PDF p. 8,§7.1,Ordinary Alexa/Google/legacy tasks split samples within their respective device setup.,
EVD0043,P14374,,,,split,"Reported matched, pooled, label-defined, non-client, or no-common-class design.",evaluated_paper,https://doi.org/10.1145/3634737.3657017,8,PDF p. 8,§7.1,Ordinary Alexa/Google/legacy tasks split samples within their respective device setup.,
EVD0044,P14374,,,,split,"Reported matched, pooled, label-defined, non-client, or no-common-class design.",evaluated_paper,https://doi.org/10.1145/3634737.3657017,8,PDF p. 8,§7.1,Ordinary Alexa/Google/legacy tasks split samples within their respective device setup.,
EVD0045,P14374,,,,split,"Reported matched, pooled, label-defined, non-client, or no-common-class design.",evaluated_paper,https://doi.org/10.1145/3634737.3657017,8,PDF p. 8,"§4.3, open-world evaluation",The open-world Alexa task retains the paper's sample split/cross-validation construction and adds unmonitored background; no month/campaign grouping is used.,
EVD0046,P14374,,,,split,"Reported matched, pooled, label-defined, non-client, or no-common-class design.",evaluated_paper,https://doi.org/10.1145/3634737.3657017,8,PDF p. 8,§7.1,Ordinary Alexa/Google/legacy tasks split samples within their respective device setup.,
EVD0047,P14374,,,,split,"Reported matched, pooled, label-defined, non-client, or no-common-class design.",evaluated_paper,https://doi.org/10.1145/3634737.3657017,9,PDF p. 9,"§4.4, global model",The global model pools samples from all five locations before training and testing with the sample-level protocol.,
EVD0048,P14374,,,,condition_identity,Client identity and common-class coverage.,evaluated_paper,https://doi.org/10.1145/3634737.3657017,9,PDF p. 9,§7.2.1,The model trains on one US-configured Alexa and tests the same 20 commands on four other country-configured devices.,
EVD0049,P14374,,,,target_access,Condition grouping and final-test construction; strict target-condition access remains unknown.,evaluated_paper,https://doi.org/10.1145/3634737.3657017,9,,"§4.4, unknown-location evaluation",The model trains on 270 US traces per command and tests on 30 traces per command from each of four other countries; the paper separately reports tuning on its dataset without isolating the target client conditions from all selection decisions.,
EVD0050,P14374,,,,split,"Reported matched, pooled, label-defined, non-client, or no-common-class design.",evaluated_paper,https://doi.org/10.1145/3634737.3657017,10,PDF p. 10,"§4.5, location identification",A learned classifier predicts one of five capture locations using the paper's sample-level training/evaluation construction.,
EVD0051,P14374,,,,split,"Reported matched, pooled, label-defined, non-client, or no-common-class design.",evaluated_paper,https://doi.org/10.1145/3634737.3657017,11,PDF p. 11,"§4.6, category fingerprinting",Commands are relabelled into 24 manual categories and evaluated using the same sample-level split/five-fold protocol.,
EVD0052,P14374,,,,split,"Reported matched, pooled, label-defined, non-client, or no-common-class design.",evaluated_paper,https://doi.org/10.1145/3634737.3657017,11,PDF p. 11,"§4.6, category fingerprinting",Commands are relabelled into eight TF-IDF categories and evaluated with the sample-level protocol.,
EVD0053,P14374,,,,split,"Reported matched, pooled, label-defined, non-client, or no-common-class design.",evaluated_paper,https://doi.org/10.1145/3634737.3657017,10,PDF p. 10,"§7.2.2, dynamic versus static commands",The authors select 24 dynamic commands with 200 instances each and train/test the command-identity classifier within that subset.,
EVD0054,P14374,,,,split,"Reported matched, pooled, label-defined, non-client, or no-common-class design.",evaluated_paper,https://doi.org/10.1145/3634737.3657017,10,PDF p. 10,"§7.2.2, dynamic versus static commands",The authors select 24 static commands with 200 instances each and train/test the command-identity classifier within that subset.,
EVD0055,P14374,,,,split,"Reported matched, pooled, label-defined, non-client, or no-common-class design.",evaluated_paper,https://doi.org/10.1145/3634737.3657017,10,PDF p. 10,"§7.2.3, human factors","For 295 commands, male-voice and female-voice datasets are evaluated and accuracy is reported separately by gender condition.",
EVD0056,P14374,,,,split,"Reported matched, pooled, label-defined, non-client, or no-common-class design.",evaluated_paper,https://doi.org/10.1145/3634737.3657017,10,PDF p. 10,"§7.2.3, human factors","For 295 commands, the model is evaluated with American, British, Indian and Australian voice datasets and results are reported separately by demographic/accent condition.",
EVD0057,P14374,,,,split,"Reported matched, pooled, label-defined, non-client, or no-common-class design.",evaluated_paper,https://doi.org/10.1145/3634737.3657017,11,PDF p. 11,"§7.3, identifying unknown voice-command category","For each of eight TF-IDF categories, one command is selected for testing and the remaining commands in that category form training data; five such experiments are reported.",
EVD0058,P14413,,,,not_reported_search,Unknown-not-reported client-condition coding.,not_reported_search,https://doi.org/10.1145/3708821.3733914,,,"Dataset/collection, experimental setup, train-validation-test construction, evaluation, artifact/appendix sections","Search record: inspected the listed sections and searched client, host, device, hardware, operating system, browser, software/version, TLS/library, VM/container/emulator, split, fold, holdout, train, validation, and test; no assignable client-condition protocol with class coverage and parent grouping was reported.",
EVD0059,P14413,,,,not_reported_search,Unknown-not-reported client-condition coding.,not_reported_search,https://doi.org/10.1145/3708821.3733914,,,"Dataset/collection, experimental setup, train-validation-test construction, evaluation, artifact/appendix sections","Search record: inspected the listed sections and searched client, host, device, hardware, operating system, browser, software/version, TLS/library, VM/container/emulator, split, fold, holdout, train, validation, and test; no assignable client-condition protocol with class coverage and parent grouping was reported.",
EVD0060,P14413,,,,not_reported_search,Unknown-not-reported client-condition coding.,not_reported_search,https://doi.org/10.1145/3708821.3733914,,,"Dataset/collection, experimental setup, train-validation-test construction, evaluation, artifact/appendix sections","Search record: inspected the listed sections and searched client, host, device, hardware, operating system, browser, software/version, TLS/library, VM/container/emulator, split, fold, holdout, train, validation, and test; no assignable client-condition protocol with class coverage and parent grouping was reported.",
EVD0061,P14774,,,,split,"The client-related property defines the class label, and no separate orthogonal client factor is held out across at least three common classes.",evaluated_paper,https://doi.org/10.1145/3460120.3484758,5,,Section 4.1,Every case-study dataset is split into 75% training and 25% testing; AutoGluon tunes models on validation data with ten-fold bagging. No source/test grouping by an orthogonal client condition is reported for this protocol.,
EVD0062,P14774,,,,split,"The client-related property defines the class label, and no separate orthogonal client factor is held out across at least three common classes.",evaluated_paper,https://doi.org/10.1145/3460120.3484758,5,,Section 4.1,Every case-study dataset is split into 75% training and 25% testing; AutoGluon tunes models on validation data with ten-fold bagging. No source/test grouping by an orthogonal client condition is reported for this protocol.,
EVD0063,P14774,,,,split,"The client-related property defines the class label, and no separate orthogonal client factor is held out across at least three common classes.",evaluated_paper,https://doi.org/10.1145/3460120.3484758,5,,Section 4.1,Every case-study dataset is split into 75% training and 25% testing; AutoGluon tunes models on validation data with ten-fold bagging. No source/test grouping by an orthogonal client condition is reported for this protocol.,
EVD0064,P14774,,,,split,"The client-related property defines the class label, and no separate orthogonal client factor is held out across at least three common classes.",evaluated_paper,https://doi.org/10.1145/3460120.3484758,5,,Section 4.1,Every case-study dataset is split into 75% training and 25% testing; AutoGluon tunes models on validation data with ten-fold bagging. No source/test grouping by an orthogonal client condition is reported for this protocol.,
EVD0065,P14774,,,,split,The reported split does not create a client-condition holdout.,evaluated_paper,https://doi.org/10.1145/3460120.3484758,5,,Section 4.1,Every case-study dataset is split into 75% training and 25% testing; AutoGluon tunes models on validation data with ten-fold bagging. No source/test grouping by an orthogonal client condition is reported for this protocol.,
EVD0066,P14774,,,,split,The reported split does not create a client-condition holdout.,evaluated_paper,https://doi.org/10.1145/3460120.3484758,5,,Section 4.1,Every case-study dataset is split into 75% training and 25% testing; AutoGluon tunes models on validation data with ten-fold bagging. No source/test grouping by an orthogonal client condition is reported for this protocol.,
EVD0067,P14774,,,,split,The reported split does not create a client-condition holdout.,evaluated_paper,https://doi.org/10.1145/3460120.3484758,5,,Section 4.1,Every case-study dataset is split into 75% training and 25% testing; AutoGluon tunes models on validation data with ten-fold bagging. No source/test grouping by an orthogonal client condition is reported for this protocol.,
EVD0068,P14774,,,,split,"The client-related property defines the class label, and no separate orthogonal client factor is held out across at least three common classes.",evaluated_paper,https://doi.org/10.1145/3460120.3484758,5,,Section 4.1,The case study reports a 13-class host/OS-label task; like every case-study dataset it uses a 75% training and 25% testing split with AutoGluon validation. No source/test grouping by an orthogonal client condition is reported for this protocol.,
EVD0069,P14774,,,,split,"The client-related property defines the class label, and no separate orthogonal client factor is held out across at least three common classes.",evaluated_paper,https://doi.org/10.1145/3460120.3484758,5,,Section 4.1,Every case-study dataset is split into 75% training and 25% testing; AutoGluon tunes models on validation data with ten-fold bagging. No source/test grouping by an orthogonal client condition is reported for this protocol.,
EVD0070,P14774,,,,split,"The client-related property defines the class label, and no separate orthogonal client factor is held out across at least three common classes.",evaluated_paper,https://doi.org/10.1145/3460120.3484758,5,,Section 4.1,Every case-study dataset is split into 75% training and 25% testing; AutoGluon tunes models on validation data with ten-fold bagging. No source/test grouping by an orthogonal client condition is reported for this protocol.,
EVD0071,P14774,,,,split,The reported split does not create a client-condition holdout.,evaluated_paper,https://doi.org/10.1145/3460120.3484758,5,,Section 4.1,Every case-study dataset is split into 75% training and 25% testing; AutoGluon tunes models on validation data with ten-fold bagging. No source/test grouping by an orthogonal client condition is reported for this protocol.,
EVD0072,P15385,,,,split,The reported split does not create a client-condition holdout.,evaluated_paper,https://doi.org/10.1145/3576915.3616639,10,,Section 7.2.1,AWF2 pre-trains the representation; labelled AWF1 samples are randomly selected for fine-tuning and mutually exclusive AWF1 samples form the test set. No source/test grouping by an orthogonal client condition is reported for this protocol.,
EVD0073,P15385,,,,split,"This protocol may test another condition dimension, but it does not document a client-condition holdout.",evaluated_paper,https://doi.org/10.1145/3576915.3616639,10,,Section 7.2.2,"Pretraining and fine-tuning use superior traces; validation and test contain equal superior and inferior samples, with remaining traces used after the labelled training sample. No source/test grouping by an orthogonal client condition is reported for this protocol.",
EVD0074,P15385,,,,split,"This protocol may test another condition dimension, but it does not document a client-condition holdout.",evaluated_paper,https://doi.org/10.1145/3576915.3616639,11,,Section 7.2.2 and Table 4,Models are pre-trained and fine-tuned on one NCM condition and evaluated separately on inferior and superior held-out traces. No source/test grouping by an orthogonal client condition is reported for this protocol.,
EVD0075,P15385,,,,split,"This protocol may test another condition dimension, but it does not document a client-condition holdout.",evaluated_paper,https://doi.org/10.1145/3576915.3616639,11,,"Section 7.2.2, Effect of concept drift","NetCLR is pre-trained on AWF traffic from 2017, then fine-tuned, validated, and tested on Drift90 collected more than five years later; final target splits are disjoint. No source/test grouping by an orthogonal client condition is reported for this protocol.",
EVD0076,P15385,,,,split,"This protocol may test another condition dimension, but it does not document a client-condition holdout.",evaluated_paper,https://doi.org/10.1145/3576915.3616639,12,,"Section 7.2.2, Effect of guard relay diversity",Fine-tuning uses traces through 11 European guard relays; validation/test use traces through seven North-American guards. No source/test grouping by an orthogonal client condition is reported for this protocol.,
EVD0077,P15385,,,,split,The reported split does not create a client-condition holdout.,evaluated_paper,https://doi.org/10.1145/3576915.3616639,12,,Section 7.3,"The matched open-world evaluation uses AWF monitored and AWF-OW background partitions for fine-tuning, validation, and testing. No source/test grouping by an orthogonal client condition is reported for this protocol.",
EVD0078,P15385,,,,split,"This protocol may test another condition dimension, but it does not document a client-condition holdout.",evaluated_paper,https://doi.org/10.1145/3576915.3616639,13,,"Section 7.3, Concept drift","The open-world concept-drift experiment uses AWF pretraining, then Drift90/Drift5000 target samples for fine-tuning and separate target evaluation. No source/test grouping by an orthogonal client condition is reported for this protocol.",
EVD0079,P15762,,,,not_reported_search,Unknown-not-reported status.,not_reported_search,https://doi.org/10.1145/3658644.3670272,,,"Dataset, collection, training, evaluation, appendix and artifact search",Searched client/device/hardware/platform/OS/version/browser/software/host and train/test/fold/split terms; client-condition grouping is not established.,
EVD0080,P15762,,,,not_reported_search,Unknown-not-reported status.,not_reported_search,https://doi.org/10.1145/3658644.3670272,,,"Dataset, collection, training, evaluation, appendix and artifact search",Searched client/device/hardware/platform/OS/version/browser/software/host and train/test/fold/split terms; client-condition grouping is not established.,
EVD0081,P16217,,,,split,"Client-condition identity, grouping, holdout status, and claim-scope coding.",evaluated_paper,https://doi.org/10.1145/3719027.3744795,8,,Section 6.1 and Table 2,"One Los Angeles server acts as the client using Tor Browser 10.5.10; D1-D5 change guard-relay locations, not the client stack.",
EVD0082,P16217,,,,split,"Client-condition identity, grouping, holdout status, and claim-scope coding.",evaluated_paper,https://doi.org/10.1145/3719027.3744795,8,,Section 6.1 and Table 2,D1 and D6 use the same Chicago guard and Tor Browser collection setup at different dates; no client-stack level is held out.,
EVD0083,P16217,,,,split,"Client-condition identity, grouping, holdout status, and claim-scope coding.",evaluated_paper,https://doi.org/10.1145/3719027.3744795,10,,"Section 6.2, Scenario 3",D1 uses Tor Browser and D7 uses Chrome for the same 100 websites; N D7 examples fine-tune the model before testing on the remaining D7 examples.,
EVD0084,P16217,,,,not_reported_search,Conservative unknown target-client access or preprocessing coding.,not_reported_search,https://doi.org/10.1145/3719027.3744795,,,"Model selection, hyperparameter tuning, preprocessing, split, evaluation, and appendices","Search record: inspected model-selection and preprocessing descriptions and searched validation, calibration, target, fine-tune, hyperparameter, normalization, scaler, and test; the paper does not establish that target-client data were excluded from every selection/preprocessing step.",
EVD0085,P16217,,,,split,"Client-condition identity, grouping, holdout status, and claim-scope coding.",evaluated_paper,https://doi.org/10.1145/3719027.3744795,10,,"Section 6.2, Scenario 4",Wang100/TBB 3.x pretraining is followed by DF/TBB 6.x fine-tuning and testing; the paper states that source and target website labels are not aligned.,
EVD0086,P16217,,,,not_reported_search,Conservative unknown target-client access or preprocessing coding.,not_reported_search,https://doi.org/10.1145/3719027.3744795,,,"Model selection, hyperparameter tuning, preprocessing, split, evaluation, and appendices","Search record: inspected model-selection and preprocessing descriptions and searched validation, calibration, target, fine-tune, hyperparameter, normalization, scaler, and test; the paper does not establish that target-client data were excluded from every selection/preprocessing step.",
EVD0087,P16217,,,,split,"Client-condition identity, grouping, holdout status, and claim-scope coding.",evaluated_paper,https://doi.org/10.1145/3719027.3744795,11,,"Section 6.3, Open-World Evaluation",Wang100/TBB 3.x pretraining is followed by DF/TBB 6.x fine-tuning and testing; the paper states that source and target website labels are not aligned.,
EVD0088,P16217,,,,not_reported_search,Conservative unknown target-client access or preprocessing coding.,not_reported_search,https://doi.org/10.1145/3719027.3744795,,,"Model selection, hyperparameter tuning, preprocessing, split, evaluation, and appendices","Search record: inspected model-selection and preprocessing descriptions and searched validation, calibration, target, fine-tune, hyperparameter, normalization, scaler, and test; the paper does not establish that target-client data were excluded from every selection/preprocessing step.",
EVD0089,P16247,,,,split,"Client-condition identity, grouping, holdout status, and claim-scope coding.",evaluated_paper,https://doi.org/10.1145/3719027.3765073,10,,"Section 5.2, Dynamic Host Conditions","The 177 hosts are grouped by Android versions (6&7, 8, 9, 10); one group supplies test traffic while the remaining groups supply training traffic.",
EVD0090,P16247,,,,not_reported_search,Conservative unknown target-client access or preprocessing coding.,not_reported_search,https://doi.org/10.1145/3719027.3765073,,,"Model selection, hyperparameter tuning, preprocessing, split, evaluation, and appendices","Search record: inspected model-selection and preprocessing descriptions and searched validation, calibration, target, fine-tune, hyperparameter, normalization, scaler, and test; the paper does not establish that target-client data were excluded from every selection/preprocessing step.",
EVD0091,P16247,,,,split,"Client-condition identity, grouping, holdout status, and claim-scope coding.",evaluated_paper,https://doi.org/10.1145/3719027.3765073,10,,"Section 5.2, Dynamic Host Conditions","DoHBrw-ALL groups the destination DNS servers AdGuard, Cloudflare, Google, and Quad9, testing one DNS-server group while the others train; this varies a server/destination rather than the collection client.",
EVD0092,P16247,,,,split,"Client-condition identity, grouping, holdout status, and claim-scope coding.",evaluated_paper,https://doi.org/10.1145/3719027.3765073,10,,"Section 5.2, Dynamic Network Environment Conditions",The split holds out cn2us or cn2kr network environments; client software or host grouping is not the evaluated factor.,
EVD0093,P16247,,,,split,"Client-condition identity, grouping, holdout status, and claim-scope coding.",evaluated_paper,https://doi.org/10.1145/3719027.3765073,10,,"Sections 5.2-5.3, dynamic-condition evaluation",One geographic network-path condition is held out.,
EVD0094,P16247,,,,split,"Client-condition identity, grouping, holdout status, and claim-scope coding.",evaluated_paper,https://doi.org/10.1145/3719027.3765073,10,,"Sections 5.2-5.3, dynamic-condition evaluation",One obfuscation/defense condition is held out.,
EVD0095,P16247,,,,split,"Client-condition identity, grouping, holdout status, and claim-scope coding.",evaluated_paper,https://doi.org/10.1145/3719027.3765073,10,,"Sections 5.2-5.3, dynamic-condition evaluation",One application obfuscation condition is held out.,
EVD0096,P16247,,,,split,"Client-condition identity, grouping, holdout status, and claim-scope coding.",evaluated_paper,https://doi.org/10.1145/3719027.3765073,10,,"Sections 5.2-5.3, dynamic-condition evaluation",One DoH obfuscation condition is held out.,
EVD0097,P16247,,,,split,"Client-condition identity, grouping, holdout status, and claim-scope coding.",evaluated_paper,https://doi.org/10.1145/3719027.3765073,12,,"Section 5.3, Dynamic Multiple Types of Network Conditions",One Android host group and one network-environment group supply test traffic; other groups train.,
EVD0098,P16247,,,,not_reported_search,Conservative unknown target-client access or preprocessing coding.,not_reported_search,https://doi.org/10.1145/3719027.3765073,,,"Model selection, hyperparameter tuning, preprocessing, split, evaluation, and appendices","Search record: inspected model-selection and preprocessing descriptions and searched validation, calibration, target, fine-tune, hyperparameter, normalization, scaler, and test; the paper does not establish that target-client data were excluded from every selection/preprocessing step.",
EVD0099,P16247,,,,split,"Client-condition identity, grouping, holdout status, and claim-scope coding.",evaluated_paper,https://doi.org/10.1145/3719027.3765073,12,,"Section 5.3, Dynamic Host and Network Environment Conditions",One destination DNS-server group and one cloud-network group supply test traffic while other DNS-server and network groups train; no client-endpoint factor is held out.,
EVD0100,P16247,,,,split,"Client-condition identity, grouping, holdout status, and claim-scope coding.",evaluated_paper,https://doi.org/10.1145/3719027.3765073,12,,"Section 5.3, Dynamic Multiple Types of Network Conditions",One Android host group and one obfuscation strategy group supply test traffic; other groups train.,
EVD0101,P16247,,,,not_reported_search,Conservative unknown target-client access or preprocessing coding.,not_reported_search,https://doi.org/10.1145/3719027.3765073,,,"Model selection, hyperparameter tuning, preprocessing, split, evaluation, and appendices","Search record: inspected model-selection and preprocessing descriptions and searched validation, calibration, target, fine-tune, hyperparameter, normalization, scaler, and test; the paper does not establish that target-client data were excluded from every selection/preprocessing step.",
EVD0102,P16247,,,,split,"Client-condition identity, grouping, holdout status, and claim-scope coding.",evaluated_paper,https://doi.org/10.1145/3719027.3765073,12,,"Section 5.3, Dynamic Host and Obfuscation Conditions",One destination DNS-server group and one obfuscation-strategy group supply test traffic while other groups train; no client-endpoint factor is held out.,
EVD0103,P16247,,,,split,"Client-condition identity, grouping, holdout status, and claim-scope coding.",evaluated_paper,https://doi.org/10.1145/3719027.3765073,12,,"Sections 5.2-5.3, dynamic-condition evaluation",Network and obfuscation conditions are jointly changed and held out.,
EVD0104,P16247,,,,split,"Client-condition identity, grouping, holdout status, and claim-scope coding.",evaluated_paper,https://doi.org/10.1145/3719027.3765073,12,,"Sections 5.2-5.3, dynamic-condition evaluation",Network and obfuscation conditions are jointly changed and held out.,
EVD0105,P16247,,,,split,"Client-condition identity, grouping, holdout status, and claim-scope coding.",evaluated_paper,https://doi.org/10.1145/3719027.3765073,12,,"Section 5.3, Dynamic Host, Network Environment and Obfuscation Conditions",Testing uses TBB 13.5 on one cloud-server group and a held-out obfuscation group; training uses TBB 13.0.10 on the other server group and other obfuscation groups for the same 100 sites.,
EVD0106,P16247,,,,not_reported_search,Conservative unknown target-client access or preprocessing coding.,not_reported_search,https://doi.org/10.1145/3719027.3765073,,,"Model selection, hyperparameter tuning, preprocessing, split, evaluation, and appendices","Search record: inspected model-selection and preprocessing descriptions and searched validation, calibration, target, fine-tune, hyperparameter, normalization, scaler, and test; the paper does not establish that target-client data were excluded from every selection/preprocessing step.",
EVD0107,P16354,,,,split,The paper does not provide enough client metadata and split detail to determine whether a qualifying client-condition holdout occurred.,evaluated_paper,https://doi.org/10.1145/3485983.3494863,7,,Sections 3.2 and 5.2,"The last day supplies labeled senders, but the 30-day embedding corpus includes that last day and classification uses leave-one-out over the labeled last-day senders.",
EVD0108,P16354,,,,not_reported_search,Documents the basis for retaining unknown client-condition or target-access fields.,not_reported_search,https://doi.org/10.1145/3485983.3494863,,,Full-paper client-condition search,"Inspected the dataset/collection, feature and model, training/evaluation, appendix, artifact/availability, and reference sections; searched for client, device, instance, hardware, platform, operating system/OS, browser, application version, firmware, train, validation, test, fold, and holdout. The missing client allocation or target-access detail was not found.",
EVD0109,P16931,,,,split,"Reported matched, pooled, label-defined, non-client, or no-common-class design.",evaluated_paper,https://doi.org/10.1109/DSN58367.2023.00049,6,PDF p. 6,§V-A,All crawlers use the same EC2/Chrome configuration.,
EVD0110,P16931,,,,split,"Reported matched, pooled, label-defined, non-client, or no-common-class design.",evaluated_paper,https://doi.org/10.1109/DSN58367.2023.00049,6,PDF p. 6,§V-A,All crawlers use the same EC2/Chrome configuration.,
EVD0111,P16931,,,,condition_identity,The located contrast is a wire-protocol change and is not counted as a client condition.,evaluated_paper,https://doi.org/10.1109/DSN58367.2023.00049,10,PDF p. 10,§VI-D Experiment 3,The TLS 1.2-trained representation is tested on TLS 1.3 traces for the same 500 pages; labelled TLS 1.3 references are used.,
EVD0112,P16931,,,,split,The located contrast is a wire-protocol change and is not counted as a client condition.,evaluated_paper,https://doi.org/10.1109/DSN58367.2023.00049,10,,"§IV-D, Experiment 3","The TLS 1.2-trained representation is applied to a TLS 1.3 Wiki500 subset, with labelled target references used by the downstream nearest-neighbour classifier; capture-time ordering is not used.",
EVD0113,P16931,,,,split,"Reported matched, pooled, label-defined, non-client, or no-common-class design.",evaluated_paper,https://doi.org/10.1109/DSN58367.2023.00049,10,PDF p. 10,"§IV-E, cross-dataset experiment","The sequence embedding is learned on Wiki19K, while labelled GitHub500 reference traces construct the target classifier and separate GitHub samples are queried.",
EVD0114,P17056,,,,not_reported_search,Unknown-not-reported status.,not_reported_search,https://doi.org/10.1109/DSN58367.2023.00035,,,"Dataset, collection, training, evaluation, appendix and artifact search",Searched client/device/hardware/platform/OS/version/browser/software/host and train/test/fold/split terms; client-condition grouping is not established.,
EVD0115,P17056,,,,split,"Reported matched, pooled, label-defined, non-client, or no-common-class design.",evaluated_paper,https://doi.org/10.1109/DSN58367.2023.00035,11,PDF p. 11,§VII,The later-day test continues to observe a single targeted UE.,
EVD0116,P17269,,,,split,"Client-condition identity, grouping, holdout status, and claim-scope coding.",evaluated_paper,https://doi.org/10.1109/DSN64029.2025.00052,6,,Section IV-A,The family classifier uses 5-fold cross-validation rather than a condition- or time-grouped split.,
EVD0117,P17269,,,,split,"Client-condition identity, grouping, holdout status, and claim-scope coding.",evaluated_paper,https://doi.org/10.1109/DSN64029.2025.00052,6,,Section IV-A,The family classifier uses 5-fold cross-validation rather than a condition- or time-grouped split.,
EVD0118,P17269,,,,split,"Client-condition identity, grouping, holdout status, and claim-scope coding.",evaluated_paper,https://doi.org/10.1109/DSN64029.2025.00052,6,,Section IV-A,The family classifier uses 5-fold cross-validation rather than a condition- or time-grouped split.,
EVD0119,P17269,,,,split,"Client-condition identity, grouping, holdout status, and claim-scope coding.",evaluated_paper,https://doi.org/10.1109/DSN64029.2025.00052,6,,Section IV-A,The family classifier uses 5-fold cross-validation rather than a condition- or time-grouped split.,
EVD0120,P17269,,,,not_reported_search,Unknown-not-reported client-condition coding.,not_reported_search,https://doi.org/10.1109/DSN64029.2025.00052,,,"Dataset/collection, experimental setup, train-validation-test construction, evaluation, artifact/appendix sections","Search record: inspected the listed sections and searched client, host, device, hardware, operating system, browser, software/version, TLS/library, VM/container/emulator, split, fold, holdout, train, validation, and test; no assignable client-condition protocol with class coverage and parent grouping was reported.",
EVD0121,P17290,,,,split,"Client-condition identity, grouping, holdout status, and claim-scope coding.",evaluated_paper,https://doi.org/10.1109/DSN64029.2025.00048,6,,Dataset construction,The 60/40 split is applied to the combined ODoH records collected through ten client VMs; client location is not reserved in this baseline.,
EVD0122,P17290,,,,split,"Client-condition identity, grouping, holdout status, and claim-scope coding.",evaluated_paper,https://doi.org/10.1109/DSN64029.2025.00048,10,,"Section 5.3, Impact of Location and Time",Ten models exclude one client location in turn: nine client locations train and the excluded location is the unseen test location; earlier grid search used the pooled dataset.,
EVD0123,P17290,,,,not_reported_search,Conservative unknown target-client access or preprocessing coding.,not_reported_search,https://doi.org/10.1109/DSN64029.2025.00048,,,"Model selection, hyperparameter tuning, preprocessing, split, evaluation, and appendices","Search record: inspected model-selection and preprocessing descriptions and searched validation, calibration, target, fine-tune, hyperparameter, normalization, scaler, and test; the paper does not establish that target-client data were excluded from every selection/preprocessing step.",
EVD0124,P17290,,,,split,"Client-condition identity, grouping, holdout status, and claim-scope coding.",evaluated_paper,https://doi.org/10.1109/DSN64029.2025.00048,11,,Temporal robustness,The second batch is collected after six weeks from one client; the client condition is not changed as the tested factor.,
EVD0125,P17323,,,,not_reported_search,Unknown-not-reported client-condition coding.,not_reported_search,https://doi.org/10.1109/DSN64029.2025.00051,,,"Dataset/collection, experimental setup, train-validation-test construction, evaluation, artifact/appendix sections","Search record: inspected the listed sections and searched client, host, device, hardware, operating system, browser, software/version, TLS/library, VM/container/emulator, split, fold, holdout, train, validation, and test; no assignable client-condition protocol with class coverage and parent grouping was reported.",
EVD0126,P17323,,,,not_reported_search,Unknown-not-reported client-condition coding.,not_reported_search,https://doi.org/10.1109/DSN64029.2025.00051,,,"Dataset/collection, experimental setup, train-validation-test construction, evaluation, artifact/appendix sections","Search record: inspected the listed sections and searched client, host, device, hardware, operating system, browser, software/version, TLS/library, VM/container/emulator, split, fold, holdout, train, validation, and test; no assignable client-condition protocol with class coverage and parent grouping was reported.",
EVD0127,P17323,,,,not_reported_search,Unknown-not-reported client-condition coding.,not_reported_search,https://doi.org/10.1109/DSN64029.2025.00051,,,"Dataset/collection, experimental setup, train-validation-test construction, evaluation, artifact/appendix sections","Search record: inspected the listed sections and searched client, host, device, hardware, operating system, browser, software/version, TLS/library, VM/container/emulator, split, fold, holdout, train, validation, and test; no assignable client-condition protocol with class coverage and parent grouping was reported.",
EVD0128,P17610,,,,split,"Reported matched, pooled, label-defined, non-client, or no-common-class design.",evaluated_paper,https://doi.org/10.1145/3646547.3688435,8,PDF p. 8,"§5, laboratory evaluation","Approximately 10,000 flows across 17 unique user-platform identities, represented by 30 provider-specific configurations, are evaluated using 10-fold cross-validation without condition-grouped folds.",
EVD0129,P17610,,,,condition_identity,Client identity and common-class coverage.,evaluated_paper,https://doi.org/10.1145/3646547.3688435,9,PDF p. 9,§4.3.2,Home devices cover the corresponding provider/protocol-specific platform views and use OS and software-agent versions different from the laboratory training setup. Table 1 shows varying supported subsets; 12 is the conservative minimum platform-head size.,
EVD0130,P17610,,,,target_access,"Condition grouping, final-test construction, and the coded target-condition access regime.",evaluated_paper,https://doi.org/10.1145/3646547.3688435,10,,"§6, open-set/home evaluation",Provider/protocol-specific models trained on laboratory traffic are evaluated on a separately captured home dataset with changed OS/software versions and residential networking.,
EVD0131,P17713,,,,not_reported_search,Unknown-not-reported client-condition coding.,not_reported_search,https://doi.org/10.1145/3730567.3764455,,,"Dataset/collection, experimental setup, train-validation-test construction, evaluation, artifact/appendix sections","Search record: inspected the listed sections and searched client, host, device, hardware, operating system, browser, software/version, TLS/library, VM/container/emulator, split, fold, holdout, train, validation, and test; no assignable client-condition protocol with class coverage and parent grouping was reported.",
EVD0132,P17713,,,,not_reported_search,Unknown-not-reported client-condition coding.,not_reported_search,https://doi.org/10.1145/3730567.3764455,,,"Dataset/collection, experimental setup, train-validation-test construction, evaluation, artifact/appendix sections","Search record: inspected the listed sections and searched client, host, device, hardware, operating system, browser, software/version, TLS/library, VM/container/emulator, split, fold, holdout, train, validation, and test; no assignable client-condition protocol with class coverage and parent grouping was reported.",
EVD0133,P17713,,,,split,"Client-condition identity, grouping, holdout status, and claim-scope coding.",evaluated_paper,https://doi.org/10.1145/3730567.3764455,10,,"Section 5, Field Deployment",A classifier developed on the lab ground-truth corpus is validated one month later on separate deployment-network sessions using cloud-server logs for the 13 game-title labels.,
EVD0134,P17815,,,,split,The reported split does not create a client-condition holdout.,evaluated_paper,https://www.ndss-symposium.org/ndss-paper/encrypted-dns-privacy-a-traffic-analysis-perspective/,6,,Section V-A,The baseline website classifier uses standard 10-fold cross-validation on LOC1 samples. No source/test grouping by an orthogonal client condition is reported for this protocol.,
EVD0135,P17815,,,,split,"This protocol may test another condition dimension, but it does not document a client-condition holdout.",evaluated_paper,https://www.ndss-symposium.org/ndss-paper/encrypted-dns-privacy-a-traffic-analysis-perspective/,8,,Section V-C.1 and Table V,"The 1,500-webpage LOC1 corpus is divided into five two-week intervals; models train on one interval and test on each other interval with 20 samples per webpage available in every interval and up to eight weeks between conditions. No source/test grouping by an orthogonal client condition is reported for this protocol.",
EVD0136,P17815,,,,condition_identity,The paper changes desktop versus Raspberry Pi while holding location and the 700-site label view fixed; target-data influence on selection/preprocessing is not fully reported.,evaluated_paper,https://www.ndss-symposium.org/ndss-paper/encrypted-dns-privacy-a-traffic-analysis-perspective/,4,,Section IV and Table I,The paper defines a common 700-site desktop/Raspberry-Pi comparison and states that one characteristic is varied while the remaining default configuration is held constant.,
EVD0137,P17815,,,,split,The paper changes desktop versus Raspberry Pi while holding location and the 700-site label view fixed; target-data influence on selection/preprocessing is not fully reported.,evaluated_paper,https://www.ndss-symposium.org/ndss-paper/encrypted-dns-privacy-a-traffic-analysis-perspective/,9,,Section V-C.3 and Table VI,"The platform matrix trains on DESKTOP and tests RPI, and vice versa, for the same 700 website labels.",
EVD0138,P17815,,,,not_reported_search,Documents the basis for retaining unknown client-condition or target-access fields.,not_reported_search,https://www.ndss-symposium.org/ndss-paper/encrypted-dns-privacy-a-traffic-analysis-perspective/,,,Full-paper client-condition search,"Inspected the dataset/collection, feature and model, training/evaluation, appendix, artifact/availability, and reference sections; searched for client, device, instance, hardware, platform, operating system/OS, browser, application version, firmware, train, validation, test, fold, and holdout. The missing client allocation or target-access detail was not found.",
EVD0139,P17815,,,,condition_identity,The three client setups are crossed on a common 700-site task at one location; some cells isolate DoH implementation while others jointly change browser and client.,evaluated_paper,https://www.ndss-symposium.org/ndss-paper/encrypted-dns-privacy-a-traffic-analysis-perspective/,4,,Section IV and Table I,"CLOUD, CL-FF, and LOC2 contain 700 common sites and encode Firefox built-in DoH, Cloudflare standalone DoH with Firefox, and Cloudflare standalone DoH with Chrome.",
EVD0140,P17815,,,,split,The three client setups are crossed on a common 700-site task at one location; some cells isolate DoH implementation while others jointly change browser and client.,evaluated_paper,https://www.ndss-symposium.org/ndss-paper/encrypted-dns-privacy-a-traffic-analysis-perspective/,9,,Section V-C.3 and Table VI,The paper cross-classifies all three client setups and reports a client-by-client performance matrix.,
EVD0141,P17815,,,,not_reported_search,Documents the basis for retaining unknown client-condition or target-access fields.,not_reported_search,https://www.ndss-symposium.org/ndss-paper/encrypted-dns-privacy-a-traffic-analysis-perspective/,,,Full-paper client-condition search,"Inspected the dataset/collection, feature and model, training/evaluation, appendix, artifact/availability, and reference sections; searched for client, device, instance, hardware, platform, operating system/OS, browser, application version, firmware, train, validation, test, fold, and holdout. The missing client allocation or target-access detail was not found.",
EVD0142,P17818,,,,split,"The client-related property defines the class label, and no separate orthogonal client factor is held out across at least three common classes.",evaluated_paper,https://www.ndss-symposium.org/ndss-paper/flowprint-semi-supervised-mobile-app-fingerprinting-on-encrypted-network-traffic/,7,,Section V-A,Traffic for every app is split 50:50 into non-overlapping training and testing sets. No source/test grouping by an orthogonal client condition is reported for this protocol.,
EVD0143,P17818,,,,split,"The client-related property defines the class label, and no separate orthogonal client factor is held out across at least three common classes.",evaluated_paper,https://www.ndss-symposium.org/ndss-paper/flowprint-semi-supervised-mobile-app-fingerprinting-on-encrypted-network-traffic/,7,,Section V-A,Traffic for every app is split 50:50 into non-overlapping training and testing sets. No source/test grouping by an orthogonal client condition is reported for this protocol.,
EVD0144,P17818,,,,split,"The client-related property defines the class label, and no separate orthogonal client factor is held out across at least three common classes.",evaluated_paper,https://www.ndss-symposium.org/ndss-paper/flowprint-semi-supervised-mobile-app-fingerprinting-on-encrypted-network-traffic/,7,,Section V-A,Traffic for every app is split 50:50 into non-overlapping training and testing sets. No source/test grouping by an orthogonal client condition is reported for this protocol.,
EVD0145,P17818,,,,split,"The client-related property defines the class label, and no separate orthogonal client factor is held out across at least three common classes.",evaluated_paper,https://www.ndss-symposium.org/ndss-paper/flowprint-semi-supervised-mobile-app-fingerprinting-on-encrypted-network-traffic/,10,,Section V-D.2,The browser experiment uses an 80:20 training/testing split. No source/test grouping by an orthogonal client condition is reported for this protocol.,
EVD0146,P17818,,,,split,The version experiment is a binary new-versus-existing matching test rather than a qualifying multiclass client-condition evaluation.,evaluated_paper,https://www.ndss-symposium.org/ndss-paper/flowprint-semi-supervised-mobile-app-fingerprinting-on-encrypted-network-traffic/,12,,Section V-E.3a and Figure 5,The paper says it trains the unseen-app detector on a specific application version and evaluates whether later-version fingerprints match; Figure 5 reports the fraction of matching fingerprints rather than mutually exclusive application-identity predictions.,
EVD0147,P17818,,,,split,"The client-related property defines the class label, and no separate orthogonal client factor is held out across at least three common classes.",evaluated_paper,https://www.ndss-symposium.org/ndss-paper/flowprint-semi-supervised-mobile-app-fingerprinting-on-encrypted-network-traffic/,12,,Section V-E.3b,The paper performs 10-fold cross-validation while synthetically replacing increasing fractions of IP addresses and TLS certificates in testing data. No source/test grouping by an orthogonal client condition is reported for this protocol.,
EVD0148,P17818,,,,split,"The client-related property defines the class label, and no separate orthogonal client factor is held out across at least three common classes.",evaluated_paper,https://www.ndss-symposium.org/ndss-paper/flowprint-semi-supervised-mobile-app-fingerprinting-on-encrypted-network-traffic/,12,,Section V-E.3b,The paper performs 10-fold cross-validation while synthetically replacing increasing fractions of IP addresses and TLS certificates in testing data. No source/test grouping by an orthogonal client condition is reported for this protocol.,
EVD0149,P17818,,,,split,"The client-related property defines the class label, and no separate orthogonal client factor is held out across at least three common classes.",evaluated_paper,https://www.ndss-symposium.org/ndss-paper/flowprint-semi-supervised-mobile-app-fingerprinting-on-encrypted-network-traffic/,12,,Section V-E.3b,The paper performs 10-fold cross-validation while synthetically replacing increasing fractions of IP addresses and TLS certificates in testing data. No source/test grouping by an orthogonal client condition is reported for this protocol.,
EVD0150,P17818,,,,split,"The classifier is trained on original traffic and tested on fresh current-version traffic for all 31 reported application classes, with time and other environmental changes aliased.",evaluated_paper,https://www.ndss-symposium.org/ndss-paper/flowprint-semi-supervised-mobile-app-fingerprinting-on-encrypted-network-traffic/,13,,Section V-E.3b,FlowPrint trains on the original Cross-Platform data and tests fresh current-version traffic for the same 31 applications collected 26 months later.,
EVD0151,P17818,,,,not_reported_search,Target-condition access is conservatively unknown rather than zero-shot.,not_reported_search,https://www.ndss-symposium.org/ndss-paper/flowprint-semi-supervised-mobile-app-fingerprinting-on-encrypted-network-traffic/,,,"Dataset/collection, feature/preprocessing, training, evaluation, appendix, and artifact sections","Inspected the dataset/collection, feature and preprocessing, model training and selection, evaluation/results, appendix, and artifact sections; searched for client, device, platform, browser, software/version, firmware, train, validation, calibration, adaptation, test, fold, holdout, feature selection, and normalization. The paper does not affirmatively state that target-client traffic was excluded from all fitting, selection, calibration, adaptation, and fitted preprocessing.",
EVD0152,P17818,,,,target_access,"The later 31-app recapture does not influence fitting, parameter selection, or fitted preprocessing.",evaluated_paper,https://www.ndss-symposium.org/ndss-paper/flowprint-semi-supervised-mobile-app-fingerprinting-on-encrypted-network-traffic/,8,,"Section V-A, Parameter Selection","All configurable parameters are optimized on held-out Andrubis validation data, which the paper states is not used in the remainder of the evaluation.",
EVD0153,P18348,,,,split,"Client-condition identity, grouping, holdout status, and claim-scope coding.",evaluated_paper,https://www.ndss-symposium.org/ndss-paper/evaluating-machine-learning-based-iot-device-identification-models-for-security-applications/,8,,"Section V-D, temporal evaluation","The temporal figure reports Train:Now versus one week, but the surrounding text says training uses the December 2022 capture and does not map Train:Now or the weekly target to disjoint December subperiods.",
EVD0154,P18348,,,,split,"Client-condition identity, grouping, holdout status, and claim-scope coding.",evaluated_paper,https://www.ndss-symposium.org/ndss-paper/evaluating-machine-learning-based-iot-device-identification-models-for-security-applications/,8,,"Section V-D, temporal evaluation","The temporal figure reports Train:Now versus two weeks, but the surrounding text says training uses the December 2022 capture and does not map Train:Now or the weekly target to disjoint December subperiods.",
EVD0155,P18348,,,,split,"Client-condition identity, grouping, holdout status, and claim-scope coding.",evaluated_paper,https://www.ndss-symposium.org/ndss-paper/evaluating-machine-learning-based-iot-device-identification-models-for-security-applications/,8,,"Section V-D, temporal evaluation","The temporal figure reports Train:Now versus three weeks, but the surrounding text says training uses the December 2022 capture and does not map Train:Now or the weekly target to disjoint December subperiods.",
EVD0156,P18348,,,,split,"Client-condition identity, grouping, holdout status, and claim-scope coding.",evaluated_paper,https://www.ndss-symposium.org/ndss-paper/evaluating-machine-learning-based-iot-device-identification-models-for-security-applications/,8,,"Section V-D, temporal evaluation",The model trained on December 2022 is tested on a fresh one-month target period for the same 13 devices.,
EVD0157,P18348,,,,split,"Client-condition identity, grouping, holdout status, and claim-scope coding.",evaluated_paper,https://www.ndss-symposium.org/ndss-paper/evaluating-machine-learning-based-iot-device-identification-models-for-security-applications/,8,,"Section V-D, temporal evaluation",The model trained on December 2022 is tested on a fresh three-month target period for the same 13 devices.,
EVD0158,P18348,,,,split,"Client-condition identity, grouping, holdout status, and claim-scope coding.",evaluated_paper,https://www.ndss-symposium.org/ndss-paper/evaluating-machine-learning-based-iot-device-identification-models-for-security-applications/,8,,"Section V-D, temporal evaluation",The model trained on December 2022 is tested on a fresh six-month target period for the same 13 devices.,
EVD0159,P18348,,,,split,"Client-condition identity, grouping, holdout status, and claim-scope coding.",evaluated_paper,https://www.ndss-symposium.org/ndss-paper/evaluating-machine-learning-based-iot-device-identification-models-for-security-applications/,8,,"Section V-D, temporal evaluation","The model trained on December 2022 is tested on a fresh target reported as 12 months later; the paper also describes the endpoint as 52 weeks, so the exact 365-day boundary is not conservative-confirmed.",
EVD0160,P18348,,,,split,"Client-condition identity, grouping, holdout status, and claim-scope coding.",evaluated_paper,https://www.ndss-symposium.org/ndss-paper/evaluating-machine-learning-based-iot-device-identification-models-for-security-applications/,7,,Traffic-mode evaluation,Models trained on mixed activity are tested separately on idle and active traffic.,
EVD0161,P18348,,,,split,"Client-condition identity, grouping, holdout status, and claim-scope coding.",evaluated_paper,https://www.ndss-symposium.org/ndss-paper/evaluating-machine-learning-based-iot-device-identification-models-for-security-applications/,9,,"Section V-E and Table V, Spatial Transferability","The model trains on the UK testbed and tests on the US testbed, and vice versa, using idle traffic collected over the same dates for 13 common device models.",
EVD0162,P18348,,,,split,"Client-condition identity, grouping, holdout status, and claim-scope coding.",evaluated_paper,https://www.ndss-symposium.org/ndss-paper/evaluating-machine-learning-based-iot-device-identification-models-for-security-applications/,9,,Packet-sampling evaluation,"A full-traffic model is evaluated at 1:100, 1:1000, and 1:5000 packet sampling.",
EVD0163,P18348,,,,split,"Client-condition identity, grouping, holdout status, and claim-scope coding.",evaluated_paper,https://www.ndss-symposium.org/ndss-paper/evaluating-machine-learning-based-iot-device-identification-models-for-security-applications/,13,,Section VI-A–B and Table VII,The paper reduces the tailored feature set by retraining and checking performance across all evaluation scenarios until it finds a minimal acceptable set; Table VII then reports the one-month temporal result for each retained feature subset.,
EVD0164,P18348,,,,split,"Client-condition identity, grouping, holdout status, and claim-scope coding.",evaluated_paper,https://www.ndss-symposium.org/ndss-paper/evaluating-machine-learning-based-iot-device-identification-models-for-security-applications/,13,,Section VI-A–B and Table VII,The paper reduces the tailored feature set by retraining and checking performance across all evaluation scenarios until it finds a minimal acceptable set; Table VII then reports the three-month temporal result for each retained feature subset.,
EVD0165,P18348,,,,split,"Client-condition identity, grouping, holdout status, and claim-scope coding.",evaluated_paper,https://www.ndss-symposium.org/ndss-paper/evaluating-machine-learning-based-iot-device-identification-models-for-security-applications/,13,,Section VI-A–B and Table VII,The paper reduces the tailored feature set by retraining and checking performance across all evaluation scenarios until it finds a minimal acceptable set; Table VII then reports the six-month temporal result for each retained feature subset.,
EVD0166,P18348,,,,split,"Client-condition identity, grouping, holdout status, and claim-scope coding.",evaluated_paper,https://www.ndss-symposium.org/ndss-paper/evaluating-machine-learning-based-iot-device-identification-models-for-security-applications/,13,,Section VI-A–B and Table VII,The paper reduces the tailored feature set by retraining and checking performance across all evaluation scenarios until it finds a minimal acceptable set; Table VII then reports the twelve-month temporal result for each retained feature subset.,
EVD0167,P35345,,,,not_reported_search,Unknown-not-reported client-condition coding.,not_reported_search,http://papers.nips.cc/paper_files/paper/2025/hash/ba1d33849b963efc6b5d3082ad68f480-Abstract-Conference.html,,,"Dataset/collection, experimental setup, train-validation-test construction, evaluation, artifact/appendix sections","Search record: inspected the listed sections and searched client, host, device, hardware, operating system, browser, software/version, TLS/library, VM/container/emulator, split, fold, holdout, train, validation, and test; no assignable client-condition protocol with class coverage and parent grouping was reported.",
EVD0168,P35345,,,,split,"Client-condition identity, grouping, holdout status, and claim-scope coding.",evaluated_paper,http://papers.nips.cc/paper_files/paper/2025/hash/ba1d33849b963efc6b5d3082ad68f480-Abstract-Conference.html,15,,"Appendix D, Dataset Information",The CrossPlatform evaluation uses only iOS application traffic in the China region; train/test example counts are reported within that fixed subset.,
EVD0169,P35345,,,,not_reported_search,Unknown-not-reported client-condition coding.,not_reported_search,http://papers.nips.cc/paper_files/paper/2025/hash/ba1d33849b963efc6b5d3082ad68f480-Abstract-Conference.html,,,"Dataset/collection, experimental setup, train-validation-test construction, evaluation, artifact/appendix sections","Search record: inspected the listed sections and searched client, host, device, hardware, operating system, browser, software/version, TLS/library, VM/container/emulator, split, fold, holdout, train, validation, and test; no assignable client-condition protocol with class coverage and parent grouping was reported.",
EVD0170,P35345,,,,not_reported_search,Unknown-not-reported client-condition coding.,not_reported_search,http://papers.nips.cc/paper_files/paper/2025/hash/ba1d33849b963efc6b5d3082ad68f480-Abstract-Conference.html,,,"Dataset/collection, experimental setup, train-validation-test construction, evaluation, artifact/appendix sections","Search record: inspected the listed sections and searched client, host, device, hardware, operating system, browser, software/version, TLS/library, VM/container/emulator, split, fold, holdout, train, validation, and test; no assignable client-condition protocol with class coverage and parent grouping was reported.",
EVD0171,P35345,,,,not_reported_search,Unknown-not-reported client-condition coding.,not_reported_search,http://papers.nips.cc/paper_files/paper/2025/hash/ba1d33849b963efc6b5d3082ad68f480-Abstract-Conference.html,,,"Dataset/collection, experimental setup, train-validation-test construction, evaluation, artifact/appendix sections","Search record: inspected the listed sections and searched client, host, device, hardware, operating system, browser, software/version, TLS/library, VM/container/emulator, split, fold, holdout, train, validation, and test; no assignable client-condition protocol with class coverage and parent grouping was reported.",
EVD0172,P38630,,,,split,"The client-related property defines the class label, and no separate orthogonal client factor is held out across at least three common classes.",evaluated_paper,https://www.usenix.org/conference/nsdi22/presentation/siracusano,5,,Section 3.2,The IoT classification evaluation is performed with five-fold cross-validation. No source/test grouping by an orthogonal client condition is reported for this protocol.,
EVD0173,P38761,,,,not_reported_search,Unknown-not-reported status.,not_reported_search,https://www.usenix.org/conference/nsdi24/presentation/yan,,,"Dataset, collection, training, evaluation, appendix and artifact search",Searched client/device/hardware/platform/OS/version/browser/software/host and train/test/fold/split terms; client-condition grouping is not established.,
EVD0174,P38761,,,,not_reported_search,Unknown-not-reported status.,not_reported_search,https://www.usenix.org/conference/nsdi24/presentation/yan,,,"Dataset, collection, training, evaluation, appendix and artifact search",Searched client/device/hardware/platform/OS/version/browser/software/host and train/test/fold/split terms; client-condition grouping is not established.,
EVD0175,P38761,,,,not_reported_search,Unknown-not-reported status.,not_reported_search,https://www.usenix.org/conference/nsdi24/presentation/yan,,,"Dataset, collection, training, evaluation, appendix and artifact search",Searched client/device/hardware/platform/OS/version/browser/software/host and train/test/fold/split terms; client-condition grouping is not established.,
EVD0176,P38761,,,,not_reported_search,Unknown-not-reported status.,not_reported_search,https://www.usenix.org/conference/nsdi24/presentation/yan,,,"Dataset, collection, training, evaluation, appendix and artifact search",Searched client/device/hardware/platform/OS/version/browser/software/host and train/test/fold/split terms; client-condition grouping is not established.,
EVD0177,P38798,,,,not_reported_search,Unknown-not-reported status.,not_reported_search,https://www.usenix.org/conference/nsdi24/presentation/jafri,,,"Dataset, collection, training, evaluation, appendix and artifact search",Searched client/device/hardware/platform/OS/version/browser/software/host and train/test/fold/split terms; client-condition grouping is not established.,
EVD0178,P38798,,,,not_reported_search,Unknown-not-reported status.,not_reported_search,https://www.usenix.org/conference/nsdi24/presentation/jafri,,,"Dataset, collection, training, evaluation, appendix and artifact search",Searched client/device/hardware/platform/OS/version/browser/software/host and train/test/fold/split terms; client-condition grouping is not established.,
EVD0179,P38868,,,,split,"Client-condition identity, grouping, holdout status, and claim-scope coding.",evaluated_paper,https://www.usenix.org/conference/nsdi25/presentation/wan-gerry,19,,Appendix / Ethical considerations,The live campus capture did not retain or analyze client IPs; CATO pools flow records and uses nested folds plus a final 20% sample holdout.,
EVD0180,P38868,,,,task,"Client-condition identity, grouping, holdout status, and claim-scope coding.",evaluated_paper,https://www.usenix.org/conference/nsdi25/presentation/wan-gerry,8,,"Section 5.1, Model Training","The class label is one of 28 IoT device types and the final 20% is drawn after pooling flow records; device type is the target, not an orthogonal client holdout.",
EVD0181,P39009,,,,split,The paper does not provide enough client metadata and split detail to determine whether a qualifying client-condition holdout occurred.,evaluated_paper,https://doi.org/10.1145/3545948.3545973,9,,Sections 5.1–5.2,"The cryptomining corpus is divided into training and testing portions, with about 200 hours used for training and a test mixture containing more than twenty times as much contrast traffic as cryptomining traffic; collection-time grouping is not reported.",
EVD0182,P39009,,,,not_reported_search,Documents the basis for retaining unknown client-condition or target-access fields.,not_reported_search,https://doi.org/10.1145/3545948.3545973,,,Full-paper client-condition search,"Inspected the dataset/collection, feature and model, training/evaluation, appendix, artifact/availability, and reference sections; searched for client, device, instance, hardware, platform, operating system/OS, browser, application version, firmware, train, validation, test, fold, and holdout. The missing client allocation or target-access detail was not found.",
EVD0183,P39015,,,,split,"Client OS diversity may exist globally, but the reported 80:20 partition does not hold out OS and class-to-OS coverage is not established.",evaluated_paper,https://doi.org/10.1145/3545948.3545983,8,,Section 5.2,"For malware-family classification, both datasets use an 8:2 train-test split. No source/test grouping by an orthogonal client condition is reported for this protocol.",
EVD0184,P39015,,,,split,The reported split does not create a client-condition holdout.,evaluated_paper,https://doi.org/10.1145/3545948.3545983,8,,Section 5.2,"For malware-family classification, both datasets use an 8:2 train-test split. No source/test grouping by an orthogonal client condition is reported for this protocol.",
EVD0185,P39064,,,,split,"Reported matched, pooled, label-defined, non-client, or no-common-class design.",evaluated_paper,https://doi.org/10.1145/3607199.3607206,8,PDF p. 8,"§4.1.2, dataset partition and validation","Anonymous sessions from each class are converted to bursts, divided 9:1 into training and testing sets, and evaluated with five-fold validation; no grouping by collection day or campaign is reported.",
EVD0186,P39064,,,,split,"Reported matched, pooled, label-defined, non-client, or no-common-class design.",evaluated_paper,https://doi.org/10.1145/3607199.3607206,8,PDF p. 8,"§4.1.2, dataset partition and validation","Anonymous sessions from each class are converted to bursts, divided 9:1 into training and testing sets, and evaluated with five-fold validation; no grouping by collection day or campaign is reported.",
EVD0187,P39064,,,,split,"Reported matched, pooled, label-defined, non-client, or no-common-class design.",evaluated_paper,https://doi.org/10.1145/3607199.3607206,8,PDF p. 8,"§4.1.2, dataset partition and validation","Anonymous sessions from each class are converted to bursts, divided 9:1 into training and testing sets, and evaluated with five-fold validation; no grouping by collection day or campaign is reported.",
EVD0188,P39064,,,,split,"Reported matched, pooled, label-defined, non-client, or no-common-class design.",evaluated_paper,https://doi.org/10.1145/3607199.3607206,8,PDF p. 8,"§4.1.2, dataset partition and validation","Anonymous sessions from each class are converted to bursts, divided 9:1 into training and testing sets, and evaluated with five-fold validation; no grouping by collection day or campaign is reported.",
EVD0189,P39064,,,,split,"Reported matched, pooled, label-defined, non-client, or no-common-class design.",evaluated_paper,https://doi.org/10.1145/3607199.3607206,8,PDF p. 8,"§4.1.2, dataset partition and validation","Anonymous sessions from each class are converted to bursts, divided 9:1 into training and testing sets, and evaluated with five-fold validation; no grouping by collection day or campaign is reported.",
EVD0190,P39064,,,,split,"Reported matched, pooled, label-defined, non-client, or no-common-class design.",evaluated_paper,https://doi.org/10.1145/3607199.3607206,8,PDF p. 8,"§4.1.2, dataset partition and validation","Anonymous sessions from each class are converted to bursts, divided 9:1 into training and testing sets, and evaluated with five-fold validation; no grouping by collection day or campaign is reported.",
EVD0191,P39132,,,,split,"Reported matched, pooled, label-defined, non-client, or no-common-class design.",evaluated_paper,https://doi.org/10.1145/3678890.3678910,5,PDF p. 5,"§3.2, evaluation",Each task benchmarks learned models using five-fold cross-validation; folds are not grouped by collection time.,
EVD0192,P39132,,,,split,"Reported matched, pooled, label-defined, non-client, or no-common-class design.",evaluated_paper,https://doi.org/10.1145/3678890.3678910,5,PDF p. 5,"§3.2, evaluation",Each task benchmarks learned models using five-fold cross-validation; folds are not grouped by collection time.,
EVD0193,P39132,,,,split,"Reported matched, pooled, label-defined, non-client, or no-common-class design.",evaluated_paper,https://doi.org/10.1145/3678890.3678910,5,PDF p. 5,"§3.2, evaluation",Each task benchmarks learned models using five-fold cross-validation; folds are not grouped by collection time.,
EVD0194,P39132,,,,split,"Reported matched, pooled, label-defined, non-client, or no-common-class design.",evaluated_paper,https://doi.org/10.1145/3678890.3678910,5,PDF p. 5,"§3.2, evaluation",Each task benchmarks learned models using five-fold cross-validation; folds are not grouped by collection time.,
EVD0195,P39132,,,,condition_identity,Client identity and common-class coverage.,evaluated_paper,https://doi.org/10.1145/3678890.3678910,8,PDF p. 8,§3.5/Fig. 4,Models trained on cached traffic are tested on non-cached traffic and vice versa for the same domains.,
EVD0196,P39132,,,,target_access,Condition grouping and final-test construction; source-only model selection is not established.,evaluated_paper,https://doi.org/10.1145/3678890.3678910,8,,§3.5 / Fig. 4,Models trained only on cached traffic are tested on non-cached traffic and vice versa.,
EVD0197,P39132,,,,split,"Reported matched, pooled, label-defined, non-client, or no-common-class design.",evaluated_paper,https://doi.org/10.1145/3678890.3678910,8,PDF p. 8,§3.5 / Fig. 4,The mixed scenario includes cached and non-cached samples in training and tests on an unseen mixture.,
EVD0198,P39132,,,,condition_identity,Client identity and common-class coverage.,evaluated_paper,https://doi.org/10.1145/3678890.3678910,12,PDF p. 12,§4.5/Fig. 12,The same 9GAG task is collected with desktop and mobile User-Agent settings and tested in both directions.,
EVD0199,P39132,,,,target_access,Condition grouping and final-test construction; source-only model selection is not established.,evaluated_paper,https://doi.org/10.1145/3678890.3678910,12,,§4.5 / Fig. 12,Models trained on desktop-user-agent traffic are tested on mobile-user-agent traffic and vice versa.,
EVD0200,P39132,,,,split,"Reported matched, pooled, label-defined, non-client, or no-common-class design.",evaluated_paper,https://doi.org/10.1145/3678890.3678910,12,PDF p. 12,§4.5 / Fig. 12,The mixed-user-agent model trains and tests on a mixture of desktop and mobile User-Agent traffic.,
EVD0201,P39497,,,,split,"Reported matched, pooled, label-defined, non-client, or no-common-class design.",evaluated_paper,https://doi.org/10.1145/3603269.3604840,7,PDF p. 7,§6.1,Flows are sampled within the named trace for classifier fitting and the remaining/randomly selected flows form evaluation data; the construction is not grouped by collection period.,
EVD0202,P39497,,,,split,"Reported matched, pooled, label-defined, non-client, or no-common-class design.",evaluated_paper,https://doi.org/10.1145/3603269.3604840,8,PDF p. 8,§6.2,Flows are sampled within the named trace for classifier fitting and the remaining/randomly selected flows form evaluation data; the construction is not grouped by collection period.,
EVD0203,P39497,,,,split,"Reported matched, pooled, label-defined, non-client, or no-common-class design.",evaluated_paper,https://doi.org/10.1145/3603269.3604840,8,PDF p. 8,§6.3,Flows are sampled within the named trace for classifier fitting and the remaining/randomly selected flows form evaluation data; the construction is not grouped by collection period.,
EVD0204,P39497,,,,split,"Reported matched, pooled, label-defined, non-client, or no-common-class design.",evaluated_paper,https://doi.org/10.1145/3603269.3604840,9,PDF p. 9,§6.5,Flows are sampled within the named trace for classifier fitting and the remaining/randomly selected flows form evaluation data; the construction is not grouped by collection period.,
EVD0205,P39497,,,,split,"Reported matched, pooled, label-defined, non-client, or no-common-class design.",evaluated_paper,https://doi.org/10.1145/3603269.3604840,9,PDF p. 9,§6.6,Flows are sampled within the named trace for classifier fitting and the remaining/randomly selected flows form evaluation data; the construction is not grouped by collection period.,
EVD0206,P39497,,,,split,"Reported matched, pooled, label-defined, non-client, or no-common-class design.",evaluated_paper,https://doi.org/10.1145/3603269.3604840,10,PDF p. 10,§6.8,Flows are sampled within the named trace for classifier fitting and the remaining/randomly selected flows form evaluation data; the construction is not grouped by collection period.,
EVD0207,P39497,,,,split,"Reported matched, pooled, label-defined, non-client, or no-common-class design.",evaluated_paper,https://doi.org/10.1145/3603269.3604840,16,PDF p. 16,"Appendix, SSH tunnelling experiment",A classifier trained on original Trace G flows is tested on the same traffic replayed through an SSH tunnel.,
EVD0208,P39771,,,,split,"Client-condition identity, grouping, holdout status, and claim-scope coding.",evaluated_paper,https://doi.org/10.1145/3718958.3750529,9,,"Section 7.1, Traffic Classification Datasets","For PeerRush, 75% of five-tuple flows from each class train the models, 10% validate, and 15% test; no temporal grouping is reported.",
EVD0209,P39771,,,,split,"Client-condition identity, grouping, holdout status, and claim-scope coding.",evaluated_paper,https://doi.org/10.1145/3718958.3750529,9,,"Section 7.1, Traffic Classification Datasets","CICIOT flows from Power, Idle, and Interact classes are pooled and split 75/10/15 per class; device identity is not used to form a client holdout.",
EVD0210,P39771,,,,split,"Client-condition identity, grouping, holdout status, and claim-scope coding.",evaluated_paper,https://doi.org/10.1145/3718958.3750529,9,,"Section 7.1, Traffic Classification Datasets","For ISCXVPN2016, 75% of five-tuple flows from each class train the models, 10% validate, and 15% test; no temporal grouping is reported.",
EVD0211,P39771,,,,split,"Client-condition identity, grouping, holdout status, and claim-scope coding.",evaluated_paper,https://doi.org/10.1145/3718958.3750529,11,,"Section 7.4, Unsupervised Malicious Traffic Detection Evaluation",The autoencoder reconstructs the normal-source training set and tests mixtures containing either USTC-TFC malware families or Kitsune SSDP-reflection traffic at a 1:4 attack-to-benign ratio.,
EVD0212,P39771,,,,split,"Client-condition identity, grouping, holdout status, and claim-scope coding.",evaluated_paper,https://doi.org/10.1145/3718958.3750529,11,,"Section 7.4, Unsupervised Malicious Traffic Detection Evaluation",The autoencoder reconstructs the normal-source training set and tests mixtures containing either USTC-TFC malware families or Kitsune SSDP-reflection traffic at a 1:4 attack-to-benign ratio.,
EVD0213,P39771,,,,split,"Client-condition identity, grouping, holdout status, and claim-scope coding.",evaluated_paper,https://doi.org/10.1145/3718958.3750529,11,,"Section 7.4, Unsupervised Malicious Traffic Detection Evaluation",The autoencoder reconstructs the normal-source training set and tests mixtures containing either USTC-TFC malware families or Kitsune SSDP-reflection traffic at a 1:4 attack-to-benign ratio.,
EVD0214,P39804,,,,split,"Client-condition identity, grouping, holdout status, and claim-scope coding.",evaluated_paper,https://doi.org/10.1145/3718958.3750498,7,,"Section 5, Downstream task evaluation",The audit benchmark uses a random 7:1 per-flow training/test split; all packets from a five-tuple flow remain in one partition and three-fold validation is performed within training.,
EVD0215,P39804,,,,split,"Client-condition identity, grouping, holdout status, and claim-scope coding.",evaluated_paper,https://doi.org/10.1145/3718958.3750498,7,,"Section 5, Downstream task evaluation",The audit benchmark uses a random 7:1 per-flow training/test split; all packets from a five-tuple flow remain in one partition and three-fold validation is performed within training.,
EVD0216,P39804,,,,split,"Client-condition identity, grouping, holdout status, and claim-scope coding.",evaluated_paper,https://doi.org/10.1145/3718958.3750498,7,,"Section 5, Downstream task evaluation",The audit benchmark uses a random 7:1 per-flow training/test split; all packets from a five-tuple flow remain in one partition and three-fold validation is performed within training.,
EVD0217,P39804,,,,split,"Client-condition identity, grouping, holdout status, and claim-scope coding.",evaluated_paper,https://doi.org/10.1145/3718958.3750498,7,,"Section 5, Downstream task evaluation",The audit benchmark uses a random 7:1 per-flow training/test split; all packets from a five-tuple flow remain in one partition and three-fold validation is performed within training.,
EVD0218,P39804,,,,split,"Client-condition identity, grouping, holdout status, and claim-scope coding.",evaluated_paper,https://doi.org/10.1145/3718958.3750498,8,,"Section 6.1, Information Leakage",The per-packet comparison randomly assigns packets of each class to an 8:1:1 train/validation/test split; packets from the same flow can therefore cross partitions.,
EVD0219,P39804,,,,split,"Client-condition identity, grouping, holdout status, and claim-scope coding.",evaluated_paper,https://doi.org/10.1145/3718958.3750498,8,,"Section 6.1, Information Leakage",The per-packet comparison randomly assigns packets of each class to an 8:1:1 train/validation/test split; packets from the same flow can therefore cross partitions.,
EVD0220,P39804,,,,split,"Client-condition identity, grouping, holdout status, and claim-scope coding.",evaluated_paper,https://doi.org/10.1145/3718958.3750498,10,,"Section 6.2, Flow-Level Traffic Classification Results",Flow-level models use the same random per-flow partition and three-fold training procedure as the downstream benchmark; no collection period is held out.,
EVD0221,P39804,,,,split,"Client-condition identity, grouping, holdout status, and claim-scope coding.",evaluated_paper,https://doi.org/10.1145/3718958.3750498,10,,"Section 6.2, Flow-Level Traffic Classification Results",Flow-level models use the same random per-flow partition and three-fold training procedure as the downstream benchmark; no collection period is held out.,
EVD0222,P40493,,,,split,The reported split does not create a client-condition holdout.,evaluated_paper,https://doi.org/10.1109/SP40000.2020.00015,6,,"Section V, Experimental Setup","The main open-world data are evaluated using 10-fold cross-validation, with monitored and unmonitored traces allocated to training and test folds. No source/test grouping by an orthogonal client condition is reported for this protocol.",
EVD0223,P40493,,,,split,The reported split does not create a client-condition holdout.,evaluated_paper,https://doi.org/10.1109/SP40000.2020.00015,11,,Section VI-E,The independently described Wikipedia page experiment uses the same 10-fold cross-validation procedure. No source/test grouping by an orthogonal client condition is reported for this protocol.,
EVD0224,P40493,,,,split,"The client-related property defines the class label, and no separate orthogonal client factor is held out across at least three common classes.",evaluated_paper,https://doi.org/10.1109/SP40000.2020.00015,6,,Experimental setup,The evaluation uses 10-fold cross-validation; the active-client experiment reports results under that experimental framework. No source/test grouping by an orthogonal client condition is reported for this protocol.,
EVD0225,P41557,,,,not_reported_search,Unknown-not-reported client-condition coding.,not_reported_search,https://doi.org/10.1109/SP61157.2025.00154,,,"Dataset/collection, experimental setup, train-validation-test construction, evaluation, artifact/appendix sections","Search record: inspected the listed sections and searched client, host, device, hardware, operating system, browser, software/version, TLS/library, VM/container/emulator, split, fold, holdout, train, validation, and test; no assignable client-condition protocol with class coverage and parent grouping was reported.",
EVD0226,P41557,,,,not_reported_search,Unknown-not-reported client-condition coding.,not_reported_search,https://doi.org/10.1109/SP61157.2025.00154,,,"Dataset/collection, experimental setup, train-validation-test construction, evaluation, artifact/appendix sections","Search record: inspected the listed sections and searched client, host, device, hardware, operating system, browser, software/version, TLS/library, VM/container/emulator, split, fold, holdout, train, validation, and test; no assignable client-condition protocol with class coverage and parent grouping was reported.",
EVD0227,P41557,,,,not_reported_search,Unknown-not-reported client-condition coding.,not_reported_search,https://doi.org/10.1109/SP61157.2025.00154,,,"Dataset/collection, experimental setup, train-validation-test construction, evaluation, artifact/appendix sections","Search record: inspected the listed sections and searched client, host, device, hardware, operating system, browser, software/version, TLS/library, VM/container/emulator, split, fold, holdout, train, validation, and test; no assignable client-condition protocol with class coverage and parent grouping was reported.",
EVD0228,P41557,,,,not_reported_search,Unknown-not-reported client-condition coding.,not_reported_search,https://doi.org/10.1109/SP61157.2025.00154,,,"Dataset/collection, experimental setup, train-validation-test construction, evaluation, artifact/appendix sections","Search record: inspected the listed sections and searched client, host, device, hardware, operating system, browser, software/version, TLS/library, VM/container/emulator, split, fold, holdout, train, validation, and test; no assignable client-condition protocol with class coverage and parent grouping was reported.",
EVD0229,P41557,,,,not_reported_search,Unknown-not-reported client-condition coding.,not_reported_search,https://doi.org/10.1109/SP61157.2025.00154,,,"Dataset/collection, experimental setup, train-validation-test construction, evaluation, artifact/appendix sections","Search record: inspected the listed sections and searched client, host, device, hardware, operating system, browser, software/version, TLS/library, VM/container/emulator, split, fold, holdout, train, validation, and test; no assignable client-condition protocol with class coverage and parent grouping was reported.",
EVD0230,P41766,,,,split,"Client-condition identity, grouping, holdout status, and claim-scope coding.",evaluated_paper,https://doi.org/10.1109/SP61157.2025.00102,8,,"Fine-tuning evaluation, Table 4","Each class is partitioned 8:1:1 into training, validation, and test data; capture/time grouping is not reported.",
EVD0231,P41766,,,,split,"Client-condition identity, grouping, holdout status, and claim-scope coding.",evaluated_paper,https://doi.org/10.1109/SP61157.2025.00102,8,,"Fine-tuning evaluation, Table 4","Each class is partitioned 8:1:1 into training, validation, and test data; capture/time grouping is not reported.",
EVD0232,P41766,,,,not_reported_search,Unknown-not-reported client-condition coding.,not_reported_search,https://doi.org/10.1109/SP61157.2025.00102,,,"Dataset/collection, experimental setup, train-validation-test construction, evaluation, artifact/appendix sections","Search record: inspected the listed sections and searched client, host, device, hardware, operating system, browser, software/version, TLS/library, VM/container/emulator, split, fold, holdout, train, validation, and test; no assignable client-condition protocol with class coverage and parent grouping was reported.",
EVD0233,P41766,,,,not_reported_search,Unknown-not-reported client-condition coding.,not_reported_search,https://doi.org/10.1109/SP61157.2025.00102,,,"Dataset/collection, experimental setup, train-validation-test construction, evaluation, artifact/appendix sections","Search record: inspected the listed sections and searched client, host, device, hardware, operating system, browser, software/version, TLS/library, VM/container/emulator, split, fold, holdout, train, validation, and test; no assignable client-condition protocol with class coverage and parent grouping was reported.",
EVD0234,P41766,,,,not_reported_search,Unknown-not-reported client-condition coding.,not_reported_search,https://doi.org/10.1109/SP61157.2025.00102,,,"Dataset/collection, experimental setup, train-validation-test construction, evaluation, artifact/appendix sections","Search record: inspected the listed sections and searched client, host, device, hardware, operating system, browser, software/version, TLS/library, VM/container/emulator, split, fold, holdout, train, validation, and test; no assignable client-condition protocol with class coverage and parent grouping was reported.",
EVD0235,P41766,,,,not_reported_search,Unknown-not-reported client-condition coding.,not_reported_search,https://doi.org/10.1109/SP61157.2025.00102,,,"Dataset/collection, experimental setup, train-validation-test construction, evaluation, artifact/appendix sections","Search record: inspected the listed sections and searched client, host, device, hardware, operating system, browser, software/version, TLS/library, VM/container/emulator, split, fold, holdout, train, validation, and test; no assignable client-condition protocol with class coverage and parent grouping was reported.",
EVD0236,P42020,,,,condition_identity,"The prediction unit is a distinct device and folds hold out devices, but the paper does not establish that all 34 type classes or all 410 model classes occur on both sides of every fold.",evaluated_paper,https://www.usenix.org/conference/usenixsecurity20/presentation/yu,10,,Section 5.1,The ground-truth and annotated datasets are composed of distinct physical device records with type/model labels.,
EVD0237,P42020,,,,split,"The prediction unit is a distinct device and folds hold out devices, but the paper does not establish that all 34 type classes or all 410 model classes occur on both sides of every fold.",evaluated_paper,https://www.usenix.org/conference/usenixsecurity20/presentation/yu,11,,Section 5.2,Device identification at the reported label granularities uses 10-fold cross-validation; the paper does not report per-fold class coverage.,
EVD0238,P42020,,,,not_reported_search,Documents the basis for retaining unknown client-condition or target-access fields.,not_reported_search,https://www.usenix.org/conference/usenixsecurity20/presentation/yu,,,Full-paper client-condition search,"Inspected the dataset/collection, feature and model, training/evaluation, appendix, artifact/availability, and reference sections; searched for client, device, instance, hardware, platform, operating system/OS, browser, application version, firmware, train, validation, test, fold, and holdout. The missing client allocation or target-access detail was not found.",
EVD0239,P42020,,,,condition_identity,"The prediction unit is a distinct device and folds hold out devices, but the paper does not establish that all 34 type classes or all 410 model classes occur on both sides of every fold.",evaluated_paper,https://www.usenix.org/conference/usenixsecurity20/presentation/yu,10,,Section 5.1,The ground-truth and annotated datasets are composed of distinct physical device records with type/model labels.,
EVD0240,P42020,,,,split,"The prediction unit is a distinct device and folds hold out devices, but the paper does not establish that all 34 type classes or all 410 model classes occur on both sides of every fold.",evaluated_paper,https://www.usenix.org/conference/usenixsecurity20/presentation/yu,11,,Section 5.2,Device identification at the reported label granularities uses 10-fold cross-validation; the paper does not report per-fold class coverage.,
EVD0241,P42020,,,,not_reported_search,Documents the basis for retaining unknown client-condition or target-access fields.,not_reported_search,https://www.usenix.org/conference/usenixsecurity20/presentation/yu,,,Full-paper client-condition search,"Inspected the dataset/collection, feature and model, training/evaluation, appendix, artifact/availability, and reference sections; searched for client, device, instance, hardware, platform, operating system/OS, browser, application version, firmware, train, validation, test, fold, and holdout. The missing client allocation or target-access detail was not found.",
EVD0242,P42485,,,,split,"At least TVs and bulbs include instances absent from training, but results are pooled with seen devices and do not establish a three-class common held-out-instance subset.",evaluated_paper,https://www.usenix.org/conference/usenixsecurity22/presentation/sharma-rahul,10,,Section 7.1 and Figure 8,"Offline training is separated from deployments in an office, two apartments, and a lab; the apartment traffic includes physical device instances absent from training.",
EVD0243,P42485,,,,reporting,"At least TVs and bulbs include instances absent from training, but results are pooled with seen devices and do not establish a three-class common held-out-instance subset.",evaluated_paper,https://www.usenix.org/conference/usenixsecurity22/presentation/sharma-rahul,12,,Section 7.3,The paper explicitly names unseen TV and bulb instances but reports environment-level accuracy pooled with devices present in training.,
EVD0244,P42485,,,,split,"The physical-instance holdout is genuine, but final tests cover only the camera output class and therefore do not meet the at-least-three-common-classes rule.",evaluated_paper,https://www.usenix.org/conference/usenixsecurity22/presentation/sharma-rahul,15,,"Section 8, Unprofiled Devices",Each run trains Lumos on all but one of 15 cameras and tests the left-out camera; 13 of 15 unprofiled cameras achieve the reported median accuracy.,
EVD0245,P42485,,,,split,"The paper trains at default settings and tests modified settings, but the contrast is evaluated only for the camera output class and therefore does not meet the at-least-three-class rule.",evaluated_paper,https://www.usenix.org/conference/usenixsecurity22/presentation/sharma-rahul,14,,Section 7.6 and Figure 17,"Lumos trains on cameras at default settings and tests high, medium, and low modes that jointly vary resolution, sensitivity, and microphone state.",
EVD0246,P42485,,,,not_reported_search,Target-condition access is conservatively unknown rather than zero-shot.,not_reported_search,https://www.usenix.org/conference/usenixsecurity22/presentation/sharma-rahul,,,"Dataset/collection, feature/preprocessing, training, evaluation, appendix, and artifact sections","Inspected the dataset/collection, feature and preprocessing, model training and selection, evaluation/results, appendix, and artifact sections; searched for client, device, platform, browser, software/version, firmware, train, validation, calibration, adaptation, test, fold, holdout, feature selection, and normalization. The paper does not affirmatively state that target-client traffic was excluded from all fitting, selection, calibration, adaptation, and fitted preprocessing.",
EVD0247,P42485,,,,not_reported_search,Target-condition access is conservatively unknown rather than zero-shot.,not_reported_search,https://www.usenix.org/conference/usenixsecurity22/presentation/sharma-rahul,,,"Dataset/collection, feature/preprocessing, training, evaluation, appendix, and artifact sections","Inspected the dataset/collection, feature and preprocessing, model training and selection, evaluation/results, appendix, and artifact sections; searched for client, device, platform, browser, software/version, firmware, train, validation, calibration, adaptation, test, fold, holdout, feature selection, and normalization. The paper does not affirmatively state that target-client traffic was excluded from all fitting, selection, calibration, adaptation, and fitted preprocessing.",
EVD0248,P42485,,,,not_reported_search,Target-condition access is conservatively unknown rather than zero-shot.,not_reported_search,https://www.usenix.org/conference/usenixsecurity22/presentation/sharma-rahul,,,"Dataset/collection, feature/preprocessing, training, evaluation, appendix, and artifact sections","Inspected the dataset/collection, feature and preprocessing, model training and selection, evaluation/results, appendix, and artifact sections; searched for client, device, platform, browser, software/version, firmware, train, validation, calibration, adaptation, test, fold, holdout, feature selection, and normalization. The paper does not affirmatively state that target-client traffic was excluded from all fitting, selection, calibration, adaptation, and fitted preprocessing.",
EVD0249,P42512,,,,split,The paper does not provide enough client metadata and split detail to determine whether a qualifying client-condition holdout occurred.,evaluated_paper,https://www.usenix.org/conference/usenixsecurity22/presentation/cherubin,10,,Section 6.3,"During a one-week July-2020 stream, each genuine trace is first predicted and only then incorporated into the continuously updated classifier.",
EVD0250,P42512,,,,not_reported_search,Documents the basis for retaining unknown client-condition or target-access fields.,not_reported_search,https://www.usenix.org/conference/usenixsecurity22/presentation/cherubin,,,Full-paper client-condition search,"Inspected the dataset/collection, feature and model, training/evaluation, appendix, artifact/availability, and reference sections; searched for client, device, instance, hardware, platform, operating system/OS, browser, application version, firmware, train, validation, test, fold, and holdout. The missing client allocation or target-access detail was not found.",
EVD0251,P42512,,,,split,The paper does not provide enough client metadata and split detail to determine whether a qualifying client-condition holdout occurred.,evaluated_paper,https://www.usenix.org/conference/usenixsecurity22/presentation/cherubin,10,,Section 6.3,"The sampled-1000 classifier is likewise evaluated online for one week, predicting each trace before updating with its ground truth.",
EVD0252,P42512,,,,not_reported_search,Documents the basis for retaining unknown client-condition or target-access fields.,not_reported_search,https://www.usenix.org/conference/usenixsecurity22/presentation/cherubin,,,Full-paper client-condition search,"Inspected the dataset/collection, feature and model, training/evaluation, appendix, artifact/availability, and reference sections; searched for client, device, instance, hardware, platform, operating system/OS, browser, application version, firmware, train, validation, test, fold, and holdout. The missing client allocation or target-access detail was not found.",
EVD0253,P42512,,,,split,"This protocol may test another condition dimension, but it does not document a client-condition holdout.",evaluated_paper,https://www.usenix.org/conference/usenixsecurity22/presentation/cherubin,13,,Section 6.4,"For 922 sites with paired entry/exit observations, classifiers train on 50% of traces and test the other 50%, including exit-trained/entry-tested configurations. No source/test grouping by an orthogonal client condition is reported for this protocol.",
EVD0254,P42624,,,,split,The reported split does not create a client-condition holdout.,evaluated_paper,https://www.usenix.org/conference/usenixsecurity22/presentation/bae,10,,Section 5.2,Closed-world title classifiers are evaluated with five-fold cross-validation. No source/test grouping by an orthogonal client condition is reported for this protocol.,
EVD0255,P42624,,,,split,The reported split does not create a client-condition holdout.,evaluated_paper,https://www.usenix.org/conference/usenixsecurity22/presentation/bae,10,,Section 5.2,Closed-world title classifiers are evaluated with five-fold cross-validation. No source/test grouping by an orthogonal client condition is reported for this protocol.,
EVD0256,P42624,,,,split,The reported split does not create a client-condition holdout.,evaluated_paper,https://www.usenix.org/conference/usenixsecurity22/presentation/bae,10,,Section 5.2,Closed-world title classifiers are evaluated with five-fold cross-validation. No source/test grouping by an orthogonal client condition is reported for this protocol.,
EVD0257,P42624,,,,split,The reported split does not create a client-condition holdout.,evaluated_paper,https://www.usenix.org/conference/usenixsecurity22/presentation/bae,10,,Section 5.2 and Table 4,YouTube100 and YouTube200 are combined to evaluate 50–300 video-title classes under the paper's five-fold procedure. No source/test grouping by an orthogonal client condition is reported for this protocol.,
EVD0258,P42624,,,,split,The paper does not provide enough client metadata and split detail to determine whether a qualifying client-condition holdout occurred.,evaluated_paper,https://www.usenix.org/conference/usenixsecurity22/presentation/bae,10,,Section 5.2,All six train/test combinations across three mobile network operators are evaluated.,
EVD0259,P42624,,,,not_reported_search,Documents the basis for retaining unknown client-condition or target-access fields.,not_reported_search,https://www.usenix.org/conference/usenixsecurity22/presentation/bae,,,Full-paper client-condition search,"Inspected the dataset/collection, feature and model, training/evaluation, appendix, artifact/availability, and reference sections; searched for client, device, instance, hardware, platform, operating system/OS, browser, application version, firmware, train, validation, test, fold, and holdout. The missing client allocation or target-access detail was not found.",
EVD0260,P42624,,,,split,"This protocol may test another condition dimension, but it does not document a client-condition holdout.",evaluated_paper,https://www.usenix.org/conference/usenixsecurity22/presentation/bae,11,,Section 5.3,The CNN is trained on matching YouTube100 resolution traces and evaluated on the independently collected CA-enabled YouTubeCA traces. No source/test grouping by an orthogonal client condition is reported for this protocol.,
EVD0261,P42624,,,,split,"The client-related property defines the class label, and no separate orthogonal client factor is held out across at least three common classes.",evaluated_paper,https://www.usenix.org/conference/usenixsecurity22/presentation/bae,12,,Section 5.5,"Service classifiers train on AmazonDT, NetflixDT, and YouTube200 titles and test on non-overlapping Amazon, Netflix, and YouTube100 titles. No source/test grouping by an orthogonal client condition is reported for this protocol.",
EVD0262,P42624,,,,split,"This protocol may test another condition dimension, but it does not document a client-condition holdout.",evaluated_paper,https://www.usenix.org/conference/usenixsecurity22/presentation/bae,12,,Section 5.5,"A 100-title YouTube classifier adds an unseen output and is tested on held-out YouTube titles, Netflix, web browsing, and teleconference traffic. No source/test grouping by an orthogonal client condition is reported for this protocol.",
EVD0263,P42690,,,,split,"Reported matched, pooled, label-defined, non-client, or no-common-class design.",evaluated_paper,https://www.usenix.org/conference/usenixsecurity23/presentation/qu,7,PDF p. 7,"§5.1, evaluation setup",The paper evaluates the task with sample-level 10-fold cross-validation; folds are not grouped by capture period or parent campaign.,
EVD0264,P42690,,,,split,"Reported matched, pooled, label-defined, non-client, or no-common-class design.",evaluated_paper,https://www.usenix.org/conference/usenixsecurity23/presentation/qu,7,PDF p. 7,"§5.1, evaluation setup",The paper evaluates the task with sample-level 10-fold cross-validation; folds are not grouped by capture period or parent campaign.,
EVD0265,P42690,,,,split,"Reported matched, pooled, label-defined, non-client, or no-common-class design.",evaluated_paper,https://www.usenix.org/conference/usenixsecurity23/presentation/qu,7,PDF p. 7,"§5.1, evaluation setup",The paper evaluates the task with sample-level 10-fold cross-validation; folds are not grouped by capture period or parent campaign.,
EVD0266,P42690,,,,split,"Reported matched, pooled, label-defined, non-client, or no-common-class design.",evaluated_paper,https://www.usenix.org/conference/usenixsecurity23/presentation/qu,7,PDF p. 7,"§5.1, evaluation setup",The paper evaluates the task with sample-level 10-fold cross-validation; folds are not grouped by capture period or parent campaign.,
EVD0267,P42690,,,,split,"Reported matched, pooled, label-defined, non-client, or no-common-class design.",evaluated_paper,https://www.usenix.org/conference/usenixsecurity23/presentation/qu,14,PDF p. 14,"§5.7, perturbation experiments",Models trained on original SWF traces are evaluated on perturbations derived from the same source traces without retraining.,
EVD0268,P42690,,,,split,"Reported matched, pooled, label-defined, non-client, or no-common-class design.",evaluated_paper,https://www.usenix.org/conference/usenixsecurity23/presentation/qu,14,PDF p. 14,"§5.7, perturbation retraining","For the retraining comparison, 90% of perturbed traces train the model and the remaining 10% test it; the split is not temporal.",
EVD0269,P43001,,,,condition_identity,Client identity and common-class coverage.,evaluated_paper,https://www.usenix.org/conference/usenixsecurity23/presentation/xie,6,PDF p. 6,§3.2,"The same 12 websites are generated in six client locations/access settings, but client hardware/software identities are omitted.",
EVD0270,P43001,,,,target_access,"Condition grouping, final-test construction and access.",evaluated_paper,https://www.usenix.org/conference/usenixsecurity23/presentation/xie,6,,"§3.2, real TLS traffic",About 1.8 million flows for 12 websites are collected across six client environments; the source environment uses a 6:2:2 training/validation/test split before the trained models are tested separately on the other environments.,
EVD0271,P43001,,,,condition_identity,Client identity and common-class coverage.,evaluated_paper,https://www.usenix.org/conference/usenixsecurity23/presentation/xie,6,PDF p. 6,§3.2,"The same six applications run in six client locations/access settings, but client hardware/software identities are omitted.",
EVD0272,P43001,,,,target_access,"Condition grouping, final-test construction and access.",evaluated_paper,https://www.usenix.org/conference/usenixsecurity23/presentation/xie,6,,"§3.2, real TLS traffic",Application flows for six applications are collected across the six client environments; source-environment training and validation precede testing in each other environment.,
EVD0273,P43021,,,,split,"Reported matched, pooled, label-defined, non-client, or no-common-class design.",evaluated_paper,https://www.usenix.org/conference/usenixsecurity23/presentation/ahmed-dilawer,12,PDF p. 12,§5,Ordinary tasks use matched assistant-specific splits; cross-assistant models are also separate.,
EVD0274,P43021,,,,split,"Reported matched, pooled, label-defined, non-client, or no-common-class design.",evaluated_paper,https://www.usenix.org/conference/usenixsecurity23/presentation/ahmed-dilawer,12,PDF p. 12,§5,Ordinary tasks use matched assistant-specific splits; cross-assistant models are also separate.,
EVD0275,P43021,,,,split,"Reported matched, pooled, label-defined, non-client, or no-common-class design.",evaluated_paper,https://www.usenix.org/conference/usenixsecurity23/presentation/ahmed-dilawer,12,PDF p. 12,§5,Ordinary tasks use matched assistant-specific splits; cross-assistant models are also separate.,
EVD0276,P43021,,,,split,"Reported matched, pooled, label-defined, non-client, or no-common-class design.",evaluated_paper,https://www.usenix.org/conference/usenixsecurity23/presentation/ahmed-dilawer,12,PDF p. 12,§5,Ordinary tasks use matched assistant-specific splits; cross-assistant models are also separate.,
EVD0277,P43021,,,,split,"Reported matched, pooled, label-defined, non-client, or no-common-class design.",evaluated_paper,https://www.usenix.org/conference/usenixsecurity23/presentation/ahmed-dilawer,12,PDF p. 12,§5,Ordinary tasks use matched assistant-specific splits; cross-assistant models are also separate.,
EVD0278,P43021,,,,split,"Reported matched, pooled, label-defined, non-client, or no-common-class design.",evaluated_paper,https://www.usenix.org/conference/usenixsecurity23/presentation/ahmed-dilawer,12,PDF p. 12,§5,Ordinary tasks use matched assistant-specific splits; cross-assistant models are also separate.,
EVD0279,P43021,,,,condition_identity,Client identity and common-class coverage.,evaluated_paper,https://www.usenix.org/conference/usenixsecurity23/presentation/ahmed-dilawer,12,PDF p. 12,§5.7,The original lab model classifies a fresh 50-command corpus collected on an Echo Dot third generation and another home ISP.,
EVD0280,P43021,,,,target_access,"Condition grouping, final-test construction, and the coded target-condition access regime.",evaluated_paper,https://www.usenix.org/conference/usenixsecurity23/presentation/ahmed-dilawer,13,,"§5.8, different network environment",A model trained on the laboratory simple-50 set is evaluated on a newly collected 50-command set from a different home ISP and Echo Dot generation.,
EVD0281,P43021,,,,split,"Reported matched, pooled, label-defined, non-client, or no-common-class design.",evaluated_paper,https://www.usenix.org/conference/usenixsecurity23/presentation/ahmed-dilawer,14,PDF p. 14,"§6, real-world evaluation",The Mix100-trained model is tested on 15 known commands spoken in five one-hour sessions by five users on five days; the ordering relative to Mix100 collection is not documented.,
EVD0282,P43026,,,,not_reported_search,Unknown-not-reported status.,not_reported_search,https://www.usenix.org/conference/usenixsecurity23/presentation/shen-meng,,,"Dataset, collection, training, evaluation, appendix and artifact search",Searched client/device/hardware/platform/OS/version/browser/software/host and train/test/fold/split terms; client-condition grouping is not established.,
EVD0283,P43026,,,,not_reported_search,Unknown-not-reported status.,not_reported_search,https://www.usenix.org/conference/usenixsecurity23/presentation/shen-meng,,,"Dataset, collection, training, evaluation, appendix and artifact search",Searched client/device/hardware/platform/OS/version/browser/software/host and train/test/fold/split terms; client-condition grouping is not established.,
EVD0284,P43026,,,,split,"Reported matched, pooled, label-defined, non-client, or no-common-class design.",evaluated_paper,https://www.usenix.org/conference/usenixsecurity23/presentation/shen-meng,10,PDF p. 10,"§5.2, full-knowledge defense evaluation","For each defense configuration, attacks are evaluated with 10-fold cross-validation on traces generated under the same defense knowledge; folds are not temporal.",
EVD0285,P43026,,,,split,"Reported matched, pooled, label-defined, non-client, or no-common-class design.",evaluated_paper,https://www.usenix.org/conference/usenixsecurity23/presentation/shen-meng,10,PDF p. 10,"§5.2, full-knowledge defense evaluation",The full-knowledge attack is trained and tested with 10-fold cross-validation on the live Walkie-Talkie condition.,
EVD0286,P43026,,,,split,"Reported matched, pooled, label-defined, non-client, or no-common-class design.",evaluated_paper,https://www.usenix.org/conference/usenixsecurity23/presentation/shen-meng,11,PDF p. 11,"§5.3, partial knowledge",Training pools traces generated with five WTF-PAD inter-arrival distributions and testing is reported for the distribution conditions; target-condition examples therefore enter training.,
EVD0287,P43026,,,,split,"Reported matched, pooled, label-defined, non-client, or no-common-class design.",evaluated_paper,https://www.usenix.org/conference/usenixsecurity23/presentation/shen-meng,12,PDF p. 12,"§5.4, bandwidth evaluation","For each website, the fastest or slowest 10% of traces form a condition test set and the remaining 90% train the model.",
EVD0288,P43026,,,,not_reported_search,Unknown-not-reported status.,not_reported_search,https://www.usenix.org/conference/usenixsecurity23/presentation/shen-meng,,,"Dataset, collection, training, evaluation, appendix and artifact search",Searched client/device/hardware/platform/OS/version/browser/software/host and train/test/fold/split terms; client-condition grouping is not established.,
EVD0289,P43500,,,,split,"Client-condition identity, grouping, holdout status, and claim-scope coding.",evaluated_paper,https://www.usenix.org/conference/usenixsecurity24/presentation/mitseva,7,,"Section 5, Experimental Setup",All ALEXA datasets were collected with Tor Browser 7.5.6; the classifier uses 10-fold cross-validation rather than a browser/client holdout.,
EVD0290,P43500,,,,split,"Client-condition identity, grouping, holdout status, and claim-scope coding.",evaluated_paper,https://www.usenix.org/conference/usenixsecurity24/presentation/mitseva,7,,"Section 5, Experimental Setup",TRANCO-WSC-FG was collected with Tor Browser 12.5.3 and evaluated within that corpus.,
EVD0291,P43500,,,,split,"Client-condition identity, grouping, holdout status, and claim-scope coding.",evaluated_paper,https://www.usenix.org/conference/usenixsecurity24/presentation/mitseva,7,,"Section 5, Experimental Setup","Both ALEXA foreground and browsing-history corpora use Tor Browser 7.5.6; the contrast changes browsing-session construction, not client software.",
EVD0292,P43500,,,,split,"Client-condition identity, grouping, holdout status, and claim-scope coding.",evaluated_paper,https://www.usenix.org/conference/usenixsecurity24/presentation/mitseva,7,,"Section 5, Experimental Setup",The monitored and background ALEXA corpora use Tor Browser 7.5.6; no client condition is reserved.,
EVD0293,P44356,,,,split,The reported split does not create a client-condition holdout.,evaluated_paper,https://doi.org/10.1145/3366423.3380090,7,,Section 4.1.1,Selected IDS-day traffic is divided 9:1 into training and testing for each of five classes. No source/test grouping by an orthogonal client condition is reported for this protocol.,
EVD0294,P44356,,,,split,The paper does not provide enough client metadata and split detail to determine whether a qualifying client-condition holdout occurred.,evaluated_paper,https://doi.org/10.1145/3366423.3380090,7,,Sections 4.1–4.2,"The paper defines a balanced 15-application corpus and reports classifier results, but does not state its train/test construction.",
EVD0295,P44356,,,,not_reported_search,Documents the basis for retaining unknown client-condition or target-access fields.,not_reported_search,https://doi.org/10.1145/3366423.3380090,,,Full-paper client-condition search,"Inspected the dataset/collection, feature and model, training/evaluation, appendix, artifact/availability, and reference sections; searched for client, device, instance, hardware, platform, operating system/OS, browser, application version, firmware, train, validation, test, fold, and holdout. The missing client allocation or target-access detail was not found.",
EVD0296,P44356,,,,split,"The client-related property defines the class label, and no separate orthogonal client factor is held out across at least three common classes.",evaluated_paper,https://doi.org/10.1145/3366423.3380090,8,,Section 4.5,A model trained on the balanced subset is tested on the full corpus without extra training or fine-tuning. No source/test grouping by an orthogonal client condition is reported for this protocol.,
EVD0297,P44356,,,,split,The paper does not provide enough client metadata and split detail to determine whether a qualifying client-condition holdout occurred.,evaluated_paper,https://doi.org/10.1145/3366423.3380090,9,,Section 4.6,"The paper selects 1,000 records per application for training and uses the remaining records for testing.",
EVD0298,P44356,,,,not_reported_search,Documents the basis for retaining unknown client-condition or target-access fields.,not_reported_search,https://doi.org/10.1145/3366423.3380090,,,Full-paper client-condition search,"Inspected the dataset/collection, feature and model, training/evaluation, appendix, artifact/availability, and reference sections; searched for client, device, instance, hardware, platform, operating system/OS, browser, application version, firmware, train, validation, test, fold, and holdout. The missing client allocation or target-access detail was not found.",
EVD0299,P44828,,,,split,The reported split does not create a client-condition holdout.,evaluated_paper,https://doi.org/10.1145/3442381.3450008,8,,Section 4.1,Dataset D1 is evaluated with 10-fold stratified cross-validation. No source/test grouping by an orthogonal client condition is reported for this protocol.,
EVD0300,P44828,,,,split,The reported split does not create a client-condition holdout.,evaluated_paper,https://doi.org/10.1145/3442381.3450008,8,,Section 4.1,Dataset D2 is evaluated with 10-fold stratified cross-validation. No source/test grouping by an orthogonal client condition is reported for this protocol.,
EVD0301,P44828,,,,split,The reported split does not create a client-condition holdout.,evaluated_paper,https://doi.org/10.1145/3442381.3450008,9,,Section 4.3,"The D3 open-world protocol uses nine folds for monitored training and one for test, while splitting unmonitored traces between training and testing. No source/test grouping by an orthogonal client condition is reported for this protocol.",
EVD0302,P44828,,,,split,The reported split does not create a client-condition holdout.,evaluated_paper,https://doi.org/10.1145/3442381.3450008,11,,Section 6.2,D4 contains 50 traces for each of 50 Instagram profiles; simulated countermeasures are evaluated using the same classification approach as Section 5.1. No source/test grouping by an orthogonal client condition is reported for this protocol.,
EVD0303,P44828,,,,condition_identity,"The same 50 labels occur in D4 and D5, but the text does not state unambiguously whether D5 is only a final test for a D4-trained classifier or is fitted/evaluated separately.",evaluated_paper,https://doi.org/10.1145/3442381.3450008,5,,Section 3.1,The ordinary collection uses documented Firefox/Linux and Chrome/Windows setups across the two campuses.,
EVD0304,P44828,,,,split,"The same 50 labels occur in D4 and D5, but the text does not state unambiguously whether D5 is only a final test for a D4-trained classifier or is fitted/evaluated separately.",evaluated_paper,https://doi.org/10.1145/3442381.3450008,12,,"Section 6.2, Anonymity Networks","D5 contains 50 Tor Browser traces for each of the same 50 Instagram profiles as D4 and is described as a test dataset, but the fitting procedure for the D4/D5 accuracy comparison is not explicit.",
EVD0305,P44828,,,,not_reported_search,Documents the basis for retaining unknown client-condition or target-access fields.,not_reported_search,https://doi.org/10.1145/3442381.3450008,,,Full-paper client-condition search,"Inspected the dataset/collection, feature and model, training/evaluation, appendix, artifact/availability, and reference sections; searched for client, device, instance, hardware, platform, operating system/OS, browser, application version, firmware, train, validation, test, fold, and holdout. The missing client allocation or target-access detail was not found.",
EVD0306,P45261,,,,split,"The client-related property defines the class label, and no separate orthogonal client factor is held out across at least three common classes.",evaluated_paper,https://doi.org/10.1145/3485447.3512217,6,,Section 4.1.2,"Every downstream dataset is divided 8:1:1 into training, validation, and testing after per-class subsampling. No source/test grouping by an orthogonal client condition is reported for this protocol.",
EVD0307,P45261,,,,split,"The client-related property defines the class label, and no separate orthogonal client factor is held out across at least three common classes.",evaluated_paper,https://doi.org/10.1145/3485447.3512217,6,,Section 4.1.2,"Every downstream dataset is divided 8:1:1 into training, validation, and testing after per-class subsampling. No source/test grouping by an orthogonal client condition is reported for this protocol.",
EVD0308,P45261,,,,split,"The client-related property defines the class label, and no separate orthogonal client factor is held out across at least three common classes.",evaluated_paper,https://doi.org/10.1145/3485447.3512217,6,,Section 4.1.2,"Every downstream dataset is divided 8:1:1 into training, validation, and testing after per-class subsampling. No source/test grouping by an orthogonal client condition is reported for this protocol.",
EVD0309,P45261,,,,split,"The client-related property defines the class label, and no separate orthogonal client factor is held out across at least three common classes.",evaluated_paper,https://doi.org/10.1145/3485447.3512217,6,,Section 4.1.2,"Every downstream dataset is divided 8:1:1 into training, validation, and testing after per-class subsampling. No source/test grouping by an orthogonal client condition is reported for this protocol.",
EVD0310,P45261,,,,split,"The client-related property defines the class label, and no separate orthogonal client factor is held out across at least three common classes.",evaluated_paper,https://doi.org/10.1145/3485447.3512217,6,,Section 4.1.2,"Every downstream dataset is divided 8:1:1 into training, validation, and testing after per-class subsampling. No source/test grouping by an orthogonal client condition is reported for this protocol.",
EVD0311,P45261,,,,split,"The client-related property defines the class label, and no separate orthogonal client factor is held out across at least three common classes.",evaluated_paper,https://doi.org/10.1145/3485447.3512217,6,,Section 4.1.2,"Every downstream dataset is divided 8:1:1 into training, validation, and testing after per-class subsampling. No source/test grouping by an orthogonal client condition is reported for this protocol.",
EVD0312,P45721,,,,split,"Reported matched, pooled, label-defined, non-client, or no-common-class design.",evaluated_paper,https://doi.org/10.1145/3543507.3583473,6,PDF p. 6,§5.2,All experiments use one Google Pixel 4 phone.,
EVD0313,P45721,,,,split,"Reported matched, pooled, label-defined, non-client, or no-common-class design.",evaluated_paper,https://doi.org/10.1145/3543507.3583473,6,PDF p. 6,§5.2,All experiments use one Google Pixel 4 phone.,
EVD0314,P45721,,,,split,"Reported matched, pooled, label-defined, non-client, or no-common-class design.",evaluated_paper,https://doi.org/10.1145/3543507.3583473,6,PDF p. 6,§5.2,All experiments use one Google Pixel 4 phone.,
EVD0315,P45721,,,,split,"Reported matched, pooled, label-defined, non-client, or no-common-class design.",evaluated_paper,https://doi.org/10.1145/3543507.3583473,7,PDF p. 7,§5.3 / Table 8,A model trained with normal runs is tested separately on runs collected through four VPN services.,
EVD0316,P45879,,,,split,"Reported matched, pooled, label-defined, non-client, or no-common-class design.",evaluated_paper,https://doi.org/10.1145/3543507.3583200,6,PDF p. 6,§5–§6.1,"The 80:20 models are trained/tested separately within Edge, Chrome and Firefox, not across browsers.",
EVD0317,P45879,,,,split,"Reported matched, pooled, label-defined, non-client, or no-common-class design.",evaluated_paper,https://doi.org/10.1145/3543507.3583200,6,PDF p. 6,§5–§6.1,"The 80:20 models are trained/tested separately within Edge, Chrome and Firefox, not across browsers.",
EVD0318,P46267,,,,split,"Reported matched, pooled, label-defined, non-client, or no-common-class design.",evaluated_paper,https://doi.org/10.1145/3543507.3583227,5,PDF p. 5,"§4.1.1, dataset split","After preprocessing (and non-overlapping 60-second blocks for scarce Tor flows), stratified sampling sequentially partitions each dataset 9:1 into training and test samples; no period grouping is reported.",
EVD0319,P46267,,,,split,"Reported matched, pooled, label-defined, non-client, or no-common-class design.",evaluated_paper,https://doi.org/10.1145/3543507.3583227,5,PDF p. 5,"§4.1.1, dataset split","After preprocessing (and non-overlapping 60-second blocks for scarce Tor flows), stratified sampling sequentially partitions each dataset 9:1 into training and test samples; no period grouping is reported.",
EVD0320,P46267,,,,split,"Reported matched, pooled, label-defined, non-client, or no-common-class design.",evaluated_paper,https://doi.org/10.1145/3543507.3583227,5,PDF p. 5,"§4.1.1, dataset split","After preprocessing (and non-overlapping 60-second blocks for scarce Tor flows), stratified sampling sequentially partitions each dataset 9:1 into training and test samples; no period grouping is reported.",
EVD0321,P46267,,,,split,"Reported matched, pooled, label-defined, non-client, or no-common-class design.",evaluated_paper,https://doi.org/10.1145/3543507.3583227,5,PDF p. 5,"§4.1.1, dataset split","After preprocessing (and non-overlapping 60-second blocks for scarce Tor flows), stratified sampling sequentially partitions each dataset 9:1 into training and test samples; no period grouping is reported.",
EVD0322,P46267,,,,split,"Reported matched, pooled, label-defined, non-client, or no-common-class design.",evaluated_paper,https://doi.org/10.1145/3543507.3583227,5,PDF p. 5,"§4.1.1, dataset split","After preprocessing (and non-overlapping 60-second blocks for scarce Tor flows), stratified sampling sequentially partitions each dataset 9:1 into training and test samples; no period grouping is reported.",
EVD0323,P46267,,,,split,"Reported matched, pooled, label-defined, non-client, or no-common-class design.",evaluated_paper,https://doi.org/10.1145/3543507.3583227,5,PDF p. 5,"§4.1.1, dataset split","After preprocessing (and non-overlapping 60-second blocks for scarce Tor flows), stratified sampling sequentially partitions each dataset 9:1 into training and test samples; no period grouping is reported.",
EVD0324,P46267,,,,split,"Reported matched, pooled, label-defined, non-client, or no-common-class design.",evaluated_paper,https://doi.org/10.1145/3543507.3583227,5,PDF p. 5,"§4.1.1, dataset split","After preprocessing (and non-overlapping 60-second blocks for scarce Tor flows), stratified sampling sequentially partitions each dataset 9:1 into training and test samples; no period grouping is reported.",
EVD0325,P46427,,,,not_reported_search,Unknown-not-reported status.,not_reported_search,https://doi.org/10.1145/3589334.3645691,,,"Dataset, collection, training, evaluation, appendix and artifact search",Searched client/device/hardware/platform/OS/version/browser/software/host and train/test/fold/split terms; client-condition grouping is not established.,
EVD0326,P46427,,,,not_reported_search,Unknown-not-reported status.,not_reported_search,https://doi.org/10.1145/3589334.3645691,,,"Dataset, collection, training, evaluation, appendix and artifact search",Searched client/device/hardware/platform/OS/version/browser/software/host and train/test/fold/split terms; client-condition grouping is not established.,
EVD0327,P46427,,,,not_reported_search,Unknown-not-reported status.,not_reported_search,https://doi.org/10.1145/3589334.3645691,,,"Dataset, collection, training, evaluation, appendix and artifact search",Searched client/device/hardware/platform/OS/version/browser/software/host and train/test/fold/split terms; client-condition grouping is not established.,
EVD0328,P46427,,,,not_reported_search,Unknown-not-reported status.,not_reported_search,https://doi.org/10.1145/3589334.3645691,,,"Dataset, collection, training, evaluation, appendix and artifact search",Searched client/device/hardware/platform/OS/version/browser/software/host and train/test/fold/split terms; client-condition grouping is not established.,
EVD0329,P46427,,,,not_reported_search,Unknown-not-reported status.,not_reported_search,https://doi.org/10.1145/3589334.3645691,,,"Dataset, collection, training, evaluation, appendix and artifact search",Searched client/device/hardware/platform/OS/version/browser/software/host and train/test/fold/split terms; client-condition grouping is not established.,
EVD0330,P46522,,,,split,"Reported matched, pooled, label-defined, non-client, or no-common-class design.",evaluated_paper,https://doi.org/10.1145/3589334.3645575,7,PDF p. 7,§4.2 / Table 2,"The feature extractor is pretrained on CF500; a labelled target support set of N={1,5,10,15,20} traces per website trains the linear classifier and 20 separate target traces per website form the query test set.",
EVD0331,P46522,,,,split,"Reported matched, pooled, label-defined, non-client, or no-common-class design.",evaluated_paper,https://doi.org/10.1145/3589334.3645575,7,PDF p. 7,§4.2 / Table 2,"The feature extractor is pretrained on CF500; a labelled target support set of N={1,5,10,15,20} traces per website trains the linear classifier and 20 separate target traces per website form the query test set.",
EVD0332,P46522,,,,split,"Reported matched, pooled, label-defined, non-client, or no-common-class design.",evaluated_paper,https://doi.org/10.1145/3589334.3645575,7,PDF p. 7,§4.2 / Table 2,"The feature extractor is pretrained on CF500; a labelled target support set of N={1,5,10,15,20} traces per website trains the linear classifier and 20 separate target traces per website form the query test set.",
EVD0333,P46522,,,,split,"Reported matched, pooled, label-defined, non-client, or no-common-class design.",evaluated_paper,https://doi.org/10.1145/3589334.3645575,11,PDF p. 11,Appendix A.4 / Table 7,AWF775 pretrains the feature extractor and the mutually exclusive AWF100 websites provide labelled few-shot support and query traces.,
EVD0334,P46522,,,,split,"Reported matched, pooled, label-defined, non-client, or no-common-class design.",evaluated_paper,https://doi.org/10.1145/3589334.3645575,8,PDF p. 8,§4.3 / Table 6,"CF500/CF9000 supply pretraining, while labelled target support traces and target unmonitored background construct the open-world classifier; query traces are tested over N-shot settings.",
EVD0335,P46522,,,,split,"Reported matched, pooled, label-defined, non-client, or no-common-class design.",evaluated_paper,https://doi.org/10.1145/3589334.3645575,8,PDF p. 8,§4.3 / Table 6,"CF500/CF9000 supply pretraining, while labelled target support traces and target unmonitored background construct the open-world classifier; query traces are tested over N-shot settings.",
EVD0336,P46522,,,,split,"Reported matched, pooled, label-defined, non-client, or no-common-class design.",evaluated_paper,https://doi.org/10.1145/3589334.3645575,8,PDF p. 8,§4.3 / Table 6,"CF500/CF9000 supply pretraining, while labelled target support traces and target unmonitored background construct the open-world classifier; query traces are tested over N-shot settings. Target traces are additionally transformed by WTF-PAD.",
EVD0337,P46578,,,,split,"Client-condition identity, grouping, holdout status, and claim-scope coding.",evaluated_paper,https://doi.org/10.1145/3589334.3645457,11,,"Appendix, preprocessing",The sampled graph data are divided 0.7:0.3 for training and testing while ensuring identically distributed portions.,
EVD0338,P46578,,,,split,"Client-condition identity, grouping, holdout status, and claim-scope coding.",evaluated_paper,https://doi.org/10.1145/3589334.3645457,11,,"Appendix, preprocessing",The sampled graph data are divided 0.7:0.3 for training and testing while ensuring identically distributed portions.,
EVD0339,P47085,,,,not_reported_search,Unknown-not-reported client-condition coding.,not_reported_search,https://doi.org/10.1145/3589334.3645407,,,"Dataset/collection, experimental setup, train-validation-test construction, evaluation, artifact/appendix sections","Search record: inspected the listed sections and searched client, host, device, hardware, operating system, browser, software/version, TLS/library, VM/container/emulator, split, fold, holdout, train, validation, and test; no assignable client-condition protocol with class coverage and parent grouping was reported.",
EVD0340,P47085,,,,not_reported_search,Unknown-not-reported client-condition coding.,not_reported_search,https://doi.org/10.1145/3589334.3645407,,,"Dataset/collection, experimental setup, train-validation-test construction, evaluation, artifact/appendix sections","Search record: inspected the listed sections and searched client, host, device, hardware, operating system, browser, software/version, TLS/library, VM/container/emulator, split, fold, holdout, train, validation, and test; no assignable client-condition protocol with class coverage and parent grouping was reported.",
EVD0341,P47085,,,,not_reported_search,Unknown-not-reported client-condition coding.,not_reported_search,https://doi.org/10.1145/3589334.3645407,,,"Dataset/collection, experimental setup, train-validation-test construction, evaluation, artifact/appendix sections","Search record: inspected the listed sections and searched client, host, device, hardware, operating system, browser, software/version, TLS/library, VM/container/emulator, split, fold, holdout, train, validation, and test; no assignable client-condition protocol with class coverage and parent grouping was reported.",
EVD0342,P47085,,,,not_reported_search,Unknown-not-reported client-condition coding.,not_reported_search,https://doi.org/10.1145/3589334.3645407,,,"Dataset/collection, experimental setup, train-validation-test construction, evaluation, artifact/appendix sections","Search record: inspected the listed sections and searched client, host, device, hardware, operating system, browser, software/version, TLS/library, VM/container/emulator, split, fold, holdout, train, validation, and test; no assignable client-condition protocol with class coverage and parent grouping was reported.",
EVD0343,P47085,,,,not_reported_search,Unknown-not-reported client-condition coding.,not_reported_search,https://doi.org/10.1145/3589334.3645407,,,"Dataset/collection, experimental setup, train-validation-test construction, evaluation, artifact/appendix sections","Search record: inspected the listed sections and searched client, host, device, hardware, operating system, browser, software/version, TLS/library, VM/container/emulator, split, fold, holdout, train, validation, and test; no assignable client-condition protocol with class coverage and parent grouping was reported.",
EVD0344,P47085,,,,not_reported_search,Unknown-not-reported client-condition coding.,not_reported_search,https://doi.org/10.1145/3589334.3645407,,,"Dataset/collection, experimental setup, train-validation-test construction, evaluation, artifact/appendix sections","Search record: inspected the listed sections and searched client, host, device, hardware, operating system, browser, software/version, TLS/library, VM/container/emulator, split, fold, holdout, train, validation, and test; no assignable client-condition protocol with class coverage and parent grouping was reported.",
EVD0345,P47085,,,,not_reported_search,Unknown-not-reported client-condition coding.,not_reported_search,https://doi.org/10.1145/3589334.3645407,,,"Dataset/collection, experimental setup, train-validation-test construction, evaluation, artifact/appendix sections","Search record: inspected the listed sections and searched client, host, device, hardware, operating system, browser, software/version, TLS/library, VM/container/emulator, split, fold, holdout, train, validation, and test; no assignable client-condition protocol with class coverage and parent grouping was reported.",
EVD0346,P47085,,,,not_reported_search,Unknown-not-reported client-condition coding.,not_reported_search,https://doi.org/10.1145/3589334.3645407,,,"Dataset/collection, experimental setup, train-validation-test construction, evaluation, artifact/appendix sections","Search record: inspected the listed sections and searched client, host, device, hardware, operating system, browser, software/version, TLS/library, VM/container/emulator, split, fold, holdout, train, validation, and test; no assignable client-condition protocol with class coverage and parent grouping was reported.",
EVD0347,P47085,,,,not_reported_search,Unknown-not-reported client-condition coding.,not_reported_search,https://doi.org/10.1145/3589334.3645407,,,"Dataset/collection, experimental setup, train-validation-test construction, evaluation, artifact/appendix sections","Search record: inspected the listed sections and searched client, host, device, hardware, operating system, browser, software/version, TLS/library, VM/container/emulator, split, fold, holdout, train, validation, and test; no assignable client-condition protocol with class coverage and parent grouping was reported.",
EVD0348,P47085,,,,not_reported_search,Unknown-not-reported client-condition coding.,not_reported_search,https://doi.org/10.1145/3589334.3645407,,,"Dataset/collection, experimental setup, train-validation-test construction, evaluation, artifact/appendix sections","Search record: inspected the listed sections and searched client, host, device, hardware, operating system, browser, software/version, TLS/library, VM/container/emulator, split, fold, holdout, train, validation, and test; no assignable client-condition protocol with class coverage and parent grouping was reported.",
EVD0349,P47085,,,,split,"Client-condition identity, grouping, holdout status, and claim-scope coding.",evaluated_paper,https://doi.org/10.1145/3589334.3645407,7,,"Section 7.5, Scenario Bias",Scenario A is used for training and Scenario B for testing; scenarios differ in bandwidth and channel disturbance rather than elapsed-time grouping.,
EVD0350,P47353,,,,not_reported_search,Unknown-not-reported client-condition coding.,not_reported_search,https://doi.org/10.1145/3696410.3714643,,,"Dataset/collection, experimental setup, train-validation-test construction, evaluation, artifact/appendix sections","Search record: inspected the listed sections and searched client, host, device, hardware, operating system, browser, software/version, TLS/library, VM/container/emulator, split, fold, holdout, train, validation, and test; no assignable client-condition protocol with class coverage and parent grouping was reported.",
EVD0351,P47353,,,,not_reported_search,Unknown-not-reported client-condition coding.,not_reported_search,https://doi.org/10.1145/3696410.3714643,,,"Dataset/collection, experimental setup, train-validation-test construction, evaluation, artifact/appendix sections","Search record: inspected the listed sections and searched client, host, device, hardware, operating system, browser, software/version, TLS/library, VM/container/emulator, split, fold, holdout, train, validation, and test; no assignable client-condition protocol with class coverage and parent grouping was reported.",
EVD0352,P47353,,,,not_reported_search,Unknown-not-reported client-condition coding.,not_reported_search,https://doi.org/10.1145/3696410.3714643,,,"Dataset/collection, experimental setup, train-validation-test construction, evaluation, artifact/appendix sections","Search record: inspected the listed sections and searched client, host, device, hardware, operating system, browser, software/version, TLS/library, VM/container/emulator, split, fold, holdout, train, validation, and test; no assignable client-condition protocol with class coverage and parent grouping was reported.",
EVD0353,P47353,,,,not_reported_search,Unknown-not-reported client-condition coding.,not_reported_search,https://doi.org/10.1145/3696410.3714643,,,"Dataset/collection, experimental setup, train-validation-test construction, evaluation, artifact/appendix sections","Search record: inspected the listed sections and searched client, host, device, hardware, operating system, browser, software/version, TLS/library, VM/container/emulator, split, fold, holdout, train, validation, and test; no assignable client-condition protocol with class coverage and parent grouping was reported.",
EVD0354,P47353,,,,not_reported_search,Unknown-not-reported client-condition coding.,not_reported_search,https://doi.org/10.1145/3696410.3714643,,,"Dataset/collection, experimental setup, train-validation-test construction, evaluation, artifact/appendix sections","Search record: inspected the listed sections and searched client, host, device, hardware, operating system, browser, software/version, TLS/library, VM/container/emulator, split, fold, holdout, train, validation, and test; no assignable client-condition protocol with class coverage and parent grouping was reported.",
EVD0355,P47353,,,,not_reported_search,Unknown-not-reported client-condition coding.,not_reported_search,https://doi.org/10.1145/3696410.3714643,,,"Dataset/collection, experimental setup, train-validation-test construction, evaluation, artifact/appendix sections","Search record: inspected the listed sections and searched client, host, device, hardware, operating system, browser, software/version, TLS/library, VM/container/emulator, split, fold, holdout, train, validation, and test; no assignable client-condition protocol with class coverage and parent grouping was reported.",
EVD0356,P47584,,,,split,"Client-condition identity, grouping, holdout status, and claim-scope coding.",evaluated_paper,https://doi.org/10.1145/3696410.3714578,5,,Sections 4.1–4.3 and Tables 1–2,"The CW-popular condition contains 40 visits per website; attacks are evaluated with k-fold cross-validation and varying N reference samples, without period-grouped folds.",
EVD0357,P47584,,,,split,"Client-condition identity, grouping, holdout status, and claim-scope coding.",evaluated_paper,https://doi.org/10.1145/3696410.3714578,5,,Sections 4.1–4.3 and Tables 1–2,"The CW-random condition contains 40 visits per website; attacks are evaluated with k-fold cross-validation and varying N reference samples, without period-grouped folds.",
EVD0358,P47584,,,,split,"Client-condition identity, grouping, holdout status, and claim-scope coding.",evaluated_paper,https://doi.org/10.1145/3696410.3714578,5,,Sections 4.1–4.3 and Tables 1–2,"The CW-censorship condition contains 40 visits per website; attacks are evaluated with k-fold cross-validation and varying N reference samples, without period-grouped folds.",
EVD0359,P47584,,,,split,"Client-condition identity, grouping, holdout status, and claim-scope coding.",evaluated_paper,https://doi.org/10.1145/3696410.3714578,13,,"Appendix F, Bandwidth dataset",The experiment cross-trains network conditions while Selenium uses Chrome v126 on the same Ubuntu Amazon cloud-server pool.,
EVD0360,P47584,,,,split,"Client-condition identity, grouping, holdout status, and claim-scope coding.",evaluated_paper,https://doi.org/10.1145/3696410.3714578,13,,"Appendix F, Time-Drift dataset",The paper states collection-environment consistency and uses Chrome v126 for the day-0 and day-18 captures.,
EVD0361,P47584,,,,split,"Client-condition identity, grouping, holdout status, and claim-scope coding.",evaluated_paper,https://doi.org/10.1145/3696410.3714578,13,,"Appendix F, Time-Drift dataset",The paper states collection-environment consistency and uses Chrome v126 for the day-0 and day-30 captures.,
EVD0362,P47584,,,,split,"Client-condition identity, grouping, holdout status, and claim-scope coding.",evaluated_paper,https://doi.org/10.1145/3696410.3714578,7,,Section 4.5 and Table 3,"The open-world experiment uses the 320-site CW-censorship set as monitored classes and 10,000 to 80,000 one-visit websites as unmonitored test background; N monitored reference samples are selected without time grouping.",
EVD0363,P47584,,,,split,"Client-condition identity, grouping, holdout status, and claim-scope coding.",evaluated_paper,https://doi.org/10.1145/3696410.3714578,14,,Appendix H.1 and Table 7,"Individual-browser results train and test within Chrome v126, Chrome v104, or Firefox v129 separately.",
EVD0364,P47584,,,,target_access,"Client-condition identity, grouping, holdout status, and claim-scope coding.",evaluated_paper,https://doi.org/10.1145/3696410.3714578,14,,Appendix H.1 and Table 7,The Browser dataset contains the same 200 websites under Chrome v126 and Chrome v104; cross-version models train on one and test on the other.,
EVD0365,P47584,,,,target_access,Affirmative independent-tuning evidence for source-only fitting and zero-shot use of the held-out browser-version target.,evaluated_paper,https://doi.org/10.1145/3696410.3714578,13,,Appendix F and Appendix G,"The paper states that a separate 400-website corpus collected half a year earlier is used for H&W hyperparameter tuning, while the Browser dataset is reserved for the later cross-version evaluation.",
EVD0366,P47584,,,,target_access,"Client-condition identity, grouping, holdout status, and claim-scope coding.",evaluated_paper,https://doi.org/10.1145/3696410.3714578,14,,Appendix H.1 and Table 7,The Browser dataset contains the same 200 websites under Chrome v126 and Firefox v129; cross-browser models train on one family and test on the other.,
EVD0367,P47584,,,,target_access,Affirmative independent-tuning evidence for source-only fitting and zero-shot use of the held-out browser-family target.,evaluated_paper,https://doi.org/10.1145/3696410.3714578,13,,Appendix F and Appendix G,"The paper states that a separate 400-website corpus collected half a year earlier is used for H&W hyperparameter tuning, while the Browser dataset is reserved for the later cross-browser evaluation.",
EVD0368,P47584,,,,split,"Client-condition identity, grouping, holdout status, and claim-scope coding.",evaluated_paper,https://doi.org/10.1145/3696410.3714578,15,,Appendix H.2 and Table 8,The defense-aware protocol applies packet padding to CW-random traces for both fitting and testing; the Chrome/client setup is unchanged.,
EVD0369,P47584,,,,split,"Client-condition identity, grouping, holdout status, and claim-scope coding.",evaluated_paper,https://doi.org/10.1145/3696410.3714578,15,,Appendix H.2 and Table 8,The defense-unaware protocol trains on unpadded CW-random traces and tests a padded transformation; this changes traffic defense state rather than client configuration.,
EVD0370,P48205,,,,split,"This protocol may test another condition dimension, but it does not document a client-condition holdout.",evaluated_paper,https://doi.org/10.2478/POPETS-2020-0043,9,,Section 6.1,"Training, validation, and testing use mutually exclusive Tor circuits in an 8:1:1 ratio. No source/test grouping by an orthogonal client condition is reported for this protocol.",
EVD0371,P48205,,,,split,"This protocol may test another condition dimension, but it does not document a client-condition holdout.",evaluated_paper,https://doi.org/10.2478/POPETS-2020-0043,9,,Section 6.1,"Training, validation, and testing use mutually exclusive Tor circuits in an 8:1:1 ratio. No source/test grouping by an orthogonal client condition is reported for this protocol.",
EVD0372,P48205,,,,split,"This protocol may test another condition dimension, but it does not document a client-condition holdout.",evaluated_paper,https://doi.org/10.2478/POPETS-2020-0043,9,,Section 6.1,"Training, validation, and testing use mutually exclusive Tor circuits in an 8:1:1 ratio. No source/test grouping by an orthogonal client condition is reported for this protocol.",
EVD0373,P48205,,,,split,"This protocol may test another condition dimension, but it does not document a client-condition holdout.",evaluated_paper,https://doi.org/10.2478/POPETS-2020-0043,14,,Section 7.6,The slowest or fastest 10% (or four circuits) form the test set while the remaining circuits form training and validation. No source/test grouping by an orthogonal client condition is reported for this protocol.,
EVD0374,P48207,,,,split,The reported split does not create a client-condition holdout.,evaluated_paper,https://doi.org/10.2478/POPETS-2020-0013,12,,Section 6,"The evaluated website corpus is randomly/stratifiably split 8:1:1 into training, validation, and testing. No source/test grouping by an orthogonal client condition is reported for this protocol.",
EVD0375,P48207,,,,split,The reported split does not create a client-condition holdout.,evaluated_paper,https://doi.org/10.2478/POPETS-2020-0013,12,,Section 6,"The evaluated website corpus is randomly/stratifiably split 8:1:1 into training, validation, and testing. No source/test grouping by an orthogonal client condition is reported for this protocol.",
EVD0376,P48207,,,,split,The reported split does not create a client-condition holdout.,evaluated_paper,https://doi.org/10.2478/POPETS-2020-0013,12,,Section 6,"The evaluated website corpus is randomly/stratifiably split 8:1:1 into training, validation, and testing. No source/test grouping by an orthogonal client condition is reported for this protocol.",
EVD0377,P48207,,,,split,The reported split does not create a client-condition holdout.,evaluated_paper,https://doi.org/10.2478/POPETS-2020-0013,14,,Section 6.3,The experiment uses an 8:2 stratified validation split and evaluates on a separate large unmonitored set. No source/test grouping by an orthogonal client condition is reported for this protocol.,
EVD0378,P48246,,,,split,The reported split does not create a client-condition holdout.,evaluated_paper,https://doi.org/10.2478/POPETS-2021-0029,11,,Section 6.2,Models are trained with randomly selected limited labelled samples and tested on held-out samples from the same AWF partitions. No source/test grouping by an orthogonal client condition is reported for this protocol.,
EVD0379,P48246,,,,split,The reported split does not create a client-condition holdout.,evaluated_paper,https://doi.org/10.2478/POPETS-2021-0029,11,,Section 6.2,The subpage experiment trains and tests on sampled visits from the paper's collected monitored-site corpus. No source/test grouping by an orthogonal client condition is reported for this protocol.,
EVD0380,P48246,,,,split,"This protocol may test another condition dimension, but it does not document a client-condition holdout.",evaluated_paper,https://doi.org/10.2478/POPETS-2021-0029,12,,Section 6.3,The four fastest and four slowest circuits are split from the remaining circuits for testing circuit diversity. No source/test grouping by an orthogonal client condition is reported for this protocol.,
EVD0381,P48290,,,,split,The reported split does not create a client-condition holdout.,evaluated_paper,https://doi.org/10.2478/POPETS-2021-0017,7,,Section 5.2,Classifier comparisons use repeated 10-fold cross-validation; monitored and unmonitored URLs are allocated across folds. No source/test grouping by an orthogonal client condition is reported for this protocol.,
EVD0382,P48290,,,,condition_identity,A TCP-trained classifier is directly tested on QUIC traces over the full 100-site-plus-unmonitored output view under one documented Chromium platform.,evaluated_paper,https://doi.org/10.2478/POPETS-2021-0017,6,,Section 4.2 and Figure 1,TCP and QUIC traces are collected for the same pages using 15 replicas of one documented Chromium/RedHat client stack.,
EVD0383,P48290,,,,split,A TCP-trained classifier is directly tested on QUIC traces over the full 100-site-plus-unmonitored output view under one documented Chromium platform.,evaluated_paper,https://doi.org/10.2478/POPETS-2021-0017,8,,Section 6.1 and Figure 2,"The experimental classifier is trained on TCP traces and directly tested on QUIC traces, including the full monitored and unmonitored output view.",
EVD0384,P48305,,,,split,The reported split does not create a client-condition holdout.,evaluated_paper,https://doi.org/10.2478/POPETS-2022-0057,6,,"Evaluation method, Section 4.1, and Table 3",Within-dataset device fingerprinting is evaluated using five-fold cross-validation over ten runs. No source/test grouping by an orthogonal client condition is reported for this protocol.,
EVD0385,P48305,,,,split,The reported split does not create a client-condition holdout.,evaluated_paper,https://doi.org/10.2478/POPETS-2022-0057,6,,"Evaluation method, Section 4.1, and Table 3",Within-dataset device fingerprinting is evaluated using five-fold cross-validation over ten runs. No source/test grouping by an orthogonal client condition is reported for this protocol.,
EVD0386,P48305,,,,split,The reported split does not create a client-condition holdout.,evaluated_paper,https://doi.org/10.2478/POPETS-2022-0057,6,,"Evaluation method, Section 4.1, and Table 3",Within-dataset device fingerprinting is evaluated using five-fold cross-validation over ten runs. No source/test grouping by an orthogonal client condition is reported for this protocol.,
EVD0387,P48305,,,,split,The reported split does not create a client-condition holdout.,evaluated_paper,https://doi.org/10.2478/POPETS-2022-0057,6,,"Evaluation method, Section 4.1, and Table 3",Within-dataset device fingerprinting is evaluated using five-fold cross-validation over ten runs. No source/test grouping by an orthogonal client condition is reported for this protocol.,
EVD0388,P48305,,,,split,The reported split does not create a client-condition holdout.,evaluated_paper,https://doi.org/10.2478/POPETS-2022-0057,6,,"Evaluation method, Section 4.1, and Table 3",Within-dataset device fingerprinting is evaluated using five-fold cross-validation over ten runs. No source/test grouping by an orthogonal client condition is reported for this protocol.,
EVD0389,P48305,,,,split,The reported split does not create a client-condition holdout.,evaluated_paper,https://doi.org/10.2478/POPETS-2022-0057,6,,"Evaluation method, Section 4.1, and Table 3",Within-dataset device fingerprinting is evaluated using five-fold cross-validation over ten runs. No source/test grouping by an orthogonal client condition is reported for this protocol.,
EVD0390,P48305,,,,condition_identity,"The temporal campaign is explicit, but no distinct client-side condition is documented; client-condition status is unknown.",evaluated_paper,https://doi.org/10.2478/POPETS-2022-0057,8,,Section 5.1 and Tables 5–7,"The paper trains on 2020 captures and tests fresh 2021 captures, describing firmware/software upgrades only as possible rather than recording version levels.",
EVD0391,P48305,,,,condition_identity,"The temporal campaign is explicit, but no distinct client-side condition is documented; client-condition status is unknown.",evaluated_paper,https://doi.org/10.2478/POPETS-2022-0057,9,,Section 5.1 and Tables 5–7,"The paper trains on 2020 captures and tests fresh 2021 captures, describing firmware/software upgrades only as possible rather than recording version levels.",
EVD0392,P48305,,,,condition_identity,"The paper trains and tests across independent datasets for 21 common make-and-model classes, so physical specimens are held out; client-instance effects remain aliased with other dataset differences and the analysis configuration used corpus-wide target data.",evaluated_paper,https://doi.org/10.2478/POPETS-2022-0057,4,,Section 3.2 and Table 1,The seven source datasets were collected independently in different locations and distinguish 120 make-and-model types from 188 physical device instances.,
EVD0393,P48305,,,,split,"The paper trains and tests across independent datasets for 21 common make-and-model classes, so physical specimens are held out; client-instance effects remain aliased with other dataset differences and the analysis configuration used corpus-wide target data.",evaluated_paper,https://doi.org/10.2478/POPETS-2022-0057,10,,Section 5.2,"Models are trained on the US component and tested on the UK component, and vice versa, for common device labels.",
EVD0394,P48305,,,,condition_identity,"The paper trains and tests across independent datasets for 13 common make-and-model classes, so physical specimens are held out; client-instance effects remain aliased with other dataset differences and the analysis configuration used corpus-wide target data.",evaluated_paper,https://doi.org/10.2478/POPETS-2022-0057,4,,Section 3.2 and Table 1,The seven source datasets were collected independently in different locations and distinguish 120 make-and-model types from 188 physical device instances.,
EVD0395,P48305,,,,split,"The paper trains and tests across independent datasets for 13 common make-and-model classes, so physical specimens are held out; client-instance effects remain aliased with other dataset differences and the analysis configuration used corpus-wide target data.",evaluated_paper,https://doi.org/10.2478/POPETS-2022-0057,10,,Section 5.3 and Table 10,Table 10 reports the all-feature Mon(IoT)r_US-to-YourThings direction for 13 common devices before the paper performs cross-dataset feature selection.,
EVD0396,P48305,,,,condition_identity,"The paper trains and tests across independent datasets for 4 common make-and-model classes, so physical specimens are held out; client-instance effects remain aliased with other dataset differences and the analysis configuration used corpus-wide target data.",evaluated_paper,https://doi.org/10.2478/POPETS-2022-0057,4,,Section 3.2 and Table 1,The seven source datasets were collected independently in different locations and distinguish 120 make-and-model types from 188 physical device instances.,
EVD0397,P48305,,,,split,"The paper trains and tests across independent datasets for 4 common make-and-model classes, so physical specimens are held out; client-instance effects remain aliased with other dataset differences and the analysis configuration used corpus-wide target data.",evaluated_paper,https://doi.org/10.2478/POPETS-2022-0057,21,,"Appendix E, Table 15",Table 15 reports training on YT and testing on Our for four device classes (accuracy 79.66%).,
EVD0398,P48305,,,,condition_identity,"The paper trains and tests across independent datasets for 4 common make-and-model classes, so physical specimens are held out; client-instance effects remain aliased with other dataset differences and the analysis configuration used corpus-wide target data.",evaluated_paper,https://doi.org/10.2478/POPETS-2022-0057,4,,Section 3.2 and Table 1,The seven source datasets were collected independently in different locations and distinguish 120 make-and-model types from 188 physical device instances.,
EVD0399,P48305,,,,split,"The paper trains and tests across independent datasets for 4 common make-and-model classes, so physical specimens are held out; client-instance effects remain aliased with other dataset differences and the analysis configuration used corpus-wide target data.",evaluated_paper,https://doi.org/10.2478/POPETS-2022-0057,21,,"Appendix E, Table 15",Table 15 reports training on Our and testing on YT for four device classes (accuracy 91.67%).,
EVD0400,P48305,,,,condition_identity,"The paper trains and tests across independent datasets for 5 common make-and-model classes, so physical specimens are held out; client-instance effects remain aliased with other dataset differences and the analysis configuration used corpus-wide target data.",evaluated_paper,https://doi.org/10.2478/POPETS-2022-0057,4,,Section 3.2 and Table 1,The seven source datasets were collected independently in different locations and distinguish 120 make-and-model types from 188 physical device instances.,
EVD0401,P48305,,,,split,"The paper trains and tests across independent datasets for 5 common make-and-model classes, so physical specimens are held out; client-instance effects remain aliased with other dataset differences and the analysis configuration used corpus-wide target data.",evaluated_paper,https://doi.org/10.2478/POPETS-2022-0057,21,,"Appendix E, Table 15",Table 15 reports training on YT and testing on HS for five device classes (accuracy 33.06%).,
EVD0402,P48305,,,,condition_identity,"The paper trains and tests across independent datasets for 5 common make-and-model classes, so physical specimens are held out; client-instance effects remain aliased with other dataset differences and the analysis configuration used corpus-wide target data.",evaluated_paper,https://doi.org/10.2478/POPETS-2022-0057,4,,Section 3.2 and Table 1,The seven source datasets were collected independently in different locations and distinguish 120 make-and-model types from 188 physical device instances.,
EVD0403,P48305,,,,split,"The paper trains and tests across independent datasets for 5 common make-and-model classes, so physical specimens are held out; client-instance effects remain aliased with other dataset differences and the analysis configuration used corpus-wide target data.",evaluated_paper,https://doi.org/10.2478/POPETS-2022-0057,21,,"Appendix E, Table 15",Table 15 reports training on HS and testing on YT for five device classes (accuracy 75.41%).,
EVD0404,P48305,,,,condition_identity,"The paper trains and tests across independent datasets for 5 common make-and-model classes, so physical specimens are held out; client-instance effects remain aliased with other dataset differences and the analysis configuration used corpus-wide target data.",evaluated_paper,https://doi.org/10.2478/POPETS-2022-0057,4,,Section 3.2 and Table 1,The seven source datasets were collected independently in different locations and distinguish 120 make-and-model types from 188 physical device instances.,
EVD0405,P48305,,,,split,"The paper trains and tests across independent datasets for 5 common make-and-model classes, so physical specimens are held out; client-instance effects remain aliased with other dataset differences and the analysis configuration used corpus-wide target data.",evaluated_paper,https://doi.org/10.2478/POPETS-2022-0057,21,,"Appendix E, Table 15",Table 15 reports training on the combined YT and Our sources and testing on HS for five device classes (accuracy 71.82%).,
EVD0406,P48305,,,,condition_identity,"The paper trains and tests across independent datasets for 7 common make-and-model classes, so physical specimens are held out; client-instance effects remain aliased with other dataset differences and the analysis configuration used corpus-wide target data.",evaluated_paper,https://doi.org/10.2478/POPETS-2022-0057,4,,Section 3.2 and Table 1,The seven source datasets were collected independently in different locations and distinguish 120 make-and-model types from 188 physical device instances.,
EVD0407,P48305,,,,split,"The paper trains and tests across independent datasets for 7 common make-and-model classes, so physical specimens are held out; client-instance effects remain aliased with other dataset differences and the analysis configuration used corpus-wide target data.",evaluated_paper,https://doi.org/10.2478/POPETS-2022-0057,21,,"Appendix E, Table 15",Table 15 reports training on the combined HS and Our sources and testing on YT for seven device classes (accuracy 70.85%).,
EVD0408,P48305,,,,condition_identity,"The paper trains and tests across independent datasets for 4 common make-and-model classes, so physical specimens are held out; client-instance effects remain aliased with other dataset differences and the analysis configuration used corpus-wide target data.",evaluated_paper,https://doi.org/10.2478/POPETS-2022-0057,4,,Section 3.2 and Table 1,The seven source datasets were collected independently in different locations and distinguish 120 make-and-model types from 188 physical device instances.,
EVD0409,P48305,,,,split,"The paper trains and tests across independent datasets for 4 common make-and-model classes, so physical specimens are held out; client-instance effects remain aliased with other dataset differences and the analysis configuration used corpus-wide target data.",evaluated_paper,https://doi.org/10.2478/POPETS-2022-0057,21,,"Appendix E, Table 15",Table 15 reports training on the combined HS and YT sources and testing on Our for four device classes (accuracy 59.31%).,
EVD0410,P48305,,,,condition_identity,"The paper trains and tests across independent datasets for 13 common make-and-model classes, so physical specimens are held out; client-instance effects remain aliased with other dataset differences and the analysis configuration used corpus-wide target data.",evaluated_paper,https://doi.org/10.2478/POPETS-2022-0057,4,,Section 3.2 and Table 1,The seven source datasets were collected independently in different locations and distinguish 120 make-and-model types from 188 physical device instances.,
EVD0411,P48305,,,,split,"The paper trains and tests across independent datasets for 13 common make-and-model classes, so physical specimens are held out; client-instance effects remain aliased with other dataset differences and the analysis configuration used corpus-wide target data.",evaluated_paper,https://doi.org/10.2478/POPETS-2022-0057,10,,Section 5.3 and Table 10,Table 10 reports the all-feature YourThings-to-Mon(IoT)r_US direction for 13 common devices before the paper performs cross-dataset feature selection.,
EVD0412,P48305,,,,condition_identity,"The paper trains and tests across independent datasets for 13 common make-and-model classes, so physical specimens are held out; client-instance effects remain aliased with other dataset differences and the analysis configuration used corpus-wide target data.",evaluated_paper,https://doi.org/10.2478/POPETS-2022-0057,4,,Section 3.2 and Table 1,The seven source datasets were collected independently in different locations and distinguish 120 make-and-model types from 188 physical device instances.,
EVD0413,P48305,,,,split,"The paper trains and tests across independent datasets for 13 common make-and-model classes, so physical specimens are held out; client-instance effects remain aliased with other dataset differences and the analysis configuration used corpus-wide target data.",evaluated_paper,https://doi.org/10.2478/POPETS-2022-0057,10,,Section 5.3 and Tables 11–12,"The paper selects robust features by forward feature selection using cross-dataset accuracy, then Table 12 re-evaluates Mon(IoT)r_US-to-YourThings with the selected feature set.",
EVD0414,P48305,,,,condition_identity,"The paper trains and tests across independent datasets for 13 common make-and-model classes, so physical specimens are held out; client-instance effects remain aliased with other dataset differences and the analysis configuration used corpus-wide target data.",evaluated_paper,https://doi.org/10.2478/POPETS-2022-0057,4,,Section 3.2 and Table 1,The seven source datasets were collected independently in different locations and distinguish 120 make-and-model types from 188 physical device instances.,
EVD0415,P48305,,,,split,"The paper trains and tests across independent datasets for 13 common make-and-model classes, so physical specimens are held out; client-instance effects remain aliased with other dataset differences and the analysis configuration used corpus-wide target data.",evaluated_paper,https://doi.org/10.2478/POPETS-2022-0057,10,,Section 5.3 and Tables 11–12,"The paper selects robust features by forward feature selection using cross-dataset accuracy, then Table 12 re-evaluates YourThings-to-Mon(IoT)r_US with the selected feature set.",
EVD0416,P48305,,,,condition_identity,"The target-informed temporal campaign is explicit, but no distinct client-side condition is documented; client-condition status is unknown.",evaluated_paper,https://doi.org/10.2478/POPETS-2022-0057,8,,Section 5.1 and Tables 5–7,"The paper trains on 2020 captures and tests fresh 2021 captures, describing firmware/software upgrades only as possible rather than recording version levels.",
EVD0417,P48305,,,,condition_identity,"The target-informed temporal campaign is explicit, but no distinct client-side condition is documented; client-condition status is unknown.",evaluated_paper,https://doi.org/10.2478/POPETS-2022-0057,9,,Section 5.1 and Tables 5–7,"The paper trains on 2020 captures and tests fresh 2021 captures, describing firmware/software upgrades only as possible rather than recording version levels.",
EVD0418,P48305,,,,not_reported_search,Target-condition access is conservatively unknown rather than zero-shot.,not_reported_search,https://doi.org/10.2478/POPETS-2022-0057,,,"Dataset/collection, feature/preprocessing, training, evaluation, appendix, and artifact sections","Inspected the dataset/collection, feature and preprocessing, model training and selection, evaluation/results, appendix, and artifact sections; searched for client, device, platform, browser, software/version, firmware, train, validation, calibration, adaptation, test, fold, holdout, feature selection, and normalization. The paper does not affirmatively state that target-client traffic was excluded from all fitting, selection, calibration, adaptation, and fitted preprocessing.",
EVD0419,P48305,,,,not_reported_search,Target-condition access is conservatively unknown rather than zero-shot.,not_reported_search,https://doi.org/10.2478/POPETS-2022-0057,,,"Dataset/collection, feature/preprocessing, training, evaluation, appendix, and artifact sections","Inspected the dataset/collection, feature and preprocessing, model training and selection, evaluation/results, appendix, and artifact sections; searched for client, device, platform, browser, software/version, firmware, train, validation, calibration, adaptation, test, fold, holdout, feature selection, and normalization. The paper does not affirmatively state that target-client traffic was excluded from all fitting, selection, calibration, adaptation, and fitted preprocessing.",
EVD0420,P48305,,,,not_reported_search,Target-condition access is conservatively unknown rather than zero-shot.,not_reported_search,https://doi.org/10.2478/POPETS-2022-0057,,,"Dataset/collection, feature/preprocessing, training, evaluation, appendix, and artifact sections","Inspected the dataset/collection, feature and preprocessing, model training and selection, evaluation/results, appendix, and artifact sections; searched for client, device, platform, browser, software/version, firmware, train, validation, calibration, adaptation, test, fold, holdout, feature selection, and normalization. The paper does not affirmatively state that target-client traffic was excluded from all fitting, selection, calibration, adaptation, and fitted preprocessing.",
EVD0421,P48305,,,,not_reported_search,Target-condition access is conservatively unknown rather than zero-shot.,not_reported_search,https://doi.org/10.2478/POPETS-2022-0057,,,"Dataset/collection, feature/preprocessing, training, evaluation, appendix, and artifact sections","Inspected the dataset/collection, feature and preprocessing, model training and selection, evaluation/results, appendix, and artifact sections; searched for client, device, platform, browser, software/version, firmware, train, validation, calibration, adaptation, test, fold, holdout, feature selection, and normalization. The paper does not affirmatively state that target-client traffic was excluded from all fitting, selection, calibration, adaptation, and fitted preprocessing.",
EVD0422,P48305,,,,not_reported_search,Target-condition access is conservatively unknown rather than zero-shot.,not_reported_search,https://doi.org/10.2478/POPETS-2022-0057,,,"Dataset/collection, feature/preprocessing, training, evaluation, appendix, and artifact sections","Inspected the dataset/collection, feature and preprocessing, model training and selection, evaluation/results, appendix, and artifact sections; searched for client, device, platform, browser, software/version, firmware, train, validation, calibration, adaptation, test, fold, holdout, feature selection, and normalization. The paper does not affirmatively state that target-client traffic was excluded from all fitting, selection, calibration, adaptation, and fitted preprocessing.",
EVD0423,P48305,,,,not_reported_search,Target-condition access is conservatively unknown rather than zero-shot.,not_reported_search,https://doi.org/10.2478/POPETS-2022-0057,,,"Dataset/collection, feature/preprocessing, training, evaluation, appendix, and artifact sections","Inspected the dataset/collection, feature and preprocessing, model training and selection, evaluation/results, appendix, and artifact sections; searched for client, device, platform, browser, software/version, firmware, train, validation, calibration, adaptation, test, fold, holdout, feature selection, and normalization. The paper does not affirmatively state that target-client traffic was excluded from all fitting, selection, calibration, adaptation, and fitted preprocessing.",
EVD0424,P48305,,,,not_reported_search,Target-condition access is conservatively unknown rather than zero-shot.,not_reported_search,https://doi.org/10.2478/POPETS-2022-0057,,,"Dataset/collection, feature/preprocessing, training, evaluation, appendix, and artifact sections","Inspected the dataset/collection, feature and preprocessing, model training and selection, evaluation/results, appendix, and artifact sections; searched for client, device, platform, browser, software/version, firmware, train, validation, calibration, adaptation, test, fold, holdout, feature selection, and normalization. The paper does not affirmatively state that target-client traffic was excluded from all fitting, selection, calibration, adaptation, and fitted preprocessing.",
EVD0425,P48305,,,,not_reported_search,Target-condition access is conservatively unknown rather than zero-shot.,not_reported_search,https://doi.org/10.2478/POPETS-2022-0057,,,"Dataset/collection, feature/preprocessing, training, evaluation, appendix, and artifact sections","Inspected the dataset/collection, feature and preprocessing, model training and selection, evaluation/results, appendix, and artifact sections; searched for client, device, platform, browser, software/version, firmware, train, validation, calibration, adaptation, test, fold, holdout, feature selection, and normalization. The paper does not affirmatively state that target-client traffic was excluded from all fitting, selection, calibration, adaptation, and fitted preprocessing.",
EVD0426,P48305,,,,not_reported_search,Target-condition access is conservatively unknown rather than zero-shot.,not_reported_search,https://doi.org/10.2478/POPETS-2022-0057,,,"Dataset/collection, feature/preprocessing, training, evaluation, appendix, and artifact sections","Inspected the dataset/collection, feature and preprocessing, model training and selection, evaluation/results, appendix, and artifact sections; searched for client, device, platform, browser, software/version, firmware, train, validation, calibration, adaptation, test, fold, holdout, feature selection, and normalization. The paper does not affirmatively state that target-client traffic was excluded from all fitting, selection, calibration, adaptation, and fitted preprocessing.",
EVD0427,P48305,,,,not_reported_search,Target-condition access is conservatively unknown rather than zero-shot.,not_reported_search,https://doi.org/10.2478/POPETS-2022-0057,,,"Dataset/collection, feature/preprocessing, training, evaluation, appendix, and artifact sections","Inspected the dataset/collection, feature and preprocessing, model training and selection, evaluation/results, appendix, and artifact sections; searched for client, device, platform, browser, software/version, firmware, train, validation, calibration, adaptation, test, fold, holdout, feature selection, and normalization. The paper does not affirmatively state that target-client traffic was excluded from all fitting, selection, calibration, adaptation, and fitted preprocessing.",
EVD0428,P48305,,,,not_reported_search,Target-condition access is conservatively unknown rather than zero-shot.,not_reported_search,https://doi.org/10.2478/POPETS-2022-0057,,,"Dataset/collection, feature/preprocessing, training, evaluation, appendix, and artifact sections","Inspected the dataset/collection, feature and preprocessing, model training and selection, evaluation/results, appendix, and artifact sections; searched for client, device, platform, browser, software/version, firmware, train, validation, calibration, adaptation, test, fold, holdout, feature selection, and normalization. The paper does not affirmatively state that target-client traffic was excluded from all fitting, selection, calibration, adaptation, and fitted preprocessing.",
EVD0429,P48305,,,,not_reported_search,Target-condition access is conservatively unknown rather than zero-shot.,not_reported_search,https://doi.org/10.2478/POPETS-2022-0057,,,"Dataset/collection, feature/preprocessing, training, evaluation, appendix, and artifact sections","Inspected the dataset/collection, feature and preprocessing, model training and selection, evaluation/results, appendix, and artifact sections; searched for client, device, platform, browser, software/version, firmware, train, validation, calibration, adaptation, test, fold, holdout, feature selection, and normalization. The paper does not affirmatively state that target-client traffic was excluded from all fitting, selection, calibration, adaptation, and fitted preprocessing.",
EVD0430,P48443,,,,split,"Reported matched, pooled, label-defined, non-client, or no-common-class design.",evaluated_paper,https://doi.org/10.56553/POPETS-2023-0125,6,PDF p. 6,§3.3,"Within matched live or Shadow tests, wget2 is used on fitting and test traffic.",
EVD0431,P48443,,,,split,"Reported matched, pooled, label-defined, non-client, or no-common-class design.",evaluated_paper,https://doi.org/10.56553/POPETS-2023-0125,6,PDF p. 6,§3.3,"Within matched live or Shadow tests, wget2 is used on fitting and test traffic.",
EVD0432,P48443,,,,condition_identity,Client identity and common-class coverage.,evaluated_paper,https://doi.org/10.56553/POPETS-2023-0125,6,PDF p. 6,§3.3,wget2 is used on live Tor and inside Shadow simulations running in Singularity containers.,
EVD0433,P48443,,,,target_access,Condition grouping and final-test construction; the paper does not establish source-only selection across all classifier choices.,evaluated_paper,https://doi.org/10.56553/POPETS-2023-0125,7,,§4.1 / Fig. 3,The live-trained classifier is evaluated on the independently generated Shadow test partition for the same 98 websites.,
EVD0434,P48443,,,,condition_identity,Client identity and common-class coverage.,evaluated_paper,https://doi.org/10.56553/POPETS-2023-0125,6,PDF p. 6,§3.3,wget2 is used inside Shadow/Singularity and on the independently captured live Tor network.,
EVD0435,P48443,,,,target_access,Condition grouping and final-test construction; the paper does not establish source-only selection across all classifier choices.,evaluated_paper,https://doi.org/10.56553/POPETS-2023-0125,7,,§4.1 / Fig. 3,The Shadow-trained classifier is evaluated on the independently captured live-Tor test partition for the same 98 websites.,
EVD0436,P48443,,,,split,"Reported matched, pooled, label-defined, non-client, or no-common-class design.",evaluated_paper,https://doi.org/10.56553/POPETS-2023-0125,10,PDF p. 10,§5.1 / cross-dataset matrix,Classifiers trained under each of nine Shadow load-by-seed conditions are evaluated across the nine independently generated conditions.,
EVD0437,P48443,,,,split,"Reported matched, pooled, label-defined, non-client, or no-common-class design.",evaluated_paper,https://doi.org/10.56553/POPETS-2023-0125,12,PDF p. 12,"§5.3, robust training",Training pools several loads and two seeds and final tests use the held-out simulation seed across loads.,
EVD0438,P48443,,,,condition_identity,Client identity and common-class coverage.,evaluated_paper,https://doi.org/10.56553/POPETS-2023-0125,6,PDF p. 6,§3.3,Shadow runs wget2 in Singularity containers; the final target is wget2 traffic on live Tor.,
EVD0439,P48443,,,,target_access,Condition grouping and final-test construction; the paper does not establish source-only selection across all classifier choices.,evaluated_paper,https://doi.org/10.56553/POPETS-2023-0125,12,,"§5.3, robust-to-live evaluation",The classifier trained on multiple Shadow loads and seeds is finally evaluated on live Tor traffic.,
EVD0440,P48659,,,,split,"Reported matched, pooled, label-defined, non-client, or no-common-class design.",evaluated_paper,https://doi.org/10.56553/POPETS-2024-0112,4,PDF p. 4,§3.1,LongEnough uses the same dash.js/Selenium Ubuntu client setup.,
EVD0441,P48659,,,,split,"Reported matched, pooled, label-defined, non-client, or no-common-class design.",evaluated_paper,https://doi.org/10.56553/POPETS-2024-0112,4,PDF p. 4,§3.1,LongEnough uses the same dash.js/Selenium Ubuntu client setup.,
EVD0442,P48659,,,,split,"Reported matched, pooled, label-defined, non-client, or no-common-class design.",evaluated_paper,https://doi.org/10.56553/POPETS-2024-0112,16,PDF p. 16,"Appendix B, variable bandwidth",A fresh LongEnough-variable capture applies independently randomized LTE-derived bandwidth traces to each collection sample and reports attacks under that condition; the train/test allocation is not separately restated.,
EVD0443,P48758,,,,split,"Client-condition identity, grouping, holdout status, and claim-scope coding.",evaluated_paper,https://doi.org/10.56553/POPETS-2025-0123,7,,"Section 4.2, Experimental Setup","The HTTPS-only dataset has 60 monitored videos with 90 samples each; ten samples per video are assigned to testing together with unmonitored examples, but capture-time grouping is not reported.",
EVD0444,P48758,,,,split,"Client-condition identity, grouping, holdout status, and claim-scope coding.",evaluated_paper,https://doi.org/10.56553/POPETS-2025-0123,7,,"Section 4.2, Experimental Setup","The Tor dataset has 60 monitored videos with 90 samples each; ten samples per video are assigned to testing together with unmonitored examples, but capture-time grouping is not reported.",
EVD0445,P48758,,,,split,"Client-condition identity, grouping, holdout status, and claim-scope coding.",evaluated_paper,https://doi.org/10.56553/POPETS-2025-0123,10,,"Section 5.1.1, Experimental Setup",Each of ten AWS-region clients provides 90 visits for every one of 60 videos; models train per source region and are evaluated on test visits from other regions.,
EVD0446,P48758,,,,not_reported_search,Conservative unknown target-client access or preprocessing coding.,not_reported_search,https://doi.org/10.56553/POPETS-2025-0123,,,"Model selection, hyperparameter tuning, preprocessing, split, evaluation, and appendices","Search record: inspected model-selection and preprocessing descriptions and searched validation, calibration, target, fine-tune, hyperparameter, normalization, scaler, and test; the paper does not establish that target-client data were excluded from every selection/preprocessing step.",
EVD0447,P48758,,,,split,"Client-condition identity, grouping, holdout status, and claim-scope coding.",evaluated_paper,https://doi.org/10.56553/POPETS-2025-0123,10,,"Section 5.1.1, Experimental Setup",Each of ten AWS-region clients provides 90 visits for every one of 60 videos; models train per source region and are evaluated on test visits from other regions.,
EVD0448,P48758,,,,not_reported_search,Conservative unknown target-client access or preprocessing coding.,not_reported_search,https://doi.org/10.56553/POPETS-2025-0123,,,"Model selection, hyperparameter tuning, preprocessing, split, evaluation, and appendices","Search record: inspected model-selection and preprocessing descriptions and searched validation, calibration, target, fine-tune, hyperparameter, normalization, scaler, and test; the paper does not establish that target-client data were excluded from every selection/preprocessing step.",
EVD0449,P48758,,,,split,"Client-condition identity, grouping, holdout status, and claim-scope coding.",evaluated_paper,https://doi.org/10.56553/POPETS-2025-0123,10,,"Section 5.1.1, Experimental Setup",Each of ten AWS-region clients provides 90 visits for every one of 60 videos; models train per source region and are evaluated on test visits from other regions.,
EVD0450,P48758,,,,not_reported_search,Conservative unknown target-client access or preprocessing coding.,not_reported_search,https://doi.org/10.56553/POPETS-2025-0123,,,"Model selection, hyperparameter tuning, preprocessing, split, evaluation, and appendices","Search record: inspected model-selection and preprocessing descriptions and searched validation, calibration, target, fine-tune, hyperparameter, normalization, scaler, and test; the paper does not establish that target-client data were excluded from every selection/preprocessing step.",
EVD0451,P48758,,,,split,"Client-condition identity, grouping, holdout status, and claim-scope coding.",evaluated_paper,https://doi.org/10.56553/POPETS-2025-0123,10,,"Section 5.1.1, Experimental Setup",Each of ten AWS-region clients provides 90 visits for every one of 60 videos; models train per source region and are evaluated on test visits from other regions.,
EVD0452,P48758,,,,not_reported_search,Conservative unknown target-client access or preprocessing coding.,not_reported_search,https://doi.org/10.56553/POPETS-2025-0123,,,"Model selection, hyperparameter tuning, preprocessing, split, evaluation, and appendices","Search record: inspected model-selection and preprocessing descriptions and searched validation, calibration, target, fine-tune, hyperparameter, normalization, scaler, and test; the paper does not establish that target-client data were excluded from every selection/preprocessing step.",
EVD0453,P41557,DS-DF-2017,,,,defended evaluation,evaluated_paper,https://doi.org/10.1109/SP61157.2025.00154,16,1434,Appendix B,The attack is evaluated on the Walkie-Talkie dataset [42].,
EVD0454,P45261,DS-USTC-TFC-2016,,,,downstream evaluation,evaluated_paper,https://doi.org/10.1145/3485447.3512217,5,PDF p. 5,4.1.1 Datasets and Downstream Tasks,USTC-TFC [41] contains 10 categories of benign traffic and 10 categories of malicious traffic.,
EVD0455,P47584,DS-P47584-HOLMES-WATSON,,,,dataset identity and evaluation role,evaluated_paper,https://doi.org/10.1145/3696410.3714578,5,5,4.1 Datasets,"Table 1 reports 12 scenarios spanning closed-world, bandwidth, browser, time-drift, and open-world evaluations.",
EVD0456,P48246,DS-P48246-GANDALF,,,,unlabeled training corpus,evaluated_paper,https://doi.org/10.2478/POPETS-2021-0029,14,p. 317,6 Evaluation,AWF1 and GDLF-OW-old which has a three-month time gap with GDLF25 set,
EVD0457,P47085,DS-ISCX-TOR-2016,,,,direct evaluation,evaluated_paper,https://doi.org/10.1145/3589334.3645407,6,1613,7.1 Experimental Setup,ISCXTor2016 is included among the public evaluation datasets.,
EVD0458,P18348,DS-P18348-IOT-ID,,,,capture provenance,evaluated_paper,https://www.ndss-symposium.org/ndss-paper/evaluating-machine-learning-based-iot-device-identification-models-for-security-applications/,4,4,III-A Data Collection,"Traffic was collected at separate UK and USA testbeds in idle, mixed, and active modes from December 2022 through 2024.",
EVD0459,P15762,DS-DF-2017,,,,base/defended evaluation,evaluated_paper,https://doi.org/10.1145/3658644.3670272,7,7,6.1 Datasets,"Dataset of Alexa-top websites: This dataset is from [39] ... 95 monitored websites ... over 1000 traces ... over 40,000 unmonitored websites.",
EVD0460,P17290,DS-P17290-ODOH,,,,capture chronology,evaluated_paper,https://doi.org/10.1109/DSN64029.2025.00048,5,5,Dataset collection,Collection occurred in two phases over four months; the first phase lasted approximately two months.,
EVD0461,P43500,DS-P43500-P43500-ALEXA-WSC-HMM,,,,fresh session capture,evaluated_paper,https://www.usenix.org/conference/usenixsecurity24/presentation/mitseva,7,4144,5 Dataset,ALEXA-WSC-HMM contains 10 user sessions.,
EVD0462,P38868,DS-SIVANATHAN-IOT-2018,,,,direct evaluation,evaluated_paper,https://www.usenix.org/conference/nsdi25/presentation/wan-gerry,9,1530,5.1 Applications and datasets,The IoT task uses the UNSW dataset with 134K connections over eight days.,
EVD0463,P46267,DS-ISCX-TOR-2016,,,,benchmark evaluation,evaluated_paper,https://doi.org/10.1145/3543507.3583227,5,5,4.1.1 Datasets,"We adopt ... ISCX VPN-nonVPN [5], ISCX Tor-nonTor [15], and self-collected WWT.",
EVD0464,P16217,DS-P16217-SWALLOW,,,,capture identity,evaluated_paper,https://doi.org/10.1145/3719027.3744795,12,CCS paper page 12,6.1 Datasets,"Table 2 defines D1-D8 as separate captures varying location, date, browser, and open-world composition.",
EVD0465,P35345,DS-USTC-TFC-2016,,,,direct evaluation,evaluated_paper,http://papers.nips.cc/paper_files/paper/2025/hash/ba1d33849b963efc6b5d3082ad68f480-Abstract-Conference.html,6,6,4.1 Experimental Setup,The evaluation uses USTC-TFC2016 as a public traffic dataset.,
EVD0466,P39771,DS-ISCX-VPN-2016,,,,direct evaluation,evaluated_paper,https://doi.org/10.1145/3718958.3750529,9,9,7.1 Experiment Setup,ISCXVPN2016 consists of VPN-encrypted traffic categorized into application/service classes and is split 75/10/15 by flow.,
EVD0467,P48305,DS-P48305-IOT-GENERALIZABILITY-OWN-NC-2021-RECAPTURE,,,,fresh-recapture identity and date,evaluated_paper,https://doi.org/10.2478/POPETS-2022-0057,8,p. 585,5.1 Temporal Impact,The paper says it collected another round of laboratory data in January 2021 and calls the 2020 and 2021 captures old and new datasets.,
EVD0468,P48443,DS-P48443-EXPLAINWF-SHADOW,,,,independent simulated capture,evaluated_paper,https://doi.org/10.56553/POPETS-2023-0125,8,8,4.1 Simulation datasets,"We generate nine distinct network configuration files ... two independent Shadow simulations and collate their traces, yielding ... nine datasets.",
EVD0469,P47584,DS-P47584-HOLMES-WATSON,,,,dataset identity and evaluation role,evaluated_paper,https://doi.org/10.1145/3696410.3714578,5,5,4.1 Datasets,"Table 1 reports 12 scenarios spanning closed-world, bandwidth, browser, time-drift, and open-world evaluations.",
EVD0470,P17815,DS-P17815-ENCRYPTED-DNS,,,,capture inventory,evaluated_paper,https://www.ndss-symposium.org/ndss-paper/encrypted-dns-privacy-a-traffic-analysis-perspective/,18,PDF p. 18,Appendix,CL-FF is listed as a distinct capture.,
EVD0471,P12435,DS-CROSS-PLATFORM-2017,,,,direct evaluation,evaluated_paper,https://doi.org/10.1609/AAAI.V39I15.33748,6,15927,Experiment Setup,CrossPlatform is evaluated through its Android and iOS portions.,
EVD0472,P42485,DS-P42485-LUMOS,,,,Lab-Low traffic-generation setup,evaluated_paper,https://www.usenix.org/conference/usenixsecurity22/presentation/sharma-rahul,19,Appendix A,A Lab Experiment Setup,"We deployed three subsets of devices in the lab test environment: Low, Medium, and High.",
EVD0473,P47584,DS-P47584-HOLMES-WATSON,,,,capture provenance,evaluated_paper,https://doi.org/10.1145/3696410.3714578,13,13,Appendix F Dataset details,The censorship scenario uses 320 websites from the Citizenlab list.,
EVD0474,P41766,DS-CROSS-PLATFORM-2017,,,,downstream evaluation,evaluated_paper,https://doi.org/10.1109/SP61157.2025.00102,7,7,Fine-tuning datasets,CrossPlatform Android and iOS datasets are used for fine-tuning tasks.,
EVD0475,P17815,DS-P17815-ENCRYPTED-DNS,,,,protocol transfer evaluation,evaluated_paper,https://www.ndss-symposium.org/ndss-paper/encrypted-dns-privacy-a-traffic-analysis-perspective/,11,PDF p. 11,DNS-over-TLS evaluation,We also evaluate the classifier with the DOT data.,
EVD0476,P07480,DS-CROSS-PLATFORM-2017,,,,downstream transfer evaluation,evaluated_paper,https://doi.org/10.1609/AAAI.V37I4.25674,7,p. 5426,4.5 Transfer Learning Experiments,We evaluate transfer learning on the Cross-Platform dataset ... Cross-Platform is not part of the unlabeled dataset in the pre-training stage.,
EVD0477,P41557,DS-WANG-WF-2014,,,,direct evaluation,evaluated_paper,https://doi.org/10.1109/SP61157.2025.00154,9,1427,6.1.3 Datasets,k-NNset is the dataset cited to Wang et al. [4].,
EVD0478,P43001,DS-P43001-ROSETTA-APPLICATION,,,,environment-specific capture,evaluated_paper,https://www.usenix.org/conference/usenixsecurity23/presentation/xie,6,6,3.2.1 Self-collected datasets,Application TLS flows are collected in the same six tau1-tau6 environments listed in Table 3.,
EVD0479,P14774,DS-CROSS-PLATFORM-2017,,,,task corpus,evaluated_paper,https://doi.org/10.1145/3460120.3484758,2,PDF p. 2,Dataset/task overview,Table 1 lists Cross Platform for mobile app fingerprinting.,
EVD0480,P43500,DS-P43500-P43500-TRANCO-WSC-FG,,,,capture and sample count,evaluated_paper,https://www.usenix.org/conference/usenixsecurity24/presentation/mitseva,7,4144,5 Dataset,TRANCO-WSC-FG contains one traffic trace per item and was gathered with the latest Tor Browser 12.5.3.,
EVD0481,P38868,DS-P38868-CATO-CAMPUS-APP-TRAFFIC,,,,label provenance,evaluated_paper,https://www.usenix.org/conference/nsdi25/presentation/wan-gerry,16,1537,Appendix B,Application labels are generated for the campus traffic collection.,
EVD0482,P39804,DS-USTC-TFC-2016,,,,direct evaluation,evaluated_paper,https://doi.org/10.1145/3718958.3750498,6,6,4.1 Dataset Preparation,Table 2 reports both USTC-TFC downstream tasks.,
EVD0483,P43026,DS-DF-2017,,,,base and defended evaluation,evaluated_paper,https://www.usenix.org/conference/usenixsecurity23/presentation/shen-meng,8,613,6.1 Datasets,"The first dataset [41] contains 95 websites, each with 1,000 undefended traces ... 40,000 websites with 1 undefended trace; defended traces are generated using scripts and simulators.",
EVD0484,P17610,DS-P17610-CHLO,,,,fresh classifier test,evaluated_paper,https://doi.org/10.1145/3646547.3688435,12,12,5.1 Campus deployment,"As an additional sanity check, we played over 1000 video sessions ... captured by our system. The classification accuracy was similar.",
EVD0485,P14374,DS-DEEPVC-ALEXA-2019,,,,external benchmark,evaluated_paper,https://doi.org/10.1145/3634737.3657017,6,6,4.4 Comparison datasets,DeepVC [33] contains 100 commands collected with an Amazon Echo 2nd Gen from five users.,
EVD0486,P47584,DS-P47584-HOLMES-WATSON,,,,dataset identity and evaluation role,evaluated_paper,https://doi.org/10.1145/3696410.3714578,5,5,4.1 Datasets,"Table 1 reports 12 scenarios spanning closed-world, bandwidth, browser, time-drift, and open-world evaluations.",
EVD0487,P39804,DS-ISCX-VPN-2016,,,,identity and tasks,evaluated_paper,https://doi.org/10.1145/3718958.3750498,5,5,4.1 Dataset Preparation,"ISCX-VPN supports VPN-binary, VPN-service, and VPN-app downstream tasks.",
EVD0488,P16247,DS-P16247-APPLICATION-ALL-2024,,,,new capture identity,evaluated_paper,https://doi.org/10.1145/3719027.3765073,9,3570,5.1 Datasets,Application-ALL is newly constructed under multiple network conditions rather than being a split of Application-Host.,
EVD0489,P41557,DS-DF-2017,,,,direct evaluation,evaluated_paper,https://doi.org/10.1109/SP61157.2025.00154,9,1427,6.1.3 Datasets,"DFset is used for closed-world, open-world, and defense evaluations.",
EVD0490,P42020,DS-P42020-OWL-PUBLIC-WIFI-2019,,,,evaluation corpus,evaluated_paper,https://www.usenix.org/conference/usenixsecurity20/presentation/yu,4,PDF p. 4,3.1 Data collection,"Between January and July 2019 we passively collected traffic from 176 networks in 7 countries, observing 31,850 devices.",
EVD0491,P17815,DS-P17815-ENCRYPTED-DNS,,,,capture inventory,evaluated_paper,https://www.ndss-symposium.org/ndss-paper/encrypted-dns-privacy-a-traffic-analysis-perspective/,18,PDF p. 18,Appendix,TOR is listed as a distinct capture.,
EVD0492,P48443,DS-P48443-EXPLAINWF-SHADOW,,,,independent simulated capture,evaluated_paper,https://doi.org/10.56553/POPETS-2023-0125,8,8,4.1 Simulation datasets,"We generate nine distinct network configuration files ... two independent Shadow simulations and collate their traces, yielding ... nine datasets.",
EVD0493,P48305,DS-P48305-IOT-GENERALIZABILITY-OWN-NC-2021-RECAPTURE,,,,evaluation role and class overlap,evaluated_paper,https://doi.org/10.2478/POPETS-2022-0057,9,p. 586,5.1 Temporal Impact,"Table 5 trains on Our (2020), tests on Our (2021), and reports eight device classes.",
EVD0494,P48443,DS-P48443-EXPLAINWF-SHADOW,,,,independent simulated capture,evaluated_paper,https://doi.org/10.56553/POPETS-2023-0125,8,8,4.1 Simulation datasets,"We generate nine distinct network configuration files ... two independent Shadow simulations and collate their traces, yielding ... nine datasets.",
EVD0495,P42512,DS-P42512-ONLINE-WF,,,,feature-extractor training,evaluated_paper,https://www.usenix.org/conference/usenixsecurity22/presentation/cherubin,9,p. 760,6.1 Phase I,We collected exit traffic traces in July 2020 for 24 hours ... belonging to the top-100 monitored websites.,
EVD0496,P48305,DS-P48305-IOT-GENERALIZABILITY-OWN-NC-2020,,,,new local corpus,evaluated_paper,https://doi.org/10.2478/POPETS-2022-0057,4,PDF p. 4,3.2 Datasets,Table 1 includes our own NC laboratory dataset collected in early 2020.,
EVD0497,P43500,DS-P43500-P43500-ALEXA-WSC-FG,,,,capture and sample count,evaluated_paper,https://www.usenix.org/conference/usenixsecurity24/presentation/mitseva,7,4144,5 Dataset,ALEXA-WSC-FG contains 90 traffic traces and was gathered with Tor Browser 7.5.6.,
EVD0498,P39497,DS-P39497-GGFAST-TRACE-B,,,,dataset provenance,evaluated_paper,https://doi.org/10.1145/3603269.3604840,7,7,5 Evaluation datasets,B: enterprise; Nov. 2020; 60 minutes; UDP task.,
EVD0499,P48305,DS-YOURTHINGS-2019,,,,cross-dataset evaluation,evaluated_paper,https://doi.org/10.2478/POPETS-2022-0057,3,PDF p. 3,3.2 Datasets,Table 1 lists YourThings [5] as one of the seven datasets used.,
EVD0500,P14000,DS-P14000-MALPHASE-RESEARCH-SERVERS,,,,benign evaluation traffic,evaluated_paper,https://doi.org/10.1145/3433210.3453101,4,PDF p. 4,3 Dataset collection,Table 2 lists Research Server B as a separately captured benign source.,
EVD0501,P16217,DS-P16217-SWALLOW,,,,capture identity,evaluated_paper,https://doi.org/10.1145/3719027.3744795,12,CCS paper page 12,6.1 Datasets,"Table 2 defines D1-D8 as separate captures varying location, date, browser, and open-world composition.",
EVD0502,P46427,DS-CROSS-PLATFORM-2017,,,,additional classifier benchmark,evaluated_paper,https://doi.org/10.1145/3589334.3645691,12,4427,Appendix C Other encrypted traffic datasets,"We assess AN-Net using two additional universal encrypted traffic datasets, namely USTC-TFC and Cross-Platform.",
EVD0503,P43001,DS-P43001-ROSETTA-APPLICATION,,,,environment-specific capture,evaluated_paper,https://www.usenix.org/conference/usenixsecurity23/presentation/xie,6,6,3.2.1 Self-collected datasets,Application TLS flows are collected in the same six tau1-tau6 environments listed in Table 3.,
EVD0504,P38798,DS-CIC-IDS-2017,,,,multiclass benchmark,evaluated_paper,https://www.usenix.org/conference/nsdi24/presentation/jafri,10,1582,7.2 Datasets,CICIDS-2017 ... is converted into a total of 7 classes for our evaluation.,
EVD0505,P18348,DS-P18348-IOT-ID,,,,capture provenance,evaluated_paper,https://www.ndss-symposium.org/ndss-paper/evaluating-machine-learning-based-iot-device-identification-models-for-security-applications/,4,4,III-A Data Collection,"Traffic was collected at separate UK and USA testbeds in idle, mixed, and active modes from December 2022 through 2024.",
EVD0506,P43001,DS-ISCX-VPN-2016,,,,replay evaluation,evaluated_paper,https://www.usenix.org/conference/usenixsecurity23/presentation/xie,5,5,3.1.1 Public datasets,We further evaluate on the ISCX-VPN dataset [19] under replayed network settings.,
EVD0507,P39804,DS-USTC-TFC-2016,,,,identity and tasks,evaluated_paper,https://doi.org/10.1145/3718958.3750498,5,5,4.1 Dataset Preparation,USTC-TFC contains 20 applications and supports USTC-binary and USTC-app tasks.,
EVD0508,P43021,DS-P43021-VA-FP,,,,background/negative evaluation data,evaluated_paper,https://www.usenix.org/conference/usenixsecurity23/presentation/ahmed-dilawer,8,8,Invocation detection,We collect idle traffic from all three voice assistants for about 12 hours with and without traffic from other devices.,
EVD0509,P39015,DS-CIC-INVES-ANDMAL-2019,,,,multiclass evaluation,evaluated_paper,https://doi.org/10.1145/3545948.3545983,8,PDF p. 8,6.2 Dataset,"For malware family classification, we use an 8:2 train-test split on both datasets.",
EVD0510,P48758,DS-WALSH-VIDEO-2024,,,,dataset identity and roles,evaluated_paper,https://doi.org/10.56553/POPETS-2025-0123,7,136,4.4 Experimental Setup,"The same datasets are used: one for videos streamed with Tor and one with HTTPS-only; 60 monitored videos have 90 samples each and more than 76,000 unmonitored videos have one sample each.",
EVD0511,P48205,DS-ONION-SITES-2016,,,,onion-site evaluation,evaluated_paper,https://doi.org/10.2478/POPETS-2020-0043,7,PDF p. 7,5 Datasets,We also use the Onion Sites dataset from Overdorf et al. [25].,
EVD0512,P14413,DS-P14413-DKF,,,,collection identity,evaluated_paper,https://doi.org/10.1145/3708821.3733914,4,624,4 Dataset,Bingbase was collected from May to August 2023 on the campus network.,
EVD0513,P47584,DS-P47584-HOLMES-WATSON,,,,capture condition,evaluated_paper,https://doi.org/10.1145/3696410.3714578,13,13,Appendix F Dataset details,"The starlink-like scenario uses 8 Mbps upload, 70 Mbps download, 50 ms latency, and 6% loss.",
EVD0514,P39771,DS-CIC-IOT-2022,,,,direct evaluation,evaluated_paper,https://doi.org/10.1145/3718958.3750529,9,9,7.1 Experiment Setup,"CICIOT2022 contains IoT traffic in Power, Idle, and Interact states; 75/10/15 percent flow splits are used.",
EVD0515,P45879,DS-P45879-LOW-OVERHEAD-WF,,,,browser-specific evaluation data,evaluated_paper,https://doi.org/10.1145/3543507.3583200,6,6,5 Evaluation,We collected 100 URLs and repeat the visit 100 times ... an additional 1000 URLs ... apply three main web browsers.,
EVD0516,P39497,DS-P39497-GGFAST-TRACE-E,,,,dataset provenance,evaluated_paper,https://doi.org/10.1145/3603269.3604840,7,7,5 Evaluation datasets,"E: university; Aug. 2021; 5 hours; SSH, 3 authentication modes.",
EVD0517,P46522,DS-P46522-CF-2022-2023,,,,identity and use,evaluated_paper,https://doi.org/10.1145/3589334.3645575,6,1208,4.1.1 Datasets,"We evaluate the attacks in four datasets ... CF500 contains 500 monitored websites ... CF9000 contains 9,000 unmonitored websites; the CF dataset was collected with Tor Browser 12.X.",
EVD0518,P43021,DS-DEEPVC-ALEXA-2019,,,,external baseline dataset,evaluated_paper,https://www.usenix.org/conference/usenixsecurity23/presentation/ahmed-dilawer,6,6,Dataset comparison,We compare against the prior DeepVC/Alexa command dataset [29].,
EVD0519,P16217,DS-DF-2017,,,,external benchmark use,evaluated_paper,https://doi.org/10.1145/3719027.3744795,12,CCS paper page 12,6.1 Datasets,We also evaluate on the public Wang and DF datasets.,
EVD0520,P13076,DS-ISCX-VPN-2016,,,,identity and use,evaluated_paper,https://doi.org/10.1609/AAAI.V39I1.32091,5,1052,Experimental Settings,ISCX-VPN and ISCX-NonVPN are evaluated as corresponding portions of the cited encrypted/VPN traffic corpus.,
EVD0521,P48305,DS-MONIOT-2019,,,,US cross-dataset corpus,evaluated_paper,https://doi.org/10.2478/POPETS-2022-0057,3,PDF p. 3,3.2 Datasets,"Table 1 lists Mon(IoT)r_US [44], collected in the US.",
EVD0522,P42624,DS-P42624-WTW-AMAZON,,,,video corpus,evaluated_paper,https://www.usenix.org/conference/usenixsecurity22/presentation/bae,9,p. 1314,5.1 Experimental Setup,"Amazon: 32 Prime Video titles, 1,210 traces, 120 s; usage Section 5.2.",
EVD0523,P40493,DS-P40493-HP-OWF,,,,active-client classifier evaluation,evaluated_paper,https://doi.org/10.1109/SP40000.2020.00015,16,PDF p. 16,Appendix: active clients,AJAX1 and AJAX2 emulate scrolling on Reddit; LINKS1 and LINKS2 use random walks through Wikipedia links.,
EVD0524,P45261,DS-ISCX-TOR-2016,,,,downstream evaluation,evaluated_paper,https://doi.org/10.1145/3485447.3512217,5,PDF p. 5,4.1.1 Datasets and Downstream Tasks,ISCX-Tor [10] is used for encrypted anonymous traffic classification with 16 labels.,
EVD0525,P13883,DS-CTU-13,,,,dataset use,evaluated_paper,https://doi.org/10.1145/3320269.3372202,5,PDF p. 5,3.1 Dataset,"To train our multi-class bot family classifier, we used the CTU-13 botnet traffic dataset provided by the Malware Capture Facility Project [12].",
EVD0526,P46427,DS-SJTU-AN21,,,,main benchmark,evaluated_paper,https://doi.org/10.1145/3589334.3645691,6,4421,4.1.1 Datasets,"SJTU-AN21 provides a test set separately, which is collected in a different network environment than the training set.",
EVD0527,P15762,DS-P15762-STDA-DARKWEB,,,,independent temporal capture,evaluated_paper,https://doi.org/10.1145/3658644.3670272,8,8,6.1 Datasets,We selected 80 popular dark web websites and utilized 20 servers deployed across three countries to collect traffic in August 2023 and April 2024.,
EVD0528,P38761,DS-BOT-IOT,,,,multiclass evaluation,evaluated_paper,https://www.usenix.org/conference/nsdi24/presentation/yan,8,426,7.1 Datasets and tasks,BOTIOT is used for a four-class classification task.,
EVD0529,P16247,DS-DF-2017,,,,source and transformed use,evaluated_paper,https://doi.org/10.1145/3719027.3765073,8,3569,5.1 Datasets,Tor-Obfuscation contains 95 websites and evaluates multiple traffic obfuscation defenses [56].,
EVD0530,P41766,DS-USTC-TFC-2016,,,,downstream evaluation,evaluated_paper,https://doi.org/10.1109/SP61157.2025.00102,8,8,Fine-tuning datasets,USTC-TFC2016 is used as a fine-tuning classification dataset.,
EVD0531,P47353,DS-P47353-DECETT,,,,fresh dataset identity,evaluated_paper,https://doi.org/10.1145/3696410.3714643,6,6,5.1 Dataset,"Five representative encrypted tunnels and 54 apps are used; volunteers interact with the apps through each tunnel separately, producing five evaluation datasets.",
EVD0532,P40493,DS-P40493-HP-OWF,,,,evaluation dataset,evaluated_paper,https://doi.org/10.1109/SP40000.2020.00015,15,PDF p. 15,Appendix: Wikipedia experiment,"We collected a Wikipedia data set consisting of 100 monitored pages with 100 instances each and 10,000 unmonitored pages.",
EVD0533,P16354,DS-P16354-DARKVEC-UNIVERSITY-DARKNET-2021,,,,capture description,evaluated_paper,https://doi.org/10.1145/3485983.3494863,2,PDF p. 2,3 Dataset,"We collected traffic toward a /24 network telescope from March 2 to March 31, 2021.",
EVD0534,P17323,DS-NUDT-MOBILETRAFFIC-2020,,,,direct evaluation,evaluated_paper,https://doi.org/10.1109/DSN64029.2025.00051,8,464,V-A Datasets,NUDT MobileTraffic is included as the third public evaluation source.,
EVD0535,P16247,DS-NUDT-MOBILETRAFFIC-2020,,,,public source evaluation,evaluated_paper,https://doi.org/10.1145/3719027.3765073,8,3569,5.1 Datasets,Application-Host is one of the public datasets used in evaluation.,
EVD0536,P46522,DS-AWF-2017,,,,identity and use,evaluated_paper,https://doi.org/10.1145/3589334.3645575,6,1208,4.1.1 Datasets,"The AWF dataset is evaluated through AWF100, AWF775, and AWF9000 partitions.",
EVD0537,P48443,DS-P48443-EXPLAINWF-SHADOW,,,,independent simulated capture,evaluated_paper,https://doi.org/10.56553/POPETS-2023-0125,8,8,4.1 Simulation datasets,"We generate nine distinct network configuration files ... two independent Shadow simulations and collate their traces, yielding ... nine datasets.",
EVD0538,P39497,DS-P39497-GGFAST-TRACE-D,,,,dataset provenance,evaluated_paper,https://doi.org/10.1145/3603269.3604840,7,7,5 Evaluation datasets,"D: university; Aug. 2019; 20 hours; RDP, 3 authentication modes.",
EVD0539,P38761,DS-ISCX-VPN-2016,,,,multiclass evaluation,evaluated_paper,https://www.usenix.org/conference/nsdi24/presentation/yan,8,426,7.1 Datasets and tasks,ISCXVPN2016 is evaluated as a six-class traffic classification task.,
EVD0540,P45721,DS-P45721-APPSNIFFER,,,,fresh concurrent-app evaluation,evaluated_paper,https://doi.org/10.1145/3543507.3583473,8,8,6 Concurrent applications,"We select two apps from ten, run them concurrently through TurboVPN 50 times, and collect each trace for 30 seconds.",
EVD0541,P17815,DS-P17815-ENCRYPTED-DNS,,,,Tor-condition classifier evaluation,evaluated_paper,https://www.ndss-symposium.org/ndss-paper/encrypted-dns-privacy-a-traffic-analysis-perspective/,11,PDF p. 11,Defenses,We evaluate the attack on the TOR dataset.,
EVD0542,P42485,DS-P42485-LUMOS,,,,independent test capture,evaluated_paper,https://www.usenix.org/conference/usenixsecurity22/presentation/sharma-rahul,10,p. 1103,7.1 Experimental Setup,"To test ... in new settings with different background traffic, we deployed a subset of devices in two separate houses ... Apartment 1 ... included IoT devices unseen in the training dataset.",
EVD0543,P14413,DS-P14413-DKF,,,,cross-time role,evaluated_paper,https://doi.org/10.1145/3708821.3733914,9,629,Drift evaluation,Models trained on DDGbase are tested on DDGdrift.,
EVD0544,P43001,DS-P43001-ROSETTA-WEBSITE,,,,environment-specific capture,evaluated_paper,https://www.usenix.org/conference/usenixsecurity23/presentation/xie,6,6,3.2.1 Self-collected datasets,Table 3 assigns website client tau6 to China 3G.,
EVD0545,P45721,DS-P45721-APPSNIFFER,,,,collection and evaluation,evaluated_paper,https://doi.org/10.1145/3543507.3583473,5,5,5.1 Dataset,We select 100 popular apps ... collect 50 scripted and 50 Monkey traces for each app in the normal and VPN settings.,
EVD0546,P45261,DS-CSTNET-TLS13-2021,,,,new downstream dataset,evaluated_paper,https://doi.org/10.1145/3485447.3512217,5,PDF p. 5,4.1.1 Datasets and Downstream Tasks,"The dataset is our collection of 120 applications under CSTNET from March to July 2021, named CSTNET-TLS 1.3.",
EVD0547,P41766,DS-ISCX-VPN-2016,,,,downstream evaluation,evaluated_paper,https://doi.org/10.1109/SP61157.2025.00102,7,7,Fine-tuning datasets,ISCXVPN2016 is used for fine-tuning and evaluation.,
EVD0548,P46267,DS-ISCX-VPN-2016,,,,benchmark evaluation,evaluated_paper,https://doi.org/10.1145/3543507.3583227,5,5,4.1.1 Datasets,"We adopt ... ISCX VPN-nonVPN [5], ISCX Tor-nonTor [15], and self-collected WWT.",
EVD0549,P17815,DS-P17815-ENCRYPTED-DNS,,,,cross-location testing,evaluated_paper,https://www.ndss-symposium.org/ndss-paper/encrypted-dns-privacy-a-traffic-analysis-perspective/,8,PDF p. 8,Location evaluation,We collect data at three locations and test the classifier across locations.,
EVD0550,P17815,DS-P17815-ENCRYPTED-DNS,,,,primary dataset use,evaluated_paper,https://www.ndss-symposium.org/ndss-paper/encrypted-dns-privacy-a-traffic-analysis-perspective/,6,PDF p. 6,Evaluation,We evaluate the closed- and open-world classifiers on LOC1.,
EVD0551,P43001,DS-P43001-ROSETTA-APPLICATION,,,,environment-specific capture,evaluated_paper,https://www.usenix.org/conference/usenixsecurity23/presentation/xie,6,6,3.2.1 Self-collected datasets,Application TLS flows are collected in the same six tau1-tau6 environments listed in Table 3.,
EVD0552,P39771,DS-USTC-TFC-2016,,,,injected evaluation source,evaluated_paper,https://doi.org/10.1145/3718958.3750529,11,11,7.4 Unsupervised Malicious Traffic Detection,"Malware attack traffic including Cridex, Geodo, Htbot, Neris, and Virut is sourced from USTC-TFC2016 and injected into testing sets.",
EVD0553,P43021,DS-P43021-VA-FP,,,,real-user target evaluation,evaluated_paper,https://www.usenix.org/conference/usenixsecurity23/presentation/ahmed-dilawer,14,14,Real-world evaluation,"We collect five one-hour sessions over five days, with 80 known and 20 unknown commands and background traffic.",
EVD0554,P12435,DS-CIC-IOT-2023,,,,direct evaluation,evaluated_paper,https://doi.org/10.1609/AAAI.V39I15.33748,6,15927,Experiment Setup,Table 2 lists CICIoT2023 among the four evaluation datasets.,
EVD0555,P17815,DS-P17815-ENCRYPTED-DNS,,,,capture inventory,evaluated_paper,https://www.ndss-symposium.org/ndss-paper/encrypted-dns-privacy-a-traffic-analysis-perspective/,18,PDF p. 18,Appendix,CLOUD is listed as a distinct capture.,
EVD0556,P43026,DS-TIKTOK-LIVE-WALKIE-TALKIE-2019,,,,live-Tor defended evaluation,evaluated_paper,https://www.usenix.org/conference/usenixsecurity23/presentation/shen-meng,9,614,6.1 Datasets,"The dataset collected over the live Tor network [37] contains 40,000 traces for 100 monitored websites and 40,000 traces for 10,000 unmonitored websites.",
EVD0557,P48305,DS-PINGPONG-IOT,,,,cross-dataset evaluation,evaluated_paper,https://doi.org/10.2478/POPETS-2022-0057,4,PDF p. 4,3.2 Datasets,PingPong Dataset [54] consists of traffic from smart-home devices and is included in the evaluation.,
EVD0558,P18348,DS-P18348-IOT-ID,,,,capture provenance,evaluated_paper,https://www.ndss-symposium.org/ndss-paper/evaluating-machine-learning-based-iot-device-identification-models-for-security-applications/,4,4,III-A Data Collection,"Traffic was collected at separate UK and USA testbeds in idle, mixed, and active modes from December 2022 through 2024.",
EVD0559,P17815,DS-P17815-ENCRYPTED-DNS,,,,platform transfer test,evaluated_paper,https://www.ndss-symposium.org/ndss-paper/encrypted-dns-privacy-a-traffic-analysis-perspective/,9,PDF p. 9,Platform evaluation,RPI is used to evaluate the impact of the client platform.,
EVD0560,P48443,DS-P48443-EXPLAINWF-SHADOW,,,,simulated evaluation corpus,evaluated_paper,https://doi.org/10.56553/POPETS-2023-0125,7,7,3.3.2 Data collection,"We refer to the wget2 dataset collected in Shadow as D(wget2, shadow), and the live Tor dataset as D(wget2, tor).",
EVD0561,P14413,DS-P14413-DKF,,,,collection identity,evaluated_paper,https://doi.org/10.1145/3708821.3733914,4,624,4 Dataset,DDGbase was collected from May to August 2023 on the campus network.,
EVD0562,P47085,DS-CSE-CIC-IDS-2018,,,,composite decomposition,evaluated_paper,https://doi.org/10.1145/3589334.3645407,6,1613,7.1 Experimental Setup,IDS2017&2018 combines CICIDS2017 and CSE-CIC-IDS2018.,
EVD0563,P47584,DS-P47584-HOLMES-WATSON,,,,transformed evaluation,evaluated_paper,https://doi.org/10.1145/3696410.3714578,15,15,Appendix H.2,The CW-random dataset is packet padded to construct the defense evaluation data.,
EVD0564,P17290,DS-P17290-ODOH,,,,fresh target capture,evaluated_paper,https://doi.org/10.1109/DSN64029.2025.00048,11,11,Temporal evaluation,A second batch was collected after six weeks; the first round is used for training and the new round for testing.,
EVD0565,P16217,DS-P16217-SWALLOW,,,,capture identity,evaluated_paper,https://doi.org/10.1145/3719027.3744795,12,CCS paper page 12,6.1 Datasets,"Table 2 defines D1-D8 as separate captures varying location, date, browser, and open-world composition.",
EVD0566,P17056,DS-P17056-LTE-FINGERPRINT,,,,carrier-specific collection,evaluated_paper,https://doi.org/10.1109/DSN58367.2023.00035,6,6,IV-C Real-world setting,"We collected real-world LTE radio traffic using prepaid SIM cards for Verizon, AT&T, and T-Mobile.",
EVD0567,P45721,DS-P45721-APPSNIFFER,,,,VPN-specific collection,evaluated_paper,https://doi.org/10.1145/3543507.3583473,5,5,5.1 Dataset,"Traffic is collected separately using SuperVPN, TurboVPN, NordVPN, and Surfshark for the same 100 applications.",
EVD0568,P18348,DS-P18348-IOT-ID,,,,capture provenance,evaluated_paper,https://www.ndss-symposium.org/ndss-paper/evaluating-machine-learning-based-iot-device-identification-models-for-security-applications/,4,4,III-A Data Collection,"Traffic was collected at separate UK and USA testbeds in idle, mixed, and active modes from December 2022 through 2024.",
EVD0569,P17815,DS-P17815-ENCRYPTED-DNS,,,,resolver transfer test,evaluated_paper,https://www.ndss-symposium.org/ndss-paper/encrypted-dns-privacy-a-traffic-analysis-perspective/,9,PDF p. 9,Resolver evaluation,GOOGLE is used in the resolver comparison.,
EVD0570,P48305,DS-P48305-HOMESNITCH-FLORIDA-2021-RECAPTURE,,,,fresh-recapture identity and date,evaluated_paper,https://doi.org/10.2478/POPETS-2022-0057,8,p. 585,5.1 Temporal Impact,The paper says it obtained another round of HomeSnitch-team data in May 2021 and calls the 2020 and 2021 captures old and new datasets.,
EVD0571,P17269,DS-BTU-MALWARE,,,,direct evaluation,evaluated_paper,https://doi.org/10.1109/DSN64029.2025.00052,6,475,IV-B Datasets,BTU-Mobile and BTU-Desktop are reported within the BTU evaluation data.,
EVD0572,P39015,DS-P39015-ENCMAL2021,,,,sandbox component capture,evaluated_paper,https://doi.org/10.1145/3545948.3545983,7,PDF p. 7,6.2 Dataset — Data Collection,"Each example runs for 5 minutes on average, during which all generated traffic is recorded and saved ... we end up capturing 239,007 streams from 53,111 samples.",
EVD0573,P17818,DS-CROSS-PLATFORM-2017,,,,dataset description,evaluated_paper,https://www.ndss-symposium.org/ndss-paper/flowprint-semi-supervised-mobile-app-fingerprinting-on-encrypted-network-traffic/,3,PDF p. 3,II-A Datasets,The Cross Platform dataset [51] contains traffic from applications on both Android and iOS.,
EVD0574,P12435,DS-ISCX-TOR-2016,,,,direct evaluation,evaluated_paper,https://doi.org/10.1609/AAAI.V39I15.33748,6,15927,Experiment Setup,Table 2 lists ISCXTor2016 among the four datasets used for evaluation.,
EVD0575,P39497,DS-P39497-GGFAST-TRACE-C,,,,dataset provenance,evaluated_paper,https://doi.org/10.1145/3603269.3604840,7,7,5 Evaluation datasets,C: university edge; Aug.-Sep. 2020; 2 months; DoH task.,
EVD0576,P46427,DS-CIC-IOT-2022,,,,background/noise traffic directly entering classifier evaluation,evaluated_paper,https://doi.org/10.1145/3589334.3645691,13,4429,Appendix H Mixing original traffic with noise traffic,We introduce irrelevant packet noise by injecting TLS traffic from the CICIOT dataset ... into regular traffic.,
EVD0577,P48207,DS-DF-2017,,,,attack evaluation,evaluated_paper,https://doi.org/10.2478/POPETS-2020-0013,12,PDF p. 12,Simulation datasets,We evaluate on the undefended and defended datasets from Sirinam et al. [60].,
EVD0578,P14774,DS-STRATOSPHERE-IOT-MALWARE-NETML,,,,task corpus,evaluated_paper,https://doi.org/10.1145/3460120.3484758,2,PDF p. 2,Dataset/task overview,Table 1 lists netML IoT; Section 5.4 states that the authors recreate the netML datasets from their source captures.,
EVD0579,P43001,DS-P43001-ROSETTA-APPLICATION,,,,environment-specific capture,evaluated_paper,https://www.usenix.org/conference/usenixsecurity23/presentation/xie,6,6,3.2.1 Self-collected datasets,Application TLS flows are collected in the same six tau1-tau6 environments listed in Table 3.,
EVD0580,P16217,DS-P16217-SWALLOW,,,,capture identity,evaluated_paper,https://doi.org/10.1145/3719027.3744795,12,CCS paper page 12,6.1 Datasets,"Table 2 defines D1-D8 as separate captures varying location, date, browser, and open-world composition.",
EVD0581,P47584,DS-P47584-HOLMES-WATSON,,,,dataset identity and evaluation role,evaluated_paper,https://doi.org/10.1145/3696410.3714578,5,5,4.1 Datasets,"Table 1 reports 12 scenarios spanning closed-world, bandwidth, browser, time-drift, and open-world evaluations.",
EVD0582,P43021,DS-P43021-VA-FP,,,,assistant-specific dataset,evaluated_paper,https://www.usenix.org/conference/usenixsecurity23/presentation/ahmed-dilawer,11,11,Cross-assistant evaluation,"Table 4 reports simple_50_google, simple_50_alexa, and simple_50_siri.",
EVD0583,P17610,DS-P17610-CHLO,,,,classifier training/evaluation,evaluated_paper,https://doi.org/10.1145/3646547.3688435,3,3,3.1 Ground-truth dataset,"We capture more than 100 video sessions for each of 30 user platforms ... in total nearly 10,000 flows.",
EVD0584,P45879,DS-P45879-LOW-OVERHEAD-WF,,,,browser-specific evaluation data,evaluated_paper,https://doi.org/10.1145/3543507.3583200,6,6,5 Evaluation,We collected 100 URLs and repeat the visit 100 times ... an additional 1000 URLs ... apply three main web browsers.,
EVD0585,P48207,DS-GRESCHBACH-DNS-TOR-UNMONITORED,,,,background/open-world evaluation,evaluated_paper,https://doi.org/10.2478/POPETS-2020-0013,14,PDF p. 14,Open-world simulation,For the large open world we use the unmonitored dataset from Greschbach et al. [24].,
EVD0586,P14188,DS-P14188-PRIVATE-RELAY-WF-2022,,,,closed/open-world evaluation,evaluated_paper,https://doi.org/10.1145/3579856.3595793,10,10,6.3 Website fingerprinting,We sampled 100 websites ... 200 instances per website ... one instance each of an additional 20000 websites.,
EVD0587,P47584,DS-P47584-HOLMES-WATSON,,,,dataset identity and evaluation role,evaluated_paper,https://doi.org/10.1145/3696410.3714578,5,5,4.1 Datasets,"Table 1 reports 12 scenarios spanning closed-world, bandwidth, browser, time-drift, and open-world evaluations.",
EVD0588,P18348,DS-P18348-IOT-ID,,,,fresh test capture,evaluated_paper,https://www.ndss-symposium.org/ndss-paper/evaluating-machine-learning-based-iot-device-identification-models-for-security-applications/,9,9,Sampling-rate evaluation,The sampling-rate experiments use traffic collected in April 2024.,
EVD0589,P48659,DS-P48659-LONGENOUGH,,,,fresh condition-specific evaluation,evaluated_paper,https://doi.org/10.56553/POPETS-2024-0112,5,171,3.2 Variable bandwidth,We collect the LongEnough-variable dataset ... an additional 917 hours of traffic.,
EVD0590,P48246,DS-P48246-GANDALF,,,,fresh monitored capture,evaluated_paper,https://doi.org/10.2478/POPETS-2021-0029,5,PDF p. 5,3 Datasets,We will refer to this dataset as GDLF25 ... and use its subpages as our monitored dataset.,
EVD0591,P41557,DS-MEI-2023-SINGLE-TAB,,,,external evaluation,evaluated_paper,https://doi.org/10.1109/SP61157.2025.00154,18,1436,Appendix G,The appendix evaluates on a newly released 2023 single-tab dataset [43].,
EVD0592,P42485,DS-P42485-LUMOS,,,,independent test capture,evaluated_paper,https://www.usenix.org/conference/usenixsecurity22/presentation/sharma-rahul,10,p. 1103,7.1 Experimental Setup,Our first deployment was in an office space wherein a total of eleven IoT devices were deployed in various locations.,
EVD0593,P14255,DS-P14255-CAPSULEFORMER-DAPP-2022,,,,dataset construction and evaluation,evaluated_paper,https://doi.org/10.1145/3634737.3637664,5,5,4.1 Dataset,"The data were collected in April 2022 for approximately two weeks ... ten categories, five DApps each on Ethereum and BNB ... each DApp was visited 1000 times.",
EVD0594,P42512,DS-P42512-ONLINE-WF,,,,synthetic training/test corpus,evaluated_paper,https://www.usenix.org/conference/usenixsecurity22/presentation/cherubin,8,p. 759,5.1-5.2,"We randomly sample 1,000 URLs ... Our exit observed 1,074 unique domains ... We crawl the list 10 times using our private opt-in circuit.",
EVD0595,P48207,DS-DYNAFLOW-LU-2018-SOURCE,,,,defended attack evaluation,evaluated_paper,https://doi.org/10.2478/POPETS-2020-0013,13,PDF p. 13,Simulation datasets,We evaluate two configurations of DynaFlow using the dataset from Lu et al. [36].,
EVD0596,P14774,DS-STREAMING-VIDEO-PROVIDERS-BRONZINO-2019,,,,task corpus,evaluated_paper,https://doi.org/10.1145/3460120.3484758,2,PDF p. 2,Dataset/task overview,Table 1 lists Streaming Video Providers as an nPrintML classification dataset.,
EVD0597,P48305,DS-P48305-HOMESNITCH-FLORIDA-2020,,,,cross-dataset evaluation,evaluated_paper,https://doi.org/10.2478/POPETS-2022-0057,3,PDF p. 3,3.2 Datasets,Table 1 lists HomeSnitch [36] as a separate US capture.,
EVD0598,P42690,DS-UAV-ACTIVITY-LABAYEN-2020,,,,public benchmark,evaluated_paper,https://www.usenix.org/conference/usenixsecurity23/presentation/qu,6,6,4.1 Datasets,"The first three datasets, UAV [4], IDI [30], and ISD [31], are public datasets.",
EVD0599,P39771,DS-KITSUNE-SSDP-FLOOD,,,,injected evaluation source,evaluated_paper,https://doi.org/10.1145/3718958.3750529,11,11,7.4 Unsupervised Malicious Traffic Detection,DoS attack traffic uses SSDP Reflection Flood traffic collected from Kitsune [27].,
EVD0600,P39064,DS-ISCX-TOR-2016,,,,fine-tuning and testing,evaluated_paper,https://doi.org/10.1145/3607199.3607206,7,7,4.1.2 Datasets,The public datasets include ... ISCX-Tor-2016 ... and are fine-tuned for downstream classification.,
EVD0601,P47085,DS-CSE-CIC-IDS-2018,,,,cross-time role,evaluated_paper,https://doi.org/10.1145/3589334.3645407,7,1614,7.2 Evaluation scenarios,The model is trained on IDS2017 and tested on IDS2018 for the time-bias scenario.,
EVD0602,P16931,DS-P16931-GITHUB500,,,,dataset construction,evaluated_paper,https://doi.org/10.1109/DSN58367.2023.00049,7,7,V-C Github500,"Our dataset was generated by visiting the top 500 Github project pages ... 1,000 times each ... 500,000 traffic traces.",
EVD0603,P16247,DS-P16247-TOR-ALL-2024,,,,new capture identity,evaluated_paper,https://doi.org/10.1145/3719027.3765073,9,3570,5.1 Datasets,Tor-ALL consists of real Tor traffic newly collected from June to August 2024.,
EVD0604,P39064,DS-ISCX-VPN-2016,,,,fine-tuning and testing,evaluated_paper,https://doi.org/10.1145/3607199.3607206,7,7,4.1.2 Datasets,The public datasets include ... ISCX-VPN-2016 ... and are fine-tuned for downstream classification.,
EVD0605,P07480,DS-CIC-IOT-2022,,,,downstream classifier evaluation,evaluated_paper,https://doi.org/10.1609/AAAI.V37I4.25674,6,p. 5425,4.2 Comparison,Table 1 reports YaTC accuracy and F1 on CICIoT2022.,
EVD0606,P42624,DS-P42624-WTW-YOUTUBE100,,,,primary video corpus,evaluated_paper,https://www.usenix.org/conference/usenixsecurity22/presentation/bae,9,p. 1314,5.1 Experimental Setup,"YouTube100: 100 videos, 29,715 traces, 120 s, YouTube Top 100; usage: All.",
EVD0607,P47584,DS-P47584-HOLMES-WATSON,,,,direct calibration role,evaluated_paper,https://doi.org/10.1145/3696410.3714578,13,13,Appendix F Dataset details,"Supplementary data contain 400 websites with 40 samples each, collected half a year earlier, and are used for independent H&W hyperparameter tuning and Triplet Fingerprinting pre-training.",
EVD0608,P43001,DS-CIRA-CIC-DOHBRW-2020,,,,replay evaluation,evaluated_paper,https://www.usenix.org/conference/usenixsecurity23/presentation/xie,4,4,3.1.1 Public datasets,We use CIRA-CIC-DoHBrw-2020 [39] and replay its traffic under theta0-theta6.,
EVD0609,P15762,DS-P15762-STDA-DARKWEB,,,,fresh target-time corpus,evaluated_paper,https://doi.org/10.1145/3658644.3670272,13,13,6.6 Dark-web temporal evaluation,"Traffic was collected in two rounds, August 2023 and April 2024, enabling evaluation across collection time.",
EVD0610,P17323,DS-FG-NET,,,,fresh named capture,evaluated_paper,https://doi.org/10.1109/DSN64029.2025.00051,8,464,V-A Datasets,FG-Net D2 is dated 21/07/2020 and evaluated separately from D1.,
EVD0611,P13958,DS-P13958-HOMEMOLE,,,,dataset construction and use,evaluated_paper,https://doi.org/10.1145/3320269.3384732,8,PDF p. 8,4.1 Datasets,"Dataset-Noise contains 114,989 windows ... multiple IoT/non-IoT devices generate traffic at the same time.",
EVD0612,P47584,DS-P47584-HOLMES-WATSON,,,,dataset identity and evaluation role,evaluated_paper,https://doi.org/10.1145/3696410.3714578,5,5,4.1 Datasets,"Table 1 reports 12 scenarios spanning closed-world, bandwidth, browser, time-drift, and open-world evaluations.",
EVD0613,P45261,DS-ISCX-VPN-2016,,,,two label-view evaluations,evaluated_paper,https://doi.org/10.1145/3485447.3512217,5,PDF p. 5,4.1.1 Datasets and Downstream Tasks,"We further categorize the [ISCX-VPN] dataset by services and applications, forming ISCX-VPN-Service with 12 categories and ISCX-VPN-App with 17 applications.",
EVD0614,P17818,DS-P17818-FLOWPRINT-BROWSER-SELF-COLLECTED,,,,dataset description,evaluated_paper,https://www.ndss-symposium.org/ndss-paper/flowprint-semi-supervised-mobile-app-fingerprinting-on-encrypted-network-traffic/,3,PDF p. 3,II-A Datasets,"Finally, we collect a Browser dataset for evaluating browser fingerprints.",
EVD0615,P17815,DS-P17815-ENCRYPTED-DNS,,,,classifier comparison,evaluated_paper,https://www.ndss-symposium.org/ndss-paper/encrypted-dns-privacy-a-traffic-analysis-perspective/,7,PDF p. 7,Web-traffic comparison,The WEB dataset contains paired DoH and web traffic used for comparison.,
EVD0616,P14374,DS-P14374-WHISPERVOICETRACE,,,,Alexa evaluation corpus,evaluated_paper,https://doi.org/10.1145/3634737.3657017,5,5,4.2-4.3 Dataset,"We collect Alexa traces from May to September 2023 ... 300 monitored commands with 1,000 traces and 300 unmonitored commands with 300 traces.",
EVD0617,P47353,DS-P47353-DECETT,,,,fresh dataset identity,evaluated_paper,https://doi.org/10.1145/3696410.3714643,6,6,5.1 Dataset,"Five representative encrypted tunnels and 54 apps are used; volunteers interact with the apps through each tunnel separately, producing five evaluation datasets.",
EVD0618,P39132,DS-P39132-PROTOCOL-WF,,,,self-collected page corpus,evaluated_paper,https://doi.org/10.1145/3678890.3678910,5,5,3.2 Datasets,"9GAG [37], page: 139,560 samples and 2,326 labels.",
EVD0619,P17269,DS-P17269-P17269-ENTERPRISE-GATEWAY-1DAY,,,,fresh capture and composite role,evaluated_paper,https://doi.org/10.1109/DSN64029.2025.00052,10,479,IV-F Real-world evaluation,"We collect 150GB of 443 port network traffic in one day from an enterprise gateway and use these data as benign samples, mixing them with malicious MTA samples to form MTA-Enterprise.",
EVD0620,P17815,DS-P17815-ENCRYPTED-DNS,,,,capture inventory,evaluated_paper,https://www.ndss-symposium.org/ndss-paper/encrypted-dns-privacy-a-traffic-analysis-perspective/,18,PDF p. 18,Appendix,DOT is listed as a distinct capture.,
EVD0621,P43001,DS-P43001-ROSETTA-WEBSITE,,,,environment-specific capture,evaluated_paper,https://www.usenix.org/conference/usenixsecurity23/presentation/xie,6,6,3.2.1 Self-collected datasets,We collect about 1.8 million website TLS flows for 14 days using clients tau1 to tau6.,
EVD0622,P43021,DS-P43021-VA-FP,,,,scenario evaluation,evaluated_paper,https://www.usenix.org/conference/usenixsecurity23/presentation/ahmed-dilawer,6,6,4 Dataset,Table 2 lists skills_100_alexa as a separate collected dataset.,
EVD0623,P17269,DS-CIC-INVES-ANDMAL-2019,,,,direct evaluation,evaluated_paper,https://doi.org/10.1109/DSN64029.2025.00052,6,475,IV-B Datasets,"Two publicly available datasets, CICInvesAndMal2019 and BTU, are used alongside the MTA dataset.",
EVD0624,P40493,DS-P40493-HP-OWF,,,,fresh cross-page evaluation,evaluated_paper,https://doi.org/10.1109/SP40000.2020.00015,11,PDF p. 11,IV-C Different monitored pages,"We collect a different data set ... 100 randomly chosen pages from the top 100,000 ... and 80,000 unmonitored pages.",
EVD0625,P13883,DS-STRATOSPHERE-CURRENT-MALWARE-2013-2018-BOTECTION,,,,dataset use,evaluated_paper,https://doi.org/10.1145/3320269.3372202,5,PDF p. 5,3.1 Dataset,"This dataset is used to verify the binary classifier's performance over time ... In addition, we use the current malware traffic provided by the Stratosphere IPS Project.",
EVD0626,P14374,DS-SHAME-ALEXA-2021,,,,external benchmark,evaluated_paper,https://doi.org/10.1145/3634737.3657017,6,6,4.4 Comparison datasets,SHAME [17] uses an Echo Dot 2nd Gen with 20 commands and 800 samples per command.,
EVD0627,P48246,DS-AWF-2017,,,,benchmark use,evaluated_paper,https://doi.org/10.2478/POPETS-2021-0029,5,PDF p. 5,3 Datasets,"We use the AWF dataset [22], dividing it into AWF1, AWF2, and AWF-OW for labeled, unlabeled, and open-world experiments.",
EVD0628,P17056,DS-P17056-LTE-FINGERPRINT,,,,carrier-specific collection,evaluated_paper,https://doi.org/10.1109/DSN58367.2023.00035,6,6,IV-C Real-world setting,"We collected real-world LTE radio traffic using prepaid SIM cards for Verizon, AT&T, and T-Mobile.",
EVD0629,P47584,DS-P47584-HOLMES-WATSON,,,,dataset identity and evaluation role,evaluated_paper,https://doi.org/10.1145/3696410.3714578,5,5,4.1 Datasets,"Table 1 reports 12 scenarios spanning closed-world, bandwidth, browser, time-drift, and open-world evaluations.",
EVD0630,P17269,DS-MALWARE-TRAFFIC-ANALYSIS-NET,,,,composite decomposition,evaluated_paper,https://doi.org/10.1109/DSN64029.2025.00052,7,476,IV-B Datasets,The malicious samples in MTA are selected from Malware-Traffic-Analysis.net from 2018 to 2023.,
EVD0631,P42485,DS-P42485-LUMOS,,,,independent deployed test setup,evaluated_paper,https://www.usenix.org/conference/usenixsecurity22/presentation/sharma-rahul,10,p. 1103,7.1 Experimental Setup,"For testing, we deployed a variable number of devices in four different physical spaces (a total of six setups).",
EVD0632,P16217,DS-P16217-SWALLOW,,,,capture identity,evaluated_paper,https://doi.org/10.1145/3719027.3744795,12,CCS paper page 12,6.1 Datasets,"Table 2 defines D1-D8 as separate captures varying location, date, browser, and open-world composition.",
EVD0633,P39771,DS-PEERRUSH,,,,direct evaluation,evaluated_paper,https://doi.org/10.1145/3718958.3750529,9,9,7.1 Experiment Setup,"PeerRush contains P2P traffic categorized into eMule, uTorrent, and Vuze; 75% of flows train, 10% validate, and 15% test.",
EVD0634,P46427,DS-ISCX-VPN-2016,,,,main benchmark,evaluated_paper,https://doi.org/10.1145/3589334.3645691,6,4421,4.1.1 Datasets,We conduct experiments on ... one VPN traffic dataset [12]; for ISCX-VPN we divide training and test 80%/20% per class.,
EVD0635,P46522,DS-P46522-CF-2022-2023,,,,collection date,evaluated_paper,https://doi.org/10.1145/3589334.3645575,11,1213,Appendix / dataset discussion,The CF dataset collects real Tor traffic between Oct 2022 and Feb 2023.,
EVD0636,P47584,DS-P47584-HOLMES-WATSON,,,,alias and capture timing,evaluated_paper,https://doi.org/10.1145/3696410.3714578,13,13,Appendix F Dataset details,Browser-chrome was collected 30 days after CW and is reused as the Time-Drift 30-day set.,
EVD0637,P14413,DS-P14413-DKF,,,,fresh capture identity,evaluated_paper,https://doi.org/10.1145/3708821.3733914,4,624,4 Dataset,DDGdrift was collected from December 2024 to January 2025.,
EVD0638,P48205,DS-DF-2017,,,,benchmark selection,evaluated_paper,https://doi.org/10.2478/POPETS-2020-0043,7,PDF p. 7,5 Datasets,We use the Undefended and WTF-PAD datasets from Sirinam et al. [32].,
EVD0639,P48205,DS-DF-2017,,,,simulated-defense evaluation,evaluated_paper,https://doi.org/10.2478/POPETS-2020-0043,8,PDF p. 8,5.1 Datasets,Table 2 reports the Walkie-Talkie simulated dataset separately from Undefended and WTF-PAD.,
EVD0640,P16247,DS-CIRA-CIC-DOHBRW-2020,,,,identity and use,evaluated_paper,https://doi.org/10.1145/3719027.3765073,8,3569,5.1 Datasets,DoHBrw-NetEnv is used as a public dataset and represents traffic in diverse network environments.,
EVD0641,P47085,DS-USTC-TFC-2016,,,,direct evaluation,evaluated_paper,https://doi.org/10.1145/3589334.3645407,6,1613,7.1 Experimental Setup,"We conduct experiments on five public datasets, including USTC-TFC2016.",
EVD0642,P41766,DS-CSTNET-TLS13-2021,,,,downstream evaluation,evaluated_paper,https://doi.org/10.1109/SP61157.2025.00102,8,8,Fine-tuning datasets,CSTNET-TLS1.3 is used as a fine-tuning classification dataset.,
EVD0643,P48305,DS-P48305-HOMESNITCH-FLORIDA-2021-RECAPTURE,,,,evaluation role and class overlap,evaluated_paper,https://doi.org/10.2478/POPETS-2022-0057,9,p. 586,5.1 Temporal Impact,"Table 5 trains on HS (2020), tests on HS (2021), and reports 15 device classes.",
EVD0644,P48443,DS-P48443-EXPLAINWF-LIVE-TOR,,,,live evaluation corpus,evaluated_paper,https://doi.org/10.56553/POPETS-2023-0125,7,7,3.3.2 Data collection,"We collect D(wget2, tor) over the live Tor network ... 98 webpages, each visited 200 times.",
EVD0645,P43001,DS-P43001-ROSETTA-APPLICATION,,,,environment-specific capture,evaluated_paper,https://www.usenix.org/conference/usenixsecurity23/presentation/xie,6,6,3.2.1 Self-collected datasets,"We collect 292,523 application TLS flows in the above six network environments.",
EVD0646,P46578,DS-TON-IOT,,,,identity,evaluated_paper,https://doi.org/10.1145/3589334.3645457,10,10,Appendix,NF-ToN-IoT-V2 is the NetFlow-based version derived from ToN-IoT and is publicly available.,
EVD0647,P16217,DS-P16217-SWALLOW,,,,capture identity,evaluated_paper,https://doi.org/10.1145/3719027.3744795,12,CCS paper page 12,6.1 Datasets,"Table 2 defines D1-D8 as separate captures varying location, date, browser, and open-world composition.",
EVD0648,P17815,DS-P17815-ENCRYPTED-DNS,,,,capture inventory,evaluated_paper,https://www.ndss-symposium.org/ndss-paper/encrypted-dns-privacy-a-traffic-analysis-perspective/,18,PDF p. 18,Appendix,WEB is listed as a distinct capture.,
EVD0649,P44828,DS-P44828-INTRADOMAIN-WPF,,,,Tor dataset,evaluated_paper,https://doi.org/10.1145/3442381.3450008,12,PDF p. 12,Tor evaluation,We collect D5 over Tor using 50 Instagram profiles with 50 traces each.,
EVD0650,P47584,DS-P47584-HOLMES-WATSON,,,,capture condition,evaluated_paper,https://doi.org/10.1145/3696410.3714578,13,13,Appendix F Dataset details,"The slow scenario uses 300 kbps upload, 800 kbps download, 350 ms latency, and 3% loss.",
EVD0651,P17815,DS-P17815-ENCRYPTED-DNS,,,,client/resolver transfer test,evaluated_paper,https://www.ndss-symposium.org/ndss-paper/encrypted-dns-privacy-a-traffic-analysis-perspective/,9,PDF p. 9,Client/resolver evaluation,CL-FF is used to test a different client/resolver configuration.,
EVD0652,P42485,DS-P42485-LUMOS,,,,independent test capture,evaluated_paper,https://www.usenix.org/conference/usenixsecurity22/presentation/sharma-rahul,10,p. 1103,7.1 Experimental Setup,The authors deployed devices in two separate houses with different floor plans and background traffic; Apartment 2 is a separate test environment.,
EVD0653,P46427,DS-USTC-TFC-2016,,,,additional classifier benchmark,evaluated_paper,https://doi.org/10.1145/3589334.3645691,12,4427,Appendix C Other encrypted traffic datasets,"We assess AN-Net using two additional universal encrypted traffic datasets, namely USTC-TFC and Cross-Platform.",
EVD0654,P47584,DS-P47584-HOLMES-WATSON,,,,browser provenance,evaluated_paper,https://doi.org/10.1145/3696410.3714578,13,13,Appendix F Dataset details,The Browser dataset includes Firefox v129 as a separate scenario.,
EVD0655,P14000,DS-P14000-MALPHASE-RESEARCH-SERVERS,,,,benign evaluation traffic,evaluated_paper,https://doi.org/10.1145/3433210.3453101,4,PDF p. 4,3 Dataset collection,Table 2 lists Research Server A as a separately captured benign source.,
EVD0656,P18348,DS-P18348-IOT-ID,,,,capture provenance,evaluated_paper,https://www.ndss-symposium.org/ndss-paper/evaluating-machine-learning-based-iot-device-identification-models-for-security-applications/,4,4,III-A Data Collection,"Traffic was collected at separate UK and USA testbeds in idle, mixed, and active modes from December 2022 through 2024.",
EVD0657,P46267,DS-P46267-TFE-GNN-WWT,,,,self-collected benchmark,evaluated_paper,https://doi.org/10.1145/3543507.3583227,6,6,4.1.1 Datasets,"WWT contains fine-grained traffic from WeChat (12 classes), WhatsApp (9), and Telegram (6).",
EVD0658,P46578,DS-CSE-CIC-IDS-2018,,,,identity,evaluated_paper,https://doi.org/10.1145/3589334.3645457,10,10,Appendix,NF-CSE-CIC-IDS2018-V2 is the NetFlow variant of CSE-CIC-IDS2018 and is publicly available.,
EVD0659,P14000,DS-MALPHASE-VIRUSTOTAL-SANDBOX-PCAPS,,,,malicious evaluation traffic,evaluated_paper,https://doi.org/10.1145/3433210.3453101,3,PDF p. 3,3 Dataset collection,We check hashes ... against VirusTotal and download the corresponding network packet captures.,
EVD0660,P39064,DS-CSE-CIC-IDS-2018,,,,evaluation use,evaluated_paper,https://doi.org/10.1145/3607199.3607206,8,8,4.1.2 Datasets,Flow-MAE is pre-trained on ... CIC-IDS2018 ... fine-tuned on the first five public datasets.,
EVD0661,P42512,DS-P42512-ONLINE-WF,,,,paired-vantage classifier evaluation,evaluated_paper,https://www.usenix.org/conference/usenixsecurity22/presentation/cherubin,13,p. 764,6.4 Phase IV,"We crawl the pages ... 10 times each ... For each website, we record the resulting traces observed by our entry and exit relays ... 922 websites for which we have at least 10 observed traces.",
EVD0662,P42512,DS-P42512-ONLINE-WF,,,,genuine online train/test corpus,evaluated_paper,https://www.usenix.org/conference/usenixsecurity22/presentation/cherubin,9,p. 760,6.2 Phase II,"We deployed the classifiers on our exit relay during 1 week in April 2021 ... During the 1 week measurement we observed 1,178,862 total traffic traces.",
EVD0663,P43021,DS-P43021-VA-FP,,,,assistant-specific dataset,evaluated_paper,https://www.usenix.org/conference/usenixsecurity23/presentation/ahmed-dilawer,11,11,Cross-assistant evaluation,"Table 4 reports simple_50_google, simple_50_alexa, and simple_50_siri.",
EVD0664,P45721,DS-P45721-APPSNIFFER,,,,VPN-specific collection,evaluated_paper,https://doi.org/10.1145/3543507.3583473,5,5,5.1 Dataset,"Traffic is collected separately using SuperVPN, TurboVPN, NordVPN, and Surfshark for the same 100 applications.",
EVD0665,P48443,DS-P48443-EXPLAINWF-SHADOW,,,,independent simulated capture,evaluated_paper,https://doi.org/10.56553/POPETS-2023-0125,8,8,4.1 Simulation datasets,"We generate nine distinct network configuration files ... two independent Shadow simulations and collate their traces, yielding ... nine datasets.",
EVD0666,P48443,DS-P48443-EXPLAINWF-SHADOW,,,,independent simulated capture,evaluated_paper,https://doi.org/10.56553/POPETS-2023-0125,8,8,4.1 Simulation datasets,"We generate nine distinct network configuration files ... two independent Shadow simulations and collate their traces, yielding ... nine datasets.",
EVD0667,P46427,DS-ISCX-TOR-2016,,,,main benchmark,evaluated_paper,https://doi.org/10.1145/3589334.3645691,6,4421,4.1.1 Datasets,"We conduct experiments on two anonymous traffic datasets [22,44] ... for ISCX-Tor we divide training and test 80%/20% per class.",
EVD0668,P14774,DS-CIC-IDS-2017,,,,two task uses,evaluated_paper,https://doi.org/10.1145/3460120.3484758,2,PDF p. 2,Dataset/task overview,Table 1 lists CICIDS for passive OS fingerprinting and netML CICIDS2017 for intrusion detection.,
EVD0669,P44828,DS-P44828-INTRADOMAIN-WPF,,,,primary dataset,evaluated_paper,https://doi.org/10.1145/3442381.3450008,6,PDF p. 6,Dataset collection,"D1 was collected at Campus A over two weeks with 1,000 pages per site and 55 traces per page.",
EVD0670,P14374,DS-P14374-WHISPERVOICETRACE,,,,Google evaluation corpus,evaluated_paper,https://doi.org/10.1145/3634737.3657017,5,5,4.2-4.3 Dataset,"For Google Assistant, we use a Pixel 4a and collect 427 commands with 150 traces each from April to August 2023.",
EVD0671,P48246,DS-P48246-GANDALF,,,,fresh open-world capture,evaluated_paper,https://doi.org/10.2478/POPETS-2021-0029,5,PDF p. 5,3 Datasets,"We collect 70,000 subpages ... leading to the GDLF-OW dataset.",
EVD0672,P39064,DS-USTC-TFC-2016,,,,fine-tuning and testing,evaluated_paper,https://doi.org/10.1145/3607199.3607206,7,7,4.1.2 Datasets,The first five public datasets ... USTC-TFC-2016 ... are used to evaluate downstream traffic classification.,
EVD0673,P16354,DS-P16354-DARKVEC-UNIVERSITY-DARKNET-2021,,,,split,evaluated_paper,https://doi.org/10.1145/3485983.3494863,3,PDF p. 3,3 Dataset,The last day is used as the test set.,
EVD0674,P47584,DS-P47584-HOLMES-WATSON,,,,browser provenance,evaluated_paper,https://doi.org/10.1145/3696410.3714578,13,13,Appendix F Dataset details,The Browser dataset includes legacy Chrome v104 as a separate scenario.,
EVD0675,P17815,DS-P17815-ENCRYPTED-DNS,,,,capture inventory,evaluated_paper,https://www.ndss-symposium.org/ndss-paper/encrypted-dns-privacy-a-traffic-analysis-perspective/,18,PDF p. 18,Appendix,RPI is listed as a distinct capture.,
EVD0676,P17815,DS-P17815-ENCRYPTED-DNS,,,,cloud-context test,evaluated_paper,https://www.ndss-symposium.org/ndss-paper/encrypted-dns-privacy-a-traffic-analysis-perspective/,9,PDF p. 9,Platform evaluation,CLOUD is used in the platform/network comparison.,
EVD0677,P44828,DS-P44828-INTRADOMAIN-WPF,,,,cross-campus dataset,evaluated_paper,https://doi.org/10.1145/3442381.3450008,6,PDF p. 6,Dataset collection,D2 was collected at Campus B ... 300 pages per site with 55 samples each.,
EVD0678,P38798,DS-UNSW-NB15,,,,binary and multiclass benchmark,evaluated_paper,https://www.usenix.org/conference/nsdi24/presentation/jafri,10,1582,7.2 Datasets,We use two publicly available datasets ... UNSW-NB15; the appendix reports both binary and 7-class results.,
EVD0679,P42690,DS-IOT-SENTINEL-2017,,,,public benchmark,evaluated_paper,https://www.usenix.org/conference/usenixsecurity23/presentation/qu,6,6,4.1 Datasets,"The first three datasets, UAV [4], IDI [30], and ISD [31], are public datasets.",
EVD0680,P17815,DS-P17815-ENCRYPTED-DNS,,,,capture inventory,evaluated_paper,https://www.ndss-symposium.org/ndss-paper/encrypted-dns-privacy-a-traffic-analysis-perspective/,18,PDF p. 18,Appendix,LOC2 is listed as a distinct capture.,
EVD0681,P39064,DS-CROSS-PLATFORM-2017,,,,cross-platform testing,evaluated_paper,https://doi.org/10.1145/3607199.3607206,8,8,4.1.2 Datasets,Cross-Platform ... is employed to validate transferability.,
EVD0682,P38761,DS-PEERRUSH,,,,multiclass evaluation,evaluated_paper,https://www.usenix.org/conference/nsdi24/presentation/yan,8,426,7.1 Datasets and tasks,PeerRush is evaluated as a three-class traffic classification task.,
EVD0683,P47085,DS-CIC-IDS-2017,,,,composite decomposition,evaluated_paper,https://doi.org/10.1145/3589334.3645407,6,1613,7.1 Experimental Setup,IDS2017&2018 combines CICIDS2017 and CSE-CIC-IDS2018.,
EVD0684,P38868,DS-P38868-CATO-CAMPUS-APP-TRAFFIC,,,,direct classifier evaluation,evaluated_paper,https://www.usenix.org/conference/nsdi25/presentation/wan-gerry,9,1530,5.1 Applications and datasets,The app-class experiment uses live campus traffic and roughly two million connection samples over 50 packet depths.,
EVD0685,P43500,DS-P43500-P43500-ALEXA-WSC-BG,,,,capture and role,evaluated_paper,https://www.usenix.org/conference/usenixsecurity24/presentation/mitseva,7,4144,5 Dataset,ALEXA-WSC-BG contains one traffic trace and is used as background traffic.,
EVD0686,P42512,DS-P42512-ONLINE-WF,,,,online train/test evaluation,evaluated_paper,https://www.usenix.org/conference/usenixsecurity22/presentation/cherubin,10,p. 761,6.3 Phase III,"We run this measurement for 1 week in July 2020, during which we observed 3.9M traces from 671,149 unique websites.",
EVD0687,P48758,DS-WALSH-VIDEO-2024,,,,dataset identity and roles,evaluated_paper,https://doi.org/10.56553/POPETS-2025-0123,7,136,4.4 Experimental Setup,"The same datasets are used: one for videos streamed with Tor and one with HTTPS-only; the paper retains the prior training, validation, and test splits.",
EVD0688,P48758,DS-WALSH-VIDEO-2024,,,,vantage-point evaluation,evaluated_paper,https://doi.org/10.56553/POPETS-2025-0123,10,139,5.1.1 Experimental Setup,"The dataset includes Vimeo videos streamed from all ten vantage points, with 90 samples of each of 60 videos.",
EVD0689,P45721,DS-P45721-APPSNIFFER,,,,VPN-specific collection,evaluated_paper,https://doi.org/10.1145/3543507.3583473,5,5,5.1 Dataset,"Traffic is collected separately using SuperVPN, TurboVPN, NordVPN, and Surfshark for the same 100 applications.",
EVD0690,P43021,DS-P43021-VA-FP,,,,scenario evaluation,evaluated_paper,https://www.usenix.org/conference/usenixsecurity23/presentation/ahmed-dilawer,6,6,4 Dataset,Table 2 lists simple_100_alexa as a collected command dataset.,
EVD0691,P07480,DS-USTC-TFC-2016,,,,downstream classifier evaluation,evaluated_paper,https://doi.org/10.1609/AAAI.V37I4.25674,6,p. 5425,4.2 Comparison,Table 1 reports YaTC accuracy and F1 on USTC-TFC2016.,
EVD0692,P43021,DS-P43021-VA-FP,,,,fresh target test corpus,evaluated_paper,https://www.usenix.org/conference/usenixsecurity23/presentation/ahmed-dilawer,12,12,Cross-device/network evaluation,"We collected a dataset of 50 simple commands using a different Alexa, an Echo Dot 3rd Gen, on a different network operated by a different ISP.",
EVD0693,P17815,DS-P17815-ENCRYPTED-DNS,,,,capture inventory,evaluated_paper,https://www.ndss-symposium.org/ndss-paper/encrypted-dns-privacy-a-traffic-analysis-perspective/,18,PDF p. 18,Appendix,OW is listed as a distinct capture.,
EVD0694,P42485,DS-P42485-LUMOS,,,,training role,evaluated_paper,https://www.usenix.org/conference/usenixsecurity22/presentation/sharma-rahul,6,p. 1099,4.2 Model Training and Inference,"We trained our classifier ... and define the following device types as the classes: Smart Camera, Speaker, TV, Plug, Security Systems, Vacuum, Kitchen Appliances, Bulb, and Doorbell.",
EVD0695,P43021,DS-P43021-VA-FP,,,,assistant-specific dataset,evaluated_paper,https://www.usenix.org/conference/usenixsecurity23/presentation/ahmed-dilawer,11,11,Cross-assistant evaluation,"Table 4 reports simple_50_google, simple_50_alexa, and simple_50_siri.",
EVD0696,P42624,DS-P42624-WTW-YOUTUBECA,,,,CA evaluation corpus,evaluated_paper,https://www.usenix.org/conference/usenixsecurity22/presentation/bae,9,p. 1314,5.1 Experimental Setup,"YouTubeCA: 100 videos, 7,383 traces, YouTube Top 100 (CA); usage Section 5.3.",
EVD0697,P13076,DS-ISCX-TOR-2016,,,,identity and use,evaluated_paper,https://doi.org/10.1609/AAAI.V39I1.32091,5,1052,Experimental Settings,ISCX-Tor and ISCX-NonTor are evaluated as corresponding portions of the cited Tor traffic corpus.,
EVD0698,P47353,DS-P47353-DECETT,,,,fresh dataset identity,evaluated_paper,https://doi.org/10.1145/3696410.3714643,6,6,5.1 Dataset,"Five representative encrypted tunnels and 54 apps are used; volunteers interact with the apps through each tunnel separately, producing five evaluation datasets.",
EVD0699,P39497,DS-P39497-GGFAST-TRACE-G,,,,dataset provenance,evaluated_paper,https://doi.org/10.1145/3603269.3604840,7,7,5 Evaluation datasets,"G: enterprise; Aug. 2020; 90 minutes; L7, 17 classes; SSH-tunnel replay condition.",
EVD0700,P47085,DS-CIC-IDS-2017,,,,cross-time role,evaluated_paper,https://doi.org/10.1145/3589334.3645407,7,1614,7.2 Evaluation scenarios,The model is trained on IDS2017 and tested on IDS2018 for the time-bias scenario.,
EVD0701,P16217,DS-P16217-SWALLOW,,,,capture identity,evaluated_paper,https://doi.org/10.1145/3719027.3744795,12,CCS paper page 12,6.1 Datasets,"Table 2 defines D1-D8 as separate captures varying location, date, browser, and open-world composition.",
EVD0702,P42485,DS-P42485-LUMOS,,,,training capture identity,evaluated_paper,https://www.usenix.org/conference/usenixsecurity22/presentation/sharma-rahul,10,p. 1103,7.1 Experimental Setup,Figure 8 distinguishes the Training Setup from the test environments; Table 2 lists the devices used for evaluation.,
EVD0703,P47584,DS-P47584-HOLMES-WATSON,,,,alias and capture timing,evaluated_paper,https://doi.org/10.1145/3696410.3714578,13,13,Appendix F Dataset details,The Bandwidth-unconstrained dataset was collected 18 days after CW and is reused as the Time-Drift 18-day set.,
EVD0704,P42624,DS-P42624-WTW-NETFLIXDT,,,,independent decision-tree corpus,evaluated_paper,https://www.usenix.org/conference/usenixsecurity22/presentation/bae,9,p. 1314,5.1 Experimental Setup,"NetflixDT: 31 random Netflix videos, 298 traces, 800 s; usage Sections 5.2 and 5.5.",
EVD0705,P39132,DS-P39132-PROTOCOL-WF,,,,self-collected page corpus,evaluated_paper,https://doi.org/10.1145/3678890.3678910,5,5,3.2 Datasets,"IMDB [25], page: 111,440 samples and 1,592 labels.",
EVD0706,P17713,DS-P17713-MULTIMEDIA-NETWORK-TRAFFIC-2025,,,,availability,evaluated_paper,https://doi.org/10.1145/3730567.3764455,16,16,Appendix B,The ground-truth traffic traces are publicly shared through the dataset website [31].,
EVD0707,P43021,DS-P43021-VA-FP,,,,mixed-command evaluation,evaluated_paper,https://www.usenix.org/conference/usenixsecurity23/presentation/ahmed-dilawer,11,11,Dataset scenarios,Table 4 lists mix_100_alexa as an independently collected scenario.,
EVD0708,P47584,DS-P47584-HOLMES-WATSON,,,,dataset identity and evaluation role,evaluated_paper,https://doi.org/10.1145/3696410.3714578,5,5,4.1 Datasets,"Table 1 reports 12 scenarios spanning closed-world, bandwidth, browser, time-drift, and open-world evaluations.",
EVD0709,P16217,DS-P16217-SWALLOW,,,,capture identity,evaluated_paper,https://doi.org/10.1145/3719027.3744795,12,CCS paper page 12,6.1 Datasets,"Table 2 defines D1-D8 as separate captures varying location, date, browser, and open-world composition.",
EVD0710,P17818,DS-P17818-FLOWPRINT-CROSS-PLATFORM-RECAPTURE-2020,,,,fresh target test capture,evaluated_paper,https://www.ndss-symposium.org/ndss-paper/flowprint-semi-supervised-mobile-app-fingerprinting-on-encrypted-network-traffic/,13,PDF p. 13,Temporal evaluation,We collect traffic for the current versions of 31 apps ... more than 2 years after the original capture.,
EVD0711,P14000,DS-CTU-NORMAL-MALPHASE,,,,benign evaluation traffic,evaluated_paper,https://doi.org/10.1145/3433210.3453101,4,PDF p. 4,3 Dataset collection,Table 2 lists CTU as a benign traffic source [4].,
EVD0712,P38761,DS-CIC-IOT-2022,,,,multiclass evaluation,evaluated_paper,https://www.usenix.org/conference/nsdi24/presentation/yan,8,426,7.1 Datasets and tasks,CICIOT2022 is evaluated with three classes.,
EVD0713,P14774,DS-ISCX-VPN-2016,,,,task corpus,evaluated_paper,https://doi.org/10.1145/3460120.3484758,2,PDF p. 2,Dataset/task overview,Table 1 lists netML Non-VPN; Section 5.4 describes recreating it from the ISCX source.,
EVD0714,P47584,DS-P47584-HOLMES-WATSON,,,,background capture,evaluated_paper,https://doi.org/10.1145/3696410.3714578,13,13,Appendix F Dataset details,"The OW set contains the first 80,000 unique Tranco websites not previously collected, with one visit each.",
EVD0715,P48305,DS-MONIOT-2019,,,,UK cross-dataset corpus,evaluated_paper,https://doi.org/10.2478/POPETS-2022-0057,3,PDF p. 3,3.2 Datasets,"Table 1 lists Mon(IoT)r_UK [44], independently collected in the UK.",
EVD0716,P46578,DS-TON-IOT,,,,direct evaluation,evaluated_paper,https://doi.org/10.1145/3589334.3645457,6,6,4.1 Experimental Setup,We evaluate MPGNN on two real-world datasets: NF-ToN-IoT-V2 and NF-CSE-CIC-IDS2018-V2.,
EVD0717,P39497,DS-P39497-GGFAST-TRACE-A,,,,dataset provenance,evaluated_paper,https://doi.org/10.1145/3603269.3604840,7,7,5 Evaluation datasets,A: national lab/research facility edge; Mar. 2022; 24 hours; L7 task.,
EVD0718,P45879,DS-P45879-LOW-OVERHEAD-WF,,,,browser-specific evaluation data,evaluated_paper,https://doi.org/10.1145/3543507.3583200,6,6,5 Evaluation,We collected 100 URLs and repeat the visit 100 times ... an additional 1000 URLs ... apply three main web browsers.,
EVD0719,P47353,DS-P47353-DECETT,,,,fresh dataset identity,evaluated_paper,https://doi.org/10.1145/3696410.3714643,6,6,5.1 Dataset,"Five representative encrypted tunnels and 54 apps are used; volunteers interact with the apps through each tunnel separately, producing five evaluation datasets.",
EVD0720,P47353,DS-P47353-DECETT,,,,fresh dataset identity,evaluated_paper,https://doi.org/10.1145/3696410.3714643,6,6,5.1 Dataset,"Five representative encrypted tunnels and 54 apps are used; volunteers interact with the apps through each tunnel separately, producing five evaluation datasets.",
EVD0721,P47584,DS-P47584-HOLMES-WATSON,,,,capture provenance,evaluated_paper,https://doi.org/10.1145/3696410.3714578,13,13,Appendix F Dataset details,"The CW popular capture covers the top 1,600 Tranco websites and serves as the 0-day temporal reference.",
EVD0722,P35345,DS-MALWARE-TRAFFIC-ANALYSIS-NET,,,,direct evaluation,evaluated_paper,http://papers.nips.cc/paper_files/paper/2025/hash/ba1d33849b963efc6b5d3082ad68f480-Abstract-Conference.html,6,6,4.1 Experimental Setup,Malware2023 is one of the four main public evaluation datasets.,
EVD0723,P17818,DS-RECON-APPVERSIONS,,,,dataset description,evaluated_paper,https://www.ndss-symposium.org/ndss-paper/flowprint-semi-supervised-mobile-app-fingerprinting-on-encrypted-network-traffic/,2,PDF p. 2,II-A Datasets,"The AppVersions dataset extends traffic collected with ReCon [52, 53] and contains multiple versions of applications.",
EVD0724,P17815,DS-P17815-ENCRYPTED-DNS,,,,cross-location testing,evaluated_paper,https://www.ndss-symposium.org/ndss-paper/encrypted-dns-privacy-a-traffic-analysis-perspective/,8,PDF p. 8,Location evaluation,We collect data at three locations and test the classifier across locations.,
EVD0725,P38868,DS-SIVANATHAN-IOT-2018,,,,collection date,evaluated_paper,https://www.usenix.org/conference/nsdi25/presentation/wan-gerry,17,1538,Appendix B,The UNSW IoT traffic was collected in September 2016.,
EVD0726,P15385,DS-P15385-REALISTIC-WF-DRIFT-2023,,,,collection and direct evaluation,evaluated_paper,https://doi.org/10.1145/3576915.3616639,8,8,6.3-6.4 Dataset and collection,Drift dataset. We collected this dataset ... up to 550 traces ... 225 non-onion websites ... collected more than 5 years after the AWF dataset.,
EVD0727,P16931,DS-P16931-WIKI19000,,,,dataset construction,evaluated_paper,https://doi.org/10.1109/DSN58367.2023.00049,7,7,V-B Wiki19000,"Our Wikipedia dataset (Wiki19000) consists of encrypted traffic traces from 19,000 distinct Wikipedia articles ... 1,900,000 traffic traces (100 traces for each URL).",
EVD0728,P48443,DS-P48443-EXPLAINWF-SHADOW,,,,independent simulated capture,evaluated_paper,https://doi.org/10.56553/POPETS-2023-0125,8,8,4.1 Simulation datasets,"We generate nine distinct network configuration files ... two independent Shadow simulations and collate their traces, yielding ... nine datasets.",
EVD0729,P44356,DS-ISCX-IDS-2012,,,,multiclass evaluation,evaluated_paper,https://doi.org/10.1145/3366423.3380090,7,PDF p. 7,4.1.1 Datasets,The ISCX 2012 IDS dataset is evaluated with five classes; the paragraph prints citations [33] and [8].,
EVD0730,P48205,DS-TIKTOK-LIVE-WALKIE-TALKIE-2019,,,,live-defense evaluation,evaluated_paper,https://doi.org/10.2478/POPETS-2020-0043,8,PDF p. 8,5.2 Real-world Walkie-Talkie,We collect a real-world Walkie-Talkie dataset to evaluate whether the timing attack remains effective outside simulation.,
EVD0731,P48207,DS-WANG-WF-2014,,,,defended attack evaluation,evaluated_paper,https://doi.org/10.2478/POPETS-2020-0013,13,PDF p. 13,Simulation datasets,We use Wang et al.'s [70] data for the CS-BuFLO and Tamaraw evaluations.,
EVD0732,P38630,DS-SIVANATHAN-IOT-2018,,,,IoT classifier demonstration,evaluated_paper,https://www.usenix.org/conference/nsdi22/presentation/siracusano,5,PDF p. 5,3.1 Datasets,For IoT device classification we use the dataset from Sivanathan et al. [44].,
EVD0733,P48758,DS-WALSH-VIDEO-2024,,,,collection geography,evaluated_paper,https://doi.org/10.56553/POPETS-2025-0123,15,144,Appendix B,Table 6 lists the ten AWS geographic vantage points used to stream videos and collect traffic.,
EVD0734,P39804,DS-ISCX-VPN-2016,,,,direct evaluation,evaluated_paper,https://doi.org/10.1145/3718958.3750498,6,6,4.1 Dataset Preparation,Table 2 reports the three ISCX-VPN downstream tasks and train/test sample counts.,
EVD0735,P42485,DS-P42485-LUMOS,,,,Lab-Medium traffic-generation setup,evaluated_paper,https://www.usenix.org/conference/usenixsecurity22/presentation/sharma-rahul,19,Appendix A,A Lab Experiment Setup,"We deployed three subsets of devices in the lab test environment: Low, Medium, and High.",
EVD0736,P39015,DS-CIC-INVES-ANDMAL-2019,,,,public evaluation dataset,evaluated_paper,https://doi.org/10.1145/3545948.3545983,7,PDF p. 7,6.2 Dataset,"We conduct experiments on one public dataset (CICInvesAndMal2019, as AndMal2019 [58]) ... 39 families.",
EVD0737,P42624,DS-P42624-WTW-YOUTUBE200,,,,expanded/unseen corpus,evaluated_paper,https://www.usenix.org/conference/usenixsecurity22/presentation/bae,9,p. 1314,5.1 Experimental Setup,"YouTube200: 200 videos, 6,424 traces, YouTube Top 101-300; usage Section 5.5.",
EVD0738,P39497,DS-AUCKLAND-VI-2001,,,,public evaluation trace,evaluated_paper,https://doi.org/10.1145/3603269.3604840,7,7,5 Evaluation datasets,AUCK-VI: WAND [57]; May 2001; packet headers.,
EVD0739,P46578,DS-CSE-CIC-IDS-2018,,,,direct evaluation,evaluated_paper,https://doi.org/10.1145/3589334.3645457,6,6,4.1 Experimental Setup,We evaluate MPGNN on two real-world datasets: NF-ToN-IoT-V2 and NF-CSE-CIC-IDS2018-V2.,
EVD0740,P43001,DS-P43001-ROSETTA-APPLICATION,,,,environment-specific capture,evaluated_paper,https://www.usenix.org/conference/usenixsecurity23/presentation/xie,6,6,3.2.1 Self-collected datasets,Application TLS flows are collected in the same six tau1-tau6 environments listed in Table 3.,
EVD0741,P17815,DS-P17815-ENCRYPTED-DNS,,,,capture inventory,evaluated_paper,https://www.ndss-symposium.org/ndss-paper/encrypted-dns-privacy-a-traffic-analysis-perspective/,18,PDF p. 18,Appendix,GOOGLE is listed as a distinct capture.,
EVD0742,P42690,DS-P42690-INPUT-AGNOSTIC-SWF-2020,,,,self-collected evaluation,evaluated_paper,https://www.usenix.org/conference/usenixsecurity23/presentation/qu,7,7,4.1 Datasets,"SWF was collected from October 26 to November 2, 2020 ... 23 monitored websites and 3,300 background websites.",
EVD0743,P14774,DS-NETWORK-DEVICE-DATASET-HOLLAND-2020,,,,task corpus,evaluated_paper,https://doi.org/10.1145/3460120.3484758,2,PDF p. 2,Dataset/task overview,Table 1 lists Network Device Dataset for active device fingerprinting.,
EVD0744,P48659,DS-P48659-LONGENOUGH,,,,base/defended classifier evaluation,evaluated_paper,https://doi.org/10.56553/POPETS-2024-0112,4,170,3.2 Dataset,"We collect the new LongEnough dataset ... first 100 movies ... 100 x 10 x 10 = 10,000 samples.",
EVD0745,P46522,DS-WANG-WF-2014,,,,identity and use,evaluated_paper,https://doi.org/10.1145/3589334.3645575,6,1208,4.1.1 Datasets,"Wang100 and Wang9000 are used as the monitored and unmonitored sets, respectively.",
EVD0746,P48290,DS-P48290-QUIC-TCP-WF-2021,,,,evaluation corpus,evaluated_paper,https://doi.org/10.2478/POPETS-2021-0017,4,PDF p. 4,Dataset collection,We utilise a combined QUIC-TCP dataset ... The labelled dataset was collected in two phases and includes monitored and unmonitored traces.,
EVD0747,P40493,DS-P40493-HP-OWF,,,,main evaluation dataset,evaluated_paper,https://doi.org/10.1109/SP40000.2020.00015,4,PDF p. 4,Experimental setup,"We collected the data set from February to April 2019 ... 100 pages ... 200 instances each, and the next 80,000 pages once each.",
EVD0748,P42624,DS-P42624-WTW-AMAZONDT,,,,independent decision-tree corpus,evaluated_paper,https://www.usenix.org/conference/usenixsecurity22/presentation/bae,9,p. 1314,5.1 Experimental Setup,"AmazonDT: 36 random Prime Video titles, 310 traces, 120 s; usage Sections 5.2 and 5.5.",
EVD0749,P46522,DS-DF-2017,,,,identity and use,evaluated_paper,https://doi.org/10.1145/3589334.3645575,6,1208,4.1.1 Datasets,DF95 and DF9000 are evaluated as the monitored and open-world portions of the DF dataset.,
EVD0750,P42485,DS-P42485-LUMOS,,,,Lab-High traffic-generation setup,evaluated_paper,https://www.usenix.org/conference/usenixsecurity22/presentation/sharma-rahul,19,Appendix A,A Lab Experiment Setup,"We deployed three subsets of devices in the lab test environment: Low, Medium, and High.",
EVD0751,P18348,DS-P18348-IOT-ID,,,,capture provenance,evaluated_paper,https://www.ndss-symposium.org/ndss-paper/evaluating-machine-learning-based-iot-device-identification-models-for-security-applications/,4,4,III-A Data Collection,"Traffic was collected at separate UK and USA testbeds in idle, mixed, and active modes from December 2022 through 2024.",
EVD0752,P45261,DS-CROSS-PLATFORM-2017,,,,downstream evaluation,evaluated_paper,https://doi.org/10.1145/3485447.3512217,5,PDF p. 5,4.1.1 Datasets and Downstream Tasks,"Cross-Platform(Android) [37] contains 27,846 flows and 215 application labels.",
EVD0753,P39804,DS-CSTNET-TLS13-2021,,,,direct evaluation,evaluated_paper,https://doi.org/10.1145/3718958.3750498,6,6,4.1 Dataset Preparation,Table 2 reports the 120-class TLS-120 downstream task.,
EVD0754,P18348,DS-P18348-IOT-ID,,,,capture provenance,evaluated_paper,https://www.ndss-symposium.org/ndss-paper/evaluating-machine-learning-based-iot-device-identification-models-for-security-applications/,4,4,III-A Data Collection,"Traffic was collected at separate UK and USA testbeds in idle, mixed, and active modes from December 2022 through 2024.",
EVD0755,P39009,DS-P39009-CJ-SNIFFER-CONTRAST-CAMPUS-LAB,,,,negative/background evaluation traffic,evaluated_paper,https://doi.org/10.1145/3545948.3545973,9,p. 490,5.1 Data collection,We captured around 316 GB of contrast traffic from our lab network and campus network ... We later mixed all the contrast traffic with the cryptomining traffic to evaluate the detection accuracy.,
EVD0756,P38630,DS-UNSW-NB15,,,,security classifier demonstration,evaluated_paper,https://www.usenix.org/conference/nsdi22/presentation/siracusano,5,PDF p. 5,3.1 Datasets,For intrusion detection we use the UNSW-NB15 dataset [27].,
EVD0757,P39132,DS-P39132-PROTOCOL-WF,,,,self-collected page corpus,evaluated_paper,https://doi.org/10.1145/3678890.3678910,5,5,3.2 Datasets,"Wikipedia [31], page: 101,850 samples and 1,455 labels.",
EVD0758,P17815,DS-P17815-ENCRYPTED-DNS,,,,capture inventory,evaluated_paper,https://www.ndss-symposium.org/ndss-paper/encrypted-dns-privacy-a-traffic-analysis-perspective/,18,PDF p. 18,Appendix,LOC3 is listed as a distinct capture.,
EVD0759,P43001,DS-P43001-ROSETTA-WEBSITE,,,,environment-specific capture,evaluated_paper,https://www.usenix.org/conference/usenixsecurity23/presentation/xie,6,6,3.2.1 Self-collected datasets,Table 3 assigns website client tau5 to China 4G.,
EVD0760,P13958,DS-P13958-HOMEMOLE,,,,dataset construction and use,evaluated_paper,https://doi.org/10.1145/3320269.3384732,8,PDF p. 8,4.1 Datasets,"We constructed two datasets for the two scenarios. Each dataset has a NAPT version and a VPN version ... Dataset-Ind contains 32,760 windows.",
EVD0761,P18348,DS-P18348-IOT-ID,,,,capture provenance,evaluated_paper,https://www.ndss-symposium.org/ndss-paper/evaluating-machine-learning-based-iot-device-identification-models-for-security-applications/,4,4,III-A Data Collection,"Traffic was collected at separate UK and USA testbeds in idle, mixed, and active modes from December 2022 through 2024.",
EVD0762,P39009,DS-P39009-CJ-SNIFFER-CRYPTOMINING-2022,,,,public subset identity,evaluated_paper,https://doi.org/10.1145/3545948.3545973,9,p. 490,5.1 Data collection,"We release a subset of the dataset to public [18], which has around 550 hours ... with noise and human-behavior-related traffic removed.",
EVD0763,P17815,DS-P17815-ENCRYPTED-DNS,,,,background/open-world testing,evaluated_paper,https://www.ndss-symposium.org/ndss-paper/encrypted-dns-privacy-a-traffic-analysis-perspective/,7,PDF p. 7,Open-world evaluation,For the open-world experiment we mix OW with LOC1.,
EVD0764,P42690,DS-P42690-INPUT-AGNOSTIC-KWS-2021,,,,self-collected evaluation,evaluated_paper,https://www.usenix.org/conference/usenixsecurity23/presentation/qu,7,7,4.1 Datasets,"KWS was collected April 13-15, 2021 in an Android simulator ... 50 keywords and 100 traces per keyword.",
EVD0765,P39015,DS-P39015-ENCMAL2021,,,,campus component capture,evaluated_paper,https://doi.org/10.1145/3545948.3545983,7,PDF p. 7,6.2 Dataset — Benign Traffic,We passively monitor all inbound and outbound encrypted traffic at different time points for 5 consecutive months from January 2021 to April 2021 and save the raw pcap packets.,
EVD0766,P17269,DS-MAWI,,,,composite decomposition,evaluated_paper,https://doi.org/10.1109/DSN64029.2025.00052,7,476,IV-B Datasets,"Benign samples in MTA are taken from WIDE Project traffic on May 1 and May 2, 2023.",
EVD0767,P17323,DS-P42427-FOAP-AUTO,,,,direct evaluation,evaluated_paper,https://doi.org/10.1109/DSN64029.2025.00051,7,463,V-A Datasets,FOAP is one of the public app-fingerprinting datasets used for evaluation.,
EVD0768,P48305,DS-SIVANATHAN-IOT-2018,,,,Australian cross-dataset corpus,evaluated_paper,https://doi.org/10.2478/POPETS-2022-0057,3,PDF p. 3,3.2 Datasets,Table 1 lists UNSW [48] as the Australian IoT capture.,
EVD0769,P15762,DS-DF-2017,,,,defense evaluation,evaluated_paper,https://doi.org/10.1145/3658644.3670272,7,7,6.1 Datasets,"We use four defense datasets, including Walkie-Talkie [44].",
EVD0770,P48443,DS-P48443-EXPLAINWF-SHADOW,,,,independent simulated capture,evaluated_paper,https://doi.org/10.56553/POPETS-2023-0125,8,8,4.1 Simulation datasets,"We generate nine distinct network configuration files ... two independent Shadow simulations and collate their traces, yielding ... nine datasets.",
EVD0771,P17713,DS-P17713-MULTIMEDIA-NETWORK-TRAFFIC-2025,,,,collection and direct evaluation,evaluated_paper,https://doi.org/10.1145/3730567.3764455,4,4,3.1 Lab dataset,"The lab dataset contains 531 sessions, 67 hours, and about 800GB across GeForce NOW, Xbox Cloud Gaming, Amazon Luna, and PS5.",
EVD0772,P48443,DS-P48443-EXPLAINWF-SHADOW,,,,independent simulated capture,evaluated_paper,https://doi.org/10.56553/POPETS-2023-0125,8,8,4.1 Simulation datasets,"We generate nine distinct network configuration files ... two independent Shadow simulations and collate their traces, yielding ... nine datasets.",
EVD0773,P45721,DS-P45721-APPSNIFFER,,,,VPN-specific collection,evaluated_paper,https://doi.org/10.1145/3543507.3583473,5,5,5.1 Dataset,"Traffic is collected separately using SuperVPN, TurboVPN, NordVPN, and Surfshark for the same 100 applications.",
EVD0774,P42624,DS-P42624-WTW-NETFLIX,,,,video corpus,evaluated_paper,https://www.usenix.org/conference/usenixsecurity22/presentation/bae,9,p. 1314,5.1 Experimental Setup,"Netflix: 22 videos, 1,001 traces, 800 s; usage Sections 5.2 and 5.5.",
EVD0775,P17815,DS-P17815-ENCRYPTED-DNS,,,,capture inventory,evaluated_paper,https://www.ndss-symposium.org/ndss-paper/encrypted-dns-privacy-a-traffic-analysis-perspective/,18,PDF p. 18,Appendix,"Table IX lists LOC1 together with EDNS0-128, EDNS0-468, and EDNS0-128-adblock variants.",
EVD0776,P16217,DS-WANG-WF-2014,,,,external benchmark use,evaluated_paper,https://doi.org/10.1145/3719027.3744795,12,CCS paper page 12,6.1 Datasets,We also evaluate on the public Wang and DF datasets.,
EVD0777,P47584,DS-P47584-HOLMES-WATSON,,,,capture provenance,evaluated_paper,https://doi.org/10.1145/3696410.3714578,13,13,Appendix F Dataset details,The random scenario selects 320 websites from the Tranco top 10k.,
EVD0778,P43001,DS-P43001-ROSETTA-WEBSITE,,,,environment-specific capture,evaluated_paper,https://www.usenix.org/conference/usenixsecurity23/presentation/xie,6,6,3.2.1 Self-collected datasets,Table 3 assigns website client tau3 to USA wired.,
EVD0779,P44828,DS-P44828-INTRADOMAIN-WPF,,,,open-world dataset,evaluated_paper,https://doi.org/10.1145/3442381.3450008,6,PDF p. 6,Dataset collection,"D3 contains 300 monitored pages and up to 30,000 unmonitored pages for each site.",
EVD0780,P39009,DS-P39009-CJ-SNIFFER-CRYPTOMINING-2022,,,,training/evaluation corpus,evaluated_paper,https://doi.org/10.1145/3545948.3545973,8,p. 489,5.1 Data collection,We collected a labeled cryptomining traffic dataset ... containing both user-initiated cryptomining traffic and cryptojacking traffic.,
EVD0781,P17323,DS-FG-NET,,,,fresh named capture,evaluated_paper,https://doi.org/10.1109/DSN64029.2025.00051,8,464,V-A Datasets,FG-Net D1 is dated 23/06/2020 and evaluated separately from D2.,
EVD0782,P43001,DS-P43001-ROSETTA-WEBSITE,,,,environment-specific capture,evaluated_paper,https://www.usenix.org/conference/usenixsecurity23/presentation/xie,6,6,3.2.1 Self-collected datasets,Table 3 assigns website client tau4 to China WiFi.,
EVD0783,P39804,DS-CSTNET-TLS13-2021,,,,identity and task,evaluated_paper,https://doi.org/10.1145/3718958.3750498,5,5,4.1 Dataset Preparation,CSTN-TLS1.3 contains 120 classes corresponding to TLS1.3-enabled websites and is evaluated as TLS-120.,
EVD0784,P13076,DS-CIC-IOT-2022,,,,direct evaluation,evaluated_paper,https://doi.org/10.1609/AAAI.V39I1.32091,5,1052,Experimental Settings,The experiments use CIC-IoT 2022 together with ISCX VPN/non-VPN and Tor/non-Tor data.,
EVD0785,P39132,DS-P39132-PROTOCOL-WF,,,,self-collected domain corpus,evaluated_paper,https://doi.org/10.1145/3678890.3678910,5,5,3.2 Datasets,"Tranco [73], domain: 129,440 samples and 6,472 labels; URLs are visited in isolated Docker clients and traffic is saved as PCAP.",
EVD0786,P35345,DS-CROSS-PLATFORM-2017,,,,direct evaluation,evaluated_paper,http://papers.nips.cc/paper_files/paper/2025/hash/ba1d33849b963efc6b5d3082ad68f480-Abstract-Conference.html,6,6,4.1 Experimental Setup,The evaluation uses CrossPlatform as a public traffic dataset.,
EVD0787,P07480,DS-ISCX-VPN-2016,,,,downstream and pretraining use,evaluated_paper,https://doi.org/10.1609/AAAI.V37I4.25674,5,p. 5424,4.1 Experiment Settings,Experiments are conducted on five public ... datasets ... The first four training datasets form a large-scale unlabeled training dataset for pre-training ... the classifier uses five training datasets for supervised learning.,
EVD0788,P47584,DS-P47584-HOLMES-WATSON,,,,dataset identity and evaluation role,evaluated_paper,https://doi.org/10.1145/3696410.3714578,5,5,4.1 Datasets,"Table 1 reports 12 scenarios spanning closed-world, bandwidth, browser, time-drift, and open-world evaluations.",
EVD0789,P35345,DS-ISCX-VPN-2016,,,,direct evaluation,evaluated_paper,http://papers.nips.cc/paper_files/paper/2025/hash/ba1d33849b963efc6b5d3082ad68f480-Abstract-Conference.html,6,6,4.1 Experimental Setup,The evaluation uses four public traffic datasets including ISCXVPN2016.,
EVD0790,P15385,DS-AWF-2017,,,,identity and provenance,evaluated_paper,https://doi.org/10.1145/3576915.3616639,8,8,6.3 Datasets,AWF dataset ... was collected by Rimmer et al. [27] in 2017 using Tor browser version 6.5.,
EVD0791,P17818,DS-ANDRUBIS,,,,dataset description,evaluated_paper,https://www.ndss-symposium.org/ndss-paper/flowprint-semi-supervised-mobile-app-fingerprinting-on-encrypted-network-traffic/,3,PDF p. 3,II-A Datasets,The Andrubis dataset [40] contains traffic generated by Android apps in the Andrubis analysis environment.,
EVD0792,P43001,DS-P43001-ROSETTA-WEBSITE,,,,environment-specific capture,evaluated_paper,https://www.usenix.org/conference/usenixsecurity23/presentation/xie,6,6,3.2.1 Self-collected datasets,Table 3 assigns website client tau2 to Korea wired.,
EVD0793,P16247,DS-P16247-DOHBRW-ALL-2024,,,,new capture identity,evaluated_paper,https://doi.org/10.1145/3719027.3765073,9,3570,5.1 Datasets,DoHBrw-ALL is one of the newly collected ALL-condition datasets.,
EVD0794,P12435,DS-ISCX-VPN-2016,,,,direct evaluation,evaluated_paper,https://doi.org/10.1609/AAAI.V39I15.33748,6,15927,Experiment Setup,Table 2 lists ISCXVPN2016 among the four datasets used for evaluation.,
EVD0795,P47085,DS-CROSSNET-2021,,,,direct evaluation,evaluated_paper,https://doi.org/10.1145/3589334.3645407,6,1613,7.1 Experimental Setup,CrossNet2021 is used as a public evaluation dataset.,
EVD0796,P42624,DS-P42624-WTW-WEB,,,,unseen/background testing,evaluated_paper,https://www.usenix.org/conference/usenixsecurity22/presentation/bae,12,p. 1317,5.5 Open-world Classification,"For the web browsing traces (Web), we randomly visited one of the Alexa top 50 websites every 3 s for 120 s.",
EVD0797,P17056,DS-P17056-LTE-FINGERPRINT,,,,laboratory evaluation,evaluated_paper,https://doi.org/10.1109/DSN58367.2023.00035,7,7,IV-C and VII Dataset collection,"For each app, we used up to 350,000 samples in both the lab and real-world settings ... collected separately for 6 months per group.",
EVD0798,P44828,DS-P44828-INTRADOMAIN-WPF,,,,subset identity,evaluated_paper,https://doi.org/10.1145/3442381.3450008,11,PDF p. 11,Defense evaluation,D4 is a subset of D2 with 50 pages and 50 traces per page.,
EVD0799,P07480,DS-ISCX-TOR-2016,,,,downstream classifier evaluation,evaluated_paper,https://doi.org/10.1609/AAAI.V37I4.25674,6,p. 5425,4.2 Comparison,Table 1 reports YaTC accuracy and F1 on ISCXTor2016.,
EVD0800,P47085,DS-CROSSNET-2021,,,,cross-network role,evaluated_paper,https://doi.org/10.1145/3589334.3645407,7,1614,7.2 Evaluation scenarios,The cross-network setting trains on Scenario A and evaluates on Scenario B.,
EVD0801,P35345,DS-CIC-IDS-2017,,,,additional evaluation,evaluated_paper,http://papers.nips.cc/paper_files/paper/2025/hash/ba1d33849b963efc6b5d3082ad68f480-Abstract-Conference.html,8,8,4.3 Real-world noisy labels,CICIDS2017 is used to evaluate FlowRefiner with naturally noisy traffic labels.,
EVD0802,P18348,DS-P18348-IOT-ID,,,,test capture,evaluated_paper,https://www.ndss-symposium.org/ndss-paper/evaluating-machine-learning-based-iot-device-identification-models-for-security-applications/,8,8,Evaluation over time,"Models trained on December 2022 data are tested on January, March, June, and December 2023 captures from both sites.",
EVD0803,P48246,DS-DF-2017,,,,benchmark use,evaluated_paper,https://doi.org/10.2478/POPETS-2021-0029,5,PDF p. 5,3 Datasets,We use the DF dataset provided by Sirinam et al. [25].,
EVD0804,P18348,DS-P18348-IOT-ID,,,,capture provenance,evaluated_paper,https://www.ndss-symposium.org/ndss-paper/evaluating-machine-learning-based-iot-device-identification-models-for-security-applications/,4,4,III-A Data Collection,"Traffic was collected at separate UK and USA testbeds in idle, mixed, and active modes from December 2022 through 2024.",
EVD0805,P42624,DS-P42624-WTW-TELECONF,,,,unseen/background testing,evaluated_paper,https://www.usenix.org/conference/usenixsecurity22/presentation/bae,12,p. 1317,5.5 Open-world Classification,We constructed the Teleconf dataset by using Google Meet and letting conferences last 2 min.,
EVD0806,P18348,DS-P18348-IOT-ID,,,,capture provenance,evaluated_paper,https://www.ndss-symposium.org/ndss-paper/evaluating-machine-learning-based-iot-device-identification-models-for-security-applications/,4,4,III-A Data Collection,"Traffic was collected at separate UK and USA testbeds in idle, mixed, and active modes from December 2022 through 2024.",
EVD0807,P17056,DS-P17056-LTE-FINGERPRINT,,,,carrier-specific collection,evaluated_paper,https://doi.org/10.1109/DSN58367.2023.00035,6,6,IV-C Real-world setting,"We collected real-world LTE radio traffic using prepaid SIM cards for Verizon, AT&T, and T-Mobile.",
EVD0808,P47584,DS-P47584-HOLMES-WATSON,,,,dataset identity and evaluation role,evaluated_paper,https://doi.org/10.1145/3696410.3714578,5,5,4.1 Datasets,"Table 1 reports 12 scenarios spanning closed-world, bandwidth, browser, time-drift, and open-world evaluations.",
EVD0809,P17290,DS-P17290-ODOH,,,,evaluation split,evaluated_paper,https://doi.org/10.1109/DSN64029.2025.00048,6,6,Dataset preparation,"The collection contains 60,390 traces and is divided 60/40 for training and testing.",
EVD0810,P44356,DS-ISCX-VPN-2016,,,,multiclass evaluation,evaluated_paper,https://doi.org/10.1145/3366423.3380090,7,PDF p. 7,4.1.1 Datasets,The ISCXVPN dataset contains 15 classes and is used for encrypted traffic classification [8].,
EVD0811,P42624,DS-P42624-WTW-YOUTUBE200,,,,composite decomposition,evaluated_paper,https://www.usenix.org/conference/usenixsecurity22/presentation/bae,10,p. 1315,5.2 Closed-world Classification,"The top-300 experiment consists of 3,645 traces from YouTube100 and 6,424 traces from YouTube200.",
EVD0812,P43021,DS-P43021-VA-FP,,,,scenario evaluation,evaluated_paper,https://www.usenix.org/conference/usenixsecurity23/presentation/ahmed-dilawer,6,6,4 Dataset,Table 2 lists stream_15_alexa as a separate collected dataset.,
EVD0813,P14188,DS-AWF-2017,,,,comparison dataset,evaluated_paper,https://doi.org/10.1145/3579856.3595793,10,10,6.3 Website fingerprinting,"For comparison, we used the Tor dataset from Rimmer et al. [56].",
EVD0814,P45261,DS-CROSS-PLATFORM-2017,,,,downstream evaluation,evaluated_paper,https://doi.org/10.1145/3485447.3512217,5,PDF p. 5,4.1.1 Datasets and Downstream Tasks,"Cross-Platform(iOS) [37] contains 20,858 flows and 196 application labels.",
EVD0815,P17269,DS-MALWARE-TRAFFIC-ANALYSIS-NET,,,role,Dataset use and evaluated label/task role; not condition coverage.,evaluated_paper,https://doi.org/10.1109/DSN64029.2025.00052,7,476,IV-B Datasets,The malicious samples in MTA are selected from Malware-Traffic-Analysis.net from 2018 to 2023.,
EVD0816,P17323,DS-FG-NET,,,temporal,Full 53-class overlap across two dated campaigns separated by 28 days.,evaluated_paper,https://doi.org/10.1109/DSN64029.2025.00051,8,PDF p. 8,V-A / Table I,D1 (23 June 2020) and D2 (21 July 2020) each contain the same 53 mobile applications.,
EVD0817,P14188,DS-AWF-2017,,,role,Dataset use and evaluated label/task role; not condition coverage.,evaluated_paper,https://doi.org/10.1145/3579856.3595793,10,10,6.3 Website fingerprinting,"For comparison, we used the Tor dataset from Rimmer et al. [56].",
EVD0818,P35345,DS-MALWARE-TRAFFIC-ANALYSIS-NET,,,role,Dataset use and evaluated label/task role; not condition coverage.,evaluated_paper,http://papers.nips.cc/paper_files/paper/2025/hash/ba1d33849b963efc6b5d3082ad68f480-Abstract-Conference.html,6,6,4.1 Experimental Setup,Malware2023 is one of the four main public evaluation datasets.,
EVD0819,P17818,DS-ANDRUBIS,,,role,Dataset use and evaluated label/task role; not condition coverage.,evaluated_paper,https://www.ndss-symposium.org/ndss-paper/flowprint-semi-supervised-mobile-app-fingerprinting-on-encrypted-network-traffic/,3,PDF p. 3,II-A Datasets,The Andrubis dataset [40] contains traffic generated by Android apps in the Andrubis analysis environment.,
EVD0820,P48205,DS-DF-2017,,,role,Dataset use and evaluated label/task role; not condition coverage.,evaluated_paper,https://doi.org/10.2478/POPETS-2020-0043,8,PDF p. 8,5.1 Datasets,Table 2 reports the Walkie-Talkie simulated dataset separately from Undefended and WTF-PAD.,
EVD0821,P46427,DS-ISCX-VPN-2016,,,role,Dataset use and evaluated label/task role; not condition coverage.,evaluated_paper,https://doi.org/10.1145/3589334.3645691,6,4421,4.1.1 Datasets,We conduct experiments on ... one VPN traffic dataset [12]; for ISCX-VPN we divide training and test 80%/20% per class.,
EVD0822,P17323,DS-FG-NET,,,role,Dataset use and evaluated label/task role; not condition coverage.,evaluated_paper,https://doi.org/10.1109/DSN64029.2025.00051,8,464,V-A Datasets,FG-Net D2 is dated 21/07/2020 and evaluated separately from D1.,
EVD0823,P45261,DS-CSTNET-TLS13-2021,,,role,Dataset use and evaluated label/task role; not condition coverage.,evaluated_paper,https://doi.org/10.1145/3485447.3512217,5,PDF p. 5,4.1.1 Datasets and Downstream Tasks,"The dataset is our collection of 120 applications under CSTNET from March to July 2021, named CSTNET-TLS 1.3.",
EVD0824,P12435,DS-CIC-IOT-2023,,,role,Dataset use and evaluated label/task role; not condition coverage.,evaluated_paper,https://doi.org/10.1609/AAAI.V39I15.33748,6,15927,Experiment Setup,Table 2 lists CICIoT2023 among the four evaluation datasets.,
EVD0825,P13883,DS-CTU-13,,,role,Dataset use and evaluated label/task role; not condition coverage.,evaluated_paper,https://doi.org/10.1145/3320269.3372202,5,PDF p. 5,3.1 Dataset,"To train our multi-class bot family classifier, we used the CTU-13 botnet traffic dataset provided by the Malware Capture Facility Project [12].",
EVD0826,P13076,DS-CIC-IOT-2022,,,role,Dataset use and evaluated label/task role; not condition coverage.,evaluated_paper,https://doi.org/10.1609/AAAI.V39I1.32091,5,1052,Experimental Settings,The experiments use CIC-IoT 2022 together with ISCX VPN/non-VPN and Tor/non-Tor data.,
EVD0827,,DS-ISCX-TOR-2016,,,network,Full service-label coverage for the Tor-overlay contrast.,dataset_paper,https://www.unb.ca/cic/datasets/tor.html,,,Dataset description,The release defines eight service categories and contains corresponding Tor and non-Tor traffic.,
EVD0828,P41557,DS-DF-2017,,,role,Dataset use and evaluated label/task role; not condition coverage.,evaluated_paper,https://doi.org/10.1109/SP61157.2025.00154,9,1427,6.1.3 Datasets,"DFset is used for closed-world, open-world, and defense evaluations.",
EVD0829,P48205,DS-DF-2017,,,role,Dataset use and evaluated label/task role; not condition coverage.,evaluated_paper,https://doi.org/10.2478/POPETS-2020-0043,7,PDF p. 7,5 Datasets,We use the Undefended and WTF-PAD datasets from Sirinam et al. [32].,
EVD0830,P48246,DS-AWF-2017,,,role,Dataset use and evaluated label/task role; not condition coverage.,evaluated_paper,https://doi.org/10.2478/POPETS-2021-0029,5,PDF p. 5,3 Datasets,"We use the AWF dataset [22], dividing it into AWF1, AWF2, and AWF-OW for labeled, unlabeled, and open-world experiments.",
EVD0831,P15762,DS-DF-2017,,,role,Dataset use and evaluated label/task role; not condition coverage.,evaluated_paper,https://doi.org/10.1145/3658644.3670272,7,7,6.1 Datasets,"We use four defense datasets, including Walkie-Talkie [44].",
EVD0832,,DS-MALWARE-TRAFFIC-ANALYSIS-NET,,,temporal,Reproducible temporal coverage and threshold sensitivity from the released manifest.,calculation,,,,filename/type/family columns,"Filename dates show 54/80 families on two dates; 40 span >=3 months, 38 >=6 months, and 22 >=12 months. Best common separated early/late windows cover 21, 18, and 15 families respectively.",
EVD0833,,DS-ISCX-IDS-2012,,,network,"Single testbed network and a short, scenario-scheduled capture.",official_dataset_page,https://www.unb.ca/cic/datasets/ids.html,,,Dataset description,The seven-day dataset was produced in one controlled ISCX testbed with scheduled normal and attack scenarios.,
EVD0834,P13076,DS-ISCX-VPN-2016,,,role,Dataset use and evaluated label/task role; not condition coverage.,evaluated_paper,https://doi.org/10.1609/AAAI.V39I1.32091,5,1052,Experimental Settings,ISCX-VPN and ISCX-NonVPN are evaluated as corresponding portions of the cited encrypted/VPN traffic corpus.,
EVD0835,P47085,DS-CROSSNET-2021,,,network,Full class overlap across two condition-addressable network scenarios.,evaluated_paper,https://doi.org/10.1145/3589334.3645407,7,PDF p. 7,7.1 and 7.5,CrossNet2021 contains the same 20 application categories in stable and production scenarios with different bandwidth and channel disturbance.,
EVD0836,P38761,DS-BOT-IOT,,,role,Dataset use and evaluated label/task role; not condition coverage.,evaluated_paper,https://www.usenix.org/conference/nsdi24/presentation/yan,8,426,7.1 Datasets and tasks,BOTIOT is used for a four-class classification task.,
EVD0837,P17818,DS-CROSS-PLATFORM-2017,,,client,Aggregate Android/iOS diversity is aligned with application labels.,evaluated_paper,https://www.ndss-symposium.org/ndss-paper/flowprint-semi-supervised-mobile-app-fingerprinting-on-encrypted-network-traffic/,3,PDF p. 3,II-A / Table I,The 411 labels are the sum of 215 Android and 196 iOS apps rather than a documented shared-app panel across both OS families.,
EVD0838,P16247,DS-DF-2017,,,role,Dataset use and evaluated label/task role; not condition coverage.,evaluated_paper,https://doi.org/10.1145/3719027.3765073,8,3569,5.1 Datasets,Tor-Obfuscation contains 95 websites and evaluates multiple traffic obfuscation defenses [56].,
EVD0839,P46578,DS-CSE-CIC-IDS-2018,,,role,Dataset use and evaluated label/task role; not condition coverage.,evaluated_paper,https://doi.org/10.1145/3589334.3645457,10,10,Appendix,NF-CSE-CIC-IDS2018-V2 is the NetFlow variant of CSE-CIC-IDS2018 and is publicly available.,
EVD0840,,DS-CTU-13,,,temporal,Three of seven classes have multiple parent capture scenarios.,official_dataset_page,https://stratosphere-ips.org/datasets-ctu13,,,Scenario table,"Thirteen separately captured scenarios represent seven families; Neris, Rbot, and Virut recur, while four families have one scenario.",
EVD0841,P17818,DS-ANDRUBIS,,,temporal,One parent trace per application class despite a multi-year aggregate span.,evaluated_paper,https://www.ndss-symposium.org/ndss-paper/flowprint-semi-supervised-mobile-app-fingerprinting-on-encrypted-network-traffic/,3,PDF p. 3,II-A / Table I,Each app has one four-minute sandbox execution trace; aggregate acquisition spans 2012-06-13 to 2016-03-25.,
EVD0842,P47085,DS-CROSSNET-2021,,,role,Dataset use and evaluated label/task role; not condition coverage.,evaluated_paper,https://doi.org/10.1145/3589334.3645407,7,1614,7.2 Evaluation scenarios,The cross-network setting trains on Scenario A and evaluates on Scenario B.,
EVD0843,,DS-CIC-IOT-2023,,,network,One local network topology for all attack labels.,dataset_paper,https://www.mdpi.com/1424-8220/23/13/5941,,,Section 3,Thirty-three attacks were executed in a single CIC IoT-lab topology containing 105 devices.,
EVD0844,P39771,DS-CIC-IOT-2022,,,role,Dataset use and evaluated label/task role; not condition coverage.,evaluated_paper,https://doi.org/10.1145/3718958.3750529,9,9,7.1 Experiment Setup,"CICIOT2022 contains IoT traffic in Power, Idle, and Interact states; 75/10/15 percent flow splits are used.",
EVD0845,,DS-ISCX-VPN-2016,,,network,Full service-label coverage across VPN overlay status.,official_dataset_page,https://www.unb.ca/cic/datasets/vpn.html,,,Dataset description,"For each of seven service categories, the collection includes a regular session and a session over OpenVPN.",
EVD0846,,DS-CIC-IDS-2017,,,temporal,"Benign traffic recurs, while at least some attack labels are tied to one day.",official_dataset_page,https://www.unb.ca/cic/datasets/ids-2017.html,,,Dataset schedule,Traffic was captured 3-7 July 2017; Monday is benign and named attacks are scheduled on later days.,
EVD0847,P42690,DS-IOT-SENTINEL-2017,,,role,Dataset use and evaluated label/task role; not condition coverage.,evaluated_paper,https://www.usenix.org/conference/usenixsecurity23/presentation/qu,6,6,4.1 Datasets,"The first three datasets, UAV [4], IDI [30], and ISD [31], are public datasets.",
EVD0848,P17323,DS-FG-NET,,,role,Dataset use and evaluated label/task role; not condition coverage.,evaluated_paper,https://doi.org/10.1109/DSN64029.2025.00051,8,464,V-A Datasets,FG-Net D1 is dated 23/06/2020 and evaluated separately from D2.,
EVD0849,P39497,DS-AUCKLAND-VI-2001,,,role,Dataset use and evaluated label/task role; not condition coverage.,evaluated_paper,https://doi.org/10.1145/3603269.3604840,7,7,5 Evaluation datasets,AUCK-VI: WAND [57]; May 2001; packet headers.,
EVD0850,P46427,DS-CROSS-PLATFORM-2017,,,role,Dataset use and evaluated label/task role; not condition coverage.,evaluated_paper,https://doi.org/10.1145/3589334.3645691,12,4427,Appendix C Other encrypted traffic datasets,"We assess AN-Net using two additional universal encrypted traffic datasets, namely USTC-TFC and Cross-Platform.",
EVD0851,P12435,DS-ISCX-TOR-2016,,,role,Dataset use and evaluated label/task role; not condition coverage.,evaluated_paper,https://doi.org/10.1609/AAAI.V39I15.33748,6,15927,Experiment Setup,Table 2 lists ISCXTor2016 among the four datasets used for evaluation.,
EVD0852,P39064,DS-ISCX-VPN-2016,,,role,Dataset use and evaluated label/task role; not condition coverage.,evaluated_paper,https://doi.org/10.1145/3607199.3607206,7,7,4.1.2 Datasets,The public datasets include ... ISCX-VPN-2016 ... and are fine-tuned for downstream classification.,
EVD0853,P39804,DS-ISCX-VPN-2016,,,role,Dataset use and evaluated label/task role; not condition coverage.,evaluated_paper,https://doi.org/10.1145/3718958.3750498,5,5,4.1 Dataset Preparation,"ISCX-VPN supports VPN-binary, VPN-service, and VPN-app downstream tasks.",
EVD0854,P47085,DS-ISCX-TOR-2016,,,role,Dataset use and evaluated label/task role; not condition coverage.,evaluated_paper,https://doi.org/10.1145/3589334.3645407,6,1613,7.1 Experimental Setup,ISCXTor2016 is included among the public evaluation datasets.,
EVD0855,P47085,DS-CIC-IDS-2017,,,role,Dataset use and evaluated label/task role; not condition coverage.,evaluated_paper,https://doi.org/10.1145/3589334.3645407,6,1613,7.1 Experimental Setup,IDS2017&2018 combines CICIDS2017 and CSE-CIC-IDS2018.,
EVD0856,P45261,DS-ISCX-VPN-2016,,,role,Dataset use and evaluated label/task role; not condition coverage.,evaluated_paper,https://doi.org/10.1145/3485447.3512217,5,PDF p. 5,4.1.1 Datasets and Downstream Tasks,"We further categorize the [ISCX-VPN] dataset by services and applications, forming ISCX-VPN-Service with 12 categories and ISCX-VPN-App with 17 applications.",
EVD0857,P38761,DS-ISCX-VPN-2016,,,role,Dataset use and evaluated label/task role; not condition coverage.,evaluated_paper,https://www.usenix.org/conference/nsdi24/presentation/yan,8,426,7.1 Datasets and tasks,ISCXVPN2016 is evaluated as a six-class traffic classification task.,
EVD0858,P14374,DS-DEEPVC-ALEXA-2019,,,role,Dataset use and evaluated label/task role; not condition coverage.,evaluated_paper,https://doi.org/10.1145/3634737.3657017,6,6,4.4 Comparison datasets,DeepVC [33] contains 100 commands collected with an Amazon Echo 2nd Gen from five users.,
EVD0859,P14000,DS-CTU-NORMAL-MALPHASE,,,role,Dataset use and evaluated label/task role; not condition coverage.,evaluated_paper,https://doi.org/10.1145/3433210.3453101,4,PDF p. 4,3 Dataset collection,Table 2 lists CTU as a benign traffic source [4].,
EVD0860,P15762,DS-DF-2017,,,role,Dataset use and evaluated label/task role; not condition coverage.,evaluated_paper,https://doi.org/10.1145/3658644.3670272,7,7,6.1 Datasets,"Dataset of Alexa-top websites: This dataset is from [39] ... 95 monitored websites ... over 1000 traces ... over 40,000 unmonitored websites.",
EVD0861,P45261,DS-CROSS-PLATFORM-2017,,,role,Dataset use and evaluated label/task role; not condition coverage.,evaluated_paper,https://doi.org/10.1145/3485447.3512217,5,PDF p. 5,4.1.1 Datasets and Downstream Tasks,"Cross-Platform(Android) [37] contains 27,846 flows and 215 application labels.",
EVD0862,P46427,DS-ISCX-TOR-2016,,,role,Dataset use and evaluated label/task role; not condition coverage.,evaluated_paper,https://doi.org/10.1145/3589334.3645691,6,4421,4.1.1 Datasets,"We conduct experiments on two anonymous traffic datasets [22,44] ... for ISCX-Tor we divide training and test 80%/20% per class.",
EVD0863,P43026,DS-DF-2017,,,role,Dataset use and evaluated label/task role; not condition coverage.,evaluated_paper,https://www.usenix.org/conference/usenixsecurity23/presentation/shen-meng,8,613,6.1 Datasets,"The first dataset [41] contains 95 websites, each with 1,000 undefended traces ... 40,000 websites with 1 undefended trace; defended traces are generated using scripts and simulators.",
EVD0864,P48207,DS-DYNAFLOW-LU-2018-SOURCE,,,role,Dataset use and evaluated label/task role; not condition coverage.,evaluated_paper,https://doi.org/10.2478/POPETS-2020-0013,13,PDF p. 13,Simulation datasets,We evaluate two configurations of DynaFlow using the dataset from Lu et al. [36].,
EVD0865,P39064,DS-CROSS-PLATFORM-2017,,,role,Dataset use and evaluated label/task role; not condition coverage.,evaluated_paper,https://doi.org/10.1145/3607199.3607206,8,8,4.1.2 Datasets,Cross-Platform ... is employed to validate transferability.,
EVD0866,P39064,DS-ISCX-TOR-2016,,,role,Dataset use and evaluated label/task role; not condition coverage.,evaluated_paper,https://doi.org/10.1145/3607199.3607206,7,7,4.1.2 Datasets,The public datasets include ... ISCX-Tor-2016 ... and are fine-tuned for downstream classification.,
EVD0867,P46522,DS-DF-2017,,,role,Dataset use and evaluated label/task role; not condition coverage.,evaluated_paper,https://doi.org/10.1145/3589334.3645575,6,1208,4.1.1 Datasets,DF95 and DF9000 are evaluated as the monitored and open-world portions of the DF dataset.,
EVD0868,P41766,DS-CROSS-PLATFORM-2017,,,role,Dataset use and evaluated label/task role; not condition coverage.,evaluated_paper,https://doi.org/10.1109/SP61157.2025.00102,7,7,Fine-tuning datasets,CrossPlatform Android and iOS datasets are used for fine-tuning tasks.,
EVD0869,P17818,DS-CROSS-PLATFORM-2017,,,role,Dataset use and evaluated label/task role; not condition coverage.,evaluated_paper,https://www.ndss-symposium.org/ndss-paper/flowprint-semi-supervised-mobile-app-fingerprinting-on-encrypted-network-traffic/,3,PDF p. 3,II-A Datasets,The Cross Platform dataset [51] contains traffic from applications on both Android and iOS.,
EVD0870,P45261,DS-ISCX-TOR-2016,,,role,Dataset use and evaluated label/task role; not condition coverage.,evaluated_paper,https://doi.org/10.1145/3485447.3512217,5,PDF p. 5,4.1.1 Datasets and Downstream Tasks,ISCX-Tor [10] is used for encrypted anonymous traffic classification with 16 labels.,
EVD0871,P41557,DS-DF-2017,,,role,Dataset use and evaluated label/task role; not condition coverage.,evaluated_paper,https://doi.org/10.1109/SP61157.2025.00154,16,1434,Appendix B,The attack is evaluated on the Walkie-Talkie dataset [42].,
EVD0872,P12435,DS-CROSS-PLATFORM-2017,,,role,Dataset use and evaluated label/task role; not condition coverage.,evaluated_paper,https://doi.org/10.1609/AAAI.V39I15.33748,6,15927,Experiment Setup,CrossPlatform is evaluated through its Android and iOS portions.,
EVD0873,P45261,DS-CSTNET-TLS13-2021,,,network,One named institutional network; aggregate dates do not establish per-class temporal coverage.,evaluated_paper,https://doi.org/10.1145/3485447.3512217,5,PDF p. 5,4.1.1,The 120 application classes were collected under CSTNET from March through July 2021.,
EVD0874,P43001,DS-ISCX-VPN-2016,,,role,Dataset use and evaluated label/task role; not condition coverage.,evaluated_paper,https://www.usenix.org/conference/usenixsecurity23/presentation/xie,5,5,3.1.1 Public datasets,We further evaluate on the ISCX-VPN dataset [19] under replayed network settings.,
EVD0875,P48207,DS-DF-2017,,,role,Dataset use and evaluated label/task role; not condition coverage.,evaluated_paper,https://doi.org/10.2478/POPETS-2020-0013,12,PDF p. 12,Simulation datasets,We evaluate on the undefended and defended datasets from Sirinam et al. [60].,
EVD0876,P39015,DS-CIC-INVES-ANDMAL-2019,,,role,Dataset use and evaluated label/task role; not condition coverage.,evaluated_paper,https://doi.org/10.1145/3545948.3545983,8,PDF p. 8,6.2 Dataset,"For malware family classification, we use an 8:2 train-test split on both datasets.",
EVD0877,P07480,DS-ISCX-VPN-2016,,,role,Dataset use and evaluated label/task role; not condition coverage.,evaluated_paper,https://doi.org/10.1609/AAAI.V37I4.25674,5,p. 5424,4.1 Experiment Settings,Experiments are conducted on five public ... datasets ... The first four training datasets form a large-scale unlabeled training dataset for pre-training ... the classifier uses five training datasets for supervised learning.,
EVD0878,,DS-CIC-IDS-2017,,,network,No independent site/access/provider levels.,official_dataset_page,https://www.unb.ca/cic/datasets/ids-2017.html,,,Network architecture,The five-day capture uses one institutional testbed with a fixed victim and attack topology.,
EVD0879,P47085,DS-CSE-CIC-IDS-2018,,,role,Dataset use and evaluated label/task role; not condition coverage.,evaluated_paper,https://doi.org/10.1145/3589334.3645407,6,1613,7.1 Experimental Setup,IDS2017&2018 combines CICIDS2017 and CSE-CIC-IDS2018.,
EVD0880,P46427,DS-CIC-IOT-2022,,,role,Dataset use and evaluated label/task role; not condition coverage.,evaluated_paper,https://doi.org/10.1145/3589334.3645691,13,4429,Appendix H Mixing original traffic with noise traffic,We introduce irrelevant packet noise by injecting TLS traffic from the CICIOT dataset ... into regular traffic.,
EVD0881,P43001,DS-CIRA-CIC-DOHBRW-2020,,,role,Dataset use and evaluated label/task role; not condition coverage.,evaluated_paper,https://www.usenix.org/conference/usenixsecurity23/presentation/xie,4,4,3.1.1 Public datasets,We use CIRA-CIC-DoHBrw-2020 [39] and replay its traffic under theta0-theta6.,
EVD0882,P12435,DS-ISCX-VPN-2016,,,role,Dataset use and evaluated label/task role; not condition coverage.,evaluated_paper,https://doi.org/10.1609/AAAI.V39I15.33748,6,15927,Experiment Setup,Table 2 lists ISCXVPN2016 among the four datasets used for evaluation.,
EVD0883,P48246,DS-DF-2017,,,role,Dataset use and evaluated label/task role; not condition coverage.,evaluated_paper,https://doi.org/10.2478/POPETS-2021-0029,5,PDF p. 5,3 Datasets,We use the DF dataset provided by Sirinam et al. [25].,
EVD0884,P17269,DS-BTU-MALWARE,,,role,Dataset use and evaluated label/task role; not condition coverage.,evaluated_paper,https://doi.org/10.1109/DSN64029.2025.00052,6,475,IV-B Datasets,BTU-Mobile and BTU-Desktop are reported within the BTU evaluation data.,
EVD0885,P14774,DS-CIC-IDS-2017,,,role,Dataset use and evaluated label/task role; not condition coverage.,evaluated_paper,https://doi.org/10.1145/3460120.3484758,2,PDF p. 2,Dataset/task overview,Table 1 lists CICIDS for passive OS fingerprinting and netML CICIDS2017 for intrusion detection.,
EVD0886,P15385,DS-AWF-2017,,,role,Dataset use and evaluated label/task role; not condition coverage.,evaluated_paper,https://doi.org/10.1145/3576915.3616639,8,8,6.3 Datasets,AWF dataset ... was collected by Rimmer et al. [27] in 2017 using Tor browser version 6.5.,
EVD0887,P44356,DS-ISCX-IDS-2012,,,role,Dataset use and evaluated label/task role; not condition coverage.,evaluated_paper,https://doi.org/10.1145/3366423.3380090,7,PDF p. 7,4.1.1 Datasets,The ISCX 2012 IDS dataset is evaluated with five classes; the paragraph prints citations [33] and [8].,
EVD0888,P39804,DS-ISCX-VPN-2016,,,role,Dataset use and evaluated label/task role; not condition coverage.,evaluated_paper,https://doi.org/10.1145/3718958.3750498,6,6,4.1 Dataset Preparation,Table 2 reports the three ISCX-VPN downstream tasks and train/test sample counts.,
EVD0889,P07480,DS-CIC-IOT-2022,,,role,Dataset use and evaluated label/task role; not condition coverage.,evaluated_paper,https://doi.org/10.1609/AAAI.V37I4.25674,6,p. 5425,4.2 Comparison,Table 1 reports YaTC accuracy and F1 on CICIoT2022.,
EVD0890,P39064,DS-CSE-CIC-IDS-2018,,,role,Dataset use and evaluated label/task role; not condition coverage.,evaluated_paper,https://doi.org/10.1145/3607199.3607206,8,8,4.1.2 Datasets,Flow-MAE is pre-trained on ... CIC-IDS2018 ... fine-tuned on the first five public datasets.,
EVD0891,,DS-CIC-IOT-2022,,,client,Every state class is crossed with multiple device configurations.,dataset_paper,https://doi.org/10.1109/PST55820.2022.9851966,,,Abstract / Data collection,"The study reports 60 IoT devices and states that data were collected from each device while powered on, idle, active, and interacting.",
EVD0892,P48305,DS-P48305-HOMESNITCH-FLORIDA-2021-RECAPTURE,,,label_view,exact multiclass cardinality and held-out target role,evaluated_paper,https://doi.org/10.2478/POPETS-2022-0057,9,586,Table 5,"Table 5 reports HS (2020) as training, HS (2021) as testing, and 15 device classes.",
EVD0893,P48305,DS-P48305-HOMESNITCH-FLORIDA-2021-RECAPTURE,,,temporal,fresh-recapture boundary and May 2021 campaign date,evaluated_paper,https://doi.org/10.2478/POPETS-2022-0057,8,585,Section 5.1 Temporal Impact,The paper describes a new HomeSnitch-team collection round in May 2021 and compares that new dataset with the old 2020 dataset.,
EVD0894,P48305,DS-P48305-IOT-GENERALIZABILITY-OWN-NC-2021-RECAPTURE,,,label_view,exact multiclass cardinality and held-out target role,evaluated_paper,https://doi.org/10.2478/POPETS-2022-0057,9,586,Table 5,"Table 5 reports Our (2020) as training, Our (2021) as testing, and eight device classes.",
EVD0895,P48305,DS-P48305-IOT-GENERALIZABILITY-OWN-NC-2021-RECAPTURE,,,network,single reported laboratory collection setting,evaluated_paper,https://doi.org/10.2478/POPETS-2022-0057,8,585,Section 5.1 Temporal Impact,The paper identifies the January 2021 round as data collected from the authors' laboratory; no second site or access-network condition is reported for that recapture.,
EVD0896,P48305,DS-P48305-IOT-GENERALIZABILITY-OWN-NC-2021-RECAPTURE,,,temporal,fresh-recapture boundary and January 2021 campaign date,evaluated_paper,https://doi.org/10.2478/POPETS-2022-0057,8,585,Section 5.1 Temporal Impact,The paper describes another laboratory collection round in January 2021 and compares that new dataset with the old 2020 dataset.,
EVD0897,,DS-DF-2017,,,client,Multiple collector instances without documented distinct stack configurations.,dataset_paper,https://www.freehaven.net/anonbib/cache/deepwf-ccs2018.pdf,5,PDF p. 5,Section 4,The crawl used ten low-end campus machines and a common Tor-browser crawler configuration.,
EVD0898,,DS-MAWI,,,network,One capture vantage.,official_dataset_page,https://mawi.wide.ad.jp/mawi/samplepoint-F/2023/,,,Samplepoint-F archive,Both dates are listed under the same Samplepoint-F archive.,
EVD0899,P17269,DS-MAWI,,,role,Ancillary one-class role.,evaluated_paper,https://doi.org/10.1109/DSN64029.2025.00052,7,PDF p. 7,IV-B Datasets,"WIDE traffic from May 1 and May 2, 2023 supplies benign samples.",
EVD0900,P17269,DS-MAWI,,,temporal,Two dated files and one-day span.,evaluated_paper,https://doi.org/10.1109/DSN64029.2025.00052,7,PDF p. 7,IV-B Datasets,Two distinct dated WIDE captures are identified.,
EVD0901,P41557,DS-MEI-2023-SINGLE-TAB,,,role,Qualifying role; class count and conditions not supplied.,evaluated_paper,https://doi.org/10.1109/SP61157.2025.00154,18,PDF p. 18,Appendix G,The appendix evaluates a newly released 2023 single-tab dataset cited as [43].,
EVD0902,P48305,DS-MONIOT-2019,,,network,Full site overlap.,evaluated_paper,https://doi.org/10.2478/POPETS-2022-0057,6,PDF p. 6,Cross-location evaluation / Table 8,The retained common classes are trained and tested across US and UK datasets.,
EVD0903,P48305,DS-MONIOT-2019,,,role,Exact label view.,evaluated_paper,https://doi.org/10.2478/POPETS-2022-0057,6,PDF p. 6,Cross-location evaluation,Twenty-one common classes remain after five low-support common devices are removed.,
EVD0904,P48305,DS-MONIOT-2019,,,temporal,Imprecise timing.,evaluated_paper,https://doi.org/10.2478/POPETS-2022-0057,3,PDF p. 3,Table 1,US and UK captures are each early-2019 campaigns lasting 14 and 17 days.,
EVD0905,P14774,DS-NETWORK-DEVICE-DATASET-HOLLAND-2020,,,role,Qualifying task; condition map absent.,evaluated_paper,https://doi.org/10.1145/3460120.3484758,2,PDF p. 2,Table 1,The Network Device Dataset is listed for active device/vendor fingerprinting.,
EVD0906,P16247,DS-NUDT-MOBILETRAFFIC-2020,,,client,Aggregate client levels only.,evaluated_paper,https://doi.org/10.1145/3719027.3765073,8,PDF p. 8,5.1 Datasets,Traffic comes from 177 hosts using Android 6 through 10.,
EVD0907,P16247,DS-NUDT-MOBILETRAFFIC-2020,,,role,Qualifying multiclass role.,evaluated_paper,https://doi.org/10.1145/3719027.3765073,8,PDF p. 8,5.1 Datasets,Application-Host contains traffic from hundreds of applications.,
EVD0908,P16247,DS-NUDT-MOBILETRAFFIC-2020,,,temporal,Overall bounds only.,evaluated_paper,https://doi.org/10.1145/3719027.3765073,8,PDF p. 8,5.1 Datasets,The cited corpus was collected May-July 2020.,
EVD0909,P48205,DS-ONION-SITES-2016,,,role,Qualifying role only.,evaluated_paper,https://doi.org/10.2478/POPETS-2020-0043,7,PDF p. 7,5 Datasets,The Onion Sites dataset from Overdorf et al. is an evaluation corpus.,
EVD0910,P13958,DS-P13958-HOMEMOLE,,,network,Full overlay-class overlap.,evaluated_paper,https://doi.org/10.1145/3320269.3384732,8,PDF p. 8,4.1 Datasets and Table 4,Each dataset has NAPT and VPN versions; Table 4 reports all ten devices under both.,
EVD0911,P13958,DS-P13958-HOMEMOLE,,,role,Exact multiclass view.,evaluated_paper,https://doi.org/10.1145/3320269.3384732,8,PDF p. 8,4.1 Datasets,Dataset-Ind contains traffic from ten individual IoT devices.,
EVD0912,P14000,DS-P14000-MALPHASE-RESEARCH-SERVERS,,,role,Ancillary role.,evaluated_paper,https://doi.org/10.1145/3433210.3453101,4,PDF p. 4,3 Dataset collection / Table 2,Research Servers A and B are benign sources.,
EVD0913,P14000,DS-P14000-MALPHASE-RESEARCH-SERVERS,,,temporal,Timestamp span and sources.,evaluated_paper,https://doi.org/10.1145/3433210.3453101,4,PDF p. 4,Table 2,Exact collection intervals are listed for both servers.,
EVD0914,P14188,DS-P14188-PRIVATE-RELAY-WF-2022,,,client,One stack.,evaluated_paper,https://doi.org/10.1145/3579856.3595793,8,PDF p. 8,6.1,Two identically specified MacBooks and one account are used.,
EVD0915,P14188,DS-P14188-PRIVATE-RELAY-WF-2022,,,network,Full overlay overlap.,evaluated_paper,https://doi.org/10.1145/3579856.3595793,10,PDF p. 10,6.3 Collecting Traces,Half of each website's traces use each PR location mode; collection is on campus.,
EVD0916,P14188,DS-P14188-PRIVATE-RELAY-WF-2022,,,role,Exact multiclass view.,evaluated_paper,https://doi.org/10.1145/3579856.3595793,10,PDF p. 10,6.3,"The paper collects 250 visits for each of 100 monitored sites and 20,000 background sites.",
EVD0917,P14255,DS-P14255-CAPSULEFORMER-DAPP-2022,,,client,One client.,evaluated_paper,https://doi.org/10.1145/3634737.3637664,5,PDF p. 5,4.1,Collection uses Chrome on one computer.,
EVD0918,P14255,DS-P14255-CAPSULEFORMER-DAPP-2022,,,role,Exact view and possible confounding.,evaluated_paper,https://doi.org/10.1145/3634737.3637664,5,PDF p. 5,4.1 Dataset,Ten categories are collected from Ethereum and BNB DApps.,
EVD0919,P14255,DS-P14255-CAPSULEFORMER-DAPP-2022,,,temporal,Single campaign.,evaluated_paper,https://doi.org/10.1145/3634737.3637664,5,PDF p. 5,4.1,Collection occurred for approximately two weeks in April 2022.,
EVD0920,P14374,DS-P14374-WHISPERVOICETRACE,,,client,Full subset device coverage.,evaluated_paper,https://doi.org/10.1145/3634737.3657017,8,PDF p. 8,7.2.1,All 20 commands are queried on five Alexa devices spanning three models.,
EVD0921,P14374,DS-P14374-WHISPERVOICETRACE,,,client,One stack.,evaluated_paper,https://doi.org/10.1145/3634737.3657017,5,PDF p. 5,4.2,One Pixel 4a 5G and one Voice Match profile are used.,
EVD0922,P14374,DS-P14374-WHISPERVOICETRACE,,,network,Full configured-region subset coverage.,evaluated_paper,https://doi.org/10.1145/3634737.3657017,8,PDF p. 8,7.2.1,Five datasets pair one device with one configured country for all 20 commands.,
EVD0923,P14374,DS-P14374-WHISPERVOICETRACE,,,role,Full Alexa view.,evaluated_paper,https://doi.org/10.1145/3634737.3657017,5,PDF p. 5,4.2-4.3,"Alexa has 300 monitored commands with 1,000 traces each, using five devices on campus.",
EVD0924,P14374,DS-P14374-WHISPERVOICETRACE,,,label_view,Explicit subset.,evaluated_paper,https://doi.org/10.1145/3634737.3657017,8,PDF p. 8,7.2.1,The location study selects 20 commands across five configured countries.,
EVD0925,P14374,DS-P14374-WHISPERVOICETRACE,,,role,Full Google view.,evaluated_paper,https://doi.org/10.1145/3634737.3657017,5,PDF p. 5,4.2-4.3,Google Assistant has 427 commands with 150 traces each.,
EVD0926,P14374,DS-P14374-WHISPERVOICETRACE,,,temporal,Class-time confounding.,evaluated_paper,https://doi.org/10.1145/3634737.3657017,5,PDF p. 5,4.2,Collection ran May-September; one command completes before the next starts.,
EVD0927,P14374,DS-P14374-WHISPERVOICETRACE,,,temporal,One campaign.,evaluated_paper,https://doi.org/10.1145/3634737.3657017,5,PDF p. 5,4.2,Google collection ran April-August using the same crawler framework.,
EVD0928,P14413,DS-P14413-DKF,,,network,One access network.,evaluated_paper,https://doi.org/10.1145/3708821.3733914,4,PDF p. 4,4,Initial collection uses the university campus network.,
EVD0929,P14413,DS-P14413-DKF,,,role,Exact Bing view.,evaluated_paper,https://doi.org/10.1145/3708821.3733914,4,PDF p. 4,4.2,Bingbase retains 258 classes and uses 32 crawler VMs.,
EVD0930,P14413,DS-P14413-DKF,,,role,Exact DDG view.,evaluated_paper,https://doi.org/10.1145/3708821.3733914,4,PDF p. 4,4.2,DDGbase has 273 classes; DDGdrift uses identical keywords and batch method.,
EVD0931,P14413,DS-P14413-DKF,,,temporal,Full batch coverage.,evaluated_paper,https://doi.org/10.1145/3708821.3733914,4,PDF p. 4,4.2,Each Bing keyword is queried across 50 round-robin batches May-August.,
EVD0932,P14413,DS-P14413-DKF,,,temporal,Full temporal pair.,evaluated_paper,https://doi.org/10.1145/3708821.3733914,4,PDF p. 4,4,Base and drift campaigns are separated by over one year.,
EVD0933,P15385,DS-P15385-REALISTIC-WF-DRIFT-2023,,,client,One stack.,evaluated_paper,https://doi.org/10.1145/3576915.3616639,9,PDF p. 9,6.4.1,Ubuntu 20.04 KVM VMs run TBB 11.0.10.,
EVD0934,P15385,DS-P15385-REALISTIC-WF-DRIFT-2023,,,network,Full route overlap.,evaluated_paper,https://doi.org/10.1145/3576915.3616639,9,PDF p. 9,6.3,All 90 sites have traces through 11 European and 7 North American guards.,
EVD0935,P15385,DS-P15385-REALISTIC-WF-DRIFT-2023,,,role,Exact subset.,evaluated_paper,https://doi.org/10.1145/3576915.3616639,8,PDF p. 8,6.3,Drift-guard contains 90 monitored websites.,
EVD0936,P15385,DS-P15385-REALISTIC-WF-DRIFT-2023,,,temporal,Full time-bin overlap.,evaluated_paper,https://doi.org/10.1145/3576915.3616639,9,PDF p. 9,6.4.1,Multiple batches span three months and each round visits every website.,
EVD0937,P15762,DS-P15762-STDA-DARKWEB,,,network,Aggregate network/geography variation only; class overlap is not established.,evaluated_paper,https://doi.org/10.1145/3658644.3670272,8,PDF p. 8,6.1,The authors report using 20 servers across three countries to collect the 80-site dataset; per-site/server or per-site/country overlap is not stated.,
EVD0938,P15762,DS-P15762-STDA-DARKWEB,,,role,Exact view and infrastructure.,evaluated_paper,https://doi.org/10.1145/3658644.3670272,8,PDF p. 8,6.1,Eighty sites are collected using 20 servers in three countries.,
EVD0939,P15762,DS-P15762-STDA-DARKWEB,,,temporal,Fresh temporal pair.,evaluated_paper,https://doi.org/10.1145/3658644.3670272,13,PDF p. 13,6.6,The same sites are collected in August 2023 and April 2024.,
EVD0940,P16217,DS-P16217-SWALLOW,,,client,Full browser pair.,evaluated_paper,https://doi.org/10.1145/3719027.3744795,12,PDF p. 12,Table 2,D1 and D7 differ in Tor Browser versus Chrome at the same place/time.,
EVD0941,P16217,DS-P16217-SWALLOW,,,network,Full route-location pair.,evaluated_paper,https://doi.org/10.1145/3719027.3744795,12,PDF p. 12,Table 2,D1-D5 use five locations with the same sites/date/browser.,
EVD0942,P16217,DS-P16217-SWALLOW,,,role,Exact shared view.,evaluated_paper,https://doi.org/10.1145/3719027.3744795,12,PDF p. 12,6.1 Table 2,D1-D7 use 100 websites with 100 traces each.,
EVD0943,P16217,DS-P16217-SWALLOW,,,temporal,Full temporal pair.,evaluated_paper,https://doi.org/10.1145/3719027.3744795,12,PDF p. 12,Table 2,D1 and D6 differ in July versus October while keeping Chicago/TBB.,
EVD0944,P16247,DS-P16247-APPLICATION-ALL-2024,,,client,Aggregate clients.,evaluated_paper,https://doi.org/10.1145/3719027.3765073,8,PDF p. 8,5.1,Source traffic has 177 hosts on five Android versions.,
EVD0945,P16247,DS-P16247-APPLICATION-ALL-2024,,,network,No fresh path levels.,evaluated_paper,https://doi.org/10.1145/3719027.3765073,9,PDF p. 9,5.1/Table 4,"The same 56,387 flows are replayed on each cloud pair.",
EVD0946,P16247,DS-P16247-APPLICATION-ALL-2024,,,role,Role.,evaluated_paper,https://doi.org/10.1145/3719027.3765073,9,PDF p. 9,5.1,Application-ALL supports multiclass app classification.,
EVD0947,P16247,DS-P16247-APPLICATION-ALL-2024,,,temporal,Derived chronology.,evaluated_paper,https://doi.org/10.1145/3719027.3765073,9,PDF p. 9,5.1,The corpus is created by replaying original traffic.,
EVD0948,P16247,DS-P16247-DOHBRW-ALL-2024,,,network,Full resolver overlap.,evaluated_paper,https://doi.org/10.1145/3719027.3765073,9,PDF p. 9,5.1/5.2,Each of four resolvers is held out in turn for the four-class task.,
EVD0949,P16247,DS-P16247-DOHBRW-ALL-2024,,,role,Exact view.,evaluated_paper,https://doi.org/10.1145/3719027.3765073,9,PDF p. 9,5.1,DoHBrw-ALL includes normal and three malicious classes.,
EVD0950,P16247,DS-P16247-DOHBRW-ALL-2024,,,temporal,Derived.,evaluated_paper,https://doi.org/10.1145/3719027.3765073,9,PDF p. 9,5.1,It is created by replaying source traffic with no fresh dates.,
EVD0951,P16247,DS-P16247-TOR-ALL-2024,,,client,Browser levels.,evaluated_paper,https://doi.org/10.1145/3719027.3765073,9,PDF p. 9,5.1,TBB versions 13.0.10 and 13.5 are installed on clients visiting the site set.,
EVD0952,P16247,DS-P16247-TOR-ALL-2024,,,network,Full country composite.,evaluated_paper,https://doi.org/10.1145/3719027.3765073,9,PDF p. 9,5.1,Four clients in each of five countries access the top-100 list.,
EVD0953,P16247,DS-P16247-TOR-ALL-2024,,,role,Exact view.,evaluated_paper,https://doi.org/10.1145/3719027.3765073,9,PDF p. 9,5.1,Twenty cloud clients access the top 100 sites.,
EVD0954,P16247,DS-P16247-TOR-ALL-2024,,,temporal,Bounds.,evaluated_paper,https://doi.org/10.1145/3719027.3765073,9,PDF p. 9,5.1,Capture lasts June-August 2024.,
EVD0955,P16354,DS-P16354-DARKVEC-UNIVERSITY-DARKNET-2021,,,network,One site.,evaluated_paper,https://doi.org/10.1145/3485983.3494863,2,PDF p. 2,3 Dataset,Collection uses one university /24 darknet.,
EVD0956,P16354,DS-P16354-DARKVEC-UNIVERSITY-DARKNET-2021,,,role,Exact classes.,evaluated_paper,https://doi.org/10.1145/3485983.3494863,3,PDF p. 3,Table 2,The supervised view has nine GT groups plus Unknown.,
EVD0957,P16354,DS-P16354-DARKVEC-UNIVERSITY-DARKNET-2021,,,temporal,"Bounds, incomplete map.",evaluated_paper,https://doi.org/10.1145/3485983.3494863,2,PDF p. 2,Table 1,The trace spans 30 days and reserves the last day for test.,
EVD0958,P16931,DS-P16931-GITHUB500,,,client,One stack.,evaluated_paper,https://doi.org/10.1109/DSN58367.2023.00049,6,PDF p. 6,Setup,All crawlers use one EC2/Chrome configuration.,
EVD0959,P16931,DS-P16931-GITHUB500,,,network,Full region overlap.,evaluated_paper,https://doi.org/10.1109/DSN58367.2023.00049,6,PDF p. 6,Setup,One hundred crawlers across five regions visit the common URL list.,
EVD0960,P16931,DS-P16931-GITHUB500,,,role,Exact view.,evaluated_paper,https://doi.org/10.1109/DSN58367.2023.00049,7,PDF p. 7,Github500,"500 GitHub project pages, 1,000 visits each.",
EVD0961,P16931,DS-P16931-GITHUB500,,,temporal,Short campaign.,evaluated_paper,https://doi.org/10.1109/DSN58367.2023.00049,7,PDF p. 7,Collection setup,Collection is one several-hour campaign.,
EVD0962,P16931,DS-P16931-WIKI19000,,,client,One stack.,evaluated_paper,https://doi.org/10.1109/DSN58367.2023.00049,6,PDF p. 6,Setup,All crawlers use one EC2/Chrome configuration.,
EVD0963,P16931,DS-P16931-WIKI19000,,,network,Full region overlap.,evaluated_paper,https://doi.org/10.1109/DSN58367.2023.00049,6,PDF p. 6,Setup,One hundred crawlers across five regions visit the common URL list.,
EVD0964,P16931,DS-P16931-WIKI19000,,,role,Exact view.,evaluated_paper,https://doi.org/10.1109/DSN58367.2023.00049,7,PDF p. 7,Wiki19000,"19,000 Wikipedia articles, 100 traces each.",
EVD0965,P16931,DS-P16931-WIKI19000,,,temporal,Short campaign.,evaluated_paper,https://doi.org/10.1109/DSN58367.2023.00049,7,PDF p. 7,Collection setup,Collection is one approximately three-day campaign.,
EVD0966,P17056,DS-P17056-LTE-FINGERPRINT,,,client,Aggregate clients.,evaluated_paper,https://doi.org/10.1109/DSN58367.2023.00035,6,PDF p. 6,IV-C,Five handset/OS configurations are listed.,
EVD0967,P17056,DS-P17056-LTE-FINGERPRINT,,,network,Full carrier overlap.,evaluated_paper,https://doi.org/10.1109/DSN58367.2023.00035,7,PDF p. 7,Table IV,"All apps have results for Verizon, AT&T, and T-Mobile.",
EVD0968,P17056,DS-P17056-LTE-FINGERPRINT,,,role,Exact view.,evaluated_paper,https://doi.org/10.1109/DSN58367.2023.00035,5,PDF p. 5,IV-A,Nine apps are selected.,
EVD0969,P17056,DS-P17056-LTE-FINGERPRINT,,,temporal,Full time statement.,evaluated_paper,https://doi.org/10.1109/DSN58367.2023.00035,7,PDF p. 7,VII,Each app's interaction traces are collected separately for six months.,
EVD0970,P17269,DS-P17269-P17269-ENTERPRISE-GATEWAY-1DAY,,,network,One network.,evaluated_paper,https://doi.org/10.1109/DSN64029.2025.00052,10,PDF p. 10,IV-F,One enterprise gateway is used.,
EVD0971,P17269,DS-P17269-P17269-ENTERPRISE-GATEWAY-1DAY,,,role,Ancillary.,evaluated_paper,https://doi.org/10.1109/DSN64029.2025.00052,10,PDF p. 10,IV-F,The capture is mixed as benign samples.,
EVD0972,P17269,DS-P17269-P17269-ENTERPRISE-GATEWAY-1DAY,,,temporal,No time.,evaluated_paper,https://doi.org/10.1109/DSN64029.2025.00052,10,PDF p. 10,IV-F,Capture spans one day.,
EVD0973,P17290,DS-P17290-ODOH,,,client,One stack.,evaluated_paper,https://doi.org/10.1109/DSN64029.2025.00048,5,PDF p. 5,Dataset,Ten VMs have matched stack/specs.,
EVD0974,P17290,DS-P17290-ODOH,,,network,Full composite.,evaluated_paper,https://doi.org/10.1109/DSN64029.2025.00048,5,PDF p. 5,Dataset,Ten institution/location/ISP clients each visit every site.,
EVD0975,P17290,DS-P17290-ODOH,,,role,Exact.,evaluated_paper,https://doi.org/10.1109/DSN64029.2025.00048,5,PDF p. 5,Dataset,The primary view has 100 sites.,
EVD0976,P17290,DS-P17290-ODOH,,,temporal,Full but short pair.,evaluated_paper,https://doi.org/10.1109/DSN64029.2025.00048,11,PDF p. 11,Temporal evaluation,A second batch is collected after six weeks.,
EVD0977,P17610,DS-P17610-CHLO,,,network,One campus environment.,evaluated_paper,https://doi.org/10.1145/3646547.3688435,12,PDF p. 12,5.1,Sanity sessions from the university lab are observed by the campus-border system.,
EVD0978,P17610,DS-P17610-CHLO,,,role,Exact view.,evaluated_paper,https://doi.org/10.1145/3646547.3688435,3,PDF p. 3,3.1,The corpus reports 17 unique user-platform types.,
EVD0979,P17713,DS-P17713-MULTIMEDIA-NETWORK-TRAFFIC-2025,,,client,No per-class map.,evaluated_paper,https://doi.org/10.1145/3730567.3764455,3,PDF p. 3,Table 2,Eight configurations are summarized over all sessions.,
EVD0980,P17713,DS-P17713-MULTIMEDIA-NETWORK-TRAFFIC-2025,,,network,One network.,evaluated_paper,https://doi.org/10.1145/3730567.3764455,4,PDF p. 4,3.1,All devices use one lab gateway under near-ideal conditions.,
EVD0981,P17713,DS-P17713-MULTIMEDIA-NETWORK-TRAFFIC-2025,,,role,Exact view.,evaluated_paper,https://doi.org/10.1145/3730567.3764455,4,PDF p. 4,3.1,531 sessions span 13 game titles.,
EVD0982,P17815,DS-P17815-ENCRYPTED-DNS,,,client,Full client pair.,evaluated_paper,https://www.ndss-symposium.org/ndss-paper/encrypted-dns-privacy-a-traffic-analysis-perspective/,9,PDF p. 9,Platform evaluation/Table IX,Desktop and RPI use the same 700 sites.,
EVD0983,P17815,DS-P17815-ENCRYPTED-DNS,,,network,Full location composite.,evaluated_paper,https://www.ndss-symposium.org/ndss-paper/encrypted-dns-privacy-a-traffic-analysis-perspective/,8,PDF p. 8,Location evaluation/Table IX,"Lausanne, Leuven, and Singapore/AWS contain the common 700 sites.",
EVD0984,P17815,DS-P17815-ENCRYPTED-DNS,,,role,Corpus view.,evaluated_paper,https://www.ndss-symposium.org/ndss-paper/encrypted-dns-privacy-a-traffic-analysis-perspective/,18,PDF p. 18,Table IX,Condition-specific captures list website counts.,
EVD0985,P17818,DS-P17818-FLOWPRINT-BROWSER-SELF-COLLECTED,,,role,Exact view.,evaluated_paper,https://www.ndss-symposium.org/ndss-paper/flowprint-semi-supervised-mobile-app-fingerprinting-on-encrypted-network-traffic/,3,PDF p. 3,II-A,"Four named browsers scrape 1,000 sites.",
EVD0986,P17818,DS-P17818-FLOWPRINT-BROWSER-SELF-COLLECTED,,,temporal,74-day bound.,evaluated_paper,https://www.ndss-symposium.org/ndss-paper/flowprint-semi-supervised-mobile-app-fingerprinting-on-encrypted-network-traffic/,3,PDF p. 3,Table I,Dataset dates are 2018-12-17 to 2019-03-01.,
EVD0987,P17818,DS-P17818-FLOWPRINT-CROSS-PLATFORM-RECAPTURE-2020,,,role,Exact follow-up and relationship.,evaluated_paper,https://www.ndss-symposium.org/ndss-paper/flowprint-semi-supervised-mobile-app-fingerprinting-on-encrypted-network-traffic/,13,PDF p. 13,Longitudinal analysis,Current versions of 31 apps are freshly captured 26 months later.,
EVD0988,P18348,DS-P18348-IOT-ID,,,network,Full sites.,evaluated_paper,https://www.ndss-symposium.org/ndss-paper/evaluating-machine-learning-based-iot-device-identification-models-for-security-applications/,6,PDF p. 6,Spatial transferability,Train/test swaps use common devices across UK and US.,
EVD0989,P18348,DS-P18348-IOT-ID,,,role,Exact subset.,evaluated_paper,https://www.ndss-symposium.org/ndss-paper/evaluating-machine-learning-based-iot-device-identification-models-for-security-applications/,4,PDF p. 4,III-A,UK and US have 13 common models.,
EVD0990,P18348,DS-P18348-IOT-ID,,,temporal,Full campaigns.,evaluated_paper,https://www.ndss-symposium.org/ndss-paper/evaluating-machine-learning-based-iot-device-identification-models-for-security-applications/,8,PDF p. 8,Temporal evaluation,Same devices are tested on Dec 2022 and Jan/Mar/Jun/Dec 2023 captures from both labs.,
EVD0991,P38868,DS-P38868-CATO-CAMPUS-APP-TRAFFIC,,,network,One network.,evaluated_paper,https://www.usenix.org/conference/nsdi25/presentation/wan-gerry,9,PDF p. 9,5.1,Live traffic is from one large university network.,
EVD0992,P38868,DS-P38868-CATO-CAMPUS-APP-TRAFFIC,,,role,Exact view.,evaluated_paper,https://www.usenix.org/conference/nsdi25/presentation/wan-gerry,16,PDF p. 16,Appendix B,"Labels are Netflix, Twitch, Zoom, Teams, Facebook, Twitter, Other.",
EVD0993,P38868,DS-P38868-CATO-CAMPUS-APP-TRAFFIC,,,temporal,Short campaign.,evaluated_paper,https://www.usenix.org/conference/nsdi25/presentation/wan-gerry,16,PDF p. 16,Appendix B,Collection runs 30 seconds plus ten minutes.,
EVD0994,P39009,DS-P39009-CJ-SNIFFER-CONTRAST-CAMPUS-LAB,,,network,Two sources for one class.,evaluated_paper,https://doi.org/10.1145/3545948.3545973,9,PDF p. 9,Table 3,Background traffic comes from lab and campus networks.,
EVD0995,P39009,DS-P39009-CJ-SNIFFER-CONTRAST-CAMPUS-LAB,,,role,Background role.,evaluated_paper,https://doi.org/10.1145/3545948.3545973,9,PDF p. 9,5.1,Contrast traffic is mixed with mining traffic.,
EVD0996,P39009,DS-P39009-CJ-SNIFFER-CRYPTOMINING-2022,,,client,Aggregate clients.,evaluated_paper,https://doi.org/10.1145/3545948.3545973,8,PDF p. 8,Table 2,Eight CPU/GPU configurations are listed.,
EVD0997,P39009,DS-P39009-CJ-SNIFFER-CRYPTOMINING-2022,,,network,Aggregate networks.,evaluated_paper,https://doi.org/10.1145/3545948.3545973,9,PDF p. 9,5.1,"Home, lab, and campus environments are reported without a class map.",
EVD0998,P39009,DS-P39009-CJ-SNIFFER-CRYPTOMINING-2022,,,role,Exact binary role.,evaluated_paper,https://doi.org/10.1145/3545948.3545973,8,PDF p. 8,4.4/5.1,LSTM labels cryptojacking positive and user-mining negative.,
EVD0999,P39015,DS-P39015-ENCMAL2021,,,role,qualifying 20-class malware-family label view,evaluated_paper,https://doi.org/10.1145/3545948.3545983,7,,§6.2 and Table 1,"EncMal2021 contains sandbox traffic from 53,111 malicious samples assigned to 19 named families plus an Others class; the paper evaluates malware-family classification.",
EVD1000,P39015,DS-P39015-ENCMAL2021,,,temporal,temporal class mapping is not established,evaluated_paper,https://doi.org/10.1145/3545948.3545983,7,,§6.2 Dataset,"Campus benign traffic was captured at different time points over a reported five-month period in 2021, but the malicious-family sandbox captures are not mapped by class to collection dates.",
EVD1001,P39015,DS-P39015-ENCMAL2021,,,client,two aggregate client levels without per-class coverage,evaluated_paper,https://doi.org/10.1145/3545948.3545983,7,,§6.2 Data Collection,"Malicious samples were executed in sandboxes including Windows 7 and Windows 10, but the paper does not report whether every malware family occurs in both environments.",
EVD1002,P39015,DS-P39015-ENCMAL2021,,,network,network condition mapping absent,evaluated_paper,https://doi.org/10.1145/3545948.3545983,7,,§6.2 Data Collection,Family-classification samples are sandbox generated; the paper does not identify per-sample network-environment levels.,
EVD1003,P39132,DS-P39132-PROTOCOL-WF,,,role,four qualifying multiclass label views,evaluated_paper,https://doi.org/10.1145/3678890.3678910,5,,§3.2 and Table 2,"Table 2 reports 6,472 Tranco domain labels and 1,455, 2,326, and 1,592 page labels for Wikipedia, 9GAG, and IMDb.",
EVD1004,P39132,DS-P39132-PROTOCOL-WF,,,client,client conditions are artifact-controlled,evaluated_paper,https://doi.org/10.1145/3678890.3678910,18,,Appendix A,URLs are visited in isolated Docker containers using Selenium and Chrome; experiments parameterize HTTP caching and custom user agents.,
EVD1005,P39132,DS-P39132-PROTOCOL-WF,,,client,full cached/non-cached domain coverage,evaluated_paper,https://doi.org/10.1145/3678890.3678910,8,,§3.5 and Figure 4,The Tranco domain task contains cached and non-cached traffic and compares train/test directions and a mixture of both.,
EVD1006,P39132,DS-P39132-PROTOCOL-WF,,,client,full controlled user-agent contrast for 9GAG pages,evaluated_paper,https://doi.org/10.1145/3678890.3678910,12,,§4.5 and Figure 12,The authors regenerate the 9GAG dataset in the same Chrome/Linux environment with desktop and mobile user-agent settings and compare both train/test directions.,
EVD1007,P39497,DS-P39497-GGFAST-TRACE-A,,,role,"role, duration, capture site, and label view",evaluated_paper,https://doi.org/10.1145/3603269.3604840,7,,Table 3 and evaluation sections,GGFAST trace A is one 24 hours capture at a national laboratory edge; the evaluated label view is 15 L7/application classes shown in Table 5.,
EVD1008,P39497,DS-P39497-GGFAST-TRACE-B,,,role,"role, duration, capture site, and label view",evaluated_paper,https://doi.org/10.1145/3603269.3604840,7,,Table 3 and evaluation sections,"GGFAST trace B is one 60 minutes capture at a enterprise edge; the evaluated label view is DNS, SNMP, NTP, and Unknown UDP.",
EVD1009,P39497,DS-P39497-GGFAST-TRACE-C,,,role,"role, duration, capture site, and label view",evaluated_paper,https://doi.org/10.1145/3603269.3604840,7,,Table 3 and evaluation sections,GGFAST trace C is one two months capture at a university edge; the evaluated label view is DoH versus non-DoH TLS.,
EVD1010,P39497,DS-P39497-GGFAST-TRACE-D,,,role,"role, duration, capture site, and label view",evaluated_paper,https://doi.org/10.1145/3603269.3604840,7,,Table 3 and evaluation sections,"GGFAST trace D is one 20 hours capture at a university edge; the evaluated label view is Password, Kerberos, and Unknown RDP authentication.",
EVD1011,P39497,DS-P39497-GGFAST-TRACE-E,,,role,"role, duration, capture site, and label view",evaluated_paper,https://doi.org/10.1145/3603269.3604840,7,,Table 3 and evaluation sections,"GGFAST trace E is one 5 hours capture at a university edge; the evaluated label view is Password, Public Key, and Failure SSH authentication.",
EVD1012,P39497,DS-P39497-GGFAST-TRACE-G,,,role,"role, duration, capture site, and label view",evaluated_paper,https://doi.org/10.1145/3603269.3604840,7,,Table 3 and evaluation sections,GGFAST trace G is one 90 minutes capture at a enterprise edge; the evaluated label view is 17 L7 protocol/application classes.,
EVD1013,P40493,DS-P40493-HP-OWF,,,role,101-class open-world label view,evaluated_paper,https://doi.org/10.1109/SP40000.2020.00015,4,,§3 Dataset,"The main 2019 corpus contains 100 monitored pages with 200 traces each and 80,000 unmonitored pages with one trace each.",
EVD1014,P40493,DS-P40493-HP-OWF,,,temporal,single campaign under three months,evaluated_paper,https://doi.org/10.1109/SP40000.2020.00015,4,,§3 Dataset,The main corpus was collected from February through April 2019 as one collection campaign.,
EVD1015,P40493,DS-P40493-HP-OWF,,,client,single documented client stack,evaluated_paper,https://doi.org/10.1109/SP40000.2020.00015,4,,§3 Dataset,The automated collection used Tor Browser 8.5a7 and Tor 0.4.0.1-alpha.,
EVD1016,P40493,DS-P40493-HP-OWF,,,network,network mapping absent,evaluated_paper,https://doi.org/10.1109/SP40000.2020.00015,4,,§3 Dataset,"Traffic traverses Tor, but the paper does not expose per-trace route, exit, provider, or access-network condition labels.",
EVD1017,P42020,DS-P42020-OWL-PUBLIC-WIFI-2019,,,role,qualifying hierarchical multiclass label views,evaluated_paper,https://www.usenix.org/conference/usenixsecurity20/presentation/yu,2,,§2 and §5,OWL evaluates 34 device-type labels and 410 manufacturer-type-model labels.,
EVD1018,P42020,DS-P42020-OWL-PUBLIC-WIFI-2019,,,temporal,multi-month aggregate collection,evaluated_paper,https://www.usenix.org/conference/usenixsecurity20/presentation/yu,3,,§3.1 Data Collection,Traffic was collected January-July 2019 in 20-30 minute sessions on 176 Wi-Fi networks.,
EVD1019,P42020,DS-P42020-OWL-PUBLIC-WIFI-2019,,,network,many aggregate network levels without class mapping,evaluated_paper,https://www.usenix.org/conference/usenixsecurity20/presentation/yu,3,,§3.1 Data Collection,"The corpus spans 176 Wi-Fi networks in seven countries and diverse ownership types, but no class-by-network table is reported.",
EVD1020,P42485,DS-P42485-LUMOS,,,role,nine-class view,evaluated_paper,https://www.usenix.org/conference/usenixsecurity22/presentation/sharma-rahul,6,,§4.2,"The classifier has nine device-type classes: camera, speaker, TV, plug, security systems, vacuum, kitchen appliances, bulb, and doorbell.",
EVD1021,P42485,DS-P42485-LUMOS,,,client,within-class multi-model support without a global model pair,evaluated_paper,https://www.usenix.org/conference/usenixsecurity22/presentation/sharma-rahul,10,,Table 2,"Every device category contains at least two distinct device models or products, but the model identities differ by class.",
EVD1022,P42485,DS-P42485-LUMOS,,,network,full common deployment-site contrast,evaluated_paper,https://www.usenix.org/conference/usenixsecurity22/presentation/sharma-rahul,10,,§6 Experimental Setup and Appendix A,The training setup and Lab-High are distinct fresh deployments and both contain devices from every category; additional office and apartment sites contain subsets.,
EVD1023,P42512,DS-P42512-ONLINE-WF,,,role,101-class open-world view,evaluated_paper,https://www.usenix.org/conference/usenixsecurity22/presentation/cherubin,9,,§6.1,The top-100 feature-extractor view uses 100 monitored websites; online evaluation also includes an unmonitored decision.,
EVD1024,P42512,DS-P42512-ONLINE-WF,,,temporal,separated campaigns without full class overlap evidence,evaluated_paper,https://www.usenix.org/conference/usenixsecurity22/presentation/cherubin,9,,§6.1-§6.3,"The corpus contains separate genuine exit-relay campaigns in July 2020 and April 2021, but the paper does not provide a complete shared class mapping across campaigns.",
EVD1025,P42512,DS-P42512-ONLINE-WF,,,network,full paired-vantage class coverage,evaluated_paper,https://www.usenix.org/conference/usenixsecurity22/presentation/cherubin,13,,§6.4,"For each of 922 websites, at least ten controlled crawls were recorded simultaneously at the entry and exit relays.",
EVD1026,P42512,DS-P42512-ONLINE-WF,,,client,client provenance contrast is not a condition-addressable full task,evaluated_paper,https://www.usenix.org/conference/usenixsecurity22/presentation/cherubin,8,,§5.2 Phase II,"Synthetic Tor Browser/Selenium traffic is compared with heterogeneous genuine exit traffic, but only selected monitored sets and no identifiable genuine client-stack levels are reported.",
EVD1027,P42624,DS-P42624-WTW-AMAZON,,,role,"role, label view, and sample count",evaluated_paper,https://www.usenix.org/conference/usenixsecurity22/presentation/bae,9,,Table 2,Watching the Watchers Amazon corpus contains 1210 fresh commercial-LTE traces for 32 Amazon Prime Video title classes.,
EVD1028,P42624,DS-P42624-WTW-AMAZONDT,,,role,"role, label view, and sample count",evaluated_paper,https://www.usenix.org/conference/usenixsecurity22/presentation/bae,9,,Table 2,Watching the Watchers AmazonDT corpus contains 310 fresh commercial-LTE traces for 36 Amazon title (also a service-classifier component) classes.,
EVD1029,P42624,DS-P42624-WTW-NETFLIX,,,role,"role, label view, and sample count",evaluated_paper,https://www.usenix.org/conference/usenixsecurity22/presentation/bae,9,,Table 2,Watching the Watchers Netflix corpus contains 1001 fresh commercial-LTE traces for 22 Netflix title classes.,
EVD1030,P42624,DS-P42624-WTW-NETFLIXDT,,,role,"role, label view, and sample count",evaluated_paper,https://www.usenix.org/conference/usenixsecurity22/presentation/bae,9,,Table 2,Watching the Watchers NetflixDT corpus contains 298 fresh commercial-LTE traces for 31 Netflix title (also a service-classifier component) classes.,
EVD1031,P42624,DS-P42624-WTW-TELECONF,,,role,"role, label view, and sample count",evaluated_paper,https://www.usenix.org/conference/usenixsecurity22/presentation/bae,12,,§5.5,Watching the Watchers Teleconf corpus contains 201 fresh commercial-LTE traces used only as unseen/background traffic.,
EVD1032,P42624,DS-P42624-WTW-WEB,,,role,"role, label view, and sample count",evaluated_paper,https://www.usenix.org/conference/usenixsecurity22/presentation/bae,12,,§5.5,Watching the Watchers Web corpus contains 268 fresh commercial-LTE traces used only as unseen/background traffic.,
EVD1033,P42624,DS-P42624-WTW-YOUTUBE100,,,role,"role, label view, and sample count",evaluated_paper,https://www.usenix.org/conference/usenixsecurity22/presentation/bae,9,,Table 2,Watching the Watchers YouTube100 contains 29715 fresh commercial-LTE traces for 100 YouTube video title classes.,
EVD1034,P42624,DS-P42624-WTW-YOUTUBE100,,,network,full provider coverage,evaluated_paper,https://www.usenix.org/conference/usenixsecurity22/presentation/bae,9,,Table 3 and §5.2,"YouTube100 contains all 100 video titles under each of MNO A, B, and C, with provider/resolution-specific trace groups.",
EVD1035,P42624,DS-P42624-WTW-YOUTUBE100,,,client,limited client-stack overlap evidence,evaluated_paper,https://www.usenix.org/conference/usenixsecurity22/presentation/bae,9,,§5.2 Impact of MNOs and devices,The same video title was compared across two handsets and three app versions; coverage for the remaining 99 titles is not specified.,
EVD1036,P42624,DS-P42624-WTW-YOUTUBE200,,,role,"role, label view, and sample count",evaluated_paper,https://www.usenix.org/conference/usenixsecurity22/presentation/bae,9,,Table 2,Watching the Watchers YouTube200 corpus contains 6424 fresh commercial-LTE traces for 200 YouTube video title ranks 101-300 classes.,
EVD1037,P42624,DS-P42624-WTW-YOUTUBE200,,,network,one documented provider condition,evaluated_paper,https://www.usenix.org/conference/usenixsecurity22/presentation/bae,9,,§5.2 Impact of class sizes,YouTube200 was collected as the top-101-300 extension in 1080p using MNO A.,
EVD1038,P42624,DS-P42624-WTW-YOUTUBECA,,,role,"role, label view, and sample count",evaluated_paper,https://www.usenix.org/conference/usenixsecurity22/presentation/bae,9,,Table 2,Watching the Watchers YouTubeCA corpus contains 7383 fresh commercial-LTE traces for 100 YouTube video title under carrier aggregation classes.,
EVD1039,P42624,DS-P42624-WTW-YOUTUBECA,,,network,single provider/overlay setting; class mapping for load levels absent,evaluated_paper,https://www.usenix.org/conference/usenixsecurity22/presentation/bae,14,,§5.3,YouTubeCA contains all 100 titles with carrier aggregation enabled on MNO A; utilization/PRB subsets are reported only in aggregate.,
EVD1040,P42690,DS-P42690-INPUT-AGNOSTIC-KWS-2021,,,role,"label view, dates, and single client setup",evaluated_paper,https://www.usenix.org/conference/usenixsecurity23/presentation/qu,7,,§4.1 Dataset,Input-Agnostic KWS corpus was collected from 2021-04-13 to 2021-04-15; it has 50 classes and uses Android simulator running the Baidu search app.,
EVD1041,P42690,DS-P42690-INPUT-AGNOSTIC-SWF-2020,,,role,"label view, dates, and single client setup",evaluated_paper,https://www.usenix.org/conference/usenixsecurity23/presentation/qu,7,,§4.1 Dataset,Input-Agnostic SWF corpus was collected from 2020-10-26 to 2020-11-02; it has 24 classes and uses Chrome browser through Shadowsocks.,
EVD1042,P43001,DS-P43001-ROSETTA-APPLICATION,,,role,class count and six-environment coverage,evaluated_paper,https://www.usenix.org/conference/usenixsecurity23/presentation/xie,6,,§3.2.1 and Table 3,"Rosetta real-application corpus contains 292,523 TLS flows for 6 classes, collected in each of six environments τ1-τ6.",
EVD1043,P43001,DS-P43001-ROSETTA-APPLICATION,,,network,full common network condition coverage,evaluated_paper,https://www.usenix.org/conference/usenixsecurity23/presentation/xie,6,,Table 3,"The six environments are China/Korea/USA wired, China Wi-Fi, China 4G LTE, and China 3G WCDMA; the same class list is collected in each.",
EVD1044,P43001,DS-P43001-ROSETTA-WEBSITE,,,role,class count and six-environment coverage,evaluated_paper,https://www.usenix.org/conference/usenixsecurity23/presentation/xie,6,,§3.2.1 and Table 3,"Rosetta real-website corpus contains 1,800,000 TLS flows for 12 classes, collected in each of six environments τ1-τ6.",
EVD1045,P43001,DS-P43001-ROSETTA-WEBSITE,,,network,full common network condition coverage,evaluated_paper,https://www.usenix.org/conference/usenixsecurity23/presentation/xie,6,,Table 3,"The six environments are China/Korea/USA wired, China Wi-Fi, China 4G LTE, and China 3G WCDMA; the same class list is collected in each.",
EVD1046,P43001,DS-P43001-ROSETTA-WEBSITE,,,temporal,single 14-day campaign,evaluated_paper,https://www.usenix.org/conference/usenixsecurity23/presentation/xie,6,,§3.2.1,The website corpus was collected for 14 days as one coordinated campaign.,
EVD1047,P43021,DS-P43021-VA-FP,,,role,qualifying multiclass role,evaluated_paper,https://www.usenix.org/conference/usenixsecurity23/presentation/ahmed-dilawer,6,,Table 2,"The corpus contains multiple qualifying voice-command label views, including 50-command and 100-command sets.",
EVD1048,P43021,DS-P43021-VA-FP,,,client,full 50-class composite client/network recapture,evaluated_paper,https://www.usenix.org/conference/usenixsecurity23/presentation/ahmed-dilawer,12,,§5.7 Generalization,"A 50-command Alexa dataset was recollected on a different Echo Dot generation and a different network/ISP, then classified with the original-lab model.",
EVD1049,P43021,DS-P43021-VA-FP,,,client,cross-platform partial label stability,evaluated_paper,https://www.usenix.org/conference/usenixsecurity23/presentation/ahmed-dilawer,11,,§5.6 and Table 4,"Fifty mostly overlapping simple commands were also captured on Alexa, Google Assistant, and Siri devices; some commands differ by platform.",
EVD1050,P43021,DS-P43021-VA-FP,,,temporal,short multi-session evidence without common temporal pair,evaluated_paper,https://www.usenix.org/conference/usenixsecurity23/presentation/ahmed-dilawer,14,,§6 Real-world evaluation,"Five one-hour sessions were collected across five days, but the 15 command classes were invoked randomly and are not mapped to a common day pair.",
EVD1051,P43021,DS-P43021-VA-FP,,,role,100-class mixed Alexa view,evaluated_paper,https://www.usenix.org/conference/usenixsecurity23/presentation/ahmed-dilawer,6,,Table 2,"mix_100_alexa contains 45 simple commands, 40 skills, and 15 streaming commands, 100 samples per class, with background traffic.",
EVD1052,P43500,DS-P43500-P43500-ALEXA-WSC-BG,,,role,"role, class count, and client version",evaluated_paper,https://www.usenix.org/conference/usenixsecurity24/presentation/mitseva,7,,§5 Datasets and Network Traffic Collection,ALEXA-WSC-BG uses Tor Browser 7.5.6; it contains 5000 background/unmonitored website identity labels and one trace per page.,
EVD1053,P43500,DS-P43500-P43500-ALEXA-WSC-FG,,,role,"role, class count, and client version",evaluated_paper,https://www.usenix.org/conference/usenixsecurity24/presentation/mitseva,7,,§5 Datasets and Network Traffic Collection,ALEXA-WSC-FG uses Tor Browser 7.5.6; it contains 100 website identity represented by sets of subpages labels and 90 traces per non-index page and 20 per index page.,
EVD1054,P43500,DS-P43500-P43500-ALEXA-WSC-HMM,,,role,"role, class count, and client version",evaluated_paper,https://www.usenix.org/conference/usenixsecurity24/presentation/mitseva,7,,§5 Datasets and Network Traffic Collection,ALEXA-WSC-HMM uses Tor Browser 7.5.6; it contains 100 website identity over page-sequence sessions labels and 10 user sessions per website.,
EVD1055,P43500,DS-P43500-P43500-TRANCO-WSC-FG,,,role,"role, class count, and client version",evaluated_paper,https://www.usenix.org/conference/usenixsecurity24/presentation/mitseva,7,,§5 Datasets and Network Traffic Collection,TRANCO-WSC-FG uses Tor Browser 12.5.3; it contains 100 website identity represented by sets of subpages labels and one trace per page.,
EVD1056,P39132,DS-P39132-PROTOCOL-WF,,,client,one documented client-stack condition for the Wikipedia view,evaluated_paper,https://doi.org/10.1145/3678890.3678910,18,,Appendix A,Wikipedia URLs are collected by the paper's Selenium-controlled Chrome crawler in isolated Docker containers; no second client stack is documented for this label view.,
EVD1057,P39132,DS-P39132-PROTOCOL-WF,,,client,one documented client-stack condition for the IMDb view,evaluated_paper,https://doi.org/10.1145/3678890.3678910,18,,Appendix A,IMDb URLs are collected by the paper's Selenium-controlled Chrome crawler in isolated Docker containers; no second client stack is documented for this label view.,
EVD1058,P42020,DS-P42020-OWL-PUBLIC-WIFI-2019,,,client,client coverage is not established for the 34-class device-type view,evaluated_paper,https://www.usenix.org/conference/usenixsecurity20/presentation/yu,2,,§2 and §5,"OWL predicts device type and manufacturer-type-model, but does not report an orthogonal within-device-type table for hardware, operating-system, or software-stack levels.",
EVD1059,P42020,DS-P42020-OWL-PUBLIC-WIFI-2019,,,client,client model is label-defining for the 410-class view,evaluated_paper,https://www.usenix.org/conference/usenixsecurity20/presentation/yu,2,,§2 and §5,"The fine-grained 410-way target is the manufacturer-type-model identity itself, so those model identities cannot also serve as an orthogonal nuisance client condition.",
EVD1060,P42020,DS-P42020-OWL-PUBLIC-WIFI-2019,,,temporal,multi-month aggregate span without per-model temporal coverage,evaluated_paper,https://www.usenix.org/conference/usenixsecurity20/presentation/yu,3,,§3.1 Data Collection,"Traffic was collected from January through July 2019 in sessions on 176 Wi-Fi networks, but dates are not mapped to each manufacturer-type-model label.",
EVD1061,P42020,DS-P42020-OWL-PUBLIC-WIFI-2019,,,network,many aggregate network levels without per-model mapping,evaluated_paper,https://www.usenix.org/conference/usenixsecurity20/presentation/yu,3,,§3.1 Data Collection,"The corpus spans 176 Wi-Fi networks in seven countries and diverse ownership types, but no manufacturer-type-model-by-network table is reported.",
EVD1062,P42512,DS-P42512-ONLINE-WF,,,client,one documented client stack for the paired-vantage view,evaluated_paper,https://www.usenix.org/conference/usenixsecurity22/presentation/cherubin,13,,§6.4,The 922-site paired-vantage subset was generated by the same controlled crawler actions while recording both relay positions; no second crawler/client stack is reported.,
EVD1063,P42512,DS-P42512-ONLINE-WF,,,network,paired-vantage evidence does not establish full network coverage for the main view,evaluated_paper,https://www.usenix.org/conference/usenixsecurity22/presentation/cherubin,13,,§6.4,Complete entry/exit pairing is documented for a separate 922-site subset; the paper does not establish that pair for every class in the top-100-plus-unmonitored view.,
EVD1064,P43021,DS-P43021-VA-FP,,,network,full 50-class composite network recapture,evaluated_paper,https://www.usenix.org/conference/usenixsecurity23/presentation/ahmed-dilawer,12,,§5.7 Generalization,"The same 50 Alexa command labels were recollected on a different network and ISP, together with a different Echo Dot generation, and evaluated with the original-lab model.",
EVD1065,P43021,DS-P43021-VA-FP,,,client,one documented client condition for all 100 classes,evaluated_paper,https://www.usenix.org/conference/usenixsecurity23/presentation/ahmed-dilawer,6,,Table 2 and §3 data collection,mix_100_alexa is a 100-class Alexa-platform collection; the paper documents one assistant/device context for this full label view.,
EVD1066,P43021,DS-P43021-VA-FP,,,network,one documented network condition for all 100 classes,evaluated_paper,https://www.usenix.org/conference/usenixsecurity23/presentation/ahmed-dilawer,6,,§3 data collection and Table 2,The 100-class mix_100_alexa traces were captured in one router environment; added overlapping background traffic came from devices attached to that same router and is not a second network condition.,
EVD1067,P44828,DS-P44828-INTRADOMAIN-WPF,,,label_view,scenario-specific webpage/profile label views,evaluated_paper,https://doi.org/10.1145/3442381.3450008,6,,Dataset collection,"D1 contains 1,000 page/profile labels per social-media site; D2 contains 300 per site; D3 and D5 use further monitored/open-world or Tor subsets.",
EVD1068,P44828,DS-P44828-INTRADOMAIN-WPF,,,network,two sites without demonstrated class overlap,evaluated_paper,https://doi.org/10.1145/3442381.3450008,6,,Dataset collection,"D1 was captured at Campus A and D2 at Campus B, but the paper does not establish that the same page/profile identities occur in both captures.",
EVD1069,P45721,DS-P45721-APPSNIFFER,,,label_view,100-class app identity,evaluated_paper,https://doi.org/10.1145/3543507.3583473,5,,5.1 Dataset,The main benchmark contains 100 mobile applications with 100 traces per application in each normal or VPN setting.,
EVD1070,P45721,DS-P45721-APPSNIFFER,,,network,full app overlap across five overlay conditions,evaluated_paper,https://doi.org/10.1145/3543507.3583473,5,,5.1 Dataset / Tables 2-3,"Fresh traffic for the same 100 applications was collected without VPN and through SuperVPN, TurboVPN, NordVPN, and Surfshark.",
EVD1071,P45879,DS-P45879-LOW-OVERHEAD-WF,,,client,full webpage overlap across three browsers,evaluated_paper,https://doi.org/10.1145/3543507.3583200,6,,5 Evaluation,"Traffic for the same monitored URL task was collected using Google Chrome, Microsoft Edge, and Mozilla Firefox.",
EVD1072,P45879,DS-P45879-LOW-OVERHEAD-WF,,,label_view,100 monitored website classes,evaluated_paper,https://doi.org/10.1145/3543507.3583200,6,,5 Evaluation,"The monitored view contains 100 URLs with 100 visits each; an additional 1,000 URLs form open-world background.",
EVD1073,P46267,DS-P46267-TFE-GNN-WWT,,,label_view,27 reported fine-grained classes,evaluated_paper,https://doi.org/10.1145/3543507.3583227,6,,4.1.1 Datasets / Tables 1-2,"WWT reports 12 WeChat, 9 WhatsApp, and 6 Telegram action/service classes.",
EVD1074,P46522,DS-P46522-CF-2022-2023,,,label_view,500 monitored website classes,evaluated_paper,https://doi.org/10.1145/3589334.3645575,6,,4.1.1 Datasets,CF500 contains 500 monitored websites; CF9000 is unmonitored/background traffic.,
EVD1075,P46522,DS-P46522-CF-2022-2023,,,temporal,overall collection interval without class-to-month mapping,evaluated_paper,https://doi.org/10.1145/3589334.3645575,11,,Appendix / dataset discussion,The real Tor traffic was collected between October 2022 and February 2023.,
EVD1076,P47353,DS-P47353-DECETT,,,label_view,54 app classes,evaluated_paper,https://doi.org/10.1145/3696410.3714643,6,,5.1 Dataset / Table 1,The corpus contains 54 applications under each of five encrypted tunnels.,
EVD1077,P47353,DS-P47353-DECETT,,,network,full class overlap across tunnel conditions,evaluated_paper,https://doi.org/10.1145/3696410.3714643,6,,5.1 Dataset / Table 1,"Volunteers interacted with the same 54 applications separately through Shadowsocks, ShadowsocksR, V2Ray, Trojan, and OpenVPN.",
EVD1078,P47584,DS-P47584-HOLMES-WATSON,,,client,full browser/version overlap,evaluated_paper,https://doi.org/10.1145/3696410.3714578,13,,Appendix F Browser dataset,"The same top 200 websites were captured with Chrome v126, Chrome v104, and Firefox v129.",
EVD1079,P47584,DS-P47584-HOLMES-WATSON,,,label_view,common 200-class subset,evaluated_paper,https://doi.org/10.1145/3696410.3714578,13,,Appendix F Dataset details,"The bandwidth, browser, and 0/18/30-day scenarios use the top 200 websites with 40 retained samples per website.",
EVD1080,P47584,DS-P47584-HOLMES-WATSON,,,network,full controlled-network overlap,evaluated_paper,https://doi.org/10.1145/3696410.3714578,13,,Appendix F Bandwidth dataset / Table 6,"The same top 200 websites were captured under unconstrained, Starlink-like, and slow controlled bandwidth/latency/loss profiles.",
EVD1081,P47584,DS-P47584-HOLMES-WATSON,,,temporal,full 0/18/30-day class overlap,evaluated_paper,https://doi.org/10.1145/3696410.3714578,13,,Appendix F Time-Drift dataset,"The same top-200 task uses the CW-popular reference at day 0, unconstrained-bandwidth capture at day 18, and Chrome capture at day 30 with consistent collection environment.",
EVD1082,P48246,DS-P48246-GANDALF,,,label_view,monitored page/domain label view,evaluated_paper,https://doi.org/10.2478/POPETS-2021-0029,5,,3 Datasets,GDLF25 contains monitored subpage traces drawn from 25 monitored domains.,
EVD1083,P48246,DS-P48246-GANDALF,,,temporal,old background does not establish within-class temporal coverage,evaluated_paper,https://doi.org/10.2478/POPETS-2021-0029,14,,6 Evaluation,GDLF-OW-old is unmonitored background collected about three months before GDLF25; it does not contain the monitored multiclass label space.,
EVD1084,P48290,DS-P48290-QUIC-TCP-WF-2021,,,client,single client-stack configuration,evaluated_paper,https://doi.org/10.2478/POPETS-2021-0017,5,,Collection infrastructure,All captures used 15 Chromium instances in containers on one RedHat Linux virtual machine; the instances replicated one client-stack configuration.,
EVD1085,P48290,DS-P48290-QUIC-TCP-WF-2021,,,label_view,100 monitored website classes,evaluated_paper,https://doi.org/10.2478/POPETS-2021-0017,4,,4 Combined QUIC-TCP Dataset / Table 1,"The monitored set contains 100 URLs with 200 traces each, balanced across TCP and QUIC.",
EVD1086,P48290,DS-P48290-QUIC-TCP-WF-2021,,,network,full website overlap across three gateway locations,evaluated_paper,https://doi.org/10.2478/POPETS-2021-0017,4,,Table 1 and 4.2 Collecting the Traces,"For every monitored webpage, traffic was captured through WireGuard gateways in New York, Frankfurt, and Bengaluru, with about 33 traces per protocol and gateway.",
EVD1087,P48305,DS-P48305-HOMESNITCH-FLORIDA-2020,,,label_view,24-class device-type view and collection scope,evaluated_paper,https://doi.org/10.2478/POPETS-2022-0057,3,,3.2 Datasets / Table 1,The Florida HomeSnitch capture contains 24 unique IoT device types (28 physical instances) and was collected continuously for about 12 days in early 2020.,
EVD1088,P48305,DS-P48305-HOMESNITCH-FLORIDA-2020,,,network,single capture site/network,evaluated_paper,https://doi.org/10.2478/POPETS-2022-0057,3,,Table 1,HomeSnitch is one continuous capture from a single US-Florida setting.,
EVD1089,P48305,DS-P48305-IOT-GENERALIZABILITY-OWN-NC-2020,,,label_view,8-class device view and collection scope,evaluated_paper,https://doi.org/10.2478/POPETS-2022-0057,3,,3.2 Datasets / Table 1,The authors' North Carolina lab corpus contains 8 IoT device types/instances and about 11 days of continuous traffic in early 2020.,
EVD1090,P48305,DS-P48305-IOT-GENERALIZABILITY-OWN-NC-2020,,,network,single lab network,evaluated_paper,https://doi.org/10.2478/POPETS-2022-0057,3,,3.2 Datasets,The authors collected this corpus in one North Carolina laboratory through a single OpenWRT-router setup.,
EVD1091,P48443,DS-P48443-EXPLAINWF-LIVE-TOR,,,label_view,98-class live-Tor view,evaluated_paper,https://doi.org/10.56553/POPETS-2023-0125,7,,3.3.2 Data collection,"The live-Tor wget2 dataset contains 98 webpages, each visited 200 times.",
EVD1092,P48443,DS-P48443-EXPLAINWF-SHADOW,,,client,single client-stack configuration,evaluated_paper,https://doi.org/10.56553/POPETS-2023-0125,8,,4.1.2 Web Clients and Servers,All nine configurations use an identical set of wget2 web-client and server hosts.,
EVD1093,P48443,DS-P48443-EXPLAINWF-SHADOW,,,label_view,98 classes in every simulation configuration,evaluated_paper,https://doi.org/10.56553/POPETS-2023-0125,8,,4.1 Datasets,Each of nine Shadow datasets contains 300 traces for each of the same 98 webpages.,
EVD1094,P48443,DS-P48443-EXPLAINWF-SHADOW,,,network,full crossed synthetic-network coverage,evaluated_paper,https://doi.org/10.56553/POPETS-2023-0125,8,,4.1 Simulation datasets,"Nine configurations cross three Tor-network seeds with low, base, and high load; two independent Shadow simulations are collated per configuration.",
EVD1095,P48443,DS-P48443-EXPLAINWF-SHADOW,,,temporal,no fresh temporal capture,evaluated_paper,https://doi.org/10.56553/POPETS-2023-0125,8,,4.1 Simulation datasets,The traces are generated in Shadow simulations from configuration files rather than collected in fresh real-world temporal campaigns.,
EVD1096,P48659,DS-P48659-LONGENOUGH,,,client,single client-stack configuration,evaluated_paper,https://doi.org/10.56553/POPETS-2024-0112,4,,3.1 Framework,All captures use the same dash.js/Selenium browser setup on the same two Ubuntu 22.04 machines; parallel namespaces replicate the configuration.,
EVD1097,P48659,DS-P48659-LONGENOUGH,,,label_view,100 video classes,evaluated_paper,https://doi.org/10.56553/POPETS-2024-0112,4,,3.2 Datasets,"LongEnough contains 100 videos, ten starting points, and ten independent traces per starting point, giving 100 traces per video.",
EVD1098,P48659,DS-P48659-LONGENOUGH,,,network,full video overlap across controlled bandwidth regimes,evaluated_paper,https://doi.org/10.56553/POPETS-2024-0112,5,,3.2 Datasets and Appendix B,The same 100-video collection design is repeated under a constant 100-Mbps setup and under independently randomized LTE-derived bandwidth traces.,
EVD1099,P39771,DS-PEERRUSH,,,label_view,three-class application view,evaluated_paper,https://doi.org/10.1145/3718958.3750529,9,,7.1 Experiment Setup,"PeerRush contains three P2P application classes: eMule, uTorrent, and Vuze.",
EVD1100,P48305,DS-PINGPONG-IOT,,,label_view,17 device classes and duration,evaluated_paper,https://doi.org/10.2478/POPETS-2022-0057,3,,3.2 Datasets / Table 1,"The PingPong view has 17 unique IoT device types (18 instances), collected as event-based traffic for about 51 days in California.",
EVD1101,P48305,DS-PINGPONG-IOT,,,network,single capture site/network,evaluated_paper,https://doi.org/10.2478/POPETS-2022-0057,3,,Table 1,PingPong is a single US-California laboratory/event capture.,
EVD1102,P17818,DS-RECON-APPVERSIONS,,,client,partial client-version evidence,evaluated_paper,https://www.ndss-symposium.org/ndss-paper/flowprint-semi-supervised-mobile-app-fingerprinting-on-encrypted-network-traffic/,2,,II-A Datasets,"The corpus includes multiple application versions and was generated using five Android devices, but full app-to-version/device coverage is not reported.",
EVD1103,P17818,DS-RECON-APPVERSIONS,,,label_view,512-class app view with a documented five-app longitudinal subset,evaluated_paper,https://www.ndss-symposium.org/ndss-paper/flowprint-semi-supervised-mobile-app-fingerprinting-on-encrypted-network-traffic/,2,,II-A Datasets / Table I,ReCon contains 512 Android app classes; traffic was generated on five Android devices. Five extended apps were captured daily over about two weeks and include multiple version releases.,
EVD1104,P17818,DS-RECON-APPVERSIONS,,,temporal,overall and extended capture dates,evaluated_paper,https://www.ndss-symposium.org/ndss-paper/flowprint-semi-supervised-mobile-app-fingerprinting-on-encrypted-network-traffic/,2,,Table I,The evaluated ReCon snapshot runs from 24 January to 6 May 2017; the five-app extended subset runs from 21 April to 6 May 2017.,
EVD1105,P14374,DS-SHAME-ALEXA-2021,,,client,single client device/model,evaluated_paper,https://doi.org/10.1145/3634737.3657017,6,,4.4 Comparison datasets,All reported samples use an Amazon Echo Dot second-generation client device.,
EVD1106,P14374,DS-SHAME-ALEXA-2021,,,label_view,20 command classes,evaluated_paper,https://doi.org/10.1145/3634737.3657017,6,,4.4 Comparison datasets,SHAME contains 20 Alexa voice-command classes with 800 samples per command.,
EVD1107,P48305,DS-SIVANATHAN-IOT-2018,,,label_view,19 device classes,evaluated_paper,https://doi.org/10.2478/POPETS-2022-0057,3,,3.2 Datasets / Table 1,The paper-selected view has 19 IoT device types and continuous traffic from one Australian smart environment; P38868 uses an eight-day subset.,
EVD1108,P48305,DS-SIVANATHAN-IOT-2018,,,network,single capture site/network,evaluated_paper,https://doi.org/10.2478/POPETS-2022-0057,3,,Table 1,"The corpus is one continuous capture from Sydney, Australia.",
EVD1109,P38868,DS-SIVANATHAN-IOT-2018,,,temporal,eight-day timestamped subset,evaluated_paper,https://www.usenix.org/conference/nsdi25/presentation/wan-gerry,9,,5.1 Applications and datasets / Appendix B,"The evaluated UNSW IoT subset contains about 134,000 connections over eight days in September 2016.",
EVD1110,P46427,DS-SJTU-AN21,,,label_view,exact ten-class view and common train/test class mapping,artifact_manifest,https://drive.google.com/file/d/1MJ2Elbd7eTKYD3GCe2HAW830QxAsmLkI/view?usp=sharing,,,ZIP central directory (35 entries; byte-range inspection),"The released archive names ten service categories—five Tor, four I2P, and one JonDonym—and contains both train and test capture files for every category.",
EVD1111,P46427,DS-SJTU-AN21,,,network,full task across two network environments,evaluated_paper,https://doi.org/10.1145/3589334.3645691,6,,4.1.1 Datasets,Section 4.1.1 states that SJTU-AN21 provides a separate test set collected in a different network environment from the training set.,
EVD1112,P13883,DS-STRATOSPHERE-CURRENT-MALWARE-2013-2018-BOTECTION,,,label_view,bot-family labels in selected current captures,evaluated_paper,https://doi.org/10.1145/3320269.3372202,5,,3.1 Datasets,The selected Stratosphere captures include current malware first seen from 2013-2018; some newer families also contribute to the multiclass bot-family corpus.,
EVD1113,P13883,DS-STRATOSPHERE-CURRENT-MALWARE-2013-2018-BOTECTION,,,temporal,long overall span without within-family mapping,evaluated_paper,https://doi.org/10.1145/3320269.3372202,5,,3.1 Datasets,"First-seen years were verified with VirusTotal and span 2013 through 2018, but family-by-year repeated coverage is not reported.",
EVD1114,P14774,DS-STRATOSPHERE-IOT-MALWARE-NETML,,,label_view,19-class netML IoT label view,evaluated_paper,https://doi.org/10.1145/3460120.3484758,2,,Table 1 / 5.4.1,The netML IoT view is evaluated with 19 malware/traffic labels (and a separate binary view).,
EVD1115,P14774,DS-STREAMING-VIDEO-PROVIDERS-BRONZINO-2019,,,label_view,four streaming-provider labels,evaluated_paper,https://doi.org/10.1145/3460120.3484758,2,,Table 1 / 5.4.3,The streaming-video task has four provider classes.,
EVD1116,P48205,DS-TIKTOK-LIVE-WALKIE-TALKIE-2019,,,label_view,100 monitored website classes,evaluated_paper,https://doi.org/10.2478/POPETS-2020-0043,12,,5.2 Real-world Walkie-Talkie / Table 2,"The live Walkie-Talkie dataset has 100 sensitive website classes, 750 instances per class, and random pairings with 10,000 nonsensitive sites.",
EVD1117,P48205,DS-TIKTOK-LIVE-WALKIE-TALKIE-2019,,,network,network variation without addressable common levels,evaluated_paper,https://doi.org/10.2478/POPETS-2020-0043,13,,Evaluation split,"A new Tor circuit is created for every visit, but relay/path identities are not retained as common condition labels.",
EVD1118,P46578,DS-TON-IOT,,,label_view,attack-type label view,evaluated_paper,https://doi.org/10.1145/3589334.3645457,6,,4.1 Experimental Setup,The evaluated NF-ToN-IoT-V2 traffic derives from ToN-IoT and is used for multiclass attack-type classification.,
EVD1119,,DS-TON-IOT,,,network,single controlled testbed environment,official_dataset_page,https://research.unsw.edu.au/projects/toniot-datasets,,,,"The network traffic was generated in one designed Cyber Range/IoT Lab testbed at UNSW Canberra, with several hosts and IoT/cloud/edge components inside that testbed.",
EVD1120,P42690,DS-UAV-ACTIVITY-LABAYEN-2020,,,label_view,public activity dataset use,evaluated_paper,https://www.usenix.org/conference/usenixsecurity23/presentation/qu,6,,4.1 Datasets,The public UAV/user-activity dataset is used for multiclass activity classification.,
EVD1121,,DS-UAV-ACTIVITY-LABAYEN-2020,,,label_view,five-class label view and single-user provenance,official_dataset_page,https://data.mendeley.com/datasets/5pmnkshffm/3,,,,"Version 3 contains five activity labels—Video, Bulk, Idle, Web, and Interactive—and 159 traffic traces captured from a single user.",
EVD1122,,DS-UNSW-NB15,,,client,known generation platform but unknown client-condition mapping for the seven-class view,official_dataset_page,https://research.unsw.edu.au/projects/unsw-nb15-dataset,,,,The canonical corpus was generated using IXIA PerfectStorm in the UNSW Canberra Cyber Range Lab; client configurations are not mapped to the seven retained categories.,
EVD1123,,DS-UNSW-NB15,,,label_view,ten canonical classes and provenance,official_dataset_page,https://research.unsw.edu.au/projects/unsw-nb15-dataset,,,,The canonical corpus contains normal traffic and nine attack categories generated with IXIA PerfectStorm in the UNSW Canberra Cyber Range Lab.,
EVD1124,P38798,DS-UNSW-NB15,,,label_view,seven-class paper-selected view,evaluated_paper,https://www.usenix.org/conference/nsdi24/presentation/jafri,10,,7.2 Datasets / appendix,Leo reports a seven-class UNSW-NB15 evaluation in addition to a binary view.,
EVD1125,,DS-UNSW-NB15,,,network,single controlled testbed,official_dataset_page,https://research.unsw.edu.au/projects/unsw-nb15-dataset,,,,All normal and synthetic attack traffic was generated in one UNSW Canberra Cyber Range Lab environment.,
EVD1126,,DS-UNSW-NB15,,,network,single controlled testbed for the seven-class view,official_dataset_page,https://research.unsw.edu.au/projects/unsw-nb15-dataset,,,,The seven-class view is a subset of traffic generated in one UNSW Canberra Cyber Range Lab environment.,
EVD1127,,DS-UNSW-NB15,,,temporal,short timestamped capture without class mapping,official_dataset_page,https://www.unb.ca/cic/datasets/cic-unsw-nb15.html,,,,The institutional CIC page reports that the original UNSW-NB15 packet capture spans two days; it does not provide a class-by-day coverage matrix.,
EVD1128,,DS-UNSW-NB15,,,temporal,short timestamped capture without class mapping for the seven-class view,official_dataset_page,https://www.unb.ca/cic/datasets/cic-unsw-nb15.html,,,,The institutional CIC page reports that the original UNSW-NB15 packet capture spans two days; it does not provide a class-by-day coverage matrix for the seven-class paper subset.,
EVD1129,,DS-USTC-TFC-2016,,,label_view,class-separated files with missing condition metadata,official_repository,https://github.com/yungshenglu/USTC-TFC2016,,,,"The public artifact stores each named benign application or malware family in class-named PCAP/archive files but provides no collection-date, client-stack, or network-condition manifest.",
EVD1130,P45261,DS-USTC-TFC-2016,,,label_view,20-class canonical view,evaluated_paper,https://doi.org/10.1145/3485447.3512217,5,,4.1.1 Datasets and Downstream Tasks / Table 1,USTC-TFC2016 contains ten benign application categories and ten malware-family categories.,
EVD1131,P48758,DS-WALSH-VIDEO-2024,,,label_view,60 video classes,evaluated_paper,https://doi.org/10.56553/POPETS-2025-0123,7,,4.4 Experimental Setup,The monitored view contains 60 Vimeo video classes with 90 samples each in both HTTPS-only and Tor captures.,
EVD1132,P48758,DS-WALSH-VIDEO-2024,,,network,full video overlap across ten vantages,evaluated_paper,https://doi.org/10.56553/POPETS-2025-0123,10,,5.1.1 Experimental Setup,Each of the same 60 monitored videos has samples collected from all ten AWS geographic vantage points.,
EVD1133,P48758,DS-WALSH-VIDEO-2024,,,network,named geography/vantage levels,evaluated_paper,https://doi.org/10.56553/POPETS-2025-0123,15,,Appendix B / Table 6,Table 6 identifies the ten AWS geographic capture locations.,
EVD1134,,DS-WANG-WF-2014,,,label_view,public artifact without condition mapping,official_dataset_page,https://www.cs.sfu.ca/~taowang/wf/data/,,,,"The author page distributes the USENIX 2014 cell-trace archive but does not expose a condition manifest for capture dates, client stacks, or access networks.",
EVD1135,P46522,DS-WANG-WF-2014,,,label_view,100 monitored website classes,evaluated_paper,https://doi.org/10.1145/3589334.3645575,6,,4.1.1 Datasets,Wang100 is the 100-site monitored partition; Wang9000 is open-world background from the same release.,
EVD1136,P48305,DS-YOURTHINGS-2019,,,label_view,45 device classes and duration,evaluated_paper,https://doi.org/10.2478/POPETS-2022-0057,3,,3.2 Datasets / Table 1,"The YourThings snapshot contains 45 unique IoT device types/instances and about 11 days of continuous traffic in Georgia, US.",
EVD1137,P48305,DS-YOURTHINGS-2019,,,network,single capture site/network,evaluated_paper,https://doi.org/10.2478/POPETS-2022-0057,3,,Table 1,YourThings is one continuous smart-home capture from a single US-Georgia setting.,
EVD1138,P43021,DS-DEEPVC-ALEXA-2019,,,role,Dataset use and evaluated label/task role; not condition coverage.,evaluated_paper,https://www.usenix.org/conference/usenixsecurity23/presentation/ahmed-dilawer,6,6,Dataset comparison,We compare against the prior DeepVC/Alexa command dataset [29].,
EVD1139,P46578,DS-CSE-CIC-IDS-2018,,,role,Dataset use and evaluated label/task role; not condition coverage.,evaluated_paper,https://doi.org/10.1145/3589334.3645457,6,6,4.1 Experimental Setup,We evaluate MPGNN on two real-world datasets: NF-ToN-IoT-V2 and NF-CSE-CIC-IDS2018-V2.,
EVD1140,P41766,DS-ISCX-VPN-2016,,,role,Dataset use and evaluated label/task role; not condition coverage.,evaluated_paper,https://doi.org/10.1109/SP61157.2025.00102,7,7,Fine-tuning datasets,ISCXVPN2016 is used for fine-tuning and evaluation.,
EVD1141,P39015,DS-CIC-INVES-ANDMAL-2019,,,role,Dataset use and evaluated label/task role; not condition coverage.,evaluated_paper,https://doi.org/10.1145/3545948.3545983,7,PDF p. 7,6.2 Dataset,"We conduct experiments on one public dataset (CICInvesAndMal2019, as AndMal2019 [58]) ... 39 families.",
EVD1142,P47085,DS-CROSSNET-2021,,,role,Dataset use and evaluated label/task role; not condition coverage.,evaluated_paper,https://doi.org/10.1145/3589334.3645407,6,1613,7.1 Experimental Setup,CrossNet2021 is used as a public evaluation dataset.,
EVD1143,P35345,DS-CIC-IDS-2017,,,role,Dataset use and evaluated label/task role; not condition coverage.,evaluated_paper,http://papers.nips.cc/paper_files/paper/2025/hash/ba1d33849b963efc6b5d3082ad68f480-Abstract-Conference.html,8,8,4.3 Real-world noisy labels,CICIDS2017 is used to evaluate FlowRefiner with naturally noisy traffic labels.,
EVD1144,,DS-BOT-IOT,,,network,Single controlled network environment and class-aligned attack captures.,official_dataset_page,https://research.unsw.edu.au/projects/bot-iot-dataset,,,Dataset description,Normal and botnet traffic were generated in one UNSW Canberra Cyber Range environment and files are separated by attack category.,
EVD1145,,DS-AWF-2017,,,client,Multiple VM instances do not establish distinct client-stack configurations.,dataset_paper,https://tor-wf-dl.distrinet-research.be/Rimmer2018-DLWF.pdf,4,PDF p. 4,IV-A,Collection used identically provisioned OpenStack VMs with Tor 0.2.8.11 and Tor Browser 6.5.,
EVD1146,,DS-AWF-2017,,,network,One local site/access environment; Tor-route variation is a separate overlay/path factor.,dataset_paper,https://tor-wf-dl.distrinet-research.be/Rimmer2018-DLWF.pdf,4,PDF p. 4,IV-A,All collectors ran in one private-cloud environment; Tor entry guards varied and circuit metadata were recorded.,
EVD1147,P39804,DS-CSTNET-TLS13-2021,,,role,Dataset use and evaluated label/task role; not condition coverage.,evaluated_paper,https://doi.org/10.1145/3718958.3750498,6,6,4.1 Dataset Preparation,Table 2 reports the 120-class TLS-120 downstream task.,
EVD1148,P46267,DS-ISCX-VPN-2016,,,role,Dataset use and evaluated label/task role; not condition coverage.,evaluated_paper,https://doi.org/10.1145/3543507.3583227,5,5,4.1.1 Datasets,"We adopt ... ISCX VPN-nonVPN [5], ISCX Tor-nonTor [15], and self-collected WWT.",
EVD1149,P13076,DS-ISCX-TOR-2016,,,role,Dataset use and evaluated label/task role; not condition coverage.,evaluated_paper,https://doi.org/10.1609/AAAI.V39I1.32091,5,1052,Experimental Settings,ISCX-Tor and ISCX-NonTor are evaluated as corresponding portions of the cited Tor traffic corpus.,
EVD1150,P47085,DS-CSE-CIC-IDS-2018,,,role,Dataset use and evaluated label/task role; not condition coverage.,evaluated_paper,https://doi.org/10.1145/3589334.3645407,7,1614,7.2 Evaluation scenarios,The model is trained on IDS2017 and tested on IDS2018 for the time-bias scenario.,
EVD1151,P48207,DS-GRESCHBACH-DNS-TOR-UNMONITORED,,,role,Dataset use and evaluated label/task role; not condition coverage.,evaluated_paper,https://doi.org/10.2478/POPETS-2020-0013,14,PDF p. 14,Open-world simulation,For the large open world we use the unmonitored dataset from Greschbach et al. [24].,
EVD1152,P17323,DS-P42427-FOAP-AUTO,,,role,Dataset use and evaluated label/task role; not condition coverage.,evaluated_paper,https://doi.org/10.1109/DSN64029.2025.00051,7,463,V-A Datasets,FOAP is one of the public app-fingerprinting datasets used for evaluation.,
EVD1153,P47085,DS-CIC-IDS-2017,,,role,Dataset use and evaluated label/task role; not condition coverage.,evaluated_paper,https://doi.org/10.1145/3589334.3645407,7,1614,7.2 Evaluation scenarios,The model is trained on IDS2017 and tested on IDS2018 for the time-bias scenario.,
EVD1154,P16247,DS-CIRA-CIC-DOHBRW-2020,,,role,Dataset use and evaluated label/task role; not condition coverage.,evaluated_paper,https://doi.org/10.1145/3719027.3765073,8,3569,5.1 Datasets,DoHBrw-NetEnv is used as a public dataset and represents traffic in diverse network environments.,
EVD1155,,DS-CSE-CIC-IDS-2018,,,network,One testbed rather than multiple operational network environments.,official_dataset_page,https://www.unb.ca/cic/datasets/ids-2018.html,,,Dataset description,The corpus was generated in one fixed AWS testbed architecture over its scheduled capture period.,
EVD1156,P18222,,,,,rq1_client_condition_evidence,evaluated_paper,https://www.ndss-symposium.org/ndss-paper/low-quality-training-data-only-a-robust-framework-for-detecting-encrypted-malicious-network-traffic/,web,,"Authoritative CIRA-CIC-DoHBrw-2020 dataset description, Sec. 1 and Table 2 | https://www.unb.ca/cic/datasets/dohbrw-2020.html","Benign DoH was generated with Chrome and Firefox, while malicious DoH was generated with dns2tcp, DNSCat2, and Iodine.",high
EVD1157,P14000,DS-MALPHASE-VIRUSTOTAL-SANDBOX-PCAPS,,,role,Dataset use and evaluated label/task role; not condition coverage.,evaluated_paper,https://doi.org/10.1145/3433210.3453101,3,PDF p. 3,3 Dataset collection,We check hashes ... against VirusTotal and download the corresponding network packet captures.,
EVD1158,,DS-CTU-13,,,network,One site/access environment across scenarios.,official_dataset_page,https://stratosphere-ips.org/datasets-ctu13,,,Dataset methodology,All scenarios were observed at the CTU university network edge while malware ran on local virtual machines.,
EVD1159,P45261,DS-CROSS-PLATFORM-2017,,,role,Dataset use and evaluated label/task role; not condition coverage.,evaluated_paper,https://doi.org/10.1145/3485447.3512217,5,PDF p. 5,4.1.1 Datasets and Downstream Tasks,"Cross-Platform(iOS) [37] contains 20,858 flows and 196 application labels.",
EVD1160,P17818,DS-CROSS-PLATFORM-2017,,,temporal,A 31-class temporal subset with more than 12 months separation.,evaluated_paper,https://www.ndss-symposium.org/ndss-paper/flowprint-semi-supervised-mobile-app-fingerprinting-on-encrypted-network-traffic/,12,PDF p. 12,V-E,The original corpus contains 411 app classes; 31 of those apps were recaptured 26 months later.,
EVD1161,,DS-DF-2017,,,temporal,Full class overlap across early and late crawl batches.,dataset_paper,https://www.freehaven.net/anonbib/cache/deepwf-ccs2018.pdf,5,PDF p. 5,Section 4,"Every site was visited in five round-robin chunks, spreading each class over the multi-day crawl.",
EVD1162,P39771,DS-KITSUNE-SSDP-FLOOD,,,role,Dataset use and evaluated label/task role; not condition coverage.,evaluated_paper,https://doi.org/10.1145/3718958.3750529,11,11,7.4 Unsupervised Malicious Traffic Detection,DoS attack traffic uses SSDP Reflection Flood traffic collected from Kitsune [27].,
EVD1163,P14774,DS-ISCX-VPN-2016,,,role,Dataset use and evaluated label/task role; not condition coverage.,evaluated_paper,https://doi.org/10.1145/3460120.3484758,2,PDF p. 2,Dataset/task overview,Table 1 lists netML Non-VPN; Section 5.4 describes recreating it from the ISCX source.,
EVD1164,P17269,DS-CIC-INVES-ANDMAL-2019,,,role,Dataset use and evaluated label/task role; not condition coverage.,evaluated_paper,https://doi.org/10.1109/DSN64029.2025.00052,6,475,IV-B Datasets,"Two publicly available datasets, CICInvesAndMal2019 and BTU, are used alongside the MTA dataset.",
EVD1165,P14374,DS-DEEPVC-ALEXA-2019,,,client,One client device/stack; speaker identity is not a client configuration.,evaluated_paper,https://doi.org/10.1145/3634737.3657017,6,PDF p. 6,4.3,All 100 command classes were captured on one Amazon Echo second-generation device; five human speakers supplied recordings.,
EVD1166,P14774,DS-CROSS-PLATFORM-2017,,,role,Dataset use and evaluated label/task role; not condition coverage.,evaluated_paper,https://doi.org/10.1145/3460120.3484758,2,PDF p. 2,Dataset/task overview,Table 1 lists Cross Platform for mobile app fingerprinting.,
EVD1167,P39771,DS-ISCX-VPN-2016,,,role,Dataset use and evaluated label/task role; not condition coverage.,evaluated_paper,https://doi.org/10.1145/3718958.3750529,9,9,7.1 Experiment Setup,ISCXVPN2016 consists of VPN-encrypted traffic categorized into application/service classes and is split 75/10/15 by flow.,
EVD1168,P46267,DS-ISCX-TOR-2016,,,role,Dataset use and evaluated label/task role; not condition coverage.,evaluated_paper,https://doi.org/10.1145/3543507.3583227,5,5,4.1.1 Datasets,"We adopt ... ISCX VPN-nonVPN [5], ISCX Tor-nonTor [15], and self-collected WWT.",
EVD1169,P43001,DS-CIRA-CIC-DOHBRW-2020,,,network,Controlled replay variants do not create fresh natural network levels under the audit codebook.,evaluated_paper,https://www.usenix.org/conference/usenixsecurity23/presentation/xie,4,PDF p. 4,3.1.1,"The base corpus is replayed under environments theta0-theta6, these are transformations of source traffic rather than independent fresh user captures.",
EVD1170,P44356,DS-ISCX-VPN-2016,,,role,Dataset use and evaluated label/task role; not condition coverage.,evaluated_paper,https://doi.org/10.1145/3366423.3380090,7,PDF p. 7,4.1.1 Datasets,The ISCXVPN dataset contains 15 classes and is used for encrypted traffic classification [8].,
EVD1171,P38761,DS-CIC-IOT-2022,,,role,Dataset use and evaluated label/task role; not condition coverage.,evaluated_paper,https://www.usenix.org/conference/nsdi24/presentation/yan,8,426,7.1 Datasets and tasks,CICIOT2022 is evaluated with three classes.,
EVD1172,P16217,DS-DF-2017,,,role,Dataset use and evaluated label/task role; not condition coverage.,evaluated_paper,https://doi.org/10.1145/3719027.3744795,12,CCS paper page 12,6.1 Datasets,We also evaluate on the public Wang and DF datasets.,
EVD1173,P07480,DS-ISCX-TOR-2016,,,role,Dataset use and evaluated label/task role; not condition coverage.,evaluated_paper,https://doi.org/10.1609/AAAI.V37I4.25674,6,p. 5425,4.2 Comparison,Table 1 reports YaTC accuracy and F1 on ISCXTor2016.,
EVD1174,P39804,DS-CSTNET-TLS13-2021,,,role,Dataset use and evaluated label/task role; not condition coverage.,evaluated_paper,https://doi.org/10.1145/3718958.3750498,5,5,4.1 Dataset Preparation,CSTN-TLS1.3 contains 120 classes corresponding to TLS1.3-enabled websites and is evaluated as TLS-120.,
EVD1175,P38798,DS-CIC-IDS-2017,,,role,Dataset use and evaluated label/task role; not condition coverage.,evaluated_paper,https://www.usenix.org/conference/nsdi24/presentation/jafri,10,1582,7.2 Datasets,CICIDS-2017 ... is converted into a total of 7 classes for our evaluation.,
EVD1176,,DS-AWF-2017,,,temporal,"All 900 classes have repeated, time-ordered batches.",dataset_paper,https://tor-wf-dl.distrinet-research.be/Rimmer2018-DLWF.pdf,4,PDF p. 4,IV-B,"Each 300-site group was collected in 30 round-robin batches over about 14 days; CW900 retains 2,500 traces per site.",
EVD1177,P17269,DS-MALWARE-TRAFFIC-ANALYSIS-NET,,,temporal,Defines the exact evaluated family and capture universe.,evaluated_paper,https://doi.org/10.1109/DSN64029.2025.00052,7,PDF p. 7,IV-B / Table II,"The evaluated MTA release retains 1,000 malware PCAPs from 2018-2023 covering 80 manually labelled families.",
EVD1178,P46522,DS-AWF-2017,,,role,Dataset use and evaluated label/task role; not condition coverage.,evaluated_paper,https://doi.org/10.1145/3589334.3645575,6,1208,4.1.1 Datasets,"The AWF dataset is evaluated through AWF100, AWF775, and AWF9000 partitions.",
EVD1179,P35345,DS-ISCX-VPN-2016,,,role,Dataset use and evaluated label/task role; not condition coverage.,evaluated_paper,http://papers.nips.cc/paper_files/paper/2025/hash/ba1d33849b963efc6b5d3082ad68f480-Abstract-Conference.html,6,6,4.1 Experimental Setup,The evaluation uses four public traffic datasets including ISCXVPN2016.,
EVD1180,P35345,DS-CROSS-PLATFORM-2017,,,role,Dataset use and evaluated label/task role; not condition coverage.,evaluated_paper,http://papers.nips.cc/paper_files/paper/2025/hash/ba1d33849b963efc6b5d3082ad68f480-Abstract-Conference.html,6,6,4.1 Experimental Setup,The evaluation uses CrossPlatform as a public traffic dataset.,
EVD1181,,DS-DF-2017,,,network,One local site/access environment.,dataset_paper,https://www.freehaven.net/anonbib/cache/deepwf-ccs2018.pdf,5,PDF p. 5,Section 4,All ten collectors operated on one university campus; Tor routing is an overlay/path factor.,
EVD1182,P41766,DS-CSTNET-TLS13-2021,,,role,Dataset use and evaluated label/task role; not condition coverage.,evaluated_paper,https://doi.org/10.1109/SP61157.2025.00102,8,8,Fine-tuning datasets,CSTNET-TLS1.3 is used as a fine-tuning classification dataset.,
EVD1183,P07480,DS-CROSS-PLATFORM-2017,,,role,Dataset use and evaluated label/task role; not condition coverage.,evaluated_paper,https://doi.org/10.1609/AAAI.V37I4.25674,7,p. 5426,4.5 Transfer Learning Experiments,We evaluate transfer learning on the Cross-Platform dataset ... Cross-Platform is not part of the unlabeled dataset in the pre-training stage.,
EVD1184,P14774,DS-CIC-IDS-2017,,,label_view,exact eight-class paper-specific attack-type label view,evaluated_paper,https://doi.org/10.1145/3460120.3484758,2,,Table 1; Section 5.4.1 on p. 11,The fine-grained netML CICIDS2017 intrusion task has eight classes; the separate binary variant is outside the multiclass audit.,
EVD1185,P14774,DS-CROSS-PLATFORM-2017,,,label_view,exact three-country paper-specific label view,evaluated_paper,https://doi.org/10.1145/3460120.3484758,12,,Section 5.4.2,"The task predicts China, the United States, or India from each mobile application trace.",
EVD1186,P14774,DS-ISCX-VPN-2016,,,label_view,exact 31-class paper-specific label view,evaluated_paper,https://doi.org/10.1145/3460120.3484758,2,,Table 1,The netML Non-VPN evaluation reports a 31-class fine-grained result separately from the seven- and 18-class results.,
EVD1187,P14774,DS-ISCX-VPN-2016,,,label_view,hierarchical label semantics and exact class counts; the 18- and 31-class views share this cited source,cited_dataset_source,https://arxiv.org/pdf/2004.13006,5,,Section 3.3 and Table 4,"The cited NetML source defines easy, medium, and hard Non-VPN label granularities with seven, 18, and 31 classes; the broad seven labels are P2P, audio, chat, email, file transfer, Tor, and video.",
EVD1188,P14774,DS-ISCX-VPN-2016,,,label_view,exact 18-class paper-specific label view,evaluated_paper,https://doi.org/10.1145/3460120.3484758,2,,Table 1,The netML Non-VPN evaluation reports an 18-class middle-granularity result separately from the seven- and 31-class results.,
EVD1189,P14774,DS-ISCX-VPN-2016,,,label_view,exact seven-class paper-specific label view,evaluated_paper,https://doi.org/10.1145/3460120.3484758,2,,Table 1,"The netML Non-VPN evaluation reports distinct seven-, 18-, and 31-class results; the seven-class row is the top-level task.",
EVD1190,P17815,DS-P17815-ENCRYPTED-DNS,,,label_view,"Exact 1,500-class LOC1 paper task.",evaluated_paper,https://www.ndss-symposium.org/ndss-paper/encrypted-dns-privacy-a-traffic-analysis-perspective/,3,3,Table I,"Table I defines LOC1 as a 1,500-webpage corpus.",
EVD1191,P17815,DS-P17815-ENCRYPTED-DNS,,,temporal,"Full 1,500-class common coverage across five temporal levels and a maximum explicit 56-day separation.",evaluated_paper,https://www.ndss-symposium.org/ndss-paper/encrypted-dns-privacy-a-traffic-analysis-perspective/,8,8,Section V-C.1 and Table V,The temporal experiment divides LOC1 into five consecutive two-week intervals and trains on one interval while testing each other interval with 20 samples per webpage available in every interval.,
EVD1192,P38630,DS-SIVANATHAN-IOT-2018,,,label_view,exact ten-category paper-specific label view,evaluated_paper,https://www.usenix.org/conference/nsdi22/presentation/siracusano,5,516,Section 3.1 and footnote 2,"The task uses nine IoT device categories plus a tenth catch-all other category, balanced at 43,000 flows per category.",
EVD1193,P40493,DS-P40493-HP-OWF,,,label_view,exact 101-output active-client open-world label view,evaluated_paper,https://doi.org/10.1109/SP40000.2020.00015,11,,"Section IV-C, Active client, and Table VIII","The active-client experiment replaces four of the original 100 monitored classes with AJAX1, AJAX2, LINKS1, and LINKS2, retains the other 96 monitored classes, and uses the same open-world unmonitored traffic.",
EVD1194,P39015,,,,,rq1_network_condition_evidence,evaluated_paper,https://doi.org/10.1145/3545948.3545983,7,,Sec. 6.2 Data Collection,Malicious traffic was captured in malware sandboxes. Benign traffic was captured on a campus network and by running benign programs in the sandboxes.,high
EVD1195,P15385,DS-AWF-2017,,,network,addressable broad network-quality-composite capability for a 69-class subset,evaluated_paper,https://doi.org/10.1145/3576915.3616639,10,,Sections 6.1 and 7.2.2,"For each of 69 selected websites, the paper partitions AWF traces into NCM-superior and NCM-inferior groups and reports separate cross-group evaluation.",
EVD1196,P17610,DS-P17610-CHLO,,,network,full-label natural but composite lab-to-home network capability,evaluated_paper,https://doi.org/10.1145/3646547.3688435,10,,"Section 4.3.2, Open-set evaluation","A model fitted on laboratory traffic is evaluated on more than 2,000 independently collected home-network flows spread across all 17 unique user-platform identities; OS and software-agent versions also change.",
EVD1197,P17713,DS-P17713-MULTIMEDIA-NETWORK-TRAFFIC-2025,,,network,full-label natural but composite lab-to-field operational-network capability,evaluated_paper,https://doi.org/10.1145/3730567.3764455,10,,Sections 4.4 and 5,The laboratory-developed classifier is evaluated in the partner ISP deployment network for the same 13 game titles using offline game-server logs as ground truth.,
EVD1198,P17815,DS-P17815-ENCRYPTED-DNS,,,temporal,"five assignable temporal levels, full 700-site interval coverage, and a 56-day best common pair",evaluated_paper,https://www.ndss-symposium.org/ndss-paper/encrypted-dns-privacy-a-traffic-analysis-perspective/,8,8,Section V-C.1 and Table V,LOC1 is collected for ten weeks and divided into five consecutive two-week intervals. Table V trains on one interval and tests every other interval using 20 samples per webpage; the most distant explicit pair is eight weeks.,
EVD1199,P42512,DS-P42512-ONLINE-WF,,,temporal,"configured 1,001-output view, chronological prequential stream, and lack of a fixed common early/late pair",evaluated_paper,https://www.usenix.org/conference/usenixsecurity22/presentation/cherubin,10,,Section 6.3,The sampled-1000 classifier is evaluated for one week by predicting each arriving trace before incorporating its ground truth into the evolving model; 307 sampled-set sites appear during the week.,
EVD1200,P45721,DS-P45721-APPSNIFFER,,,temporal,full 100-class chronological fold coverage with unknown elapsed duration,evaluated_paper,https://doi.org/10.1145/3543507.3583473,5,5,Section 5.2 and Figure 2,"Samples of each application are split into five chronological folds; earlier folds train, the next fold tests, and Fold 5 validates.",
EVD1201,P47085,DS-CIC-IDS-2017,,,label_view,"exact eight-class P47085 source label view for CIC-IDS2017, without resolving cross-dataset label overlap",evaluated_paper,https://doi.org/10.1145/3589334.3645407,6,,Section 7.4,The IDS experiments allocate eight total classes across known/unknown configurations; Section 7.5 then identifies IDS2017 as the training/source corpus for the time-bias experiment.,
EVD1202,P48205,DS-DF-2017,,,network,"full-label, addressable broad route/path capability without operational-network capability",evaluated_paper,https://doi.org/10.2478/POPETS-2020-0043,9,,"Section 6.1, Dataset Splits","The paper assigns mutually exclusive Tor circuits to training, validation, and testing in an 8:1:1 ratio for all 95 website classes.",
EVD1203,P07480,,,,not_reported_search,No source/final-test network contrast can be established from the reported protocol.,not_reported_search,https://doi.org/10.1609/AAAI.V37I4.25674,,,"Dataset/collection, preprocessing, training, evaluation, appendix, artifact, and references","Inspected the dataset/collection, feature and preprocessing, model training and selection, evaluation/results, appendix, artifact/availability, and references; searched for network, site, access, Wi-Fi, cellular, ISP, provider, ASN, resolver, VPN, Tor, relay, route, path, latency, bandwidth, loss, jitter, geography, server, CDN, vantage, train, validation, calibration, adaptation, test, fold, holdout, feature selection, and normalization. No assignable source/final-test network contrast and network-aware allocation are reported for this protocol.",
EVD1204,P07480,,,,not_reported_search,No source/final-test network contrast can be established from the reported protocol.,not_reported_search,https://doi.org/10.1609/AAAI.V37I4.25674,,,"Dataset/collection, preprocessing, training, evaluation, appendix, artifact, and references","Inspected the dataset/collection, feature and preprocessing, model training and selection, evaluation/results, appendix, artifact/availability, and references; searched for network, site, access, Wi-Fi, cellular, ISP, provider, ASN, resolver, VPN, Tor, relay, route, path, latency, bandwidth, loss, jitter, geography, server, CDN, vantage, train, validation, calibration, adaptation, test, fold, holdout, feature selection, and normalization. No assignable source/final-test network contrast and network-aware allocation are reported for this protocol.",
EVD1205,P07480,,,,not_reported_search,No source/final-test network contrast can be established from the reported protocol.,not_reported_search,https://doi.org/10.1609/AAAI.V37I4.25674,,,"Dataset/collection, preprocessing, training, evaluation, appendix, artifact, and references","Inspected the dataset/collection, feature and preprocessing, model training and selection, evaluation/results, appendix, artifact/availability, and references; searched for network, site, access, Wi-Fi, cellular, ISP, provider, ASN, resolver, VPN, Tor, relay, route, path, latency, bandwidth, loss, jitter, geography, server, CDN, vantage, train, validation, calibration, adaptation, test, fold, holdout, feature selection, and normalization. No assignable source/final-test network contrast and network-aware allocation are reported for this protocol.",
EVD1206,P07480,,,,not_reported_search,No source/final-test network contrast can be established from the reported protocol.,not_reported_search,https://doi.org/10.1609/AAAI.V37I4.25674,,,"Dataset/collection, preprocessing, training, evaluation, appendix, artifact, and references","Inspected the dataset/collection, feature and preprocessing, model training and selection, evaluation/results, appendix, artifact/availability, and references; searched for network, site, access, Wi-Fi, cellular, ISP, provider, ASN, resolver, VPN, Tor, relay, route, path, latency, bandwidth, loss, jitter, geography, server, CDN, vantage, train, validation, calibration, adaptation, test, fold, holdout, feature selection, and normalization. No assignable source/final-test network contrast and network-aware allocation are reported for this protocol.",
EVD1207,P07480,,,,not_reported_search,No source/final-test network contrast can be established from the reported protocol.,not_reported_search,https://doi.org/10.1609/AAAI.V37I4.25674,,,"Dataset/collection, preprocessing, training, evaluation, appendix, artifact, and references","Inspected the dataset/collection, feature and preprocessing, model training and selection, evaluation/results, appendix, artifact/availability, and references; searched for network, site, access, Wi-Fi, cellular, ISP, provider, ASN, resolver, VPN, Tor, relay, route, path, latency, bandwidth, loss, jitter, geography, server, CDN, vantage, train, validation, calibration, adaptation, test, fold, holdout, feature selection, and normalization. No assignable source/final-test network contrast and network-aware allocation are reported for this protocol.",
EVD1208,P12435,,,,not_reported_search,Unknown-not-reported network-condition coding.,not_reported_search,https://doi.org/10.1609/AAAI.V39I15.33748,,,"Dataset/collection, experimental setup, train-validation-test construction, evaluation, appendix, and artifact descriptions","Search record: inspected the listed sections and searched network, site, access, Wi-Fi, cellular, ISP, provider, ASN, resolver, NAT, firewall, VPN, proxy, Tor, route, path, relay, bandwidth, latency, loss, jitter, geography, server, CDN, destination, vantage, interface, split, fold, holdout, train, validation, and test; no assignable qualifying network-condition protocol with class coverage and parent grouping was reported.",
EVD1209,P12435,,,,not_reported_search,Unknown-not-reported network-condition coding.,not_reported_search,https://doi.org/10.1609/AAAI.V39I15.33748,,,"Dataset/collection, experimental setup, train-validation-test construction, evaluation, appendix, and artifact descriptions","Search record: inspected the listed sections and searched network, site, access, Wi-Fi, cellular, ISP, provider, ASN, resolver, NAT, firewall, VPN, proxy, Tor, route, path, relay, bandwidth, latency, loss, jitter, geography, server, CDN, destination, vantage, interface, split, fold, holdout, train, validation, and test; no assignable qualifying network-condition protocol with class coverage and parent grouping was reported.",
EVD1210,P12435,,,,not_reported_search,Unknown-not-reported network-condition coding.,not_reported_search,https://doi.org/10.1609/AAAI.V39I15.33748,,,"Dataset/collection, experimental setup, train-validation-test construction, evaluation, appendix, and artifact descriptions","Search record: inspected the listed sections and searched network, site, access, Wi-Fi, cellular, ISP, provider, ASN, resolver, NAT, firewall, VPN, proxy, Tor, route, path, relay, bandwidth, latency, loss, jitter, geography, server, CDN, destination, vantage, interface, split, fold, holdout, train, validation, and test; no assignable qualifying network-condition protocol with class coverage and parent grouping was reported.",
EVD1211,P12435,,,,not_reported_search,Unknown-not-reported network-condition coding.,not_reported_search,https://doi.org/10.1609/AAAI.V39I15.33748,,,"Dataset/collection, experimental setup, train-validation-test construction, evaluation, appendix, and artifact descriptions","Search record: inspected the listed sections and searched network, site, access, Wi-Fi, cellular, ISP, provider, ASN, resolver, NAT, firewall, VPN, proxy, Tor, route, path, relay, bandwidth, latency, loss, jitter, geography, server, CDN, destination, vantage, interface, split, fold, holdout, train, validation, and test; no assignable qualifying network-condition protocol with class coverage and parent grouping was reported.",
EVD1212,P12435,,,,not_reported_search,Unknown-not-reported network-condition coding.,not_reported_search,https://doi.org/10.1609/AAAI.V39I15.33748,,,"Dataset/collection, experimental setup, train-validation-test construction, evaluation, appendix, and artifact descriptions","Search record: inspected the listed sections and searched network, site, access, Wi-Fi, cellular, ISP, provider, ASN, resolver, NAT, firewall, VPN, proxy, Tor, route, path, relay, bandwidth, latency, loss, jitter, geography, server, CDN, destination, vantage, interface, split, fold, holdout, train, validation, and test; no assignable qualifying network-condition protocol with class coverage and parent grouping was reported.",
EVD1213,P13076,,,,split,"Broad-network identity, operational-network status, grouping, holdout status, and claim-scope coding.",evaluated_paper,https://doi.org/10.1609/AAAI.V39I1.32091,5,,Experimental setup,Flows are stratified and split 9:1 into training and test sets; packet samples inherit their parent-flow grouping.,
EVD1214,P13076,,,,split,"Broad-network identity, operational-network status, grouping, holdout status, and claim-scope coding.",evaluated_paper,https://doi.org/10.1609/AAAI.V39I1.32091,5,,Experimental setup,Flows are stratified and split 9:1 into training and test sets; packet samples inherit their parent-flow grouping.,
EVD1215,P13076,,,,split,"Broad-network identity, operational-network status, grouping, holdout status, and claim-scope coding.",evaluated_paper,https://doi.org/10.1609/AAAI.V39I1.32091,5,,Experimental setup,Flows are stratified and split 9:1 into training and test sets; packet samples inherit their parent-flow grouping.,
EVD1216,P13076,,,,split,"Broad-network identity, operational-network status, grouping, holdout status, and claim-scope coding.",evaluated_paper,https://doi.org/10.1609/AAAI.V39I1.32091,5,,Experimental setup,Flows are stratified and split 9:1 into training and test sets; packet samples inherit their parent-flow grouping.,
EVD1217,P13076,,,,split,"Broad-network identity, operational-network status, grouping, holdout status, and claim-scope coding.",evaluated_paper,https://doi.org/10.1609/AAAI.V39I1.32091,5,,Experimental setup,Flows are stratified and split 9:1 into training and test sets; packet samples inherit their parent-flow grouping.,
EVD1218,P13883,,,,split,The reported split does not create a network-condition holdout.,evaluated_paper,https://doi.org/10.1145/3320269.3372202,5,,"Section 4.2, Dataset and Classifier Setup",The reported training/test construction uses samples or folds from the same evaluation pool and does not group the final test by an orthogonal network condition.,
EVD1219,P13958,,,,split,The reported evaluation stays within each network setting and does not hold one setting out.,evaluated_paper,https://doi.org/10.1145/3320269.3384732,8,,"Section 4.1, Dataset",NAPT and VPN results are evaluated within their respective captures; the paper does not train on one and test on the other.,
EVD1220,P13958,,,,split,The reported evaluation stays within each network setting and does not hold one setting out.,evaluated_paper,https://doi.org/10.1145/3320269.3384732,8,,"Section 4.1, Dataset",NAPT and VPN results are evaluated within their respective noisy captures; the paper does not train on one and test on the other.,
EVD1221,P14000,,,,not_reported_search,No source/final-test network contrast can be established from the reported protocol.,not_reported_search,https://doi.org/10.1145/3433210.3453101,,,"Dataset/collection, preprocessing, training, evaluation, appendix, artifact, and references","Inspected the dataset/collection, feature and preprocessing, model training and selection, evaluation/results, appendix, artifact/availability, and references; searched for network, site, access, Wi-Fi, cellular, ISP, provider, ASN, resolver, VPN, Tor, relay, route, path, latency, bandwidth, loss, jitter, geography, server, CDN, vantage, train, validation, calibration, adaptation, test, fold, holdout, feature selection, and normalization. No assignable source/final-test network contrast and network-aware allocation are reported for this protocol.",
EVD1222,P14000,,,,not_reported_search,No source/final-test network contrast can be established from the reported protocol.,not_reported_search,https://doi.org/10.1145/3433210.3453101,,,"Dataset/collection, preprocessing, training, evaluation, appendix, artifact, and references","Inspected the dataset/collection, feature and preprocessing, model training and selection, evaluation/results, appendix, artifact/availability, and references; searched for network, site, access, Wi-Fi, cellular, ISP, provider, ASN, resolver, VPN, Tor, relay, route, path, latency, bandwidth, loss, jitter, geography, server, CDN, vantage, train, validation, calibration, adaptation, test, fold, holdout, feature selection, and normalization. No assignable source/final-test network contrast and network-aware allocation are reported for this protocol.",
EVD1223,P14000,,,,not_reported_search,No source/final-test network contrast can be established from the reported protocol.,not_reported_search,https://doi.org/10.1145/3433210.3453101,,,"Dataset/collection, preprocessing, training, evaluation, appendix, artifact, and references","Inspected the dataset/collection, feature and preprocessing, model training and selection, evaluation/results, appendix, artifact/availability, and references; searched for network, site, access, Wi-Fi, cellular, ISP, provider, ASN, resolver, VPN, Tor, relay, route, path, latency, bandwidth, loss, jitter, geography, server, CDN, vantage, train, validation, calibration, adaptation, test, fold, holdout, feature selection, and normalization. No assignable source/final-test network contrast and network-aware allocation are reported for this protocol.",
EVD1224,P14000,,,,not_reported_search,No source/final-test network contrast can be established from the reported protocol.,not_reported_search,https://doi.org/10.1145/3433210.3453101,,,"Dataset/collection, preprocessing, training, evaluation, appendix, artifact, and references","Inspected the dataset/collection, feature and preprocessing, model training and selection, evaluation/results, appendix, artifact/availability, and references; searched for network, site, access, Wi-Fi, cellular, ISP, provider, ASN, resolver, VPN, Tor, relay, route, path, latency, bandwidth, loss, jitter, geography, server, CDN, vantage, train, validation, calibration, adaptation, test, fold, holdout, feature selection, and normalization. No assignable source/final-test network contrast and network-aware allocation are reported for this protocol.",
EVD1225,P14000,,,,not_reported_search,No source/final-test network contrast can be established from the reported protocol.,not_reported_search,https://doi.org/10.1145/3433210.3453101,,,"Dataset/collection, preprocessing, training, evaluation, appendix, artifact, and references","Inspected the dataset/collection, feature and preprocessing, model training and selection, evaluation/results, appendix, artifact/availability, and references; searched for network, site, access, Wi-Fi, cellular, ISP, provider, ASN, resolver, VPN, Tor, relay, route, path, latency, bandwidth, loss, jitter, geography, server, CDN, vantage, train, validation, calibration, adaptation, test, fold, holdout, feature selection, and normalization. No assignable source/final-test network contrast and network-aware allocation are reported for this protocol.",
EVD1226,P14000,,,,not_reported_search,No source/final-test network contrast can be established from the reported protocol.,not_reported_search,https://doi.org/10.1145/3433210.3453101,,,"Dataset/collection, preprocessing, training, evaluation, appendix, artifact, and references","Inspected the dataset/collection, feature and preprocessing, model training and selection, evaluation/results, appendix, artifact/availability, and references; searched for network, site, access, Wi-Fi, cellular, ISP, provider, ASN, resolver, VPN, Tor, relay, route, path, latency, bandwidth, loss, jitter, geography, server, CDN, vantage, train, validation, calibration, adaptation, test, fold, holdout, feature selection, and normalization. No assignable source/final-test network contrast and network-aware allocation are reported for this protocol.",
EVD1227,P14188,,,,not_reported_search,A network-condition holdout cannot be determined from the reported protocol.,not_reported_search,https://doi.org/10.1145/3579856.3595793,,,"Dataset/collection, preprocessing, training, evaluation, appendix, artifact, and references","Inspected and searched the dataset/collection, preprocessing/features, fitting, model selection, validation/calibration, evaluation, appendix, artifact, and references for site, access, Wi-Fi, cellular, ISP/provider/ASN, resolver, VPN/Tor/relay, route/path, bandwidth/latency/loss/jitter, geography, server/CDN, vantage, train/validation/test, fold, and holdout terms. No assignable source/final-test network contrast is reported for this protocol.",
EVD1228,P14188,,,,not_reported_search,A network-condition holdout cannot be determined from the reported protocol.,not_reported_search,https://doi.org/10.1145/3579856.3595793,,,"Dataset/collection, preprocessing, training, evaluation, appendix, artifact, and references","Inspected and searched the dataset/collection, preprocessing/features, fitting, model selection, validation/calibration, evaluation, appendix, artifact, and references for site, access, Wi-Fi, cellular, ISP/provider/ASN, resolver, VPN/Tor/relay, route/path, bandwidth/latency/loss/jitter, geography, server/CDN, vantage, train/validation/test, fold, and holdout terms. No assignable source/final-test network contrast is reported for this protocol.",
EVD1229,P14188,,,,split,"Network levels may be represented, but none is reserved for final testing.",evaluated_paper,https://doi.org/10.1145/3579856.3595793,8,,§6.1,Private Relay location-mode traces are pooled in the open-world train/test construction rather than reserved by mode.,
EVD1230,P14188,,,,split,Training and testing remain within each network setting; no setting is held out.,evaluated_paper,https://doi.org/10.1145/3579856.3595793,1,,Evaluation protocol,The Tor comparison trains and tests within the same Tor corpus.,
EVD1231,P14255,,,,split,The split does not create a network-condition holdout.,evaluated_paper,https://doi.org/10.1145/3634737.3637664,5,,§4.1,Network metadata are not used to group the sample/fold split.,
EVD1232,P14374,,,,split,The split does not create a network-condition holdout.,evaluated_paper,https://doi.org/10.1145/3634737.3657017,8,,"§4.2, closed-world evaluation",Network metadata are not used to group the sample/fold split.,
EVD1233,P14374,,,,split,The split does not create a network-condition holdout.,evaluated_paper,https://doi.org/10.1145/3634737.3657017,8,,§7.1,Network metadata are not used to group the sample/fold split.,
EVD1234,P14374,,,,split,The split does not create a network-condition holdout.,evaluated_paper,https://doi.org/10.1145/3634737.3657017,8,,§7.1,Network metadata are not used to group the sample/fold split.,
EVD1235,P14374,,,,split,The split does not create a network-condition holdout.,evaluated_paper,https://doi.org/10.1145/3634737.3657017,8,,§7.1,Network metadata are not used to group the sample/fold split.,
EVD1236,P14374,,,,split,The split does not create a network-condition holdout.,evaluated_paper,https://doi.org/10.1145/3634737.3657017,8,,"§4.3, open-world evaluation",Network metadata are not used to group the sample/fold split.,
EVD1237,P14374,,,,split,Training and testing remain within each network setting; no setting is held out.,evaluated_paper,https://doi.org/10.1145/3634737.3657017,8,,§7.1,All country-configured Alexa traces were physically collected through one campus network; local models do not hold out a network.,
EVD1238,P14374,,,,split,"Network levels may be represented, but none is reserved for final testing.",evaluated_paper,https://doi.org/10.1145/3634737.3657017,9,,"§4.4, global model","Country-configured Alexa traces are mixed before cross-validation, while every capture uses the same campus network.",
EVD1239,P14374,,,,split,"The protocol evaluates another condition dimension, not a documented network-side condition.",evaluated_paper,https://doi.org/10.1145/3634737.3657017,9,,§7.2.1,"The held-out 'countries' are Alexa device location settings on separate devices, while every trace was physically collected through the same campus network; no network-side country/site is held out.",
EVD1240,P14374,,,,split,"The protocol evaluates another condition dimension, not a documented network-side condition.",evaluated_paper,https://doi.org/10.1145/3634737.3657017,10,,"§4.5, location identification","The reported holdout changes classes, TLS/application/client state, cache state, user agent, defense parameters, or dataset identity without a stable common-label network-side contrast.",
EVD1241,P14374,,,,split,The split does not create a network-condition holdout.,evaluated_paper,https://doi.org/10.1145/3634737.3657017,11,,"§4.6, category fingerprinting",Network metadata are not used to group the sample/fold split.,
EVD1242,P14374,,,,split,The split does not create a network-condition holdout.,evaluated_paper,https://doi.org/10.1145/3634737.3657017,11,,"§4.6, category fingerprinting",Network metadata are not used to group the sample/fold split.,
EVD1243,P14374,,,,split,The split does not create a network-condition holdout.,evaluated_paper,https://doi.org/10.1145/3634737.3657017,10,,"§7.2.2, dynamic versus static commands",Network metadata are not used to group the sample/fold split.,
EVD1244,P14374,,,,split,The split does not create a network-condition holdout.,evaluated_paper,https://doi.org/10.1145/3634737.3657017,10,,"§7.2.2, dynamic versus static commands",Network metadata are not used to group the sample/fold split.,
EVD1245,P14374,,,,split,The split does not create a network-condition holdout.,evaluated_paper,https://doi.org/10.1145/3634737.3657017,10,,"§7.2.3, human factors",Network metadata are not used to group the sample/fold split.,
EVD1246,P14374,,,,split,The split does not create a network-condition holdout.,evaluated_paper,https://doi.org/10.1145/3634737.3657017,10,,"§7.2.3, human factors",Network metadata are not used to group the sample/fold split.,
EVD1247,P14374,,,,split,"The protocol evaluates another condition dimension, not a documented network-side condition.",evaluated_paper,https://doi.org/10.1145/3634737.3657017,11,,"§7.3, identifying unknown voice-command category","The reported holdout changes classes, TLS/application/client state, cache state, user agent, defense parameters, or dataset identity without a stable common-label network-side contrast.",
EVD1248,P14413,,,,not_reported_search,Unknown-not-reported network-condition coding.,not_reported_search,https://doi.org/10.1145/3708821.3733914,,,"Dataset/collection, experimental setup, train-validation-test construction, evaluation, appendix, and artifact descriptions","Search record: inspected the listed sections and searched network, site, access, Wi-Fi, cellular, ISP, provider, ASN, resolver, NAT, firewall, VPN, proxy, Tor, route, path, relay, bandwidth, latency, loss, jitter, geography, server, CDN, destination, vantage, interface, split, fold, holdout, train, validation, and test; no assignable qualifying network-condition protocol with class coverage and parent grouping was reported.",
EVD1249,P14413,,,,not_reported_search,Unknown-not-reported network-condition coding.,not_reported_search,https://doi.org/10.1145/3708821.3733914,,,"Dataset/collection, experimental setup, train-validation-test construction, evaluation, appendix, and artifact descriptions","Search record: inspected the listed sections and searched network, site, access, Wi-Fi, cellular, ISP, provider, ASN, resolver, NAT, firewall, VPN, proxy, Tor, route, path, relay, bandwidth, latency, loss, jitter, geography, server, CDN, destination, vantage, interface, split, fold, holdout, train, validation, and test; no assignable qualifying network-condition protocol with class coverage and parent grouping was reported.",
EVD1250,P14413,,,,not_reported_search,Unknown-not-reported network-condition coding.,not_reported_search,https://doi.org/10.1145/3708821.3733914,,,"Dataset/collection, experimental setup, train-validation-test construction, evaluation, appendix, and artifact descriptions","Search record: inspected the listed sections and searched network, site, access, Wi-Fi, cellular, ISP, provider, ASN, resolver, NAT, firewall, VPN, proxy, Tor, route, path, relay, bandwidth, latency, loss, jitter, geography, server, CDN, destination, vantage, interface, split, fold, holdout, train, validation, and test; no assignable qualifying network-condition protocol with class coverage and parent grouping was reported.",
EVD1251,P14774,,,,split,The reported split does not create a network-condition holdout.,evaluated_paper,https://doi.org/10.1145/3460120.3484758,5,,Section 4.1,The reported training/test construction uses samples or folds from the same evaluation pool and does not group the final test by an orthogonal network condition.,
EVD1252,P14774,,,,split,The reported split does not create a network-condition holdout.,evaluated_paper,https://doi.org/10.1145/3460120.3484758,5,,Section 4.1,The reported training/test construction uses samples or folds from the same evaluation pool and does not group the final test by an orthogonal network condition.,
EVD1253,P14774,,,,split,The reported split does not create a network-condition holdout.,evaluated_paper,https://doi.org/10.1145/3460120.3484758,5,,Section 4.1,The reported training/test construction uses samples or folds from the same evaluation pool and does not group the final test by an orthogonal network condition.,
EVD1254,P14774,,,,split,The reported split does not create a network-condition holdout.,evaluated_paper,https://doi.org/10.1145/3460120.3484758,5,,Section 4.1,The reported training/test construction uses samples or folds from the same evaluation pool and does not group the final test by an orthogonal network condition.,
EVD1255,P14774,,,,split,The reported split does not create a network-condition holdout.,evaluated_paper,https://doi.org/10.1145/3460120.3484758,5,,Section 4.1,The reported training/test construction uses samples or folds from the same evaluation pool and does not group the final test by an orthogonal network condition.,
EVD1256,P14774,,,,split,A label-aligned network property cannot establish label-orthogonal network generalization.,evaluated_paper,https://doi.org/10.1145/3460120.3484758,5,,Section 4.1,"Streaming provider is the output label, not an orthogonal network nuisance factor.",
EVD1257,P14774,,,,split,A label-aligned network property cannot establish label-orthogonal network generalization.,evaluated_paper,https://doi.org/10.1145/3460120.3484758,5,,Section 4.1,"Country is the output label, not an orthogonal network nuisance factor.",
EVD1258,P14774,,,,split,The reported split does not create a network-condition holdout.,evaluated_paper,https://doi.org/10.1145/3460120.3484758,5,,Section 4.1,The reported training/test construction uses samples or folds from the same evaluation pool and does not group the final test by an orthogonal network condition.,
EVD1259,P14774,,,,split,The reported split does not create a network-condition holdout.,evaluated_paper,https://doi.org/10.1145/3460120.3484758,5,,Section 4.1,The reported training/test construction uses samples or folds from the same evaluation pool and does not group the final test by an orthogonal network condition.,
EVD1260,P14774,,,,split,The reported split does not create a network-condition holdout.,evaluated_paper,https://doi.org/10.1145/3460120.3484758,5,,Section 4.1,The reported training/test construction uses samples or folds from the same evaluation pool and does not group the final test by an orthogonal network condition.,
EVD1261,P14774,,,,split,The reported split does not create a network-condition holdout.,evaluated_paper,https://doi.org/10.1145/3460120.3484758,5,,Section 4.1,The reported training/test construction uses samples or folds from the same evaluation pool and does not group the final test by an orthogonal network condition.,
EVD1262,P15385,,,,split,The reported split does not create a network-condition holdout.,evaluated_paper,https://doi.org/10.1145/3576915.3616639,10,,Section 7.2.1,The reported training/test construction uses samples or folds from the same evaluation pool and does not group the final test by an orthogonal network condition.,
EVD1263,P15385,,,,split,"The NCM partition supplies a full 69-class broad network contrast, but it is an outcome-derived composite and target-quality traces appear in validation.",evaluated_paper,https://doi.org/10.1145/3576915.3616639,10,,Sections 6.1 and 7.2.2,The paper partitions every common website into superior/inferior traces using NCM and evaluates superior-only training versus separately reported inferior test traces; validation and test sets include both NCM conditions.,
EVD1264,P15385,,,,target_access,"The contrast is retained, but it is not described as unseen or zero-shot.",evaluated_paper,https://doi.org/10.1145/3576915.3616639,10,,Sections 6.1 and 7.2.2,"The paper uses target-condition validation or condition-crossed feature/model selection, while keeping final-test parents separate.",
EVD1265,P15385,,,,split,"The NCM partition supplies a full 69-class broad network contrast, but it is an outcome-derived composite and target-quality traces appear in validation.",evaluated_paper,https://doi.org/10.1145/3576915.3616639,11,,"Sections 6.1 and 7.2.2, Table 4",The paper partitions every common website into superior/inferior traces using NCM and evaluates training on one superior/inferior NCM partition and testing both partitions; validation and test sets include both NCM conditions.,
EVD1266,P15385,,,,target_access,"The contrast is retained, but it is not described as unseen or zero-shot.",evaluated_paper,https://doi.org/10.1145/3576915.3616639,11,,"Sections 6.1 and 7.2.2, Table 4","The paper uses target-condition validation or condition-crossed feature/model selection, while keeping final-test parents separate.",
EVD1267,P15385,,,,split,"This protocol may test another condition dimension, but it does not document a network-condition holdout.",evaluated_paper,https://doi.org/10.1145/3576915.3616639,11,,"Section 7.2.2, Effect of concept drift","The reported source/test contrast is temporal, client-, content-, transport-, sender-, or sampling-related; no orthogonal network factor is assigned.",
EVD1268,P15385,,,,split,The 90-site guard-relay test is a full broad route/geography contrast; North-American target traces are used for validation and it is not an operational access/site/provider test.,evaluated_paper,https://doi.org/10.1145/3576915.3616639,12,,"Section 7.2.2, Effect of guard relay diversity, and Table 6","The model is fine-tuned on traces from 11 European guards and validated/tested on traces from seven mutually exclusive North-American guards, with 65 traces per website in each target split.",
EVD1269,P15385,,,,target_access,"The contrast is retained, but it is not described as unseen or zero-shot.",evaluated_paper,https://doi.org/10.1145/3576915.3616639,12,,"Section 7.2.2, Effect of guard relay diversity, and Table 6","The paper uses target-condition validation or condition-crossed feature/model selection, while keeping final-test parents separate.",
EVD1270,P15385,,,,split,The reported split does not create a network-condition holdout.,evaluated_paper,https://doi.org/10.1145/3576915.3616639,12,,Section 7.3,The reported training/test construction uses samples or folds from the same evaluation pool and does not group the final test by an orthogonal network condition.,
EVD1271,P15385,,,,split,"This protocol may test another condition dimension, but it does not document a network-condition holdout.",evaluated_paper,https://doi.org/10.1145/3576915.3616639,13,,"Section 7.3, Concept drift","The reported source/test contrast is temporal, client-, content-, transport-, sender-, or sampling-related; no orthogonal network factor is assigned.",
EVD1272,P15762,,,,split,The split does not create a network-condition holdout.,evaluated_paper,https://doi.org/10.1145/3658644.3670272,1,,Evaluation protocol,Network metadata are not used to group the sample/fold split.,
EVD1273,P15762,,,,split,"Network levels may be represented, but none is reserved for final testing.",evaluated_paper,https://doi.org/10.1145/3658644.3670272,1,,Evaluation protocol,Dark-web traces from 20 servers in three countries and two campaigns are split 8:1:1 without network grouping.,
EVD1274,P16217,,,,split,"Broad-network identity, operational-network status, grouping, holdout status, and claim-scope coding.",evaluated_paper,https://doi.org/10.1145/3719027.3744795,8,,"Section 6.2, Scenario 1 and Table 2",D1 is the source and D2-D5 are target captures through four other guard-relay locations; labeled target instances fine-tune before final target testing.,
EVD1275,P16217,,,,split,"Broad-network identity, operational-network status, grouping, holdout status, and claim-scope coding.",evaluated_paper,https://doi.org/10.1145/3719027.3744795,8,,Section 6.1 and Table 2,D1 and D6 use the same Chicago guard-relay location; their reported distinction is collection date.,
EVD1276,P16217,,,,split,"Broad-network identity, operational-network status, grouping, holdout status, and claim-scope coding.",evaluated_paper,https://doi.org/10.1145/3719027.3744795,10,,"Section 6.2, Scenario 3",D1 and D7 differ by Tor Browser versus Chrome client software for the same website task; no network level is held out.,
EVD1277,P16217,,,,not_reported_search,Unknown-not-reported network-condition coding.,not_reported_search,https://doi.org/10.1145/3719027.3744795,,,"Dataset/collection, experimental setup, train-validation-test construction, evaluation, appendix, and artifact descriptions","Search record: inspected the listed sections and searched network, site, access, Wi-Fi, cellular, ISP, provider, ASN, resolver, NAT, firewall, VPN, proxy, Tor, route, path, relay, bandwidth, latency, loss, jitter, geography, server, CDN, destination, vantage, interface, split, fold, holdout, train, validation, and test; no assignable qualifying network-condition protocol with class coverage and parent grouping was reported.",
EVD1278,P16217,,,,not_reported_search,Unknown-not-reported network-condition coding.,not_reported_search,https://doi.org/10.1145/3719027.3744795,,,"Dataset/collection, experimental setup, train-validation-test construction, evaluation, appendix, and artifact descriptions","Search record: inspected the listed sections and searched network, site, access, Wi-Fi, cellular, ISP, provider, ASN, resolver, NAT, firewall, VPN, proxy, Tor, route, path, relay, bandwidth, latency, loss, jitter, geography, server, CDN, destination, vantage, interface, split, fold, holdout, train, validation, and test; no assignable qualifying network-condition protocol with class coverage and parent grouping was reported.",
EVD1279,P16247,,,,split,"Broad-network identity, operational-network status, grouping, holdout status, and claim-scope coding.",evaluated_paper,https://doi.org/10.1145/3719027.3765073,10,,"Section 5.2, Dynamic Host Conditions",One Android OS/host group supplies testing and the others training; this protocol does not hold out a network environment.,
EVD1280,P16247,,,,split,"Broad-network identity, operational-network status, grouping, holdout status, and claim-scope coding.",evaluated_paper,https://doi.org/10.1145/3719027.3765073,10,,"Sections 5.2-5.3, Dynamic Network Conditions",DoHBrw-ALL uses one of four DNS-server groups for testing while the other resolver/server groups train.,
EVD1281,P16247,,,,not_reported_search,Conservative target-network access/preprocessing coding.,not_reported_search,https://doi.org/10.1145/3719027.3765073,,,"Model selection, hyperparameter tuning, preprocessing, split, evaluation, appendix, and artifact descriptions","Search record: inspected fitting, validation, feature/model selection, calibration, adaptation, preprocessing, and final-test descriptions and searched target, validation, tune, hyperparameter, calibration, fine-tune, normalization, scaler, and test; the paper does not establish exclusion of target-network data from every relevant step.",
EVD1282,P16247,,,,split,"Broad-network identity, operational-network status, grouping, holdout status, and claim-scope coding.",evaluated_paper,https://doi.org/10.1145/3719027.3765073,10,,"Section 5.2, Dynamic Network Environment Conditions",The model trains on cn2cn DoH traffic and evaluates held-out cn2kr or cn2us network-environment traffic; the task is binary.,
EVD1283,P16247,,,,not_reported_search,Conservative target-network access/preprocessing coding.,not_reported_search,https://doi.org/10.1145/3719027.3765073,,,"Model selection, hyperparameter tuning, preprocessing, split, evaluation, appendix, and artifact descriptions","Search record: inspected fitting, validation, feature/model selection, calibration, adaptation, preprocessing, and final-test descriptions and searched target, validation, tune, hyperparameter, calibration, fine-tune, normalization, scaler, and test; the paper does not establish exclusion of target-network data from every relevant step.",
EVD1284,P16247,,,,split,Network-factor identity and the negative freshness/parent-independence boundary.,evaluated_paper,https://doi.org/10.1145/3719027.3765073,10,,"Sections 5.2-5.3, Dynamic Network Conditions","Application-ALL assigns cloud-server-pair groups to train/test, but Table 4 states that the same 56,387 parent flows are replayed across each cloud pair; country pair, throughput, latency, retransmission, endpoints, and path vary without fresh source traffic.",
EVD1285,P16247,,,,not_reported_search,Conservative target-network access/preprocessing coding.,not_reported_search,https://doi.org/10.1145/3719027.3765073,,,"Model selection, hyperparameter tuning, preprocessing, split, evaluation, appendix, and artifact descriptions","Search record: inspected fitting, validation, feature/model selection, calibration, adaptation, preprocessing, and final-test descriptions and searched target, validation, tune, hyperparameter, calibration, fine-tune, normalization, scaler, and test; the paper does not establish exclusion of target-network data from every relevant step.",
EVD1286,P16247,,,,split,"Broad-network identity, operational-network status, grouping, holdout status, and claim-scope coding.",evaluated_paper,https://doi.org/10.1145/3719027.3765073,10,,"Section 5.2, Dynamic Obfuscation Conditions","The held-out grouping is a traffic-obfuscation strategy, not a network access/site/provider or other coded network environment.",
EVD1287,P16247,,,,split,"Broad-network identity, operational-network status, grouping, holdout status, and claim-scope coding.",evaluated_paper,https://doi.org/10.1145/3719027.3765073,10,,"Section 5.2, Dynamic Obfuscation Conditions","The held-out grouping is a traffic-obfuscation strategy, not a network environment.",
EVD1288,P16247,,,,split,"Broad-network identity, operational-network status, grouping, holdout status, and claim-scope coding.",evaluated_paper,https://doi.org/10.1145/3719027.3765073,10,,"Section 5.2, Dynamic Obfuscation Conditions","The held-out grouping is a traffic-obfuscation strategy, not a network environment.",
EVD1289,P16247,,,,split,Network-factor identity and the negative freshness/parent-independence boundary.,evaluated_paper,https://doi.org/10.1145/3719027.3765073,12,,"Sections 5.2-5.3, Dynamic Network Conditions","One Android host group and one cloud-network replay group supply test traffic while other groups train, but the cloud environments reuse the same 56,387 parent application flows.",
EVD1290,P16247,,,,not_reported_search,Conservative target-network access/preprocessing coding.,not_reported_search,https://doi.org/10.1145/3719027.3765073,,,"Model selection, hyperparameter tuning, preprocessing, split, evaluation, appendix, and artifact descriptions","Search record: inspected fitting, validation, feature/model selection, calibration, adaptation, preprocessing, and final-test descriptions and searched target, validation, tune, hyperparameter, calibration, fine-tune, normalization, scaler, and test; the paper does not establish exclusion of target-network data from every relevant step.",
EVD1291,P16247,,,,split,"Broad-network identity, operational-network status, grouping, holdout status, and claim-scope coding.",evaluated_paper,https://doi.org/10.1145/3719027.3765073,12,,"Sections 5.2-5.3, Dynamic Network Conditions",One DNS-resolver/server group and one cloud-network group supply test traffic while other groups train.,
EVD1292,P16247,,,,not_reported_search,Conservative target-network access/preprocessing coding.,not_reported_search,https://doi.org/10.1145/3719027.3765073,,,"Model selection, hyperparameter tuning, preprocessing, split, evaluation, appendix, and artifact descriptions","Search record: inspected fitting, validation, feature/model selection, calibration, adaptation, preprocessing, and final-test descriptions and searched target, validation, tune, hyperparameter, calibration, fine-tune, normalization, scaler, and test; the paper does not establish exclusion of target-network data from every relevant step.",
EVD1293,P16247,,,,split,"Broad-network identity, operational-network status, grouping, holdout status, and claim-scope coding.",evaluated_paper,https://doi.org/10.1145/3719027.3765073,12,,"Section 5.3, Dynamic Host and Obfuscation Conditions",The joint held-out factors are an Android host group and an obfuscation group; no network environment is excluded.,
EVD1294,P16247,,,,split,"Broad-network identity, operational-network status, grouping, holdout status, and claim-scope coding.",evaluated_paper,https://doi.org/10.1145/3719027.3765073,12,,"Sections 5.2-5.3, Dynamic Network Conditions",One DNS-resolver/server group and one obfuscation-strategy group supply test traffic while other groups train.,
EVD1295,P16247,,,,not_reported_search,Conservative target-network access/preprocessing coding.,not_reported_search,https://doi.org/10.1145/3719027.3765073,,,"Model selection, hyperparameter tuning, preprocessing, split, evaluation, appendix, and artifact descriptions","Search record: inspected fitting, validation, feature/model selection, calibration, adaptation, preprocessing, and final-test descriptions and searched target, validation, tune, hyperparameter, calibration, fine-tune, normalization, scaler, and test; the paper does not establish exclusion of target-network data from every relevant step.",
EVD1296,P16247,,,,split,Network-factor identity and the negative freshness/parent-independence boundary.,evaluated_paper,https://doi.org/10.1145/3719027.3765073,12,,"Sections 5.2-5.3, Dynamic Network Conditions","One cloud-network replay group and one obfuscation group supply test traffic while other groups train, but the cloud environments reuse the same 56,387 parent application flows.",
EVD1297,P16247,,,,not_reported_search,Conservative target-network access/preprocessing coding.,not_reported_search,https://doi.org/10.1145/3719027.3765073,,,"Model selection, hyperparameter tuning, preprocessing, split, evaluation, appendix, and artifact descriptions","Search record: inspected fitting, validation, feature/model selection, calibration, adaptation, preprocessing, and final-test descriptions and searched target, validation, tune, hyperparameter, calibration, fine-tune, normalization, scaler, and test; the paper does not establish exclusion of target-network data from every relevant step.",
EVD1298,P16247,,,,split,"Broad-network identity, operational-network status, grouping, holdout status, and claim-scope coding.",evaluated_paper,https://doi.org/10.1145/3719027.3765073,12,,"Sections 5.2-5.3, Dynamic Network Conditions",One cloud-network group and one obfuscation-strategy group supply test traffic while other groups train.,
EVD1299,P16247,,,,not_reported_search,Conservative target-network access/preprocessing coding.,not_reported_search,https://doi.org/10.1145/3719027.3765073,,,"Model selection, hyperparameter tuning, preprocessing, split, evaluation, appendix, and artifact descriptions","Search record: inspected fitting, validation, feature/model selection, calibration, adaptation, preprocessing, and final-test descriptions and searched target, validation, tune, hyperparameter, calibration, fine-tune, normalization, scaler, and test; the paper does not establish exclusion of target-network data from every relevant step.",
EVD1300,P16247,,,,split,"Broad-network identity, operational-network status, grouping, holdout status, and claim-scope coding.",evaluated_paper,https://doi.org/10.1145/3719027.3765073,12,,"Sections 5.2-5.3, Dynamic Network Conditions","Training and testing jointly change cloud-server groups, Tor Browser versions, network environments, and obfuscation groups for the same 100 websites.",
EVD1301,P16247,,,,not_reported_search,Conservative target-network access/preprocessing coding.,not_reported_search,https://doi.org/10.1145/3719027.3765073,,,"Model selection, hyperparameter tuning, preprocessing, split, evaluation, appendix, and artifact descriptions","Search record: inspected fitting, validation, feature/model selection, calibration, adaptation, preprocessing, and final-test descriptions and searched target, validation, tune, hyperparameter, calibration, fine-tune, normalization, scaler, and test; the paper does not establish exclusion of target-network data from every relevant step.",
EVD1302,P16354,,,,split,"This protocol may test another condition dimension, but it does not document a network-condition holdout.",evaluated_paper,https://doi.org/10.1145/3485983.3494863,7,,Sections 3.2 and 5.2,"The reported source/test contrast is temporal, client-, content-, transport-, sender-, or sampling-related; no orthogonal network factor is assigned.",
EVD1303,P16931,,,,split,"Network levels may be represented, but none is reserved for final testing.",evaluated_paper,https://doi.org/10.1109/DSN58367.2023.00049,6,,§V-A,Traces from 100 EC2 instances in five regions are pooled into page-level sets; no region or instance is reserved for final testing.,
EVD1304,P16931,,,,split,"The protocol evaluates another condition dimension, not a documented network-side condition.",evaluated_paper,https://doi.org/10.1109/DSN58367.2023.00049,6,,§V-A,"The reported holdout changes classes, TLS/application/client state, cache state, user agent, defense parameters, or dataset identity without a stable common-label network-side contrast.",
EVD1305,P16931,,,,split,"The protocol evaluates another condition dimension, not a documented network-side condition.",evaluated_paper,https://doi.org/10.1109/DSN58367.2023.00049,10,,§VI-D Experiment 3,"The reported holdout changes classes, TLS/application/client state, cache state, user agent, defense parameters, or dataset identity without a stable common-label network-side contrast.",
EVD1306,P16931,,,,split,"The protocol evaluates another condition dimension, not a documented network-side condition.",evaluated_paper,https://doi.org/10.1109/DSN58367.2023.00049,10,,"§IV-E, cross-dataset experiment","The reported holdout changes classes, TLS/application/client state, cache state, user agent, defense parameters, or dataset identity without a stable common-label network-side contrast.",
EVD1307,P17056,,,,split,Training and testing remain within each network setting; no setting is held out.,evaluated_paper,https://doi.org/10.1109/DSN58367.2023.00035,1,,Evaluation protocol,Separate classifiers are trained and evaluated for the laboratory and each mobile operator; no operator is held out.,
EVD1308,P17056,,,,split,Training and testing remain within each network setting; no setting is held out.,evaluated_paper,https://doi.org/10.1109/DSN58367.2023.00035,11,,§VII,Day-1 and later-day traffic use the same reported T-Mobile LTE setting; the contrast is temporal rather than cross-network.,
EVD1309,P17269,,,,split,"Broad-network identity, operational-network status, grouping, holdout status, and claim-scope coding.",evaluated_paper,https://doi.org/10.1109/DSN64029.2025.00052,6,,Section IV-A,The family classifier uses 5-fold cross-validation rather than a condition- or time-grouped split.,
EVD1310,P17269,,,,split,"Broad-network identity, operational-network status, grouping, holdout status, and claim-scope coding.",evaluated_paper,https://doi.org/10.1109/DSN64029.2025.00052,6,,Section IV-A,The family classifier uses 5-fold cross-validation rather than a condition- or time-grouped split.,
EVD1311,P17269,,,,split,"Broad-network identity, operational-network status, grouping, holdout status, and claim-scope coding.",evaluated_paper,https://doi.org/10.1109/DSN64029.2025.00052,6,,Section IV-A,The family classifier uses 5-fold cross-validation rather than a condition- or time-grouped split.,
EVD1312,P17269,,,,split,"Broad-network identity, operational-network status, grouping, holdout status, and claim-scope coding.",evaluated_paper,https://doi.org/10.1109/DSN64029.2025.00052,6,,Section IV-A,The family classifier uses 5-fold cross-validation rather than a condition- or time-grouped split.,
EVD1313,P17269,,,,task,"Broad-network identity, operational-network status, grouping, holdout status, and claim-scope coding.",evaluated_paper,https://doi.org/10.1109/DSN64029.2025.00052,11,,Cross-dataset generalization evaluation,Binary models combine malicious captures from one corpus with benign traffic from MAWI or the enterprise gateway; network provenance is confounded with the binary label.,
EVD1314,P17290,,,,split,"Broad-network identity, operational-network status, grouping, holdout status, and claim-scope coding.",evaluated_paper,https://doi.org/10.1109/DSN64029.2025.00048,6,,Dataset construction and Section 5.3,The 60:40 baseline uses the combined multi-location collection; resolver analyses partition by resolver and fit/evaluate within each resolver rather than leave one resolver out.,
EVD1315,P17290,,,,split,"Broad-network identity, operational-network status, grouping, holdout status, and claim-scope coding.",evaluated_paper,https://doi.org/10.1109/DSN64029.2025.00048,10,,"Section 5.3, Impact of Location and Time and Table IV","Ten models each train on nine institution-hosted client locations and test the excluded location; the dataset states that institutions use different ISPs, while earlier pooled grid search used all locations.",
EVD1316,P17290,,,,not_reported_search,Conservative target-network access/preprocessing coding.,not_reported_search,https://doi.org/10.1109/DSN64029.2025.00048,,,"Model selection, hyperparameter tuning, preprocessing, split, evaluation, appendix, and artifact descriptions","Search record: inspected fitting, validation, feature/model selection, calibration, adaptation, preprocessing, and final-test descriptions and searched target, validation, tune, hyperparameter, calibration, fine-tune, normalization, scaler, and test; the paper does not establish exclusion of target-network data from every relevant step.",
EVD1317,P17290,,,,split,"Broad-network identity, operational-network status, grouping, holdout status, and claim-scope coding.",evaluated_paper,https://doi.org/10.1109/DSN64029.2025.00048,11,,Temporal robustness,"The later batch is collected from the primary client location, which is already represented in the original multi-location source data.",
EVD1318,P17323,,,,not_reported_search,Unknown-not-reported network-condition coding.,not_reported_search,https://doi.org/10.1109/DSN64029.2025.00051,,,"Dataset/collection, experimental setup, train-validation-test construction, evaluation, appendix, and artifact descriptions","Search record: inspected the listed sections and searched network, site, access, Wi-Fi, cellular, ISP, provider, ASN, resolver, NAT, firewall, VPN, proxy, Tor, route, path, relay, bandwidth, latency, loss, jitter, geography, server, CDN, destination, vantage, interface, split, fold, holdout, train, validation, and test; no assignable qualifying network-condition protocol with class coverage and parent grouping was reported.",
EVD1319,P17323,,,,not_reported_search,Unknown-not-reported network-condition coding.,not_reported_search,https://doi.org/10.1109/DSN64029.2025.00051,,,"Dataset/collection, experimental setup, train-validation-test construction, evaluation, appendix, and artifact descriptions","Search record: inspected the listed sections and searched network, site, access, Wi-Fi, cellular, ISP, provider, ASN, resolver, NAT, firewall, VPN, proxy, Tor, route, path, relay, bandwidth, latency, loss, jitter, geography, server, CDN, destination, vantage, interface, split, fold, holdout, train, validation, and test; no assignable qualifying network-condition protocol with class coverage and parent grouping was reported.",
EVD1320,P17323,,,,not_reported_search,Unknown-not-reported network-condition coding.,not_reported_search,https://doi.org/10.1109/DSN64029.2025.00051,,,"Dataset/collection, experimental setup, train-validation-test construction, evaluation, appendix, and artifact descriptions","Search record: inspected the listed sections and searched network, site, access, Wi-Fi, cellular, ISP, provider, ASN, resolver, NAT, firewall, VPN, proxy, Tor, route, path, relay, bandwidth, latency, loss, jitter, geography, server, CDN, destination, vantage, interface, split, fold, holdout, train, validation, and test; no assignable qualifying network-condition protocol with class coverage and parent grouping was reported.",
EVD1321,P17610,,,,split,Training and testing remain within each network setting; no setting is held out.,evaluated_paper,https://doi.org/10.1145/3646547.3688435,8,,"§5, laboratory evaluation",The ordinary platform classifier uses folds from the same laboratory Wi-Fi capture.,
EVD1322,P17610,,,,split,The protocol reports a condition-grouped multiclass network contrast; its scope is limited to the named contrast and access regime.,evaluated_paper,https://doi.org/10.1145/3646547.3688435,10,,"Section 4.3.2, Open-set evaluation","Provider/protocol-specific random-forest models trained on laboratory traces are applied to a separately collected home-network dataset covering the corresponding platform views; Table 1 shows varying supported subsets, with a conservative minimum of 12 labels, and OS/software versions differ.",
EVD1323,P17610,,,,target_access,Affirmative source-only evidence supports unseen/zero-shot target access.,evaluated_paper,https://doi.org/10.1145/3646547.3688435,10,,"Section 4.3.2, Open-set evaluation",The reported provider/protocol-specific classifiers are fitted/selected on the source condition (and any source validation split) and then applied to the separately reserved target-condition final test; fitted preprocessing is source-only.,
EVD1324,P17713,,,,not_reported_search,Unknown-not-reported network-condition coding.,not_reported_search,https://doi.org/10.1145/3730567.3764455,,,"Dataset/collection, experimental setup, train-validation-test construction, evaluation, appendix, and artifact descriptions","Search record: inspected the listed sections and searched network, site, access, Wi-Fi, cellular, ISP, provider, ASN, resolver, NAT, firewall, VPN, proxy, Tor, route, path, relay, bandwidth, latency, loss, jitter, geography, server, CDN, destination, vantage, interface, split, fold, holdout, train, validation, and test; no assignable qualifying network-condition protocol with class coverage and parent grouping was reported.",
EVD1325,P17713,,,,not_reported_search,Unknown-not-reported network-condition coding.,not_reported_search,https://doi.org/10.1145/3730567.3764455,,,"Dataset/collection, experimental setup, train-validation-test construction, evaluation, appendix, and artifact descriptions","Search record: inspected the listed sections and searched network, site, access, Wi-Fi, cellular, ISP, provider, ASN, resolver, NAT, firewall, VPN, proxy, Tor, route, path, relay, bandwidth, latency, loss, jitter, geography, server, CDN, destination, vantage, interface, split, fold, holdout, train, validation, and test; no assignable qualifying network-condition protocol with class coverage and parent grouping was reported.",
EVD1326,P17713,,,,split,"Broad-network identity, operational-network status, grouping, holdout status, and claim-scope coding.",evaluated_paper,https://doi.org/10.1145/3730567.3764455,10,,"Section 5, Measuring Cloud Gaming Contexts at a Large Scale","A lab-developed classifier is evaluated one month before deployment on separate traffic in the partner ISP network, using server logs as ground truth for the same 13 titles.",
EVD1327,P17713,,,,target_access,Affirmative sequence evidence that model selection precedes the deployment-network evaluation.,evaluated_paper,https://doi.org/10.1145/3730567.3764455,10,,Sections 4.4 and 5,"The paper develops and tunes the classifier in the laboratory evaluation, fixes the selected implementation, and subsequently evaluates it one month before field deployment against offline server-log ground truth in the deployment network.",
EVD1328,P17815,,,,split,The reported split does not create a network-condition holdout.,evaluated_paper,https://www.ndss-symposium.org/ndss-paper/encrypted-dns-privacy-a-traffic-analysis-perspective/,6,,Section V-A,The reported training/test construction uses samples or folds from the same evaluation pool and does not group the final test by an orthogonal network condition.,
EVD1329,P17815,,,,split,"This protocol may test another condition dimension, but it does not document a network-condition holdout.",evaluated_paper,https://www.ndss-symposium.org/ndss-paper/encrypted-dns-privacy-a-traffic-analysis-perspective/,8,,Section V-C.1 and Table V,"The reported source/test contrast is temporal, client-, content-, transport-, sender-, or sampling-related; no orthogonal network factor is assigned.",
EVD1330,P17815,,,,split,"The location matrix is a full 700-class broad and operational local-site contrast; site, geography, provider, and path are not isolated from one another.",evaluated_paper,https://www.ndss-symposium.org/ndss-paper/encrypted-dns-privacy-a-traffic-analysis-perspective/,9,,Sections V-C.2--V-C.4 and Table VI,"The evaluation trains and tests across LOC1, LOC2, and LOC3 datasets, each containing the same 700 website classes, while changing one documented setup dimension at a time.",
EVD1331,P17815,,,,not_reported_search,Target-condition access is conservatively unknown rather than zero-shot.,not_reported_search,https://www.ndss-symposium.org/ndss-paper/encrypted-dns-privacy-a-traffic-analysis-perspective/,,,"Collection, preprocessing, training/selection, evaluation, appendix, and artifact sections","Inspected the collection, preprocessing, feature selection, model-selection, training, validation/calibration, evaluation, appendix, and artifact sections and searched target, validation, calibration, adaptation, fine-tuning, normalization, feature selection, and hyperparameter terms. The paper does not affirmatively exclude target-condition traffic from every fitting, selection, calibration, adaptation, and fitted-preprocessing step.",
EVD1332,P17815,,,,split,The resolver contrast covers the full 700-class label view but is not a strict operational site/access/provider holdout.,evaluated_paper,https://www.ndss-symposium.org/ndss-paper/encrypted-dns-privacy-a-traffic-analysis-perspective/,9,,Sections V-C.2--V-C.4 and Table VI,The paper compares Google and Cloudflare resolver datasets for the same 700 sites while holding the LOC2 location and browser setup fixed.,
EVD1333,P17815,,,,not_reported_search,Target-condition access is conservatively unknown rather than zero-shot.,not_reported_search,https://www.ndss-symposium.org/ndss-paper/encrypted-dns-privacy-a-traffic-analysis-perspective/,,,"Collection, preprocessing, training/selection, evaluation, appendix, and artifact sections","Inspected the collection, preprocessing, feature selection, model-selection, training, validation/calibration, evaluation, appendix, and artifact sections and searched target, validation, calibration, adaptation, fine-tuning, normalization, feature selection, and hyperparameter terms. The paper does not affirmatively exclude target-condition traffic from every fitting, selection, calibration, adaptation, and fitted-preprocessing step.",
EVD1334,P17818,,,,split,The reported split does not create a network-condition holdout.,evaluated_paper,https://www.ndss-symposium.org/ndss-paper/flowprint-semi-supervised-mobile-app-fingerprinting-on-encrypted-network-traffic/,7,,Section V-A,The reported training/test construction uses samples or folds from the same evaluation pool and does not group the final test by an orthogonal network condition.,
EVD1335,P17818,,,,split,The reported split does not create a network-condition holdout.,evaluated_paper,https://www.ndss-symposium.org/ndss-paper/flowprint-semi-supervised-mobile-app-fingerprinting-on-encrypted-network-traffic/,7,,Section V-A,The reported training/test construction uses samples or folds from the same evaluation pool and does not group the final test by an orthogonal network condition.,
EVD1336,P17818,,,,split,The reported split does not create a network-condition holdout.,evaluated_paper,https://www.ndss-symposium.org/ndss-paper/flowprint-semi-supervised-mobile-app-fingerprinting-on-encrypted-network-traffic/,7,,Section V-A,The reported training/test construction uses samples or folds from the same evaluation pool and does not group the final test by an orthogonal network condition.,
EVD1337,P17818,,,,split,The reported split does not create a network-condition holdout.,evaluated_paper,https://www.ndss-symposium.org/ndss-paper/flowprint-semi-supervised-mobile-app-fingerprinting-on-encrypted-network-traffic/,10,,Section V-D.2,The reported training/test construction uses samples or folds from the same evaluation pool and does not group the final test by an orthogonal network condition.,
EVD1338,P17818,,,,split,"This protocol may test another condition dimension, but it does not document a network-condition holdout.",evaluated_paper,https://www.ndss-symposium.org/ndss-paper/flowprint-semi-supervised-mobile-app-fingerprinting-on-encrypted-network-traffic/,12,,Section V-E.3a and Figure 5,"The reported source/test contrast is temporal, client-, content-, transport-, sender-, or sampling-related; no orthogonal network factor is assigned.",
EVD1339,P17818,,,,split,The transformation probes sensitivity but is not a fresh-traffic network holdout.,evaluated_paper,https://www.ndss-symposium.org/ndss-paper/flowprint-semi-supervised-mobile-app-fingerprinting-on-encrypted-network-traffic/,12,,Section V-E.3b,The longitudinal sensitivity experiment replaces IP addresses and TLS certificates in test folds; it does not recollect independent traffic for the transformed condition.,
EVD1340,P17818,,,,split,The transformation probes sensitivity but is not a fresh-traffic network holdout.,evaluated_paper,https://www.ndss-symposium.org/ndss-paper/flowprint-semi-supervised-mobile-app-fingerprinting-on-encrypted-network-traffic/,12,,Section V-E.3b,The longitudinal sensitivity experiment replaces IP addresses and TLS certificates in test folds; it does not recollect independent traffic for the transformed condition.,
EVD1341,P17818,,,,split,The transformation probes sensitivity but is not a fresh-traffic network holdout.,evaluated_paper,https://www.ndss-symposium.org/ndss-paper/flowprint-semi-supervised-mobile-app-fingerprinting-on-encrypted-network-traffic/,12,,Section V-E.3b,The longitudinal sensitivity experiment replaces IP addresses and TLS certificates in test folds; it does not recollect independent traffic for the transformed condition.,
EVD1342,P17818,,,,split,"This protocol may test another condition dimension, but it does not document a network-condition holdout.",evaluated_paper,https://www.ndss-symposium.org/ndss-paper/flowprint-semi-supervised-mobile-app-fingerprinting-on-encrypted-network-traffic/,13,,Section V-E.3b,"The reported source/test contrast is temporal, client-, content-, transport-, sender-, or sampling-related; no orthogonal network factor is assigned.",
EVD1343,P18348,,,,split,"Broad-network identity, operational-network status, grouping, holdout status, and claim-scope coding.",evaluated_paper,https://www.ndss-symposium.org/ndss-paper/evaluating-machine-learning-based-iot-device-identification-models-for-security-applications/,8,,"Section V-D, temporal evaluation","The temporal figure reports Train:Now versus one week, but the surrounding text says training uses the December 2022 capture and does not map Train:Now or the weekly target to disjoint December subperiods.",
EVD1344,P18348,,,,split,"Broad-network identity, operational-network status, grouping, holdout status, and claim-scope coding.",evaluated_paper,https://www.ndss-symposium.org/ndss-paper/evaluating-machine-learning-based-iot-device-identification-models-for-security-applications/,8,,"Section V-D, temporal evaluation","The temporal figure reports Train:Now versus two weeks, but the surrounding text says training uses the December 2022 capture and does not map Train:Now or the weekly target to disjoint December subperiods.",
EVD1345,P18348,,,,split,"Broad-network identity, operational-network status, grouping, holdout status, and claim-scope coding.",evaluated_paper,https://www.ndss-symposium.org/ndss-paper/evaluating-machine-learning-based-iot-device-identification-models-for-security-applications/,8,,"Section V-D, temporal evaluation","The temporal figure reports Train:Now versus three weeks, but the surrounding text says training uses the December 2022 capture and does not map Train:Now or the weekly target to disjoint December subperiods.",
EVD1346,P18348,,,,split,"Broad-network identity, operational-network status, grouping, holdout status, and claim-scope coding.",evaluated_paper,https://www.ndss-symposium.org/ndss-paper/evaluating-machine-learning-based-iot-device-identification-models-for-security-applications/,8,,"Section V-D, temporal evaluation",The model trained on December 2022 is tested on a fresh one-month target period for the same 13 devices.,
EVD1347,P18348,,,,split,"Broad-network identity, operational-network status, grouping, holdout status, and claim-scope coding.",evaluated_paper,https://www.ndss-symposium.org/ndss-paper/evaluating-machine-learning-based-iot-device-identification-models-for-security-applications/,8,,"Section V-D, temporal evaluation",The model trained on December 2022 is tested on a fresh three-month target period for the same 13 devices.,
EVD1348,P18348,,,,split,"Broad-network identity, operational-network status, grouping, holdout status, and claim-scope coding.",evaluated_paper,https://www.ndss-symposium.org/ndss-paper/evaluating-machine-learning-based-iot-device-identification-models-for-security-applications/,8,,"Section V-D, temporal evaluation",The model trained on December 2022 is tested on a fresh six-month target period for the same 13 devices.,
EVD1349,P18348,,,,split,"Broad-network identity, operational-network status, grouping, holdout status, and claim-scope coding.",evaluated_paper,https://www.ndss-symposium.org/ndss-paper/evaluating-machine-learning-based-iot-device-identification-models-for-security-applications/,8,,"Section V-D, temporal evaluation","The model trained on December 2022 is tested on a fresh target reported as 12 months later; the paper also describes the endpoint as 52 weeks, so the exact 365-day boundary is not conservative-confirmed.",
EVD1350,P18348,,,,split,"Broad-network identity, operational-network status, grouping, holdout status, and claim-scope coding.",evaluated_paper,https://www.ndss-symposium.org/ndss-paper/evaluating-machine-learning-based-iot-device-identification-models-for-security-applications/,7,,"Section V-C, Mode of Operation","Models use traffic from both testbeds and compare mixed, idle, and active device-operation modes; network sites remain represented.",
EVD1351,P18348,,,,split,"Broad-network identity, operational-network status, grouping, holdout status, and claim-scope coding; it does not by itself establish zero-shot target-condition access.",evaluated_paper,https://www.ndss-symposium.org/ndss-paper/evaluating-machine-learning-based-iot-device-identification-models-for-security-applications/,9,,"Section V-E and Table V, Spatial Transferability","Models train on the UK testbed and test the US testbed, and vice versa, for 13 common devices; each site has its own gateway, Internet-facing interface, and private IoT network.",
EVD1352,P18348,,,,not_reported_search,Unknown-not-reported target-condition access and preprocessing-target-access coding; broad and operational holdout statuses remain supported by the directed site split.,not_reported_search,https://www.ndss-symposium.org/ndss-paper/evaluating-machine-learning-based-iot-device-identification-models-for-security-applications/,,,"Model construction, preprocessing, evaluation setup, Section V-E/Table V, appendix, and artifact descriptions","Search record: inspected the listed sections and searched train, test, validation, tune, hyperparameter, feature selection, preprocessing, normalization, calibration, adaptation, and transfer. The paper reports directed UK-to-US and US-to-UK training/testing, but no affirmative statement was found that target-site data were excluded from all model/feature selection, calibration, adaptation, and fitted preprocessing.",
EVD1353,P18348,,,,split,"Broad-network identity, operational-network status, grouping, holdout status, and claim-scope coding.",evaluated_paper,https://www.ndss-symposium.org/ndss-paper/evaluating-machine-learning-based-iot-device-identification-models-for-security-applications/,9,,"Section V-F, Observability",Packet-sampling rates are applied while the same two-testbed population is used; sampling is not a held-out network environment.,
EVD1354,P18348,,,,split,"Broad-network identity, operational-network status, grouping, holdout status, and claim-scope coding.",evaluated_paper,https://www.ndss-symposium.org/ndss-paper/evaluating-machine-learning-based-iot-device-identification-models-for-security-applications/,13,,Section VI-A–B and Table VII,The paper reduces the tailored feature set by retraining and checking performance across all evaluation scenarios until it finds a minimal acceptable set; Table VII then reports the one-month temporal result for each retained feature subset.,
EVD1355,P18348,,,,split,"Broad-network identity, operational-network status, grouping, holdout status, and claim-scope coding.",evaluated_paper,https://www.ndss-symposium.org/ndss-paper/evaluating-machine-learning-based-iot-device-identification-models-for-security-applications/,13,,Section VI-A–B and Table VII,The paper reduces the tailored feature set by retraining and checking performance across all evaluation scenarios until it finds a minimal acceptable set; Table VII then reports the three-month temporal result for each retained feature subset.,
EVD1356,P18348,,,,split,"Broad-network identity, operational-network status, grouping, holdout status, and claim-scope coding.",evaluated_paper,https://www.ndss-symposium.org/ndss-paper/evaluating-machine-learning-based-iot-device-identification-models-for-security-applications/,13,,Section VI-A–B and Table VII,The paper reduces the tailored feature set by retraining and checking performance across all evaluation scenarios until it finds a minimal acceptable set; Table VII then reports the six-month temporal result for each retained feature subset.,
EVD1357,P18348,,,,split,"Broad-network identity, operational-network status, grouping, holdout status, and claim-scope coding.",evaluated_paper,https://www.ndss-symposium.org/ndss-paper/evaluating-machine-learning-based-iot-device-identification-models-for-security-applications/,13,,Section VI-A–B and Table VII,The paper reduces the tailored feature set by retraining and checking performance across all evaluation scenarios until it finds a minimal acceptable set; Table VII then reports the twelve-month temporal result for each retained feature subset.,
EVD1358,P35345,,,,not_reported_search,Unknown-not-reported network-condition coding.,not_reported_search,http://papers.nips.cc/paper_files/paper/2025/hash/ba1d33849b963efc6b5d3082ad68f480-Abstract-Conference.html,,,"Dataset/collection, experimental setup, train-validation-test construction, evaluation, appendix, and artifact descriptions","Search record: inspected the listed sections and searched network, site, access, Wi-Fi, cellular, ISP, provider, ASN, resolver, NAT, firewall, VPN, proxy, Tor, route, path, relay, bandwidth, latency, loss, jitter, geography, server, CDN, destination, vantage, interface, split, fold, holdout, train, validation, and test; no assignable qualifying network-condition protocol with class coverage and parent grouping was reported.",
EVD1359,P35345,,,,not_reported_search,Unknown-not-reported network-condition coding.,not_reported_search,http://papers.nips.cc/paper_files/paper/2025/hash/ba1d33849b963efc6b5d3082ad68f480-Abstract-Conference.html,,,"Dataset/collection, experimental setup, train-validation-test construction, evaluation, appendix, and artifact descriptions","Search record: inspected the listed sections and searched network, site, access, Wi-Fi, cellular, ISP, provider, ASN, resolver, NAT, firewall, VPN, proxy, Tor, route, path, relay, bandwidth, latency, loss, jitter, geography, server, CDN, destination, vantage, interface, split, fold, holdout, train, validation, and test; no assignable qualifying network-condition protocol with class coverage and parent grouping was reported.",
EVD1360,P35345,,,,not_reported_search,Unknown-not-reported network-condition coding.,not_reported_search,http://papers.nips.cc/paper_files/paper/2025/hash/ba1d33849b963efc6b5d3082ad68f480-Abstract-Conference.html,,,"Dataset/collection, experimental setup, train-validation-test construction, evaluation, appendix, and artifact descriptions","Search record: inspected the listed sections and searched network, site, access, Wi-Fi, cellular, ISP, provider, ASN, resolver, NAT, firewall, VPN, proxy, Tor, route, path, relay, bandwidth, latency, loss, jitter, geography, server, CDN, destination, vantage, interface, split, fold, holdout, train, validation, and test; no assignable qualifying network-condition protocol with class coverage and parent grouping was reported.",
EVD1361,P35345,,,,not_reported_search,Unknown-not-reported network-condition coding.,not_reported_search,http://papers.nips.cc/paper_files/paper/2025/hash/ba1d33849b963efc6b5d3082ad68f480-Abstract-Conference.html,,,"Dataset/collection, experimental setup, train-validation-test construction, evaluation, appendix, and artifact descriptions","Search record: inspected the listed sections and searched network, site, access, Wi-Fi, cellular, ISP, provider, ASN, resolver, NAT, firewall, VPN, proxy, Tor, route, path, relay, bandwidth, latency, loss, jitter, geography, server, CDN, destination, vantage, interface, split, fold, holdout, train, validation, and test; no assignable qualifying network-condition protocol with class coverage and parent grouping was reported.",
EVD1362,P35345,,,,not_reported_search,Unknown-not-reported network-condition coding.,not_reported_search,http://papers.nips.cc/paper_files/paper/2025/hash/ba1d33849b963efc6b5d3082ad68f480-Abstract-Conference.html,,,"Dataset/collection, experimental setup, train-validation-test construction, evaluation, appendix, and artifact descriptions","Search record: inspected the listed sections and searched network, site, access, Wi-Fi, cellular, ISP, provider, ASN, resolver, NAT, firewall, VPN, proxy, Tor, route, path, relay, bandwidth, latency, loss, jitter, geography, server, CDN, destination, vantage, interface, split, fold, holdout, train, validation, and test; no assignable qualifying network-condition protocol with class coverage and parent grouping was reported.",
EVD1363,P38630,,,,split,The reported split does not create a network-condition holdout.,evaluated_paper,https://www.usenix.org/conference/nsdi22/presentation/siracusano,5,,Section 3.2,The reported training/test construction uses samples or folds from the same evaluation pool and does not group the final test by an orthogonal network condition.,
EVD1364,P38761,,,,not_reported_search,A network-condition holdout cannot be determined from the reported protocol.,not_reported_search,https://www.usenix.org/conference/nsdi24/presentation/yan,,,"Dataset/collection, preprocessing, training, evaluation, appendix, artifact, and references","Inspected and searched the dataset/collection, preprocessing/features, fitting, model selection, validation/calibration, evaluation, appendix, artifact, and references for site, access, Wi-Fi, cellular, ISP/provider/ASN, resolver, VPN/Tor/relay, route/path, bandwidth/latency/loss/jitter, geography, server/CDN, vantage, train/validation/test, fold, and holdout terms. No assignable source/final-test network contrast is reported for this protocol.",
EVD1365,P38761,,,,not_reported_search,A network-condition holdout cannot be determined from the reported protocol.,not_reported_search,https://www.usenix.org/conference/nsdi24/presentation/yan,,,"Dataset/collection, preprocessing, training, evaluation, appendix, artifact, and references","Inspected and searched the dataset/collection, preprocessing/features, fitting, model selection, validation/calibration, evaluation, appendix, artifact, and references for site, access, Wi-Fi, cellular, ISP/provider/ASN, resolver, VPN/Tor/relay, route/path, bandwidth/latency/loss/jitter, geography, server/CDN, vantage, train/validation/test, fold, and holdout terms. No assignable source/final-test network contrast is reported for this protocol.",
EVD1366,P38761,,,,not_reported_search,A network-condition holdout cannot be determined from the reported protocol.,not_reported_search,https://www.usenix.org/conference/nsdi24/presentation/yan,,,"Dataset/collection, preprocessing, training, evaluation, appendix, artifact, and references","Inspected and searched the dataset/collection, preprocessing/features, fitting, model selection, validation/calibration, evaluation, appendix, artifact, and references for site, access, Wi-Fi, cellular, ISP/provider/ASN, resolver, VPN/Tor/relay, route/path, bandwidth/latency/loss/jitter, geography, server/CDN, vantage, train/validation/test, fold, and holdout terms. No assignable source/final-test network contrast is reported for this protocol.",
EVD1367,P38761,,,,not_reported_search,A network-condition holdout cannot be determined from the reported protocol.,not_reported_search,https://www.usenix.org/conference/nsdi24/presentation/yan,,,"Dataset/collection, preprocessing, training, evaluation, appendix, artifact, and references","Inspected and searched the dataset/collection, preprocessing/features, fitting, model selection, validation/calibration, evaluation, appendix, artifact, and references for site, access, Wi-Fi, cellular, ISP/provider/ASN, resolver, VPN/Tor/relay, route/path, bandwidth/latency/loss/jitter, geography, server/CDN, vantage, train/validation/test, fold, and holdout terms. No assignable source/final-test network contrast is reported for this protocol.",
EVD1368,P38798,,,,not_reported_search,A network-condition holdout cannot be determined from the reported protocol.,not_reported_search,https://www.usenix.org/conference/nsdi24/presentation/jafri,,,"Dataset/collection, preprocessing, training, evaluation, appendix, artifact, and references","Inspected and searched the dataset/collection, preprocessing/features, fitting, model selection, validation/calibration, evaluation, appendix, artifact, and references for site, access, Wi-Fi, cellular, ISP/provider/ASN, resolver, VPN/Tor/relay, route/path, bandwidth/latency/loss/jitter, geography, server/CDN, vantage, train/validation/test, fold, and holdout terms. No assignable source/final-test network contrast is reported for this protocol.",
EVD1369,P38798,,,,not_reported_search,A network-condition holdout cannot be determined from the reported protocol.,not_reported_search,https://www.usenix.org/conference/nsdi24/presentation/jafri,,,"Dataset/collection, preprocessing, training, evaluation, appendix, artifact, and references","Inspected and searched the dataset/collection, preprocessing/features, fitting, model selection, validation/calibration, evaluation, appendix, artifact, and references for site, access, Wi-Fi, cellular, ISP/provider/ASN, resolver, VPN/Tor/relay, route/path, bandwidth/latency/loss/jitter, geography, server/CDN, vantage, train/validation/test, fold, and holdout terms. No assignable source/final-test network contrast is reported for this protocol.",
EVD1370,P38868,,,,split,"Broad-network identity, operational-network status, grouping, holdout status, and claim-scope coding.",evaluated_paper,https://www.usenix.org/conference/nsdi25/presentation/wan-gerry,8,,"Section 5.1, Model Training",CATO pools campus flow records for nested folds and a final 20% flow holdout; the campus border vantage is not grouped out.,
EVD1371,P38868,,,,split,"Broad-network identity, operational-network status, grouping, holdout status, and claim-scope coding.",evaluated_paper,https://www.usenix.org/conference/nsdi25/presentation/wan-gerry,8,,"Section 5.1, Model Training",The IoT experiment uses 28 device types and the same nested five-fold plus final 20% holdout procedure after pooling traffic from the selected trace days.,
EVD1372,P39009,,,,not_reported_search,No source/final-test network contrast can be established from the reported protocol.,not_reported_search,https://doi.org/10.1145/3545948.3545973,,,"Dataset/collection, preprocessing, training, evaluation, appendix, artifact, and references","Inspected the dataset/collection, feature and preprocessing, model training and selection, evaluation/results, appendix, artifact/availability, and references; searched for network, site, access, Wi-Fi, cellular, ISP, provider, ASN, resolver, VPN, Tor, relay, route, path, latency, bandwidth, loss, jitter, geography, server, CDN, vantage, train, validation, calibration, adaptation, test, fold, holdout, feature selection, and normalization. No assignable source/final-test network contrast and network-aware allocation are reported for this protocol.",
EVD1373,P39015,,,,split,The reported split does not create a network-condition holdout.,evaluated_paper,https://doi.org/10.1145/3545948.3545983,8,,Section 5.2,The reported training/test construction uses samples or folds from the same evaluation pool and does not group the final test by an orthogonal network condition.,
EVD1374,P39015,,,,split,The reported split does not create a network-condition holdout.,evaluated_paper,https://doi.org/10.1145/3545948.3545983,8,,Section 5.2,The reported training/test construction uses samples or folds from the same evaluation pool and does not group the final test by an orthogonal network condition.,
EVD1375,P39064,,,,split,The split does not create a network-condition holdout.,evaluated_paper,https://doi.org/10.1145/3607199.3607206,8,,"§4.1.2, dataset partition and validation",Network metadata are not used to group the sample/fold split.,
EVD1376,P39064,,,,split,The split does not create a network-condition holdout.,evaluated_paper,https://doi.org/10.1145/3607199.3607206,8,,"§4.1.2, dataset partition and validation",Network metadata are not used to group the sample/fold split.,
EVD1377,P39064,,,,split,The split does not create a network-condition holdout.,evaluated_paper,https://doi.org/10.1145/3607199.3607206,8,,"§4.1.2, dataset partition and validation",Network metadata are not used to group the sample/fold split.,
EVD1378,P39064,,,,split,The split does not create a network-condition holdout.,evaluated_paper,https://doi.org/10.1145/3607199.3607206,8,,"§4.1.2, dataset partition and validation",Network metadata are not used to group the sample/fold split.,
EVD1379,P39064,,,,split,The split does not create a network-condition holdout.,evaluated_paper,https://doi.org/10.1145/3607199.3607206,8,,"§4.1.2, dataset partition and validation",Network metadata are not used to group the sample/fold split.,
EVD1380,P39064,,,,split,The split does not create a network-condition holdout.,evaluated_paper,https://doi.org/10.1145/3607199.3607206,8,,"§4.1.2, dataset partition and validation",Network metadata are not used to group the sample/fold split.,
EVD1381,P39132,,,,split,The split does not create a network-condition holdout.,evaluated_paper,https://doi.org/10.1145/3678890.3678910,5,,"§3.2, evaluation",Network metadata are not used to group the sample/fold split.,
EVD1382,P39132,,,,split,The split does not create a network-condition holdout.,evaluated_paper,https://doi.org/10.1145/3678890.3678910,5,,"§3.2, evaluation",Network metadata are not used to group the sample/fold split.,
EVD1383,P39132,,,,split,The split does not create a network-condition holdout.,evaluated_paper,https://doi.org/10.1145/3678890.3678910,5,,"§3.2, evaluation",Network metadata are not used to group the sample/fold split.,
EVD1384,P39132,,,,split,The split does not create a network-condition holdout.,evaluated_paper,https://doi.org/10.1145/3678890.3678910,5,,"§3.2, evaluation",Network metadata are not used to group the sample/fold split.,
EVD1385,P39132,,,,split,"The protocol evaluates another condition dimension, not a documented network-side condition.",evaluated_paper,https://doi.org/10.1145/3678890.3678910,8,,§3.5/Fig. 4,"The reported holdout changes classes, TLS/application/client state, cache state, user agent, defense parameters, or dataset identity without a stable common-label network-side contrast.",
EVD1386,P39132,,,,split,The split does not create a network-condition holdout.,evaluated_paper,https://doi.org/10.1145/3678890.3678910,8,,§3.5 / Fig. 4,Network metadata are not used to group the sample/fold split.,
EVD1387,P39132,,,,split,"The protocol evaluates another condition dimension, not a documented network-side condition.",evaluated_paper,https://doi.org/10.1145/3678890.3678910,12,,§4.5/Fig. 12,"The reported holdout changes classes, TLS/application/client state, cache state, user agent, defense parameters, or dataset identity without a stable common-label network-side contrast.",
EVD1388,P39132,,,,split,The split does not create a network-condition holdout.,evaluated_paper,https://doi.org/10.1145/3678890.3678910,12,,§4.5 / Fig. 12,Network metadata are not used to group the sample/fold split.,
EVD1389,P39497,,,,split,The split does not create a network-condition holdout.,evaluated_paper,https://doi.org/10.1145/3603269.3604840,7,,§6.1,Network metadata are not used to group the sample/fold split.,
EVD1390,P39497,,,,split,The split does not create a network-condition holdout.,evaluated_paper,https://doi.org/10.1145/3603269.3604840,8,,§6.2,Network metadata are not used to group the sample/fold split.,
EVD1391,P39497,,,,split,The split does not create a network-condition holdout.,evaluated_paper,https://doi.org/10.1145/3603269.3604840,8,,§6.3,Network metadata are not used to group the sample/fold split.,
EVD1392,P39497,,,,split,The split does not create a network-condition holdout.,evaluated_paper,https://doi.org/10.1145/3603269.3604840,9,,§6.5,Network metadata are not used to group the sample/fold split.,
EVD1393,P39497,,,,split,The split does not create a network-condition holdout.,evaluated_paper,https://doi.org/10.1145/3603269.3604840,9,,§6.6,Network metadata are not used to group the sample/fold split.,
EVD1394,P39497,,,,split,The split does not create a network-condition holdout.,evaluated_paper,https://doi.org/10.1145/3603269.3604840,10,,§6.8,Network metadata are not used to group the sample/fold split.,
EVD1395,P39497,,,,split,"This is a useful sensitivity test, but not a fresh, parent-disjoint network holdout.",evaluated_paper,https://doi.org/10.1145/3603269.3604840,10,,Section 7.1,"The paper samples Trace-G flows and replays those same parent flows through SSH, then transforms the model using target cipher/MAC parameters; target traffic is not fresh parent-disjoint traffic.",
EVD1396,P39771,,,,split,"Broad-network identity, operational-network status, grouping, holdout status, and claim-scope coding.",evaluated_paper,https://doi.org/10.1145/3718958.3750529,9,,"Section 7.1, Traffic Classification Datasets","For PeerRush, 75% of five-tuple flows from each class train the models, 10% validate, and 15% test; no temporal grouping is reported.",
EVD1397,P39771,,,,split,"Broad-network identity, operational-network status, grouping, holdout status, and claim-scope coding.",evaluated_paper,https://doi.org/10.1145/3718958.3750529,9,,"Section 7.1, Traffic Classification Datasets","For CICIOT2022, 75% of five-tuple flows from each class train the models, 10% validate, and 15% test; no temporal grouping is reported.",
EVD1398,P39771,,,,split,"Broad-network identity, operational-network status, grouping, holdout status, and claim-scope coding.",evaluated_paper,https://doi.org/10.1145/3718958.3750529,9,,"Section 7.1, Traffic Classification Datasets","For ISCXVPN2016, 75% of five-tuple flows from each class train the models, 10% validate, and 15% test; no temporal grouping is reported.",
EVD1399,P39771,,,,task,"Broad-network identity, operational-network status, grouping, holdout status, and claim-scope coding.",evaluated_paper,https://doi.org/10.1145/3718958.3750529,11,,"Section 7.3, Unsupervised Malicious Traffic Detection","Training uses only normal traffic from one corpus, while tests inject malicious flows from USTC-TFC2016 or Kitsune; provenance and the binary label co-vary.",
EVD1400,P39771,,,,task,"Broad-network identity, operational-network status, grouping, holdout status, and claim-scope coding.",evaluated_paper,https://doi.org/10.1145/3718958.3750529,11,,"Section 7.3, Unsupervised Malicious Traffic Detection","Training uses only normal traffic from one corpus, while tests inject malicious flows from USTC-TFC2016 or Kitsune; provenance and the binary label co-vary.",
EVD1401,P39771,,,,task,"Broad-network identity, operational-network status, grouping, holdout status, and claim-scope coding.",evaluated_paper,https://doi.org/10.1145/3718958.3750529,11,,"Section 7.3, Unsupervised Malicious Traffic Detection","Training uses only normal traffic from one corpus, while tests inject malicious flows from USTC-TFC2016 or Kitsune; provenance and the binary label co-vary.",
EVD1402,P39804,,,,split,"Broad-network identity, operational-network status, grouping, holdout status, and claim-scope coding.",evaluated_paper,https://doi.org/10.1145/3718958.3750498,7,,"Section 5, Downstream task evaluation",The audit benchmark uses a random 7:1 per-flow training/test split; all packets from a five-tuple flow remain in one partition and three-fold validation is performed within training.,
EVD1403,P39804,,,,split,"Broad-network identity, operational-network status, grouping, holdout status, and claim-scope coding.",evaluated_paper,https://doi.org/10.1145/3718958.3750498,7,,"Section 5, Downstream task evaluation",The audit benchmark uses a random 7:1 per-flow training/test split; all packets from a five-tuple flow remain in one partition and three-fold validation is performed within training.,
EVD1404,P39804,,,,split,"Broad-network identity, operational-network status, grouping, holdout status, and claim-scope coding.",evaluated_paper,https://doi.org/10.1145/3718958.3750498,7,,"Section 5, Downstream task evaluation",The audit benchmark uses a random 7:1 per-flow training/test split; all packets from a five-tuple flow remain in one partition and three-fold validation is performed within training.,
EVD1405,P39804,,,,split,"Broad-network identity, operational-network status, grouping, holdout status, and claim-scope coding.",evaluated_paper,https://doi.org/10.1145/3718958.3750498,7,,"Section 5, Downstream task evaluation",The audit benchmark uses a random 7:1 per-flow training/test split; all packets from a five-tuple flow remain in one partition and three-fold validation is performed within training.,
EVD1406,P39804,,,,split,"Broad-network identity, operational-network status, grouping, holdout status, and claim-scope coding.",evaluated_paper,https://doi.org/10.1145/3718958.3750498,8,,"Section 6.1, Information Leakage",The per-packet comparison randomly assigns packets of each class to an 8:1:1 train/validation/test split; packets from the same flow can therefore cross partitions.,
EVD1407,P39804,,,,split,"Broad-network identity, operational-network status, grouping, holdout status, and claim-scope coding.",evaluated_paper,https://doi.org/10.1145/3718958.3750498,8,,"Section 6.1, Information Leakage",The per-packet comparison randomly assigns packets of each class to an 8:1:1 train/validation/test split; packets from the same flow can therefore cross partitions.,
EVD1408,P39804,,,,split,"Broad-network identity, operational-network status, grouping, holdout status, and claim-scope coding.",evaluated_paper,https://doi.org/10.1145/3718958.3750498,10,,"Section 6.2, Flow-Level Traffic Classification Results",Flow-level models use the same random per-flow partition and three-fold training procedure as the downstream benchmark; no collection period is held out.,
EVD1409,P39804,,,,split,"Broad-network identity, operational-network status, grouping, holdout status, and claim-scope coding.",evaluated_paper,https://doi.org/10.1145/3718958.3750498,10,,"Section 6.2, Flow-Level Traffic Classification Results",Flow-level models use the same random per-flow partition and three-fold training procedure as the downstream benchmark; no collection period is held out.,
EVD1410,P40493,,,,split,The reported split does not create a network-condition holdout.,evaluated_paper,https://doi.org/10.1109/SP40000.2020.00015,6,,"Section V, Experimental Setup",The reported training/test construction uses samples or folds from the same evaluation pool and does not group the final test by an orthogonal network condition.,
EVD1411,P40493,,,,split,The reported split does not create a network-condition holdout.,evaluated_paper,https://doi.org/10.1109/SP40000.2020.00015,11,,Section VI-E,The reported training/test construction uses samples or folds from the same evaluation pool and does not group the final test by an orthogonal network condition.,
EVD1412,P40493,,,,split,The reported split does not create a network-condition holdout.,evaluated_paper,https://doi.org/10.1109/SP40000.2020.00015,6,,Experimental setup,The reported training/test construction uses samples or folds from the same evaluation pool and does not group the final test by an orthogonal network condition.,
EVD1413,P41557,,,,not_reported_search,Unknown-not-reported network-condition coding.,not_reported_search,https://doi.org/10.1109/SP61157.2025.00154,,,"Dataset/collection, experimental setup, train-validation-test construction, evaluation, appendix, and artifact descriptions","Search record: inspected the listed sections and searched network, site, access, Wi-Fi, cellular, ISP, provider, ASN, resolver, NAT, firewall, VPN, proxy, Tor, route, path, relay, bandwidth, latency, loss, jitter, geography, server, CDN, destination, vantage, interface, split, fold, holdout, train, validation, and test; no assignable qualifying network-condition protocol with class coverage and parent grouping was reported.",
EVD1414,P41557,,,,not_reported_search,Unknown-not-reported network-condition coding.,not_reported_search,https://doi.org/10.1109/SP61157.2025.00154,,,"Dataset/collection, experimental setup, train-validation-test construction, evaluation, appendix, and artifact descriptions","Search record: inspected the listed sections and searched network, site, access, Wi-Fi, cellular, ISP, provider, ASN, resolver, NAT, firewall, VPN, proxy, Tor, route, path, relay, bandwidth, latency, loss, jitter, geography, server, CDN, destination, vantage, interface, split, fold, holdout, train, validation, and test; no assignable qualifying network-condition protocol with class coverage and parent grouping was reported.",
EVD1415,P41557,,,,not_reported_search,Unknown-not-reported network-condition coding.,not_reported_search,https://doi.org/10.1109/SP61157.2025.00154,,,"Dataset/collection, experimental setup, train-validation-test construction, evaluation, appendix, and artifact descriptions","Search record: inspected the listed sections and searched network, site, access, Wi-Fi, cellular, ISP, provider, ASN, resolver, NAT, firewall, VPN, proxy, Tor, route, path, relay, bandwidth, latency, loss, jitter, geography, server, CDN, destination, vantage, interface, split, fold, holdout, train, validation, and test; no assignable qualifying network-condition protocol with class coverage and parent grouping was reported.",
EVD1416,P41557,,,,not_reported_search,Unknown-not-reported network-condition coding.,not_reported_search,https://doi.org/10.1109/SP61157.2025.00154,,,"Dataset/collection, experimental setup, train-validation-test construction, evaluation, appendix, and artifact descriptions","Search record: inspected the listed sections and searched network, site, access, Wi-Fi, cellular, ISP, provider, ASN, resolver, NAT, firewall, VPN, proxy, Tor, route, path, relay, bandwidth, latency, loss, jitter, geography, server, CDN, destination, vantage, interface, split, fold, holdout, train, validation, and test; no assignable qualifying network-condition protocol with class coverage and parent grouping was reported.",
EVD1417,P41557,,,,not_reported_search,Unknown-not-reported network-condition coding.,not_reported_search,https://doi.org/10.1109/SP61157.2025.00154,,,"Dataset/collection, experimental setup, train-validation-test construction, evaluation, appendix, and artifact descriptions","Search record: inspected the listed sections and searched network, site, access, Wi-Fi, cellular, ISP, provider, ASN, resolver, NAT, firewall, VPN, proxy, Tor, route, path, relay, bandwidth, latency, loss, jitter, geography, server, CDN, destination, vantage, interface, split, fold, holdout, train, validation, and test; no assignable qualifying network-condition protocol with class coverage and parent grouping was reported.",
EVD1418,P41766,,,,not_reported_search,Unknown-not-reported network-condition coding.,not_reported_search,https://doi.org/10.1109/SP61157.2025.00102,,,"Dataset/collection, experimental setup, train-validation-test construction, evaluation, appendix, and artifact descriptions","Search record: inspected the listed sections and searched network, site, access, Wi-Fi, cellular, ISP, provider, ASN, resolver, NAT, firewall, VPN, proxy, Tor, route, path, relay, bandwidth, latency, loss, jitter, geography, server, CDN, destination, vantage, interface, split, fold, holdout, train, validation, and test; no assignable qualifying network-condition protocol with class coverage and parent grouping was reported.",
EVD1419,P41766,,,,not_reported_search,Unknown-not-reported network-condition coding.,not_reported_search,https://doi.org/10.1109/SP61157.2025.00102,,,"Dataset/collection, experimental setup, train-validation-test construction, evaluation, appendix, and artifact descriptions","Search record: inspected the listed sections and searched network, site, access, Wi-Fi, cellular, ISP, provider, ASN, resolver, NAT, firewall, VPN, proxy, Tor, route, path, relay, bandwidth, latency, loss, jitter, geography, server, CDN, destination, vantage, interface, split, fold, holdout, train, validation, and test; no assignable qualifying network-condition protocol with class coverage and parent grouping was reported.",
EVD1420,P41766,,,,not_reported_search,Unknown-not-reported network-condition coding.,not_reported_search,https://doi.org/10.1109/SP61157.2025.00102,,,"Dataset/collection, experimental setup, train-validation-test construction, evaluation, appendix, and artifact descriptions","Search record: inspected the listed sections and searched network, site, access, Wi-Fi, cellular, ISP, provider, ASN, resolver, NAT, firewall, VPN, proxy, Tor, route, path, relay, bandwidth, latency, loss, jitter, geography, server, CDN, destination, vantage, interface, split, fold, holdout, train, validation, and test; no assignable qualifying network-condition protocol with class coverage and parent grouping was reported.",
EVD1421,P41766,,,,not_reported_search,Unknown-not-reported network-condition coding.,not_reported_search,https://doi.org/10.1109/SP61157.2025.00102,,,"Dataset/collection, experimental setup, train-validation-test construction, evaluation, appendix, and artifact descriptions","Search record: inspected the listed sections and searched network, site, access, Wi-Fi, cellular, ISP, provider, ASN, resolver, NAT, firewall, VPN, proxy, Tor, route, path, relay, bandwidth, latency, loss, jitter, geography, server, CDN, destination, vantage, interface, split, fold, holdout, train, validation, and test; no assignable qualifying network-condition protocol with class coverage and parent grouping was reported.",
EVD1422,P41766,,,,not_reported_search,Unknown-not-reported network-condition coding.,not_reported_search,https://doi.org/10.1109/SP61157.2025.00102,,,"Dataset/collection, experimental setup, train-validation-test construction, evaluation, appendix, and artifact descriptions","Search record: inspected the listed sections and searched network, site, access, Wi-Fi, cellular, ISP, provider, ASN, resolver, NAT, firewall, VPN, proxy, Tor, route, path, relay, bandwidth, latency, loss, jitter, geography, server, CDN, destination, vantage, interface, split, fold, holdout, train, validation, and test; no assignable qualifying network-condition protocol with class coverage and parent grouping was reported.",
EVD1423,P41766,,,,not_reported_search,Unknown-not-reported network-condition coding.,not_reported_search,https://doi.org/10.1109/SP61157.2025.00102,,,"Dataset/collection, experimental setup, train-validation-test construction, evaluation, appendix, and artifact descriptions","Search record: inspected the listed sections and searched network, site, access, Wi-Fi, cellular, ISP, provider, ASN, resolver, NAT, firewall, VPN, proxy, Tor, route, path, relay, bandwidth, latency, loss, jitter, geography, server, CDN, destination, vantage, interface, split, fold, holdout, train, validation, and test; no assignable qualifying network-condition protocol with class coverage and parent grouping was reported.",
EVD1424,P42020,,,,split,"Multiple networks may be represented, but the split does not reserve a network for final testing.",evaluated_paper,https://www.usenix.org/conference/usenixsecurity20/presentation/yu,10,,Section 5.1,Device records from multiple public Wi-Fi observations are pooled before 10-fold cross-validation; sites are not held out.,
EVD1425,P42020,,,,split,"Multiple networks may be represented, but the split does not reserve a network for final testing.",evaluated_paper,https://www.usenix.org/conference/usenixsecurity20/presentation/yu,10,,Section 5.1,Device records from multiple public Wi-Fi observations are pooled before 10-fold cross-validation; sites are not held out.,
EVD1426,P42485,,,,split,"Lab Space-Low supplies a complete nine-class unfamiliar-site test; environment, AP, background traffic, and device deployment co-vary.",evaluated_paper,https://www.usenix.org/conference/usenixsecurity22/presentation/sharma-rahul,11,,"Sections 7.1--7.2, Figure 8, and Table 3","Lumos is trained offline in a mini testbed and evaluated in separate office, apartment, and lab environments; Lab Space-Low contains nine devices, one per output category.",
EVD1427,P42485,,,,target_access,Final-target access is affirmatively coded as unseen/zero-shot for this protocol.,evaluated_paper,https://www.usenix.org/conference/usenixsecurity22/presentation/sharma-rahul,11,,"Sections 7.1--7.2, Figure 8, and Table 3",The reported final-test condition is reserved from classifier training and validation; the coded representation/preprocessing uses only source/training data or fixed transforms.,
EVD1428,P42485,,,,split,"This protocol may test another condition dimension, but it does not document a network-condition holdout.",evaluated_paper,https://www.usenix.org/conference/usenixsecurity22/presentation/sharma-rahul,15,,"Section 8, Unprofiled Devices","The reported source/test contrast is temporal, client-, content-, transport-, sender-, or sampling-related; no orthogonal network factor is assigned.",
EVD1429,P42512,,,,split,"This protocol may test another condition dimension, but it does not document a network-condition holdout.",evaluated_paper,https://www.usenix.org/conference/usenixsecurity22/presentation/cherubin,10,,Section 6.3,"The reported source/test contrast is temporal, client-, content-, transport-, sender-, or sampling-related; no orthogonal network factor is assigned.",
EVD1430,P42512,,,,split,"This protocol may test another condition dimension, but it does not document a network-condition holdout.",evaluated_paper,https://www.usenix.org/conference/usenixsecurity22/presentation/cherubin,10,,Section 6.3,"The reported source/test contrast is temporal, client-, content-, transport-, sender-, or sampling-related; no orthogonal network factor is assigned.",
EVD1431,P42512,,,,split,The exit-to-entry experiment covers up to the full 750-site label view with disjoint visits; capture vantage is broad network but not strict operational access/site/provider.,evaluated_paper,https://www.usenix.org/conference/usenixsecurity22/presentation/cherubin,13,,Section 6.4 and Figure 11,"For 922 sites with paired entry/exit observations, the paper trains on 50% of traces and evaluates on the remaining 50%, including Exit-Entry models up to 750 monitored sites.",
EVD1432,P42512,,,,target_access,Final-target access is affirmatively coded as unseen/zero-shot for this protocol.,evaluated_paper,https://www.usenix.org/conference/usenixsecurity22/presentation/cherubin,13,,Section 6.4 and Figure 11,The reported final-test condition is reserved from classifier training and validation; the coded representation/preprocessing uses only source/training data or fixed transforms.,
EVD1433,P42624,,,,split,The reported split does not create a network-condition holdout.,evaluated_paper,https://www.usenix.org/conference/usenixsecurity22/presentation/bae,10,,Section 5.2,The reported training/test construction uses samples or folds from the same evaluation pool and does not group the final test by an orthogonal network condition.,
EVD1434,P42624,,,,split,The reported split does not create a network-condition holdout.,evaluated_paper,https://www.usenix.org/conference/usenixsecurity22/presentation/bae,10,,Section 5.2,The reported training/test construction uses samples or folds from the same evaluation pool and does not group the final test by an orthogonal network condition.,
EVD1435,P42624,,,,split,The reported split does not create a network-condition holdout.,evaluated_paper,https://www.usenix.org/conference/usenixsecurity22/presentation/bae,10,,Section 5.2,The reported training/test construction uses samples or folds from the same evaluation pool and does not group the final test by an orthogonal network condition.,
EVD1436,P42624,,,,split,The reported split does not create a network-condition holdout.,evaluated_paper,https://www.usenix.org/conference/usenixsecurity22/presentation/bae,10,,Section 5.2 and Table 4,The reported training/test construction uses samples or folds from the same evaluation pool and does not group the final test by an orthogonal network condition.,
EVD1437,P42624,,,,split,The six cross-MNO directions form a full 100-class provider holdout; provider is not isolated from radio/cell conditions.,evaluated_paper,https://www.usenix.org/conference/usenixsecurity22/presentation/bae,10,,"Section 5.2, Impact of MNOs and devices",The paper explicitly trains and tests on traces from different MNOs and reports all six cross-MNO train/test combinations.,
EVD1438,P42624,,,,not_reported_search,Target-condition access is conservatively unknown rather than zero-shot.,not_reported_search,https://www.usenix.org/conference/usenixsecurity22/presentation/bae,,,"Collection, preprocessing, training/selection, evaluation, appendix, and artifact sections","Inspected the collection, preprocessing, feature selection, model-selection, training, validation/calibration, evaluation, appendix, and artifact sections and searched target, validation, calibration, adaptation, fine-tuning, normalization, feature selection, and hyperparameter terms. The paper does not affirmatively exclude target-condition traffic from every fitting, selection, calibration, adaptation, and fitted-preprocessing step.",
EVD1439,P42624,,,,split,The full 100-title classifier is trained without CA and tested on fresh CA-enabled traffic; CA is aliased with radio-load and campaign effects.,evaluated_paper,https://www.usenix.org/conference/usenixsecurity22/presentation/bae,11,,Section 5.3 and Figure 7,"The paper collects CA-deactivated YouTube100 and CA-enabled YouTubeCA separately, trains the CNN on YouTube100, and evaluates on YouTubeCA.",
EVD1440,P42624,,,,not_reported_search,Target-condition access is conservatively unknown rather than zero-shot.,not_reported_search,https://www.usenix.org/conference/usenixsecurity22/presentation/bae,,,"Collection, preprocessing, training/selection, evaluation, appendix, and artifact sections","Inspected the collection, preprocessing, feature selection, model-selection, training, validation/calibration, evaluation, appendix, and artifact sections and searched target, validation, calibration, adaptation, fine-tuning, normalization, feature selection, and hyperparameter terms. The paper does not affirmatively exclude target-condition traffic from every fitting, selection, calibration, adaptation, and fitted-preprocessing step.",
EVD1441,P42624,,,,split,A label-aligned network property cannot establish label-orthogonal network generalization.,evaluated_paper,https://www.usenix.org/conference/usenixsecurity22/presentation/bae,12,,Section 5.5,Streaming-service provider is the output label; the held-out titles are a content contrast.,
EVD1442,P42624,,,,split,"This protocol may test another condition dimension, but it does not document a network-condition holdout.",evaluated_paper,https://www.usenix.org/conference/usenixsecurity22/presentation/bae,12,,Section 5.5,"The reported source/test contrast is temporal, client-, content-, transport-, sender-, or sampling-related; no orthogonal network factor is assigned.",
EVD1443,P42690,,,,split,The split does not create a network-condition holdout.,evaluated_paper,https://www.usenix.org/conference/usenixsecurity23/presentation/qu,7,,"§5.1, evaluation setup",Network metadata are not used to group the sample/fold split.,
EVD1444,P42690,,,,split,The split does not create a network-condition holdout.,evaluated_paper,https://www.usenix.org/conference/usenixsecurity23/presentation/qu,7,,"§5.1, evaluation setup",Network metadata are not used to group the sample/fold split.,
EVD1445,P42690,,,,split,The split does not create a network-condition holdout.,evaluated_paper,https://www.usenix.org/conference/usenixsecurity23/presentation/qu,7,,"§5.1, evaluation setup",Network metadata are not used to group the sample/fold split.,
EVD1446,P42690,,,,split,The split does not create a network-condition holdout.,evaluated_paper,https://www.usenix.org/conference/usenixsecurity23/presentation/qu,7,,"§5.1, evaluation setup",Network metadata are not used to group the sample/fold split.,
EVD1447,P42690,,,,split,"This is a useful sensitivity test, but not a fresh, parent-disjoint network holdout.",evaluated_paper,https://www.usenix.org/conference/usenixsecurity23/presentation/qu,15,,"Section 6, Input perturbations","Packet loss, padding, dummy-packet, and dummy-flow variants are produced from the same captured SWF traces, so the test is not fresh parent-disjoint traffic.",
EVD1448,P42690,,,,split,The split does not create a network-condition holdout.,evaluated_paper,https://www.usenix.org/conference/usenixsecurity23/presentation/qu,14,,"§5.7, perturbation retraining",Network metadata are not used to group the sample/fold split.,
EVD1449,P43001,,,,split,The protocol reports a condition-grouped multiclass network contrast; its scope is limited to the named contrast and access regime.,evaluated_paper,https://www.usenix.org/conference/usenixsecurity23/presentation/xie,6,,Sections 3.2.1–3.2.2 and Tables 3–5,"For the real-traffic environment experiment, τ1 (China/Ethernet) is the fixed source and τ2–τ6 are separately collected targets. The geography comparison uses τ2 (Korea/Ethernet) and τ3 (USA/Ethernet) for the same labels; it does not rotate every environment as source.",
EVD1450,P43001,,,,target_access,Affirmative source-only evidence supports unseen/zero-shot target access.,evaluated_paper,https://www.usenix.org/conference/usenixsecurity23/presentation/xie,6,,Sections 3.2.1–3.2.2 and Tables 3–5,The reported classifier is fitted/selected on the source condition (and any source validation split) and then applied to the separately reserved target-condition final test; fitted preprocessing is source-only.,
EVD1451,P43001,,,,split,The protocol reports a condition-grouped multiclass network contrast; its scope is limited to the named contrast and access regime.,evaluated_paper,https://www.usenix.org/conference/usenixsecurity23/presentation/xie,6,,Sections 3.2.1–3.2.2 and Tables 3–5,"For the real-traffic environment experiment, τ1 (China/Ethernet) is the fixed source. The access-technology comparison applies the source-fitted model to τ4–τ6 (China Wi-Fi, 4G LTE, and 3G WCDMA) for the same labels.",
EVD1452,P43001,,,,target_access,Affirmative source-only evidence supports unseen/zero-shot target access.,evaluated_paper,https://www.usenix.org/conference/usenixsecurity23/presentation/xie,6,,Sections 3.2.1–3.2.2 and Tables 3–5,The reported classifier is fitted/selected on the source condition (and any source validation split) and then applied to the separately reserved target-condition final test; fitted preprocessing is source-only.,
EVD1453,P43001,,,,split,The protocol reports a condition-grouped multiclass network contrast; its scope is limited to the named contrast and access regime.,evaluated_paper,https://www.usenix.org/conference/usenixsecurity23/presentation/xie,6,,Sections 3.2.1–3.2.2 and Tables 3–5,"For the real-traffic environment experiment, τ1 (China/Ethernet) is the fixed source and τ2–τ6 are separately collected targets. The geography comparison uses τ2 (Korea/Ethernet) and τ3 (USA/Ethernet) for the same application labels; it does not rotate every environment as source.",
EVD1454,P43001,,,,target_access,Affirmative source-only evidence supports unseen/zero-shot target access.,evaluated_paper,https://www.usenix.org/conference/usenixsecurity23/presentation/xie,6,,Sections 3.2.1–3.2.2 and Tables 3–5,The reported classifier is fitted/selected on the source condition (and any source validation split) and then applied to the separately reserved target-condition final test; fitted preprocessing is source-only.,
EVD1455,P43001,,,,split,The protocol reports a condition-grouped multiclass network contrast; its scope is limited to the named contrast and access regime.,evaluated_paper,https://www.usenix.org/conference/usenixsecurity23/presentation/xie,6,,Sections 3.2.1–3.2.2 and Tables 3–5,"For the real-traffic environment experiment, τ1 (China/Ethernet) is the fixed source. The access-technology comparison applies the source-fitted model to τ4–τ6 (China Wi-Fi, 4G LTE, and 3G WCDMA) for the same application labels.",
EVD1456,P43001,,,,target_access,Affirmative source-only evidence supports unseen/zero-shot target access.,evaluated_paper,https://www.usenix.org/conference/usenixsecurity23/presentation/xie,6,,Sections 3.2.1–3.2.2 and Tables 3–5,The reported classifier is fitted/selected on the source condition (and any source validation split) and then applied to the separately reserved target-condition final test; fitted preprocessing is source-only.,
EVD1457,P43021,,,,split,Training and testing remain within each network setting; no setting is held out.,evaluated_paper,https://www.usenix.org/conference/usenixsecurity23/presentation/ahmed-dilawer,12,,§5,The benchmark is evaluated within its collected environment.,
EVD1458,P43021,,,,split,Training and testing remain within each network setting; no setting is held out.,evaluated_paper,https://www.usenix.org/conference/usenixsecurity23/presentation/ahmed-dilawer,12,,§5,Training and testing use the same laboratory collection.,
EVD1459,P43021,,,,split,Training and testing remain within each network setting; no setting is held out.,evaluated_paper,https://www.usenix.org/conference/usenixsecurity23/presentation/ahmed-dilawer,12,,§5,Training and testing use the same laboratory collection.,
EVD1460,P43021,,,,split,Training and testing remain within each network setting; no setting is held out.,evaluated_paper,https://www.usenix.org/conference/usenixsecurity23/presentation/ahmed-dilawer,12,,§5,Training and testing use the same laboratory collection.,
EVD1461,P43021,,,,split,Training and testing remain within each network setting; no setting is held out.,evaluated_paper,https://www.usenix.org/conference/usenixsecurity23/presentation/ahmed-dilawer,12,,§5,Each assistant-platform evaluation remains within the laboratory collection.,
EVD1462,P43021,,,,split,Training and testing remain within each network setting; no setting is held out.,evaluated_paper,https://www.usenix.org/conference/usenixsecurity23/presentation/ahmed-dilawer,12,,§5,The chronological split is within the same laboratory network.,
EVD1463,P43021,,,,split,The protocol reports a condition-grouped multiclass network contrast; its scope is limited to the named contrast and access regime.,evaluated_paper,https://www.usenix.org/conference/usenixsecurity23/presentation/ahmed-dilawer,12,,"Section 5.8, Generalizability Analysis",The paper deploys a different Alexa device in a home on a different ISP and uses the classifier trained on the laboratory simple_50_alexa data to identify the same 50 commands.,
EVD1464,P43021,,,,target_access,Affirmative source-only evidence supports unseen/zero-shot target access.,evaluated_paper,https://www.usenix.org/conference/usenixsecurity23/presentation/ahmed-dilawer,12,,"Section 5.8, Generalizability Analysis",The reported classifier is fitted/selected on the source condition (and any source validation split) and then applied to the separately reserved target-condition final test; fitted preprocessing is source-only.,
EVD1465,P43021,,,,split,"The protocol evaluates another condition dimension, not a documented network-side condition.",evaluated_paper,https://www.usenix.org/conference/usenixsecurity23/presentation/ahmed-dilawer,14,,"§6, real-world evaluation","The reported holdout changes classes, TLS/application/client state, cache state, user agent, defense parameters, or dataset identity without a stable common-label network-side contrast.",
EVD1466,P43026,,,,split,Training and testing remain within each network setting; no setting is held out.,evaluated_paper,https://www.usenix.org/conference/usenixsecurity23/presentation/shen-meng,1,,Evaluation protocol,The DF corpus is evaluated within its Tor setting.,
EVD1467,P43026,,,,split,Training and testing remain within each network setting; no setting is held out.,evaluated_paper,https://www.usenix.org/conference/usenixsecurity23/presentation/shen-meng,1,,Evaluation protocol,The Walkie-Talkie corpus is evaluated within its Tor setting.,
EVD1468,P43026,,,,split,Training and testing remain within each network setting; no setting is held out.,evaluated_paper,https://www.usenix.org/conference/usenixsecurity23/presentation/shen-meng,10,,"§5.2, full-knowledge defense evaluation",The full-knowledge defense evaluation trains and tests within each generated defense condition.,
EVD1469,P43026,,,,split,Training and testing remain within each network setting; no setting is held out.,evaluated_paper,https://www.usenix.org/conference/usenixsecurity23/presentation/shen-meng,10,,"§5.2, full-knowledge defense evaluation",The full-knowledge Walkie-Talkie evaluation stays within that defense condition.,
EVD1470,P43026,,,,split,"The protocol evaluates another condition dimension, not a documented network-side condition.",evaluated_paper,https://www.usenix.org/conference/usenixsecurity23/presentation/shen-meng,11,,"§5.3, partial knowledge","The reported holdout changes classes, TLS/application/client state, cache state, user agent, defense parameters, or dataset identity without a stable common-label network-side contrast.",
EVD1471,P43026,,,,split,"The protocol plausibly represents a network contrast, but evidence is insufficient for a confirmed holdout.",evaluated_paper,https://www.usenix.org/conference/usenixsecurity23/presentation/shen-meng,11,,Section 6.4 (setup on physical PDF p. 11; Table 6/results on p. 12),"The authors reserve per-site load-time extremes and interpret them as bandwidth proxies, but actual bandwidth is not measured or controlled and load time aliases path, congestion, and server effects; the setup begins on physical PDF p. 11 and the results appear on p. 12.",
EVD1472,P43026,,,,not_reported_search,Target-condition access or fitted-preprocessing access is conservatively retained as unknown.,not_reported_search,https://www.usenix.org/conference/usenixsecurity23/presentation/shen-meng,,,"Collection, preprocessing, feature/model selection, training, validation, evaluation, appendix, and artifact","Searched target, validation, calibration, adaptation, fine-tuning, normalization, feature selection, model selection, and hyperparameter allocation. The paper does not affirmatively exclude target-condition traffic from every development and fitted-preprocessing step.",
EVD1473,P43026,,,,split,Training and testing remain within each network setting; no setting is held out.,evaluated_paper,https://www.usenix.org/conference/usenixsecurity23/presentation/shen-meng,1,,Evaluation protocol,The open-world evaluation stays within the same Tor dataset construction.,
EVD1474,P43500,,,,split,"Broad-network identity, operational-network status, grouping, holdout status, and claim-scope coding.",evaluated_paper,https://www.usenix.org/conference/usenixsecurity24/presentation/mitseva,7,,"Section 5, evaluation setup",The paper applies 10-fold cross-validation to ALEXA foreground traces.,
EVD1475,P43500,,,,split,"Broad-network identity, operational-network status, grouping, holdout status, and claim-scope coding.",evaluated_paper,https://www.usenix.org/conference/usenixsecurity24/presentation/mitseva,7,,"Section 5, evaluation setup",The TRANCO replication uses the same cross-validation methodology on a separately collected newer-browser corpus.,
EVD1476,P43500,,,,split,"Broad-network identity, operational-network status, grouping, holdout status, and claim-scope coding.",evaluated_paper,https://www.usenix.org/conference/usenixsecurity24/presentation/mitseva,7,,"Section 5, Experimental Setup",ALEXA foreground and browsing-history corpora use the same Tor Browser/Tor collection family; the contrast changes browsing-session construction rather than a reported network condition.,
EVD1477,P43500,,,,split,"Broad-network identity, operational-network status, grouping, holdout status, and claim-scope coding.",evaluated_paper,https://www.usenix.org/conference/usenixsecurity24/presentation/mitseva,12,,Open-world evaluation,The open-world evaluation combines the 100 monitored ALEXA sites with background websites under the reported cross-validation setup.,
EVD1478,P44356,,,,split,The reported split does not create a network-condition holdout.,evaluated_paper,https://doi.org/10.1145/3366423.3380090,7,,Section 4.1.1,The reported training/test construction uses samples or folds from the same evaluation pool and does not group the final test by an orthogonal network condition.,
EVD1479,P44356,,,,not_reported_search,No source/final-test network contrast can be established from the reported protocol.,not_reported_search,https://doi.org/10.1145/3366423.3380090,,,"Dataset/collection, preprocessing, training, evaluation, appendix, artifact, and references","Inspected the dataset/collection, feature and preprocessing, model training and selection, evaluation/results, appendix, artifact/availability, and references; searched for network, site, access, Wi-Fi, cellular, ISP, provider, ASN, resolver, VPN, Tor, relay, route, path, latency, bandwidth, loss, jitter, geography, server, CDN, vantage, train, validation, calibration, adaptation, test, fold, holdout, feature selection, and normalization. No assignable source/final-test network contrast and network-aware allocation are reported for this protocol.",
EVD1480,P44356,,,,split,"This protocol may test another condition dimension, but it does not document a network-condition holdout.",evaluated_paper,https://doi.org/10.1145/3366423.3380090,8,,Section 4.5,"The reported source/test contrast is temporal, client-, content-, transport-, sender-, or sampling-related; no orthogonal network factor is assigned.",
EVD1481,P44356,,,,not_reported_search,No source/final-test network contrast can be established from the reported protocol.,not_reported_search,https://doi.org/10.1145/3366423.3380090,,,"Dataset/collection, preprocessing, training, evaluation, appendix, artifact, and references","Inspected the dataset/collection, feature and preprocessing, model training and selection, evaluation/results, appendix, artifact/availability, and references; searched for network, site, access, Wi-Fi, cellular, ISP, provider, ASN, resolver, VPN, Tor, relay, route, path, latency, bandwidth, loss, jitter, geography, server, CDN, vantage, train, validation, calibration, adaptation, test, fold, holdout, feature selection, and normalization. No assignable source/final-test network contrast and network-aware allocation are reported for this protocol.",
EVD1482,P44828,,,,split,The reported split does not create a network-condition holdout.,evaluated_paper,https://doi.org/10.1145/3442381.3450008,8,,Section 4.1,The reported training/test construction uses samples or folds from the same evaluation pool and does not group the final test by an orthogonal network condition.,
EVD1483,P44828,,,,split,The reported split does not create a network-condition holdout.,evaluated_paper,https://doi.org/10.1145/3442381.3450008,8,,Section 4.1,The reported training/test construction uses samples or folds from the same evaluation pool and does not group the final test by an orthogonal network condition.,
EVD1484,P44828,,,,split,The reported split does not create a network-condition holdout.,evaluated_paper,https://doi.org/10.1145/3442381.3450008,9,,Section 4.3,The reported training/test construction uses samples or folds from the same evaluation pool and does not group the final test by an orthogonal network condition.,
EVD1485,P44828,,,,split,The transformed-trace experiments are useful sensitivity tests but not fresh-traffic network holdouts.,evaluated_paper,https://doi.org/10.1145/3442381.3450008,11,,Sections 6.1--6.2 and Figure 8,"Section 6 simulates randomized delays and dummy packets by modifying existing D4 traces, so the two sides do not contain independent fresh traffic.",
EVD1486,P44828,,,,split,"D4 and D5 provide a common 50-class overlay contrast, but the paper does not explicitly specify whether one classifier is trained on D4 and applied unchanged to D5.",evaluated_paper,https://doi.org/10.1145/3442381.3450008,12,,"Section 6.2, Anonymity Networks","The paper reports accuracy on fresh D5 Tor-browser traces for the same 50 profiles and compares it with D4, but does not fully state the cross-dataset fitting/allocation procedure.",
EVD1487,P44828,,,,not_reported_search,Target-condition access is conservatively unknown rather than zero-shot.,not_reported_search,https://doi.org/10.1145/3442381.3450008,,,"Collection, preprocessing, training/selection, evaluation, appendix, and artifact sections","Inspected the collection, preprocessing, feature selection, model-selection, training, validation/calibration, evaluation, appendix, and artifact sections and searched target, validation, calibration, adaptation, fine-tuning, normalization, feature selection, and hyperparameter terms. The paper does not affirmatively exclude target-condition traffic from every fitting, selection, calibration, adaptation, and fitted-preprocessing step.",
EVD1488,P45261,,,,split,The reported split does not create a network-condition holdout.,evaluated_paper,https://doi.org/10.1145/3485447.3512217,6,,Section 4.1.2,The reported training/test construction uses samples or folds from the same evaluation pool and does not group the final test by an orthogonal network condition.,
EVD1489,P45261,,,,split,The reported split does not create a network-condition holdout.,evaluated_paper,https://doi.org/10.1145/3485447.3512217,6,,Section 4.1.2,The reported training/test construction uses samples or folds from the same evaluation pool and does not group the final test by an orthogonal network condition.,
EVD1490,P45261,,,,split,The reported evaluation stays within each network setting and does not hold one setting out.,evaluated_paper,https://doi.org/10.1145/3485447.3512217,6,,Section 4.1.2,The downstream split is within the ISCX-Tor corpus rather than a Tor-to-non-Tor condition holdout.,
EVD1491,P45261,,,,split,The reported evaluation stays within each network setting and does not hold one setting out.,evaluated_paper,https://doi.org/10.1145/3485447.3512217,6,,Section 4.1.2,The downstream split is within the ISCX-VPN application task rather than an overlay holdout.,
EVD1492,P45261,,,,split,The reported evaluation stays within each network setting and does not hold one setting out.,evaluated_paper,https://doi.org/10.1145/3485447.3512217,6,,Section 4.1.2,The downstream split is within the ISCX-VPN service task rather than an overlay holdout.,
EVD1493,P45261,,,,split,The reported split does not create a network-condition holdout.,evaluated_paper,https://doi.org/10.1145/3485447.3512217,6,,Section 4.1.2,The reported training/test construction uses samples or folds from the same evaluation pool and does not group the final test by an orthogonal network condition.,
EVD1494,P45721,,,,split,Training and testing remain within each network setting; no setting is held out.,evaluated_paper,https://doi.org/10.1145/3543507.3583473,6,,§5.2,CV1 is conducted separately within normal traffic and each VPN-provider corpus.,
EVD1495,P45721,,,,split,Training and testing remain within each network setting; no setting is held out.,evaluated_paper,https://doi.org/10.1145/3543507.3583473,6,,§5.2,CV2 is conducted separately within normal traffic and each VPN-provider corpus.,
EVD1496,P45721,,,,split,Training and testing remain within each network setting; no setting is held out.,evaluated_paper,https://doi.org/10.1145/3543507.3583473,6,,§5.2,CV3 is conducted separately within normal traffic and each VPN-provider corpus.,
EVD1497,P45721,,,,split,The protocol reports a condition-grouped multiclass network contrast; its scope is limited to the named contrast and access regime.,evaluated_paper,https://doi.org/10.1145/3543507.3583473,7,,Section 5.4 and Figure 6,The cross-environment experiment explicitly trains existing systems on normal traffic and tests them on four VPN services over the same 100 app labels; VPN-specific preprocessing is discussed elsewhere in the paper.,
EVD1498,P45721,,,,not_reported_search,Target-condition access or fitted-preprocessing access is conservatively retained as unknown.,not_reported_search,https://doi.org/10.1145/3543507.3583473,,,"Collection, preprocessing, feature/model selection, training, validation, evaluation, appendix, and artifact","Searched target, validation, calibration, adaptation, fine-tuning, normalization, feature selection, model selection, and hyperparameter allocation. The paper does not affirmatively exclude target-condition traffic from every development and fitted-preprocessing step.",
EVD1499,P45879,,,,split,Training and testing remain within each network setting; no setting is held out.,evaluated_paper,https://doi.org/10.1145/3543507.3583200,6,,§5–§6.1,Training and testing stay within the same Tor/browser-specific corpus.,
EVD1500,P45879,,,,split,Training and testing remain within each network setting; no setting is held out.,evaluated_paper,https://doi.org/10.1145/3543507.3583200,6,,§5–§6.1,The open-world split stays within the same Tor collection.,
EVD1501,P46267,,,,split,The split does not create a network-condition holdout.,evaluated_paper,https://doi.org/10.1145/3543507.3583227,5,,"§4.1.1, dataset split",Network metadata are not used to group the sample/fold split.,
EVD1502,P46267,,,,split,The split does not create a network-condition holdout.,evaluated_paper,https://doi.org/10.1145/3543507.3583227,5,,"§4.1.1, dataset split",Network metadata are not used to group the sample/fold split.,
EVD1503,P46267,,,,split,The split does not create a network-condition holdout.,evaluated_paper,https://doi.org/10.1145/3543507.3583227,5,,"§4.1.1, dataset split",Network metadata are not used to group the sample/fold split.,
EVD1504,P46267,,,,split,The split does not create a network-condition holdout.,evaluated_paper,https://doi.org/10.1145/3543507.3583227,5,,"§4.1.1, dataset split",Network metadata are not used to group the sample/fold split.,
EVD1505,P46267,,,,split,The split does not create a network-condition holdout.,evaluated_paper,https://doi.org/10.1145/3543507.3583227,5,,"§4.1.1, dataset split",Network metadata are not used to group the sample/fold split.,
EVD1506,P46267,,,,split,The split does not create a network-condition holdout.,evaluated_paper,https://doi.org/10.1145/3543507.3583227,5,,"§4.1.1, dataset split",Network metadata are not used to group the sample/fold split.,
EVD1507,P46267,,,,split,The split does not create a network-condition holdout.,evaluated_paper,https://doi.org/10.1145/3543507.3583227,5,,"§4.1.1, dataset split",Network metadata are not used to group the sample/fold split.,
EVD1508,P46427,,,,split,The protocol reports a condition-grouped multiclass network contrast; its scope is limited to the named contrast and access regime.,evaluated_paper,https://doi.org/10.1145/3589334.3645691,6,,"Section 4.1.1, Datasets","The evaluated paper states that SJTU-AN21 provides a separate test set collected in a different network environment from training, and evaluates all ten labels; it does not identify the access/site/provider components.",
EVD1509,P46427,,,,not_reported_search,Target-condition access or fitted-preprocessing access is conservatively retained as unknown.,not_reported_search,https://doi.org/10.1145/3589334.3645691,,,"Collection, preprocessing, feature/model selection, training, validation, evaluation, appendix, and artifact","Searched target, validation, calibration, adaptation, fine-tuning, normalization, feature selection, model selection, and hyperparameter allocation. The paper does not affirmatively exclude target-condition traffic from every development and fitted-preprocessing step.",
EVD1510,P46427,,,,not_reported_search,Strict operational-network status remains unknown rather than being inferred from a broad composite.,not_reported_search,https://doi.org/10.1145/3589334.3645691,,,"Dataset/collection, source citation, artifact metadata, and evaluation","Searched for the site/access network, access technology, ISP/provider/ASN, and per-partition network mapping. The sources identify only a different network environment, not an operational factor family.",
EVD1511,P46427,,,,split,The split does not create a network-condition holdout.,evaluated_paper,https://doi.org/10.1145/3589334.3645691,1,,Evaluation protocol,The paper divides each class of the reused dataset 80:20; no network condition is used to group that split.,
EVD1512,P46427,,,,split,The split does not create a network-condition holdout.,evaluated_paper,https://doi.org/10.1145/3589334.3645691,1,,Evaluation protocol,The paper divides each class of the reused dataset 80:20; no network condition is used to group that split.,
EVD1513,P46427,,,,not_reported_search,A network-condition holdout cannot be determined from the reported protocol.,not_reported_search,https://doi.org/10.1145/3589334.3645691,,,"Dataset/collection, preprocessing, training, evaluation, appendix, artifact, and references","Inspected and searched the dataset/collection, preprocessing/features, fitting, model selection, validation/calibration, evaluation, appendix, artifact, and references for site, access, Wi-Fi, cellular, ISP/provider/ASN, resolver, VPN/Tor/relay, route/path, bandwidth/latency/loss/jitter, geography, server/CDN, vantage, train/validation/test, fold, and holdout terms. No assignable source/final-test network contrast is reported for this protocol.",
EVD1514,P46427,,,,not_reported_search,A network-condition holdout cannot be determined from the reported protocol.,not_reported_search,https://doi.org/10.1145/3589334.3645691,,,"Dataset/collection, preprocessing, training, evaluation, appendix, artifact, and references","Inspected and searched the dataset/collection, preprocessing/features, fitting, model selection, validation/calibration, evaluation, appendix, artifact, and references for site, access, Wi-Fi, cellular, ISP/provider/ASN, resolver, VPN/Tor/relay, route/path, bandwidth/latency/loss/jitter, geography, server/CDN, vantage, train/validation/test, fold, and holdout terms. No assignable source/final-test network contrast is reported for this protocol.",
EVD1515,P46522,,,,split,"The protocol evaluates another condition dimension, not a documented network-side condition.",evaluated_paper,https://doi.org/10.1145/3589334.3645575,7,,§4.2 / Table 2,"The reported holdout changes classes, TLS/application/client state, cache state, user agent, defense parameters, or dataset identity without a stable common-label network-side contrast.",
EVD1516,P46522,,,,split,"The protocol evaluates another condition dimension, not a documented network-side condition.",evaluated_paper,https://doi.org/10.1145/3589334.3645575,7,,§4.2 / Table 2,"The reported holdout changes classes, TLS/application/client state, cache state, user agent, defense parameters, or dataset identity without a stable common-label network-side contrast.",
EVD1517,P46522,,,,split,"The protocol evaluates another condition dimension, not a documented network-side condition.",evaluated_paper,https://doi.org/10.1145/3589334.3645575,7,,§4.2 / Table 2,"The reported holdout changes classes, TLS/application/client state, cache state, user agent, defense parameters, or dataset identity without a stable common-label network-side contrast.",
EVD1518,P46522,,,,split,"The protocol evaluates another condition dimension, not a documented network-side condition.",evaluated_paper,https://doi.org/10.1145/3589334.3645575,11,,Appendix A.4 / Table 7,"The reported holdout changes classes, TLS/application/client state, cache state, user agent, defense parameters, or dataset identity without a stable common-label network-side contrast.",
EVD1519,P46522,,,,split,"The protocol evaluates another condition dimension, not a documented network-side condition.",evaluated_paper,https://doi.org/10.1145/3589334.3645575,8,,§4.3 / Table 6,"The reported holdout changes classes, TLS/application/client state, cache state, user agent, defense parameters, or dataset identity without a stable common-label network-side contrast.",
EVD1520,P46522,,,,split,"The protocol evaluates another condition dimension, not a documented network-side condition.",evaluated_paper,https://doi.org/10.1145/3589334.3645575,8,,§4.3 / Table 6,"The reported holdout changes classes, TLS/application/client state, cache state, user agent, defense parameters, or dataset identity without a stable common-label network-side contrast.",
EVD1521,P46522,,,,split,"The protocol evaluates another condition dimension, not a documented network-side condition.",evaluated_paper,https://doi.org/10.1145/3589334.3645575,8,,§4.3 / Table 6,"The reported holdout changes classes, TLS/application/client state, cache state, user agent, defense parameters, or dataset identity without a stable common-label network-side contrast.",
EVD1522,P46578,,,,split,"Broad-network identity, operational-network status, grouping, holdout status, and claim-scope coding.",evaluated_paper,https://doi.org/10.1145/3589334.3645457,11,,"Appendix, preprocessing",The sampled graph data are divided 0.7:0.3 for training and testing while ensuring identically distributed portions.,
EVD1523,P46578,,,,split,"Broad-network identity, operational-network status, grouping, holdout status, and claim-scope coding.",evaluated_paper,https://doi.org/10.1145/3589334.3645457,11,,"Appendix, preprocessing",The sampled graph data are divided 0.7:0.3 for training and testing while ensuring identically distributed portions.,
EVD1524,P47085,,,,not_reported_search,Unknown-not-reported network-condition coding.,not_reported_search,https://doi.org/10.1145/3589334.3645407,,,"Dataset/collection, experimental setup, train-validation-test construction, evaluation, appendix, and artifact descriptions","Search record: inspected the listed sections and searched network, site, access, Wi-Fi, cellular, ISP, provider, ASN, resolver, NAT, firewall, VPN, proxy, Tor, route, path, relay, bandwidth, latency, loss, jitter, geography, server, CDN, destination, vantage, interface, split, fold, holdout, train, validation, and test; no assignable qualifying network-condition protocol with class coverage and parent grouping was reported.",
EVD1525,P47085,,,,not_reported_search,Unknown-not-reported network-condition coding.,not_reported_search,https://doi.org/10.1145/3589334.3645407,,,"Dataset/collection, experimental setup, train-validation-test construction, evaluation, appendix, and artifact descriptions","Search record: inspected the listed sections and searched network, site, access, Wi-Fi, cellular, ISP, provider, ASN, resolver, NAT, firewall, VPN, proxy, Tor, route, path, relay, bandwidth, latency, loss, jitter, geography, server, CDN, destination, vantage, interface, split, fold, holdout, train, validation, and test; no assignable qualifying network-condition protocol with class coverage and parent grouping was reported.",
EVD1526,P47085,,,,not_reported_search,Unknown-not-reported network-condition coding.,not_reported_search,https://doi.org/10.1145/3589334.3645407,,,"Dataset/collection, experimental setup, train-validation-test construction, evaluation, appendix, and artifact descriptions","Search record: inspected the listed sections and searched network, site, access, Wi-Fi, cellular, ISP, provider, ASN, resolver, NAT, firewall, VPN, proxy, Tor, route, path, relay, bandwidth, latency, loss, jitter, geography, server, CDN, destination, vantage, interface, split, fold, holdout, train, validation, and test; no assignable qualifying network-condition protocol with class coverage and parent grouping was reported.",
EVD1527,P47085,,,,not_reported_search,Unknown-not-reported network-condition coding.,not_reported_search,https://doi.org/10.1145/3589334.3645407,,,"Dataset/collection, experimental setup, train-validation-test construction, evaluation, appendix, and artifact descriptions","Search record: inspected the listed sections and searched network, site, access, Wi-Fi, cellular, ISP, provider, ASN, resolver, NAT, firewall, VPN, proxy, Tor, route, path, relay, bandwidth, latency, loss, jitter, geography, server, CDN, destination, vantage, interface, split, fold, holdout, train, validation, and test; no assignable qualifying network-condition protocol with class coverage and parent grouping was reported.",
EVD1528,P47085,,,,not_reported_search,Unknown-not-reported network-condition coding.,not_reported_search,https://doi.org/10.1145/3589334.3645407,,,"Dataset/collection, experimental setup, train-validation-test construction, evaluation, appendix, and artifact descriptions","Search record: inspected the listed sections and searched network, site, access, Wi-Fi, cellular, ISP, provider, ASN, resolver, NAT, firewall, VPN, proxy, Tor, route, path, relay, bandwidth, latency, loss, jitter, geography, server, CDN, destination, vantage, interface, split, fold, holdout, train, validation, and test; no assignable qualifying network-condition protocol with class coverage and parent grouping was reported.",
EVD1529,P47085,,,,not_reported_search,Unknown-not-reported network-condition coding.,not_reported_search,https://doi.org/10.1145/3589334.3645407,,,"Dataset/collection, experimental setup, train-validation-test construction, evaluation, appendix, and artifact descriptions","Search record: inspected the listed sections and searched network, site, access, Wi-Fi, cellular, ISP, provider, ASN, resolver, NAT, firewall, VPN, proxy, Tor, route, path, relay, bandwidth, latency, loss, jitter, geography, server, CDN, destination, vantage, interface, split, fold, holdout, train, validation, and test; no assignable qualifying network-condition protocol with class coverage and parent grouping was reported.",
EVD1530,P47085,,,,not_reported_search,Unknown-not-reported network-condition coding.,not_reported_search,https://doi.org/10.1145/3589334.3645407,,,"Dataset/collection, experimental setup, train-validation-test construction, evaluation, appendix, and artifact descriptions","Search record: inspected the listed sections and searched network, site, access, Wi-Fi, cellular, ISP, provider, ASN, resolver, NAT, firewall, VPN, proxy, Tor, route, path, relay, bandwidth, latency, loss, jitter, geography, server, CDN, destination, vantage, interface, split, fold, holdout, train, validation, and test; no assignable qualifying network-condition protocol with class coverage and parent grouping was reported.",
EVD1531,P47085,,,,not_reported_search,Unknown-not-reported network-condition coding.,not_reported_search,https://doi.org/10.1145/3589334.3645407,,,"Dataset/collection, experimental setup, train-validation-test construction, evaluation, appendix, and artifact descriptions","Search record: inspected the listed sections and searched network, site, access, Wi-Fi, cellular, ISP, provider, ASN, resolver, NAT, firewall, VPN, proxy, Tor, route, path, relay, bandwidth, latency, loss, jitter, geography, server, CDN, destination, vantage, interface, split, fold, holdout, train, validation, and test; no assignable qualifying network-condition protocol with class coverage and parent grouping was reported.",
EVD1532,P47085,,,,not_reported_search,Unknown-not-reported network-condition coding.,not_reported_search,https://doi.org/10.1145/3589334.3645407,,,"Dataset/collection, experimental setup, train-validation-test construction, evaluation, appendix, and artifact descriptions","Search record: inspected the listed sections and searched network, site, access, Wi-Fi, cellular, ISP, provider, ASN, resolver, NAT, firewall, VPN, proxy, Tor, route, path, relay, bandwidth, latency, loss, jitter, geography, server, CDN, destination, vantage, interface, split, fold, holdout, train, validation, and test; no assignable qualifying network-condition protocol with class coverage and parent grouping was reported.",
EVD1533,P47085,,,,not_reported_search,Unknown-not-reported network-condition coding.,not_reported_search,https://doi.org/10.1145/3589334.3645407,,,"Dataset/collection, experimental setup, train-validation-test construction, evaluation, appendix, and artifact descriptions","Search record: inspected the listed sections and searched network, site, access, Wi-Fi, cellular, ISP, provider, ASN, resolver, NAT, firewall, VPN, proxy, Tor, route, path, relay, bandwidth, latency, loss, jitter, geography, server, CDN, destination, vantage, interface, split, fold, holdout, train, validation, and test; no assignable qualifying network-condition protocol with class coverage and parent grouping was reported.",
EVD1534,P47085,,,,split,"Broad-network identity, operational-network status, grouping, holdout status, and claim-scope coding.",evaluated_paper,https://doi.org/10.1145/3589334.3645407,7,,"Section 7.5, Scenario Bias and Figure 10(d-e)",Scenario A traffic trains and Scenario B traffic tests; the scenarios differ in network QoS such as bandwidth and channel disturbance.,
EVD1535,P47085,,,,not_reported_search,Conservative target-network access/preprocessing coding.,not_reported_search,https://doi.org/10.1145/3589334.3645407,,,"Model selection, hyperparameter tuning, preprocessing, split, evaluation, appendix, and artifact descriptions","Search record: inspected fitting, validation, feature/model selection, calibration, adaptation, preprocessing, and final-test descriptions and searched target, validation, tune, hyperparameter, calibration, fine-tune, normalization, scaler, and test; the paper does not establish exclusion of target-network data from every relevant step.",
EVD1536,P47353,,,,not_reported_search,Unknown-not-reported network-condition coding.,not_reported_search,https://doi.org/10.1145/3696410.3714643,,,"Dataset/collection, experimental setup, train-validation-test construction, evaluation, appendix, and artifact descriptions","Search record: inspected the listed sections and searched network, site, access, Wi-Fi, cellular, ISP, provider, ASN, resolver, NAT, firewall, VPN, proxy, Tor, route, path, relay, bandwidth, latency, loss, jitter, geography, server, CDN, destination, vantage, interface, split, fold, holdout, train, validation, and test; no assignable qualifying network-condition protocol with class coverage and parent grouping was reported.",
EVD1537,P47353,,,,not_reported_search,Unknown-not-reported network-condition coding.,not_reported_search,https://doi.org/10.1145/3696410.3714643,,,"Dataset/collection, experimental setup, train-validation-test construction, evaluation, appendix, and artifact descriptions","Search record: inspected the listed sections and searched network, site, access, Wi-Fi, cellular, ISP, provider, ASN, resolver, NAT, firewall, VPN, proxy, Tor, route, path, relay, bandwidth, latency, loss, jitter, geography, server, CDN, destination, vantage, interface, split, fold, holdout, train, validation, and test; no assignable qualifying network-condition protocol with class coverage and parent grouping was reported.",
EVD1538,P47353,,,,not_reported_search,Unknown-not-reported network-condition coding.,not_reported_search,https://doi.org/10.1145/3696410.3714643,,,"Dataset/collection, experimental setup, train-validation-test construction, evaluation, appendix, and artifact descriptions","Search record: inspected the listed sections and searched network, site, access, Wi-Fi, cellular, ISP, provider, ASN, resolver, NAT, firewall, VPN, proxy, Tor, route, path, relay, bandwidth, latency, loss, jitter, geography, server, CDN, destination, vantage, interface, split, fold, holdout, train, validation, and test; no assignable qualifying network-condition protocol with class coverage and parent grouping was reported.",
EVD1539,P47353,,,,not_reported_search,Unknown-not-reported network-condition coding.,not_reported_search,https://doi.org/10.1145/3696410.3714643,,,"Dataset/collection, experimental setup, train-validation-test construction, evaluation, appendix, and artifact descriptions","Search record: inspected the listed sections and searched network, site, access, Wi-Fi, cellular, ISP, provider, ASN, resolver, NAT, firewall, VPN, proxy, Tor, route, path, relay, bandwidth, latency, loss, jitter, geography, server, CDN, destination, vantage, interface, split, fold, holdout, train, validation, and test; no assignable qualifying network-condition protocol with class coverage and parent grouping was reported.",
EVD1540,P47353,,,,not_reported_search,Unknown-not-reported network-condition coding.,not_reported_search,https://doi.org/10.1145/3696410.3714643,,,"Dataset/collection, experimental setup, train-validation-test construction, evaluation, appendix, and artifact descriptions","Search record: inspected the listed sections and searched network, site, access, Wi-Fi, cellular, ISP, provider, ASN, resolver, NAT, firewall, VPN, proxy, Tor, route, path, relay, bandwidth, latency, loss, jitter, geography, server, CDN, destination, vantage, interface, split, fold, holdout, train, validation, and test; no assignable qualifying network-condition protocol with class coverage and parent grouping was reported.",
EVD1541,P47353,,,,not_reported_search,Unknown-not-reported network-condition coding.,not_reported_search,https://doi.org/10.1145/3696410.3714643,,,"Dataset/collection, experimental setup, train-validation-test construction, evaluation, appendix, and artifact descriptions","Search record: inspected the listed sections and searched network, site, access, Wi-Fi, cellular, ISP, provider, ASN, resolver, NAT, firewall, VPN, proxy, Tor, route, path, relay, bandwidth, latency, loss, jitter, geography, server, CDN, destination, vantage, interface, split, fold, holdout, train, validation, and test; no assignable qualifying network-condition protocol with class coverage and parent grouping was reported.",
EVD1542,P47584,,,,split,"Broad-network identity, operational-network status, grouping, holdout status, and claim-scope coding.",evaluated_paper,https://doi.org/10.1145/3696410.3714578,5,,Sections 4.1–4.3 and Tables 1–2,"The CW-popular condition contains 40 visits per website; attacks are evaluated with k-fold cross-validation and varying N reference samples, without period-grouped folds.",
EVD1543,P47584,,,,split,"Broad-network identity, operational-network status, grouping, holdout status, and claim-scope coding.",evaluated_paper,https://doi.org/10.1145/3696410.3714578,5,,Sections 4.1–4.3 and Tables 1–2,"The CW-random condition contains 40 visits per website; attacks are evaluated with k-fold cross-validation and varying N reference samples, without period-grouped folds.",
EVD1544,P47584,,,,split,"Broad-network identity, operational-network status, grouping, holdout status, and claim-scope coding.",evaluated_paper,https://doi.org/10.1145/3696410.3714578,5,,Sections 4.1–4.3 and Tables 1–2,"The CW-censorship condition contains 40 visits per website; attacks are evaluated with k-fold cross-validation and varying N reference samples, without period-grouped folds.",
EVD1545,P47584,,,,split,"Broad-network identity, operational-network status, grouping, holdout status, and claim-scope coding.",evaluated_paper,https://doi.org/10.1145/3696410.3714578,6,,"Section 4.4, Experiment 1 and Figure 5","The full train-test matrix crosses unconstrained, Starlink-like, and slow bandwidth/latency/loss profiles; off-diagonal cells reserve a different controlled profile for testing.",
EVD1546,P47584,,,,target_access,Affirmative independent-tuning evidence for zero-shot use of the held-out impairment-profile target.,evaluated_paper,https://doi.org/10.1145/3696410.3714578,13,,Appendices F and G,"The paper states that a separate 400-website corpus collected half a year earlier is used for H&W hyperparameter tuning, while the later Bandwidth dataset supplies the cross-profile evaluation.",
EVD1547,P47584,,,,split,"Broad-network identity, operational-network status, grouping, holdout status, and claim-scope coding.",evaluated_paper,https://doi.org/10.1145/3696410.3714578,13,,"Appendix F, Time-Drift dataset",The day-0 and day-18 captures keep the documented collection environment consistent; only time changes.,
EVD1548,P47584,,,,split,"Broad-network identity, operational-network status, grouping, holdout status, and claim-scope coding.",evaluated_paper,https://doi.org/10.1145/3696410.3714578,13,,"Appendix F, Time-Drift dataset",The day-0 and day-30 captures keep the documented collection environment consistent; only time changes.,
EVD1549,P47584,,,,split,"Broad-network identity, operational-network status, grouping, holdout status, and claim-scope coding.",evaluated_paper,https://doi.org/10.1145/3696410.3714578,7,,Section 4.5 and Table 3,"The open-world experiment uses the 320-site CW-censorship set as monitored classes and 10,000 to 80,000 one-visit websites as unmonitored test background; N monitored reference samples are selected without time grouping.",
EVD1550,P47584,,,,split,"Broad-network identity, operational-network status, grouping, holdout status, and claim-scope coding.",evaluated_paper,https://doi.org/10.1145/3696410.3714578,14,,Appendix H.1 and Table 7,Each browser-specific result fits and tests within the same cloud collection environment.,
EVD1551,P47584,,,,split,"Broad-network identity, operational-network status, grouping, holdout status, and claim-scope coding.",evaluated_paper,https://doi.org/10.1145/3696410.3714578,14,,Appendix H.1 and Table 7,The contrast holds out Chrome major version while the collection network setup is unchanged.,
EVD1552,P47584,,,,split,"Broad-network identity, operational-network status, grouping, holdout status, and claim-scope coding.",evaluated_paper,https://doi.org/10.1145/3696410.3714578,14,,Appendix H.1 and Table 7,The contrast holds out browser family while the collection network setup is unchanged.,
EVD1553,P47584,,,,split,"Broad-network identity, operational-network status, grouping, holdout status, and claim-scope coding.",evaluated_paper,https://doi.org/10.1145/3696410.3714578,15,,Appendix H.2 and Table 8,"Packet-padded traces are used for both fitting and testing; padding is a trace transformation, not a network environment.",
EVD1554,P47584,,,,split,"Broad-network identity, operational-network status, grouping, holdout status, and claim-scope coding.",evaluated_paper,https://doi.org/10.1145/3696410.3714578,15,,Appendix H.2 and Table 8,"Unpadded traffic trains and packet-padded traffic tests; padding is a trace transformation, not a network environment.",
EVD1555,P48205,,,,split,"The 8:1:1 circuit-disjoint split covers the complete label view; Tor circuit/path is broad network, not strict operational network.",evaluated_paper,https://doi.org/10.2478/POPETS-2020-0043,9,,"Section 6.1, Dataset Splits","The paper states that training, validation, and testing circuits are mutually exclusive and assigns them in an 8:1:1 ratio.",
EVD1556,P48205,,,,target_access,Final-target access is affirmatively coded as unseen/zero-shot for this protocol.,evaluated_paper,https://doi.org/10.2478/POPETS-2020-0043,9,,"Section 6.1, Dataset Splits",The reported final-test condition is reserved from classifier training and validation; the coded representation/preprocessing uses only source/training data or fixed transforms.,
EVD1557,P48205,,,,split,"The 8:1:1 circuit-disjoint split covers the complete label view; Tor circuit/path is broad network, not strict operational network.",evaluated_paper,https://doi.org/10.2478/POPETS-2020-0043,9,,"Section 6.1, Dataset Splits","The paper states that training, validation, and testing circuits are mutually exclusive and assigns them in an 8:1:1 ratio.",
EVD1558,P48205,,,,target_access,Final-target access is affirmatively coded as unseen/zero-shot for this protocol.,evaluated_paper,https://doi.org/10.2478/POPETS-2020-0043,9,,"Section 6.1, Dataset Splits",The reported final-test condition is reserved from classifier training and validation; the coded representation/preprocessing uses only source/training data or fixed transforms.,
EVD1559,P48205,,,,split,"The 8:1:1 circuit-disjoint split covers the complete label view; Tor circuit/path is broad network, not strict operational network.",evaluated_paper,https://doi.org/10.2478/POPETS-2020-0043,9,,"Section 6.1, Dataset Splits","The paper states that training, validation, and testing circuits are mutually exclusive and assigns them in an 8:1:1 ratio.",
EVD1560,P48205,,,,target_access,Final-target access is affirmatively coded as unseen/zero-shot for this protocol.,evaluated_paper,https://doi.org/10.2478/POPETS-2020-0043,9,,"Section 6.1, Dataset Splits",The reported final-test condition is reserved from classifier training and validation; the coded representation/preprocessing uses only source/training data or fixed transforms.,
EVD1561,P48205,,,,split,"The circuit-speed holdout covers the full label view, but speed aliases path, relay, and congestion and is not an operational access/site/provider test.",evaluated_paper,https://doi.org/10.2478/POPETS-2020-0043,14,,Section 7.6 and Table 9,The paper reserves the fastest or slowest 10% of circuits as test data and divides all other circuits into training and validation.,
EVD1562,P48205,,,,target_access,Final-target access is affirmatively coded as unseen/zero-shot for this protocol.,evaluated_paper,https://doi.org/10.2478/POPETS-2020-0043,14,,Section 7.6 and Table 9,The reported final-test condition is reserved from classifier training and validation; the coded representation/preprocessing uses only source/training data or fixed transforms.,
EVD1563,P48207,,,,split,The reported split does not create a network-condition holdout.,evaluated_paper,https://doi.org/10.2478/POPETS-2020-0013,12,,Section 6,The reported training/test construction uses samples or folds from the same evaluation pool and does not group the final test by an orthogonal network condition.,
EVD1564,P48207,,,,split,The reported split does not create a network-condition holdout.,evaluated_paper,https://doi.org/10.2478/POPETS-2020-0013,12,,Section 6,The reported training/test construction uses samples or folds from the same evaluation pool and does not group the final test by an orthogonal network condition.,
EVD1565,P48207,,,,split,The reported split does not create a network-condition holdout.,evaluated_paper,https://doi.org/10.2478/POPETS-2020-0013,12,,Section 6,The reported training/test construction uses samples or folds from the same evaluation pool and does not group the final test by an orthogonal network condition.,
EVD1566,P48207,,,,split,The reported split does not create a network-condition holdout.,evaluated_paper,https://doi.org/10.2478/POPETS-2020-0013,14,,Section 6.3,The reported training/test construction uses samples or folds from the same evaluation pool and does not group the final test by an orthogonal network condition.,
EVD1567,P48246,,,,split,The reported split does not create a network-condition holdout.,evaluated_paper,https://doi.org/10.2478/POPETS-2021-0029,11,,Section 6.2,The reported training/test construction uses samples or folds from the same evaluation pool and does not group the final test by an orthogonal network condition.,
EVD1568,P48246,,,,split,The reported split does not create a network-condition holdout.,evaluated_paper,https://doi.org/10.2478/POPETS-2021-0029,11,,Section 6.2,The reported training/test construction uses samples or folds from the same evaluation pool and does not group the final test by an orthogonal network condition.,
EVD1569,P48246,,,,split,The full 95-site task is tested on reserved fast/slow circuits; this is a broad route/path test rather than an operational network test.,evaluated_paper,https://doi.org/10.2478/POPETS-2021-0029,12,,"Section 6.3, Impact of Network Conditions, and Table 4",The paper splits out the four fastest and four slowest circuits and constructs testing sets from those circuits while training on other circuit subsets.,
EVD1570,P48246,,,,target_access,Final-target access is affirmatively coded as unseen/zero-shot for this protocol.,evaluated_paper,https://doi.org/10.2478/POPETS-2021-0029,12,,"Section 6.3, Impact of Network Conditions, and Table 4",The reported final-test condition is reserved from classifier training and validation; the coded representation/preprocessing uses only source/training data or fixed transforms.,
EVD1571,P48290,,,,split,The reported split does not create a network-condition holdout.,evaluated_paper,https://doi.org/10.2478/POPETS-2021-0017,7,,Section 5.2,The reported training/test construction uses samples or folds from the same evaluation pool and does not group the final test by an orthogonal network condition.,
EVD1572,P48290,,,,split,"This protocol may test another condition dimension, but it does not document a network-condition holdout.",evaluated_paper,https://doi.org/10.2478/POPETS-2021-0017,6,,Section 4.2 and Figure 1,"The reported source/test contrast is temporal, client-, content-, transport-, sender-, or sampling-related; no orthogonal network factor is assigned.",
EVD1573,P48305,,,,split,The reported split does not create a network-condition holdout.,evaluated_paper,https://doi.org/10.2478/POPETS-2022-0057,6,,"Evaluation method, Section 4.1, and Table 3",The reported training/test construction uses samples or folds from the same evaluation pool and does not group the final test by an orthogonal network condition.,
EVD1574,P48305,,,,split,The reported split does not create a network-condition holdout.,evaluated_paper,https://doi.org/10.2478/POPETS-2022-0057,6,,"Evaluation method, Section 4.1, and Table 3",The reported training/test construction uses samples or folds from the same evaluation pool and does not group the final test by an orthogonal network condition.,
EVD1575,P48305,,,,split,The reported split does not create a network-condition holdout.,evaluated_paper,https://doi.org/10.2478/POPETS-2022-0057,6,,"Evaluation method, Section 4.1, and Table 3",The reported training/test construction uses samples or folds from the same evaluation pool and does not group the final test by an orthogonal network condition.,
EVD1576,P48305,,,,split,The reported split does not create a network-condition holdout.,evaluated_paper,https://doi.org/10.2478/POPETS-2022-0057,6,,"Evaluation method, Section 4.1, and Table 3",The reported training/test construction uses samples or folds from the same evaluation pool and does not group the final test by an orthogonal network condition.,
EVD1577,P48305,,,,split,The reported split does not create a network-condition holdout.,evaluated_paper,https://doi.org/10.2478/POPETS-2022-0057,6,,"Evaluation method, Section 4.1, and Table 3",The reported training/test construction uses samples or folds from the same evaluation pool and does not group the final test by an orthogonal network condition.,
EVD1578,P48305,,,,split,The reported split does not create a network-condition holdout.,evaluated_paper,https://doi.org/10.2478/POPETS-2022-0057,6,,"Evaluation method, Section 4.1, and Table 3",The reported training/test construction uses samples or folds from the same evaluation pool and does not group the final test by an orthogonal network condition.,
EVD1579,P48305,,,,split,"This protocol may test another condition dimension, but it does not document a network-condition holdout.",evaluated_paper,https://doi.org/10.2478/POPETS-2022-0057,8,,Section 5.1 and Tables 5–7,"The reported source/test contrast is temporal, client-, content-, transport-, sender-, or sampling-related; no orthogonal network factor is assigned.",
EVD1580,P48305,,,,split,"This protocol may test another condition dimension, but it does not document a network-condition holdout.",evaluated_paper,https://doi.org/10.2478/POPETS-2022-0057,9,,Section 5.1 and Tables 5–7,"The reported source/test contrast is temporal, client-, content-, transport-, sender-, or sampling-related; no orthogonal network factor is assigned.",
EVD1581,P48305,,,,split,"The all-feature US/UK transfer is a full-label local-site contrast, but target-condition influence on development and preprocessing is not completely reported.",evaluated_paper,https://doi.org/10.2478/POPETS-2022-0057,10,,Section 5.2 and Tables 8--9,Table 8 trains on one Mon(IoT)r country capture and tests on the other over the common device label set.,
EVD1582,P48305,,,,not_reported_search,Target-condition access is conservatively unknown rather than zero-shot.,not_reported_search,https://doi.org/10.2478/POPETS-2022-0057,,,"Collection, preprocessing, training/selection, evaluation, appendix, and artifact sections","Inspected the collection, preprocessing, feature selection, model-selection, training, validation/calibration, evaluation, appendix, and artifact sections and searched target, validation, calibration, adaptation, fine-tuning, normalization, feature selection, and hyperparameter terms. The paper does not affirmatively exclude target-condition traffic from every fitting, selection, calibration, adaptation, and fitted-preprocessing step.",
EVD1583,P48305,,,,split,"The FFS result retains a genuine full-label site contrast, but feature selection explicitly uses accuracy in both US-to-UK and UK-to-US directions.",evaluated_paper,https://doi.org/10.2478/POPETS-2022-0057,10,,Section 5.2 and Tables 8--9,Section 5.2 ranks features by average accuracy across both train/test directions and then reevaluates those selected features on both target datasets.,
EVD1584,P48305,,,,target_access,"The contrast is retained, but it is not described as unseen or zero-shot.",evaluated_paper,https://doi.org/10.2478/POPETS-2022-0057,10,,Section 5.2 and Tables 8--9,"The paper uses target-condition validation or condition-crossed feature/model selection, while keeping final-test parents separate.",
EVD1585,P48305,,,,split,"The common-label cross-dataset result is a genuine local-site contrast, but site is aliased with dataset, collection method, device instance, and often time.",evaluated_paper,https://doi.org/10.2478/POPETS-2022-0057,10,,Section 5.3 and Table 10,The paper trains and tests across independently collected named IoT datasets from different reported sites and reports results over their common device labels.,
EVD1586,P48305,,,,not_reported_search,Target-condition access is conservatively unknown rather than zero-shot.,not_reported_search,https://doi.org/10.2478/POPETS-2022-0057,,,"Collection, preprocessing, training/selection, evaluation, appendix, and artifact sections","Inspected the collection, preprocessing, feature selection, model-selection, training, validation/calibration, evaluation, appendix, and artifact sections and searched target, validation, calibration, adaptation, fine-tuning, normalization, feature selection, and hyperparameter terms. The paper does not affirmatively exclude target-condition traffic from every fitting, selection, calibration, adaptation, and fitted-preprocessing step.",
EVD1587,P48305,,,,split,"The common-label cross-dataset result is a genuine local-site contrast, but site is aliased with dataset, collection method, device instance, and often time.",evaluated_paper,https://doi.org/10.2478/POPETS-2022-0057,21,,"Appendix E, Table 15",The paper trains and tests across independently collected named IoT datasets from different reported sites and reports results over their common device labels.,
EVD1588,P48305,,,,not_reported_search,Target-condition access is conservatively unknown rather than zero-shot.,not_reported_search,https://doi.org/10.2478/POPETS-2022-0057,,,"Collection, preprocessing, training/selection, evaluation, appendix, and artifact sections","Inspected the collection, preprocessing, feature selection, model-selection, training, validation/calibration, evaluation, appendix, and artifact sections and searched target, validation, calibration, adaptation, fine-tuning, normalization, feature selection, and hyperparameter terms. The paper does not affirmatively exclude target-condition traffic from every fitting, selection, calibration, adaptation, and fitted-preprocessing step.",
EVD1589,P48305,,,,split,"The common-label cross-dataset result is a genuine local-site contrast, but site is aliased with dataset, collection method, device instance, and often time.",evaluated_paper,https://doi.org/10.2478/POPETS-2022-0057,21,,"Appendix E, Table 15",The paper trains and tests across independently collected named IoT datasets from different reported sites and reports results over their common device labels.,
EVD1590,P48305,,,,not_reported_search,Target-condition access is conservatively unknown rather than zero-shot.,not_reported_search,https://doi.org/10.2478/POPETS-2022-0057,,,"Collection, preprocessing, training/selection, evaluation, appendix, and artifact sections","Inspected the collection, preprocessing, feature selection, model-selection, training, validation/calibration, evaluation, appendix, and artifact sections and searched target, validation, calibration, adaptation, fine-tuning, normalization, feature selection, and hyperparameter terms. The paper does not affirmatively exclude target-condition traffic from every fitting, selection, calibration, adaptation, and fitted-preprocessing step.",
EVD1591,P48305,,,,split,"The common-label cross-dataset result is a genuine local-site contrast, but site is aliased with dataset, collection method, device instance, and often time.",evaluated_paper,https://doi.org/10.2478/POPETS-2022-0057,21,,"Appendix E, Table 15",The paper trains and tests across independently collected named IoT datasets from different reported sites and reports results over their common device labels.,
EVD1592,P48305,,,,not_reported_search,Target-condition access is conservatively unknown rather than zero-shot.,not_reported_search,https://doi.org/10.2478/POPETS-2022-0057,,,"Collection, preprocessing, training/selection, evaluation, appendix, and artifact sections","Inspected the collection, preprocessing, feature selection, model-selection, training, validation/calibration, evaluation, appendix, and artifact sections and searched target, validation, calibration, adaptation, fine-tuning, normalization, feature selection, and hyperparameter terms. The paper does not affirmatively exclude target-condition traffic from every fitting, selection, calibration, adaptation, and fitted-preprocessing step.",
EVD1593,P48305,,,,split,"The common-label cross-dataset result is a genuine local-site contrast, but site is aliased with dataset, collection method, device instance, and often time.",evaluated_paper,https://doi.org/10.2478/POPETS-2022-0057,21,,"Appendix E, Table 15",The paper trains and tests across independently collected named IoT datasets from different reported sites and reports results over their common device labels.,
EVD1594,P48305,,,,not_reported_search,Target-condition access is conservatively unknown rather than zero-shot.,not_reported_search,https://doi.org/10.2478/POPETS-2022-0057,,,"Collection, preprocessing, training/selection, evaluation, appendix, and artifact sections","Inspected the collection, preprocessing, feature selection, model-selection, training, validation/calibration, evaluation, appendix, and artifact sections and searched target, validation, calibration, adaptation, fine-tuning, normalization, feature selection, and hyperparameter terms. The paper does not affirmatively exclude target-condition traffic from every fitting, selection, calibration, adaptation, and fitted-preprocessing step.",
EVD1595,P48305,,,,split,"The common-label cross-dataset result is a genuine local-site contrast, but site is aliased with dataset, collection method, device instance, and often time.",evaluated_paper,https://doi.org/10.2478/POPETS-2022-0057,21,,"Appendix E, Table 15",The paper trains and tests across independently collected named IoT datasets from different reported sites and reports results over their common device labels.,
EVD1596,P48305,,,,not_reported_search,Target-condition access is conservatively unknown rather than zero-shot.,not_reported_search,https://doi.org/10.2478/POPETS-2022-0057,,,"Collection, preprocessing, training/selection, evaluation, appendix, and artifact sections","Inspected the collection, preprocessing, feature selection, model-selection, training, validation/calibration, evaluation, appendix, and artifact sections and searched target, validation, calibration, adaptation, fine-tuning, normalization, feature selection, and hyperparameter terms. The paper does not affirmatively exclude target-condition traffic from every fitting, selection, calibration, adaptation, and fitted-preprocessing step.",
EVD1597,P48305,,,,split,"The common-label cross-dataset result is a genuine local-site contrast, but site is aliased with dataset, collection method, device instance, and often time.",evaluated_paper,https://doi.org/10.2478/POPETS-2022-0057,21,,"Appendix E, Table 15",The paper trains and tests across independently collected named IoT datasets from different reported sites and reports results over their common device labels.,
EVD1598,P48305,,,,not_reported_search,Target-condition access is conservatively unknown rather than zero-shot.,not_reported_search,https://doi.org/10.2478/POPETS-2022-0057,,,"Collection, preprocessing, training/selection, evaluation, appendix, and artifact sections","Inspected the collection, preprocessing, feature selection, model-selection, training, validation/calibration, evaluation, appendix, and artifact sections and searched target, validation, calibration, adaptation, fine-tuning, normalization, feature selection, and hyperparameter terms. The paper does not affirmatively exclude target-condition traffic from every fitting, selection, calibration, adaptation, and fitted-preprocessing step.",
EVD1599,P48305,,,,split,"The common-label cross-dataset result is a genuine local-site contrast, but site is aliased with dataset, collection method, device instance, and often time.",evaluated_paper,https://doi.org/10.2478/POPETS-2022-0057,21,,"Appendix E, Table 15",The paper trains and tests across independently collected named IoT datasets from different reported sites and reports results over their common device labels.,
EVD1600,P48305,,,,not_reported_search,Target-condition access is conservatively unknown rather than zero-shot.,not_reported_search,https://doi.org/10.2478/POPETS-2022-0057,,,"Collection, preprocessing, training/selection, evaluation, appendix, and artifact sections","Inspected the collection, preprocessing, feature selection, model-selection, training, validation/calibration, evaluation, appendix, and artifact sections and searched target, validation, calibration, adaptation, fine-tuning, normalization, feature selection, and hyperparameter terms. The paper does not affirmatively exclude target-condition traffic from every fitting, selection, calibration, adaptation, and fitted-preprocessing step.",
EVD1601,P48305,,,,split,"The common-label cross-dataset result is a genuine local-site contrast, but site is aliased with dataset, collection method, device instance, and often time.",evaluated_paper,https://doi.org/10.2478/POPETS-2022-0057,10,,Section 5.3 and Table 10,The paper trains and tests across independently collected named IoT datasets from different reported sites and reports results over their common device labels.,
EVD1602,P48305,,,,not_reported_search,Target-condition access is conservatively unknown rather than zero-shot.,not_reported_search,https://doi.org/10.2478/POPETS-2022-0057,,,"Collection, preprocessing, training/selection, evaluation, appendix, and artifact sections","Inspected the collection, preprocessing, feature selection, model-selection, training, validation/calibration, evaluation, appendix, and artifact sections and searched target, validation, calibration, adaptation, fine-tuning, normalization, feature selection, and hyperparameter terms. The paper does not affirmatively exclude target-condition traffic from every fitting, selection, calibration, adaptation, and fitted-preprocessing step.",
EVD1603,P48305,,,,split,"The common-label cross-dataset result is a genuine local-site contrast, but site is aliased with dataset, collection method, device instance, and often time.",evaluated_paper,https://doi.org/10.2478/POPETS-2022-0057,10,,Section 5.3 and Tables 11--12,The paper trains and tests across independently collected named IoT datasets from different reported sites and reports results over their common device labels.,
EVD1604,P48305,,,,target_access,"The contrast is retained, but it is not described as unseen or zero-shot.",evaluated_paper,https://doi.org/10.2478/POPETS-2022-0057,10,,Section 5.3 and Tables 11--12,"The paper uses target-condition validation or condition-crossed feature/model selection, while keeping final-test parents separate.",
EVD1605,P48305,,,,split,"The common-label cross-dataset result is a genuine local-site contrast, but site is aliased with dataset, collection method, device instance, and often time.",evaluated_paper,https://doi.org/10.2478/POPETS-2022-0057,10,,Section 5.3 and Tables 11--12,The paper trains and tests across independently collected named IoT datasets from different reported sites and reports results over their common device labels.,
EVD1606,P48305,,,,target_access,"The contrast is retained, but it is not described as unseen or zero-shot.",evaluated_paper,https://doi.org/10.2478/POPETS-2022-0057,10,,Section 5.3 and Tables 11--12,"The paper uses target-condition validation or condition-crossed feature/model selection, while keeping final-test parents separate.",
EVD1607,P48305,,,,split,"This protocol may test another condition dimension, but it does not document a network-condition holdout.",evaluated_paper,https://doi.org/10.2478/POPETS-2022-0057,8,,Section 5.1 and Tables 5–7,"The reported source/test contrast is temporal, client-, content-, transport-, sender-, or sampling-related; no orthogonal network factor is assigned.",
EVD1608,P48305,,,,split,"This protocol may test another condition dimension, but it does not document a network-condition holdout.",evaluated_paper,https://doi.org/10.2478/POPETS-2022-0057,9,,Section 5.1 and Tables 5–7,"The reported source/test contrast is temporal, client-, content-, transport-, sender-, or sampling-related; no orthogonal network factor is assigned.",
EVD1609,P48443,,,,split,Training and testing remain within each network setting; no setting is held out.,evaluated_paper,https://doi.org/10.56553/POPETS-2023-0125,6,,§3.3,The live-Tor model is trained and tested within the live-Tor capture.,
EVD1610,P48443,,,,split,Training and testing remain within each network setting; no setting is held out.,evaluated_paper,https://doi.org/10.56553/POPETS-2023-0125,6,,§3.3,The Shadow model is trained and tested within one simulated network condition.,
EVD1611,P48443,,,,split,The protocol reports a condition-grouped multiclass network contrast; its scope is limited to the named contrast and access regime.,evaluated_paper,https://doi.org/10.56553/POPETS-2023-0125,7,,"Section 3.3.2, Figure 3",The paper randomly partitions each independently generated corpus and applies a classifier trained on one corpus to the other for the same 98 pages.,
EVD1612,P48443,,,,not_reported_search,Target-condition access or fitted-preprocessing access is conservatively retained as unknown.,not_reported_search,https://doi.org/10.56553/POPETS-2023-0125,,,"Collection, preprocessing, feature/model selection, training, validation, evaluation, appendix, and artifact","Searched target, validation, calibration, adaptation, fine-tuning, normalization, feature selection, model selection, and hyperparameter allocation. The paper does not affirmatively exclude target-condition traffic from every development and fitted-preprocessing step.",
EVD1613,P48443,,,,split,The protocol reports a condition-grouped multiclass network contrast; its scope is limited to the named contrast and access regime.,evaluated_paper,https://doi.org/10.56553/POPETS-2023-0125,7,,"Section 3.3.2, Figure 3",The paper randomly partitions each independently generated corpus and applies a classifier trained on one corpus to the other for the same 98 pages.,
EVD1614,P48443,,,,not_reported_search,Target-condition access or fitted-preprocessing access is conservatively retained as unknown.,not_reported_search,https://doi.org/10.56553/POPETS-2023-0125,,,"Collection, preprocessing, feature/model selection, training, validation, evaluation, appendix, and artifact","Searched target, validation, calibration, adaptation, fine-tuning, normalization, feature selection, model selection, and hyperparameter allocation. The paper does not affirmatively exclude target-condition traffic from every development and fitted-preprocessing step.",
EVD1615,P48443,,,,split,The protocol reports a condition-grouped multiclass network contrast; its scope is limited to the named contrast and access regime.,evaluated_paper,https://doi.org/10.56553/POPETS-2023-0125,10,,Section 4.3 and Figure 5,The nine-condition matrix trains and tests across independently generated load-by-seed captures; comparing cells at a fixed seed varies tornettools offered load and resulting congestion for all 98 pages. It does not impose or identify a bandwidth cap.,
EVD1616,P48443,,,,not_reported_search,Target-condition access or fitted-preprocessing access is conservatively retained as unknown.,not_reported_search,https://doi.org/10.56553/POPETS-2023-0125,,,"Collection, preprocessing, feature/model selection, training, validation, evaluation, appendix, and artifact","Searched target, validation, calibration, adaptation, fine-tuning, normalization, feature selection, model selection, and hyperparameter allocation. The paper does not affirmatively exclude target-condition traffic from every development and fitted-preprocessing step.",
EVD1617,P48443,,,,split,The protocol reports a condition-grouped multiclass network contrast; its scope is limited to the named contrast and access regime.,evaluated_paper,https://doi.org/10.56553/POPETS-2023-0125,10,,Section 4.3 and Figure 5,The nine-condition matrix compares independent simulation seeds at fixed load levels; seed changes the sampled Tor relay/network composition for all 98 pages.,
EVD1618,P48443,,,,not_reported_search,Target-condition access or fitted-preprocessing access is conservatively retained as unknown.,not_reported_search,https://doi.org/10.56553/POPETS-2023-0125,,,"Collection, preprocessing, feature/model selection, training, validation, evaluation, appendix, and artifact","Searched target, validation, calibration, adaptation, fine-tuning, normalization, feature selection, model selection, and hyperparameter allocation. The paper does not affirmatively exclude target-condition traffic from every development and fitted-preprocessing step.",
EVD1619,P48443,,,,split,The protocol reports a condition-grouped multiclass network contrast; its scope is limited to the named contrast and access regime.,evaluated_paper,https://doi.org/10.56553/POPETS-2023-0125,11,,Section 5 and Figure 6,"Robust models pool all loads from two seeds and are finally evaluated across loads on the third, held-out seed for the same 98 pages.",
EVD1620,P48443,,,,not_reported_search,Target-condition access or fitted-preprocessing access is conservatively retained as unknown.,not_reported_search,https://doi.org/10.56553/POPETS-2023-0125,,,"Collection, preprocessing, feature/model selection, training, validation, evaluation, appendix, and artifact","Searched target, validation, calibration, adaptation, fine-tuning, normalization, feature selection, model selection, and hyperparameter allocation. The paper does not affirmatively exclude target-condition traffic from every development and fitted-preprocessing step.",
EVD1621,P48443,,,,split,The protocol reports a condition-grouped multiclass network contrast; its scope is limited to the named contrast and access regime.,evaluated_paper,https://doi.org/10.56553/POPETS-2023-0125,12,,Section 5.2,The final robust Shadow model is evaluated on the independently captured live-Tor corpus over all 98 common pages.,
EVD1622,P48443,,,,not_reported_search,Target-condition access or fitted-preprocessing access is conservatively retained as unknown.,not_reported_search,https://doi.org/10.56553/POPETS-2023-0125,,,"Collection, preprocessing, feature/model selection, training, validation, evaluation, appendix, and artifact","Searched target, validation, calibration, adaptation, fine-tuning, normalization, feature selection, model selection, and hyperparameter allocation. The paper does not affirmatively exclude target-condition traffic from every development and fitted-preprocessing step.",
EVD1623,P48659,,,,split,The split does not create a network-condition holdout.,evaluated_paper,https://doi.org/10.56553/POPETS-2024-0112,4,,§3.1,Network metadata are not used to group the sample/fold split.,
EVD1624,P48659,,,,split,The split does not create a network-condition holdout.,evaluated_paper,https://doi.org/10.56553/POPETS-2024-0112,4,,§3.1,Network metadata are not used to group the sample/fold split.,
EVD1625,P48659,,,,split,"Network levels may be represented, but none is reserved for final testing.",evaluated_paper,https://doi.org/10.56553/POPETS-2024-0112,16,,"Appendix B, variable bandwidth","Each sample receives a randomized replay of the LTE-derived bandwidth trace, and evaluation does not reserve a bandwidth profile family for testing.",
EVD1626,P48758,,,,not_reported_search,Unknown-not-reported network-condition coding.,not_reported_search,https://doi.org/10.56553/POPETS-2025-0123,,,"Dataset/collection, experimental setup, train-validation-test construction, evaluation, appendix, and artifact descriptions","Search record: inspected the listed sections and searched network, site, access, Wi-Fi, cellular, ISP, provider, ASN, resolver, NAT, firewall, VPN, proxy, Tor, route, path, relay, bandwidth, latency, loss, jitter, geography, server, CDN, destination, vantage, interface, split, fold, holdout, train, validation, and test; no assignable qualifying network-condition protocol with class coverage and parent grouping was reported.",
EVD1627,P48758,,,,not_reported_search,Unknown-not-reported network-condition coding.,not_reported_search,https://doi.org/10.56553/POPETS-2025-0123,,,"Dataset/collection, experimental setup, train-validation-test construction, evaluation, appendix, and artifact descriptions","Search record: inspected the listed sections and searched network, site, access, Wi-Fi, cellular, ISP, provider, ASN, resolver, NAT, firewall, VPN, proxy, Tor, route, path, relay, bandwidth, latency, loss, jitter, geography, server, CDN, destination, vantage, interface, split, fold, holdout, train, validation, and test; no assignable qualifying network-condition protocol with class coverage and parent grouping was reported.",
EVD1628,P48758,,,,split,"Broad-network identity, operational-network status, grouping, holdout status, and claim-scope coding.",evaluated_paper,https://doi.org/10.56553/POPETS-2025-0123,10,,"Section 5.1.1, Experimental Setup",Each of ten AWS-region client vantages supplies 90 visits per video; models train at a source region and test visits from a different target region.,
EVD1629,P48758,,,,not_reported_search,Conservative target-network access/preprocessing coding.,not_reported_search,https://doi.org/10.56553/POPETS-2025-0123,,,"Model selection, hyperparameter tuning, preprocessing, split, evaluation, appendix, and artifact descriptions","Search record: inspected fitting, validation, feature/model selection, calibration, adaptation, preprocessing, and final-test descriptions and searched target, validation, tune, hyperparameter, calibration, fine-tune, normalization, scaler, and test; the paper does not establish exclusion of target-network data from every relevant step.",
EVD1630,P48758,,,,split,"Broad-network identity, operational-network status, grouping, holdout status, and claim-scope coding.",evaluated_paper,https://doi.org/10.56553/POPETS-2025-0123,10,,"Section 5.1.1, Experimental Setup",Each of ten AWS-region client vantages supplies 90 visits per video; models train at a source region and test visits from a different target region.,
EVD1631,P48758,,,,not_reported_search,Conservative target-network access/preprocessing coding.,not_reported_search,https://doi.org/10.56553/POPETS-2025-0123,,,"Model selection, hyperparameter tuning, preprocessing, split, evaluation, appendix, and artifact descriptions","Search record: inspected fitting, validation, feature/model selection, calibration, adaptation, preprocessing, and final-test descriptions and searched target, validation, tune, hyperparameter, calibration, fine-tune, normalization, scaler, and test; the paper does not establish exclusion of target-network data from every relevant step.",
EVD1632,P48758,,,,split,"Broad-network identity, operational-network status, grouping, holdout status, and claim-scope coding.",evaluated_paper,https://doi.org/10.56553/POPETS-2025-0123,10,,"Section 5.1.1, Experimental Setup",Each of ten AWS-region client vantages supplies 90 visits per video; models train at a source region and test visits from a different target region.,
EVD1633,P48758,,,,not_reported_search,Conservative target-network access/preprocessing coding.,not_reported_search,https://doi.org/10.56553/POPETS-2025-0123,,,"Model selection, hyperparameter tuning, preprocessing, split, evaluation, appendix, and artifact descriptions","Search record: inspected fitting, validation, feature/model selection, calibration, adaptation, preprocessing, and final-test descriptions and searched target, validation, tune, hyperparameter, calibration, fine-tune, normalization, scaler, and test; the paper does not establish exclusion of target-network data from every relevant step.",
EVD1634,P48758,,,,split,"Broad-network identity, operational-network status, grouping, holdout status, and claim-scope coding.",evaluated_paper,https://doi.org/10.56553/POPETS-2025-0123,10,,"Section 5.1.1, Experimental Setup",Each of ten AWS-region client vantages supplies 90 visits per video; models train at a source region and test visits from a different target region.,
EVD1635,P48758,,,,not_reported_search,Conservative target-network access/preprocessing coding.,not_reported_search,https://doi.org/10.56553/POPETS-2025-0123,,,"Model selection, hyperparameter tuning, preprocessing, split, evaluation, appendix, and artifact descriptions","Search record: inspected fitting, validation, feature/model selection, calibration, adaptation, preprocessing, and final-test descriptions and searched target, validation, tune, hyperparameter, calibration, fine-tune, normalization, scaler, and test; the paper does not establish exclusion of target-network data from every relevant step.",
EVD1636,P16004,,,DES0036,,learned_classifier_and_evaluation_design,evaluated_paper,https://doi.org/10.1145/3719027.3744800,11,,"Section 5.1, training and testing","For every corpus, FlowSentry sorts both classes by time, trains on the earlier 70 percent, and tests on the later 30 percent using independently constructed attack instances.",high
EVD1637,P16004,,,DES0037,,learned_classifier_and_evaluation_design,evaluated_paper,https://doi.org/10.1145/3719027.3744800,11,,"Section 5.1, training and testing","For every corpus, FlowSentry sorts both classes by time, trains on the earlier 70 percent, and tests on the later 30 percent using independently constructed attack instances.",high
EVD1638,P16004,,,DES0038,,learned_classifier_and_evaluation_design,evaluated_paper,https://doi.org/10.1145/3719027.3744800,11,,"Section 5.1, training and testing","For every corpus, FlowSentry sorts both classes by time, trains on the earlier 70 percent, and tests on the later 30 percent using independently constructed attack instances.",high
EVD1639,P16406,,,DES0084,,learned_classifier_and_evaluation_design,evaluated_paper,https://doi.org/10.1145/3555050.3569129,8-10,,Sections 5.1 to 5.3,Lumen evaluates supervised connection classifiers with distinct training and testing datasets while preserving the binary label semantics.,high
EVD1640,P16406,,,DES0085,,learned_classifier_and_evaluation_design,evaluated_paper,https://doi.org/10.1145/3555050.3569129,8-10,,Sections 5.1 to 5.3,Lumen evaluates supervised packet classifiers with distinct training and testing datasets while preserving the binary label semantics.,high
EVD1641,P16406,,,DES0086,,learned_classifier_and_evaluation_design,evaluated_paper,https://doi.org/10.1145/3555050.3569129,7-10,,Figure 6 and Sections 5.1 to 5.4,The new Lumen strategies merge compatible connection training datasets and assess the classifier on a separately sourced labeled trace.,high
EVD1642,P16406,,,DES0087,,learned_classifier_and_evaluation_design,evaluated_paper,https://doi.org/10.1145/3555050.3569129,7-10,,Figure 6 and Sections 5.1 to 5.4,The new Lumen strategies merge compatible packet training datasets and assess the classifier on a separately sourced labeled trace.,high
EVD1643,P16406,,,DES0088,,learned_classifier_and_evaluation_design,evaluated_paper,https://doi.org/10.1145/3555050.3569129,8-10,,Section 5.1 and Table 3,Lumen reports same-source training and testing for the binary labels in CIC-IDS2017 Tuesday.,high
EVD1644,P16406,,,DES0089,,learned_classifier_and_evaluation_design,evaluated_paper,https://doi.org/10.1145/3555050.3569129,8-10,,Section 5.1 and Table 3,Lumen reports same-source training and testing for the binary labels in CIC-IDS2017 Wednesday.,high
EVD1645,P16406,,,DES0090,,learned_classifier_and_evaluation_design,evaluated_paper,https://doi.org/10.1145/3555050.3569129,8-10,,Section 5.1 and Table 3,Lumen reports same-source training and testing for the binary labels in CIC-IDS2017 Thursday.,high
EVD1646,P16406,,,DES0091,,learned_classifier_and_evaluation_design,evaluated_paper,https://doi.org/10.1145/3555050.3569129,8-10,,Section 5.1 and Table 3,Lumen reports same-source training and testing for the binary labels in CIC-DDoS2019 January 11.,high
EVD1647,P16406,,,DES0092,,learned_classifier_and_evaluation_design,evaluated_paper,https://doi.org/10.1145/3555050.3569129,8-10,,Section 5.1 and Table 3,Lumen reports same-source training and testing for the binary labels in CTU scenario 1-1.,high
EVD1648,P16406,,,DES0093,,learned_classifier_and_evaluation_design,evaluated_paper,https://doi.org/10.1145/3555050.3569129,8-10,,Section 5.1 and Table 3,Lumen reports same-source training and testing for the binary labels in CTU scenario 20-1.,high
EVD1649,P16406,,,DES0094,,learned_classifier_and_evaluation_design,evaluated_paper,https://doi.org/10.1145/3555050.3569129,8-10,,Section 5.1 and Table 3,Lumen reports same-source training and testing for the binary labels in CTU scenario 3-1.,high
EVD1650,P16406,,,DES0095,,learned_classifier_and_evaluation_design,evaluated_paper,https://doi.org/10.1145/3555050.3569129,8-10,,Section 5.1 and Table 3,Lumen reports same-source training and testing for the binary labels in CTU scenario 7-1.,high
EVD1651,P16406,,,DES0096,,learned_classifier_and_evaluation_design,evaluated_paper,https://doi.org/10.1145/3555050.3569129,8-10,,Section 5.1 and Table 3,Lumen reports same-source training and testing for the binary labels in CTU scenario 34-1.,high
EVD1652,P16406,,,DES0097,,learned_classifier_and_evaluation_design,evaluated_paper,https://doi.org/10.1145/3555050.3569129,8-10,,Section 5.1 and Table 3,Lumen reports same-source training and testing for the binary labels in CTU scenario 8-1.,high
EVD1653,P16406,,,DES0098,,learned_classifier_and_evaluation_design,evaluated_paper,https://doi.org/10.1145/3555050.3569129,8-10,,Section 5.1 and Table 3,Lumen reports same-source training and testing for the binary labels in IEEE IoT packet trace.,high
EVD1654,P16406,,,DES0099,,learned_classifier_and_evaluation_design,evaluated_paper,https://doi.org/10.1145/3555050.3569129,8-10,,Section 5.1 and Table 3,Lumen reports same-source training and testing for the binary labels in Kitsune packet trace.,high
EVD1655,P16406,,,DES0100,,learned_classifier_and_evaluation_design,evaluated_paper,https://doi.org/10.1145/3555050.3569129,8-10,,Section 5.1 and Table 3,Lumen reports same-source training and testing for the binary labels in AWID3 packet trace.,high
EVD1656,P42427,,,DES0152,,learned_classifier_and_evaluation_design,evaluated_paper,https://www.usenix.org/conference/usenixsecurity22/presentation/li-jianfeng,9-10,,Section 5.1,FOAP reports the automated app recognition design with the stated training and test sources.,high
EVD1657,P42427,,,DES0153,,learned_classifier_and_evaluation_design,evaluated_paper,https://www.usenix.org/conference/usenixsecurity22/presentation/li-jianfeng,11,,Section 6.2,FOAP reports the automated executing-path classification design with the stated training and test sources.,high
EVD1658,P42427,,,DES0154,,learned_classifier_and_evaluation_design,evaluated_paper,https://www.usenix.org/conference/usenixsecurity22/presentation/li-jianfeng,12-13,,Section 6.4,FOAP reports the leave-one-volunteer-out app recognition design with the stated training and test sources.,high
EVD1659,P42427,,,DES0155,,learned_classifier_and_evaluation_design,evaluated_paper,https://www.usenix.org/conference/usenixsecurity22/presentation/li-jianfeng,12-13,,Section 6.4,FOAP reports the leave-one-volunteer-out executing-path classification design with the stated training and test sources.,high
EVD1660,P42427,,,DES0156,,learned_classifier_and_evaluation_design,evaluated_paper,https://www.usenix.org/conference/usenixsecurity22/presentation/li-jianfeng,12-13,,Section 6.4,FOAP reports the automated-to-human app recognition design with the stated training and test sources.,high
EVD1661,P42427,,,DES0157,,learned_classifier_and_evaluation_design,evaluated_paper,https://www.usenix.org/conference/usenixsecurity22/presentation/li-jianfeng,12-13,,Section 6.4,FOAP reports the automated-to-human executing-path classification design with the stated training and test sources.,high
EVD1662,P42516,,,DES0158,,learned_classifier_and_evaluation_design,evaluated_paper,https://www.usenix.org/conference/usenixsecurity22/presentation/xue-diwen,9-12,,Sections 5.2 and 6.1,The passive ACK classifier is fitted on July tuning traffic and evaluated on a separately captured August deployment week.,high
EVD1663,P42933,,,DES0159,,learned_classifier_and_evaluation_design,evaluated_paper,https://www.usenix.org/conference/usenixsecurity23/presentation/piet,9-10,,Sections 4.6 and 5.1,The learned model uses calendar-separated interactive sessions for interactive ssh impostor detection.,high
EVD1664,P42933,,,DES0160,,learned_classifier_and_evaluation_design,evaluated_paper,https://www.usenix.org/conference/usenixsecurity23/presentation/piet,11-12,,Section 5.4,The learned model uses calendar-separated interactive sessions for long-horizon ssh impostor detection.,high
EVD1665,P42933,,,DES0161,,learned_classifier_and_evaluation_design,evaluated_paper,https://www.usenix.org/conference/usenixsecurity23/presentation/piet,13,,Section 5.6,The learned model uses calendar-separated interactive sessions for rolling ssh impostor detection.,high
EVD1666,P42933,,,DES0162,,learned_classifier_and_evaluation_design,evaluated_paper,https://www.usenix.org/conference/usenixsecurity23/presentation/piet,14,,Section 5.8,The learned model uses calendar-separated interactive sessions for interactive ssh user identification.,high
EVD1667,P42933,,,DES0163,,learned_classifier_and_evaluation_design,evaluated_paper,https://www.usenix.org/conference/usenixsecurity23/presentation/piet,14,,Section 5.7,The learned model uses calendar-separated interactive sessions for interactive telnet and rlogin impostor detection.,high
EVD1668,P43793,,,DES0166,,learned_classifier_and_evaluation_design,evaluated_paper,https://www.usenix.org/conference/usenixsecurity25/presentation/mubasshir,9-10,,Section 5.2,The paper preserves complete traces when performing the roughly 80 to 20 supervised split for fbsad packet and trace detection.,high
EVD1669,P43793,,,DES0167,,learned_classifier_and_evaluation_design,evaluated_paper,https://www.usenix.org/conference/usenixsecurity25/presentation/mubasshir,11-14,,"Sections 6.1, 6.3, and 6.4",The pretrained model is applied without retraining to controlled-lab fbs deployment validation on the independent controlled-lab deployment.,high
EVD1670,P43793,,,DES0168,,learned_classifier_and_evaluation_design,evaluated_paper,https://www.usenix.org/conference/usenixsecurity25/presentation/mubasshir,11-14,,"Sections 6.1, 6.3, and 6.4",The pretrained model is applied without retraining to controlled-lab 21-attack deployment validation on the independent controlled-lab deployment.,high
EVD1671,P43793,,,DES0169,,learned_classifier_and_evaluation_design,evaluated_paper,https://www.usenix.org/conference/usenixsecurity25/presentation/mubasshir,9-10,,Section 5.3,The paper preserves complete traces when performing the roughly 80 to 20 supervised split for msad graph attack recognition.,high
EVD1672,P43793,,,DES0170,,learned_classifier_and_evaluation_design,evaluated_paper,https://www.usenix.org/conference/usenixsecurity25/presentation/mubasshir,11-14,,"Sections 6.1, 6.3, and 6.4",The pretrained model is applied without retraining to zero-shot overshadow attack detection on the independent controlled-lab deployment.,high
EVD1673,P43907,,,DES0171,,learned_classifier_and_evaluation_design,evaluated_paper,https://www.usenix.org/conference/usenixsecurity25/presentation/huh,"4, 8",,Sections 3.1 and 6.2,"The native model uses the first two months for training, the next 15 days for validation, and the remaining two weeks for testing.",high
EVD1674,P43907,,,DES0172,,learned_classifier_and_evaluation_design,evaluated_paper,https://www.usenix.org/conference/usenixsecurity25/presentation/huh,"4, 8",,Sections 3.1 and 6.2,"The web model uses the first two months for training, the next 15 days for validation, and the remaining two weeks for testing.",high
EVD1675,P46126,,,DES0173,,learned_classifier_and_evaluation_design,evaluated_paper,https://doi.org/10.1145/3543507.3583372,"4, 6",,Sections 4.2 and 5.1,"Net-track pools all traces, separates feature-selection and final pools, and applies ten-fold sample cross-validation within each pool.",high
EVD1676,P46215,,,DES0174,,learned_classifier_and_evaluation_design,evaluated_paper,https://doi.org/10.1145/3543507.3583394,8-9,,Section 6.2,ScannerScope trains a LightGBM model and reports the cross-application vulnerability-scanner detection design on fixed scanner and human labels.,high
EVD1677,P46215,,,DES0175,,learned_classifier_and_evaluation_design,evaluated_paper,https://doi.org/10.1145/3543507.3583394,7-9,,Sections 5.2.2 and 6.1,ScannerScope trains a LightGBM model and reports the joomla vulnerability-scanner detection design on fixed scanner and human labels.,high
EVD1678,P46215,,,DES0176,,learned_classifier_and_evaluation_design,evaluated_paper,https://doi.org/10.1145/3543507.3583394,9,,"Section 6.2, unseen WVS",ScannerScope trains a LightGBM model and reports the unseen-scanner generalization design on fixed scanner and human labels.,high
EVD1679,P46215,,,DES0177,,learned_classifier_and_evaluation_design,evaluated_paper,https://doi.org/10.1145/3543507.3583394,7-9,,Sections 5.2.2 and 6.1,ScannerScope trains a LightGBM model and reports the wordpress vulnerability-scanner detection design on fixed scanner and human labels.,high
EVD1680,P48170,,,DES0178,,learned_classifier_and_evaluation_design,evaluated_paper,https://doi.org/10.2478/POPETS-2020-0017,9-11,,Sections 4.2.2 and 4.2.3,Five-fold cross-validation is applied over the complete pooled request corpus.,high
EVD1681,P48170,,,DES0179,,learned_classifier_and_evaluation_design,evaluated_paper,https://doi.org/10.2478/POPETS-2020-0017,9-11,,Sections 4.2.2 and 4.2.3,Five-fold cross-validation is applied independently within each of 128 qualifying app corpora.,high
EVD1682,P48723,,,DES0180,,learned_classifier_and_evaluation_design,evaluated_paper,https://doi.org/10.56553/POPETS-2025-0007,8-10,,Sections 5.2 and 6.2,The supervised classifiers use the stated chrome and brave partition with the same binary response labels.,high
EVD1683,P48723,,,DES0181,,learned_classifier_and_evaluation_design,evaluated_paper,https://doi.org/10.56553/POPETS-2025-0007,8-10,,Sections 5.2 and 6.2,The supervised classifiers use the stated chrome and firefox partition with the same binary response labels.,high
EVD1684,P48723,,,DES0182,,learned_classifier_and_evaluation_design,evaluated_paper,https://doi.org/10.56553/POPETS-2025-0007,8-10,,Sections 5.2 and 6.1,The supervised classifiers use the stated chrome 2022 train and test partition with the same binary response labels.,high
EVD1685,P48723,,,DES0183,,learned_classifier_and_evaluation_design,evaluated_paper,https://doi.org/10.56553/POPETS-2025-0007,8-10,,Sections 5.2 and 6.2,The supervised classifiers use the stated chrome 2022 and chrome 2023 partition with the same binary response labels.,high
EVD1686,P05927,DS-P05927-PROTOCOL-REPOSITORY,SCH0001,,general,paper_evidence,evaluated_paper,https://doi.org/10.1609/AAAI.V37I13.26840,5,15523,Data and Experimental Setup,"The authors assemble 15,523 packet streams from seven named repositories, retain 26 protocol categories, balance RTP against non-RTP traffic, and report the assembled repository as the evaluation corpus.",high
EVD1687,P05927,DS-P05927-PROTOCOL-REPOSITORY,SCH0001,DES0001,general,split_evidence,evaluated_paper,https://doi.org/10.1609/AAAI.V37I13.26840,6,15524,Experiment 1,The binary RTP experiment uses random undersampling followed by a 60 percent training and 40 percent testing split. No collection condition determines the split.,high
EVD1688,P05927,DS-P05927-PROTOCOL-REPOSITORY,SCH0001,,general,paper_evidence,evaluated_paper,https://doi.org/10.1609/AAAI.V37I13.26840,1,15519,Abstract and Introduction,MAPLE learns a convolutional classifier from captured packet matrices and predicts the fixed binary label RTP or non-RTP. RTP identifies VoIP media behavior and is the paper's central evaluated task.,high
EVD1689,P11328,,,,general,paper_evidence,evaluated_paper,https://doi.org/10.1609/AAAI.V39I1.32050,5,689,Section 4.1,"The evaluation names ISCX-VPN2016, ISCX-Tor2016, QUIC2019, and CICIoT2022 as four independently released traffic datasets.",high
EVD1690,P11328,,,,general,scheme_evidence,evaluated_paper,https://doi.org/10.1609/AAAI.V39I1.32050,6,690,Table 1,Table 1 reports separate multiclass accuracy and F1 results for each of the four datasets. The paper does not enumerate the exact evaluated label count or a train and test partition rule.,high
EVD1691,P11328,,,,general,paper_evidence,evaluated_paper,https://doi.org/10.1609/AAAI.V39I1.32050,1,685,Abstract and Introduction,DigTraffic learns a graph transformer from passively observed client to server packet flows and predicts encrypted traffic categories as a central task.,high
EVD1692,P12361,,,,general,paper_evidence,evaluated_paper,https://doi.org/10.1609/AAAI.V39I21.34411,6,22538,Section 4.1,"The experiments use CIC-IDS2017 and UNSW-NB15. CIC files correspond to named attack categories, while UNSW-NB15 supplies nine attack types.",high
EVD1693,P12361,,,,general,scheme_evidence,evaluated_paper,https://doi.org/10.1609/AAAI.V39I21.34411,7,22539,Tables 1 and 2,"The paper reports separate binary benign versus attack results for PortScan, DDoS, Bot, Infiltration, WebAttacks, Patator, and MultiDos, plus binary malicious traffic detection on UNSW-NB15.",high
EVD1694,P12361,,,,general,split_evidence,evaluated_paper,https://doi.org/10.1609/AAAI.V39I21.34411,6,22538,Section 4.1,"CIC files containing several attacks use 40, 10, and 50 percent train, validation, and test portions. Single-attack files use 70, 10, and 20 percent, and UNSW-NB15 uses 70, 10, and 20 percent. These are within-dataset sample partitions.",high
EVD1695,P12361,,,,general,paper_evidence,evaluated_paper,https://doi.org/10.1609/AAAI.V39I21.34411,1,22533,Abstract,MalDetectFormer learns a transformer from traffic-node flow observations to distinguish benign and malicious traffic. Malicious traffic detection is the central task.,high
EVD1696,P13883,,,DES0254,,complete scheme mapping,evaluated_paper,https://doi.org/10.1145/3320269.3372202,5,,Section 3.1 and Table 2,The family classifier uses CTU-13 and adds newer bot and ransomware samples collected by the Stratosphere IPS Project.,high
EVD1697,P13937,,,,general,paper_evidence,publisher_fulltext,https://doi.org/10.1145/3320269.3384718,6,132,Section 5.1,"The evaluation identifies NSL-KDD with five categories and UNSW-NB15 with ten categories, including the normal category.",high
EVD1698,P13937,DS-UNSW-NB15,,,general,split_evidence,publisher_fulltext,https://doi.org/10.1145/3320269.3384718,7,133,Section 5.2,"Three same-feature experiments train with benign traffic and eight source attack categories, while the target domain contains benign traffic and one held-out attack category. The tested targets are exploits, reconnaissance, and shellcode.",high
EVD1699,P13937,,,DES0014,general,split_evidence,publisher_fulltext,https://doi.org/10.1145/3320269.3384718,9,135,Section 5.3,"The heterogeneous experiment uses NSL-KDD and UNSW-NB15 as source and target domains for binary benign versus attack classification. Target-domain samples participate in model training, so this is not a collection-condition holdout.",high
EVD1700,P13937,,,,general,paper_evidence,publisher_fulltext,https://doi.org/10.1145/3320269.3384718,1,127,Abstract and Introduction,The paper learns adversarial domain-adaptation models from network flow records for supervised normal versus intrusion classification.,high
EVD1701,P14441,,,,general,paper_evidence,publisher_fulltext,https://doi.org/10.1145/3708821.3733864,8,1418,Section 8.1,The evaluation uses CIC-AndMal2017 and a separately collected ZooBazzar 2024 corpus. The latter executes benign and malicious Android applications in Android Emulator 31.1.4.0.,high
EVD1702,P14441,,,,general,scheme_evidence,publisher_fulltext,https://doi.org/10.1145/3708821.3733864,10,1420,Evaluation results,The paper reports malware detection for both individual PCAP paths and integrated compound paths on each traffic source.,high
EVD1703,P14441,,,,general,split_evidence,publisher_fulltext,https://doi.org/10.1145/3708821.3733864,8,1418,Section 8.1,"PCAPs are divided into training, validation, and test portions before path mixing, and the paper uses nested five-fold cross-validation. Neither dataset is partitioned by client, network, or collection campaign.",high
EVD1704,P14441,,,,general,paper_evidence,publisher_fulltext,https://doi.org/10.1145/3708821.3733864,1,1411,Abstract and Introduction,OMAD5G learns compound-path classifiers from passively observed 5G traffic to distinguish malware from benign applications.,high
EVD1705,P14955,DS-P14955-TOR-MALWARE-INITIAL-2021,SCH0088,,general,paper_evidence,evaluated_paper,https://doi.org/10.1145/3548606.3560604,5,879,Section 4.1,"The initial malware corpus contains 5,984 PCAP files generated by 362 active binaries from June through September 2021.",high
EVD1706,P14955,,,,general,paper_evidence,evaluated_paper,https://doi.org/10.1145/3548606.3560604,6,880,Section 4.2,The benign class combines a separately collected three-week Tor browsing corpus with benign traffic from ISCX-Tor2016.,high
EVD1707,P14955,,,,general,split_evidence,evaluated_paper,https://doi.org/10.1145/3548606.3560604,8,882,Section 5,"The D5, D10, D20, and D30 evaluations use a random 70 to 30 PCAP split. The appendix also reports a split that keeps binaries disjoint between training and testing.",high
EVD1708,P14955,,,DES0022,temporal,split_evidence,evaluated_paper,https://doi.org/10.1145/3548606.3560604,11,885,Section 7,A fresh December 2021 collection with 26 traffic-generating malware binaries is evaluated as a zero-day target after training on the earlier corpus. Its target captures do not enter training.,high
EVD1709,P14955,DS-P14955-TOR-MALWARE-INITIAL-2021,SCH0088,,general,paper_evidence,evaluated_paper,https://doi.org/10.1145/3548606.3560604,1,875,Abstract and Introduction,The paper learns supervised classifiers from encrypted Tor connections to distinguish malware communication from benign Tor browsing.,high
EVD1710,P15558,,,,general,paper_evidence,evaluated_paper,https://doi.org/10.1145/3658644.3670353,8,3666,Section 5.1,"The evaluation names HyperVision, CIC-IDS2017, CSE-CIC-IDS2018, CIC-DDoS2019, Whisper, Kitsune SSDP Flood, and NetBeacon as independent benchmark sources.",high
EVD1711,P15558,,,,general,scheme_evidence,evaluated_paper,https://doi.org/10.1145/3658644.3670353,9,3667,Table 3,Table 3 reports six HyperVision binary attack tasks and one binary task for each additional benchmark corpus.,high
EVD1712,P15558,,,,general,split_evidence,evaluated_paper,https://doi.org/10.1145/3658644.3670353,8,3666,Section 5.1,Benchmark experiments use 80 percent of each dataset for training and the remainder for fourfold validation and testing. The portions are not grouped by a collection condition.,high
EVD1713,P15558,DS-P15558-INSTITUTIONAL-2024,SCH0099,DES0026,network,split_evidence,evaluated_paper,https://doi.org/10.1145/3658644.3670353,8,3666,Real-world deployment,The authors deploy Exosphere for three days at an institution. A model trained on HyperVision amplification traffic is tested on the independently captured institutional traffic.,high
EVD1714,P15558,,,,general,paper_evidence,evaluated_paper,https://doi.org/10.1145/3658644.3670353,1,3659,Abstract and Introduction,Exosphere learns from packet-length sequences to detect tunneled flooding and related malicious traffic as a central security task.,high
EVD1715,P16004,DS-P16004-CSP,,,,dataset_provenance_and_labels,evaluated_paper,https://doi.org/10.1145/3719027.3744800,10-11,,"Section 5.1, cloud service provider dataset",The cloud provider corpus combines flow records over 100 AS domains with DDoS labels obtained from nationwide honeypots.,high
EVD1716,P16004,,,,,dataset_provenance_and_labels,evaluated_paper,https://doi.org/10.1145/3719027.3744800,10-11,,"Section 5.1, datasets and training",The synthetic evaluation combines timestamped MAWI benign flows with CIC-DDoS2019 attacks and router assignments.,high
EVD1717,P16004,DS-P16004-TIER1-ISP,,,,dataset_provenance_and_labels,evaluated_paper,https://doi.org/10.1145/3719027.3744800,10-11,,"Section 5.1, Tier-1 ISP dataset",The paper evaluates provider-labeled NetFlow from 100 Tier-1 ISP routers with approximately 0.4 percent DDoS traffic.,high
EVD1718,P16071,,,,,dataset_and_tasks,publisher_pdf,https://doi.org/10.1145/3719027.3744804,7,1670,Section 4.1,"The six evaluations use DataCon2020, two partitions of DataCon2021, Browser, NUDT MobileTraffic, and CSTNET-TLS 1.3.",high
EVD1719,P16071,,,,,evaluation_result,publisher_pdf,https://doi.org/10.1145/3719027.3744804,8,1671,Table 2,Table 2 reports accuracy and macro F1 for the six supervised downstream tasks.,high
EVD1720,P16071,,,,,evaluation_split,publisher_pdf,https://doi.org/10.1145/3719027.3744804,15,1678,Appendix C,"Flows shorter than five payload packets and underpopulated classes are removed. Balanced per-class training samples are split 9 to 1 into training and validation, with remaining flows used for testing and large test classes downsampled.",high
EVD1721,P16071,,,,,label_scheme,publisher_pdf,https://doi.org/10.1145/3719027.3744804,15,1678,"Appendix C, Table 5","Table 5 documents exact task cardinalities and label descriptions: 2, 6, 22, 4, 300, and 80 classes for the six tasks.",high
EVD1722,P16071,,,,,task_eligibility,publisher_pdf,https://doi.org/10.1145/3719027.3744804,1,1664,Abstract,MM4flow pretrains on unlabeled traffic and uses supervised fine-tuning for six fixed downstream traffic-classification tasks.,high
EVD1723,P16192,,,,general,paper_evidence,evaluated_paper,https://doi.org/10.1145/3719027.3765053,5,4608,Table 1,"Six independently named honeypot corpora are listed with collection periods: SelfDeploy-24, SelfDeploy-25, SelfDeploy-25-S, WebRAY, 360 Company-22, and 360 Company-23.",high
EVD1724,P16192,,,,general,scheme_evidence,evaluated_paper,https://doi.org/10.1145/3719027.3765053,6,4609,Sections 3.2 and 3.5,"Organization labels are assigned using scanner lists. Censys and Driftnet samples are deliberately used as a trained unknown category, yielding a fixed mutually exclusive output scheme.",high
EVD1725,P16192,,,,general,scheme_evidence,evaluated_paper,https://doi.org/10.1145/3719027.3765053,10,4613,Tables 5 to 8 and Appendix,"Reported tables identify complete schemes of 10 classes for SelfDeploy-24, 12 for SelfDeploy-25, 10 for SelfDeploy-25-S, 10 for WebRAY, and 11 each for the two 360 Company corpora.",high
EVD1726,P16192,,,,temporal,split_evidence,evaluated_paper,https://doi.org/10.1145/3719027.3765053,9,4612,Section 4.1,One-time experiments split every dataset by time in an 8 to 2 ratio. Training uses earlier probes and testing uses the final time segment.,high
EVD1727,P16192,,,,temporal,split_evidence,evaluated_paper,https://doi.org/10.1145/3719027.3765053,10,4613,Section 4.2,Incremental experiments update models weekly and evaluate the final week separately. Tables 5 and 6 report the fixed organization classes for SelfDeploy-24 and SelfDeploy-25.,high
EVD1728,P16192,,,,general,paper_evidence,evaluated_paper,https://doi.org/10.1145/3719027.3765053,1,4604,Abstract and Introduction,ScannerGrouper learns service-specific classifiers and an aggregation model from passively captured scanner probes to identify scanner organizations.,high
EVD1729,P16208,,,,,learned_classifier,publisher_pdf,https://doi.org/10.1145/3719027.3765046,5,4593,"Section 4, Algorithm 1",The CTS algorithm consolidates thresholds in learned decision-tree and random-forest models for programmable-switch deployment. Tree structure is not used as label-cardinality evidence.,high
EVD1730,P16208,,,,,evaluation_split,publisher_pdf,https://doi.org/10.1145/3719027.3765046,9,4597,Section 6.1,"For CIC-IDS2017 the paper selects Wednesday, July 5, which contains multiple DoS attacks, and splits samples into training and testing at a 4 to 1 ratio.",high
EVD1731,P16208,,,,,evaluation_split,publisher_pdf,https://doi.org/10.1145/3719027.3765046,10,4598,"Section 6.2, Figure 9",A separate five-fold cross-validation evaluation is run on all six datasets to assess stability across different splits.,high
EVD1732,P16208,,,,,dataset_and_labels,publisher_pdf,https://doi.org/10.1145/3719027.3765046,10,4598,Section 6.2,"The six public datasets are CIC-IDS2017, CSE-CIC-IDS2018, CIC-DDoS2019, CICIoT2023, IoT23, and UNSW-NB15. The study describes their DoS or DDoS attack focus.",high
EVD1733,P16208,,,,,label_semantics,publisher_pdf,https://doi.org/10.1145/3719027.3765046,10,4598,Section 6.2,"IoT23 is evaluated as normal benign versus abnormal malicious traffic, with a reported class ratio of one to two.",high
EVD1734,P16208,,,,,label_output,publisher_pdf,https://doi.org/10.1145/3719027.3765046,4,4592,Section 3.3 and Figure 2,The SISTAR overview shows the learned traffic-analysis pipeline outputting the two fixed states Normal and DDoS.,high
EVD1735,P16208,,,,,self_collected_dataset,publisher_pdf,https://doi.org/10.1145/3719027.3765046,12,4600,Section 6.5,"SISTAR constructs a miniature Spine-Leaf topology and generates simulated evaluation traffic with iperf normal workloads and hping3 SYN Flood, UDP Flood, and ICMP Flood attacks. The benign-to-attack packet ratio is one to three.",high
EVD1736,P16208,,,,,deployment_evaluation,publisher_pdf,https://doi.org/10.1145/3719027.3765046,12,4600,"Section 6.5, Figures 15 and 16","The distributed learned models distinguish simulated benign and flood traffic at 99.7 percent accuracy and detect sequential SYN, UDP, and ICMP floods during normal operation.",high
EVD1737,P16208,,,,,task_eligibility,publisher_pdf,https://doi.org/10.1145/3719027.3765046,1,4589,Abstract,SISTAR trains compact decision-tree detectors from passively observed traffic records for DDoS detection.,high
EVD1738,P16248,,,,general,paper_evidence,evaluated_paper,https://doi.org/10.1145/3719027.3765143,9,3938,Section 5.1,"The supervised benchmark covers HyperVision, six named CIC corpora, CTU-13, Whisper, Kitsune, and NetBeacon. MAWI is used only for pretraining and is not a qualifying evaluation dataset.",high
EVD1739,P16248,,,,general,scheme_evidence,evaluated_paper,https://doi.org/10.1145/3719027.3765143,10,3939,Table 2,Table 2 reports five separate HyperVision binary attack tasks and one binary malicious versus benign task for each of ten other benchmark sources.,high
EVD1740,P16248,,,,general,split_evidence,evaluated_paper,https://doi.org/10.1145/3719027.3765143,9,3938,Section 5.1,Training examples are randomly sampled from each pooled benchmark at ratios from 0.1 percent through 10 percent. The remaining benchmark traffic supplies evaluation data without condition grouping.,high
EVD1741,P16248,,,,general,paper_evidence,evaluated_paper,https://doi.org/10.1145/3719027.3765143,1,3930,Abstract and Introduction,"tFusion learns a cross-modality classifier from packet, flow, and host features for binary malicious traffic detection.",high
EVD1742,P16398,DS-P16398-FIAT-TESTBED,SCH0160,,general,paper_evidence,evaluated_paper,https://doi.org/10.1145/3555050.3569126,4,159,Table 1 and Section 3.1,"The coordinated testbed corpus covers ten device configurations at New Jersey and Illinois. Echo Dot 4, Home Mini, and WyzeCam are also observed through US, Japan, and Germany network locations.",high
EVD1743,P16398,DS-P16398-FIAT-TESTBED,SCH0160,DES0083,general,split_evidence,evaluated_paper,https://doi.org/10.1145/3555050.3569126,6,161,Section 4.2,Within-configuration performance is obtained by fivefold cross-validation over the three traffic categories.,high
EVD1744,P16398,DS-P16398-FIAT-TESTBED,SCH0160,DES0082,network,split_evidence,evaluated_paper,https://doi.org/10.1145/3555050.3569126,7,162,Section 4.3 and Table 5,"For three devices, the classifier is trained with events from one network location and tested with events from another. The reported directions include US to Japan, US to Germany, and Japan to Germany.",high
EVD1745,P16398,DS-P16398-FIAT-TESTBED,SCH0160,,general,paper_evidence,evaluated_paper,https://doi.org/10.1145/3555050.3569126,6,161,Section 4.1,"FIAT trains nearest-centroid and Bernoulli naive Bayes classifiers from event-level packet features. The fixed output categories are control, automated, and manual IoT events.",high
EVD1746,P16406,DS-AWID3,,,,dataset_provenance_and_labels,evaluated_paper,https://doi.org/10.1145/3555050.3569129,7-9,,"Sections 4.1 and 5.1, Table 3",Lumen decrypts AWID3 captures and applies the supplied filters to separate malicious and benign packets.,high
EVD1747,P16406,DS-CIC-DDOS-2019,,,,dataset_reuse_and_label_mapping,evaluated_paper,https://doi.org/10.1145/3555050.3569129,7-9,,"Sections 4.1 and 5.1, Table 3",Lumen uses the labeled CIC-DDoS2019 ground truth and evaluates the January 11 flow trace.,high
EVD1748,P16406,DS-CIC-IDS-2017,,,,dataset_reuse_and_label_mapping,evaluated_paper,https://doi.org/10.1145/3555050.3569129,7-9,,"Sections 4.1 and 5.1, Table 3","Lumen reconstructs CIC-IDS2017 flow labels and evaluates its Tuesday, Wednesday, and Thursday traces separately.",high
EVD1749,P16406,DS-CTU-13,,,,dataset_reuse_and_label_mapping,evaluated_paper,https://doi.org/10.1145/3555050.3569129,7-9,,"Sections 4.1 and 5.1, Table 3",Lumen matches extracted Zeek flows to six labeled CTU-13 scenario traces by timestamp.,high
EVD1750,P16406,DS-IEEE-IOT-INTRUSION,,,,dataset_provenance_and_labels,evaluated_paper,https://doi.org/10.1145/3555050.3569129,7-9,,"Sections 4.1 and 5.1, Table 3",Lumen applies the supplied Wireshark filters to obtain malicious and benign packet labels.,high
EVD1751,P16406,DS-KITSUNE,,,,dataset_provenance_and_labels,evaluated_paper,https://doi.org/10.1145/3555050.3569129,7-9,,"Sections 4.1 and 5.1, Table 3",Lumen uses the provided packet-level Kitsune ground truth for malicious versus benign classification.,high
EVD1752,P16418,,,,,label_counts,publisher_pdf,https://doi.org/10.1145/3555050.3569121,16,16,"Appendix F, Table 2","Appendix F Table 2 reports attack counts for each of the six attack types in training, validation, and testing. It does not report non-attack counts or define the binary indicator c.",high
EVD1753,P16418,,,,,dataset_and_labels,publisher_pdf,https://doi.org/10.1145/3555050.3569121,7,7,Section 5.1,"The evaluation uses 100 days from April through August 2019, 18.5 TB of sampled NetFlow, and more than 10000 attack alerts across six attack types.",high
EVD1754,P16418,,,,,capture_provenance,publisher_pdf,https://doi.org/10.1145/3555050.3569121,2,2,Section 2.2,The corpus comes from a large global ISP with more than 1000 customer networks. Sampled NetFlow covers all points of presence and is paired with NetScout alerts.,high
EVD1755,P16418,,,,,evaluation_result,publisher_pdf,https://doi.org/10.1145/3555050.3569121,9,9,Section 5.3,The paper reports stable test performance after the first ten test days and evaluates attack detection and false positives for each attack type.,high
EVD1756,P16418,,,,,label_scheme,publisher_pdf,https://doi.org/10.1145/3555050.3569121,7,7,Section 5.1,"The six evaluated attack types are UDP flood, TCP ACK flood, TCP SYN flood, TCP RST flood, DNS amplification, and ICMP flood. A separate binary detector is trained for each attack type.",high
EVD1757,P16418,,,,,evaluation_split,publisher_pdf,https://doi.org/10.1145/3555050.3569121,8,8,Section 5.2,"Training uses April 24 through June 12, validation uses June 13 through July 2, and testing uses July 3 through August 1. These are chronological and non-overlapping periods. The training data select equal numbers of attack and non-attack time series.",high
EVD1758,P16418,,,,,task_eligibility,publisher_pdf,https://doi.org/10.1145/3555050.3569121,1,1,Abstract,Xatu trains a multi-timescale LSTM to boost DDoS attack detection from sampled NetFlow and auxiliary signals.,high
EVD1759,P17148,,,,general,paper_evidence,evaluated_paper,https://doi.org/10.1109/DSN58291.2024.00048,6,421,Section V and Table III,Evaluation uses CIC-IDS2017 and a separately captured eBPF reproduction corpus with five benign and seven intrusion subcategories mapped to a binary output.,high
EVD1760,P17148,DS-P17148-EBPF-REPRODUCTION,SCH0182,DES0108,temporal,split_evidence,evaluated_paper,https://doi.org/10.1109/DSN58291.2024.00048,6,421,Section V,"For the eBPF reproduction, training and testing traffic are collected on different documented dates and kept in separate parent captures.",high
EVD1761,P17148,DS-CIC-IDS-2017,SCH0181,DES0107,general,split_evidence,evaluated_paper,https://doi.org/10.1109/DSN58291.2024.00048,7,422,Evaluation results,The paper reports a separate CIC-IDS2017 result but does not document a condition-aware training and test construction for that dataset.,high
EVD1762,P17148,,,,general,paper_evidence,evaluated_paper,https://doi.org/10.1109/DSN58291.2024.00048,1,416,Abstract and Introduction,The paper trains neural packet and flow classifiers for real-time binary intrusion detection in the kernel.,high
EVD1763,P17269,,,,,eligibility and fixed labels,evaluated_paper,https://doi.org/10.1109/DSN64029.2025.00052,6,475,Section III-D and Section IV,The detector uses supervised SVM Random Forest and Logistic Regression classifiers and produces a binary malicious or benign decision. Table 2 reports benign and malicious samples.,high
EVD1764,P17269,,,,,materially distinct design,evaluated_paper,https://doi.org/10.1109/DSN64029.2025.00052,9,479,Section IV-F and Table 7,The paper separately tests a model trained on MTA and a model trained on AndMal2019 against MTA-Enterprise. The target combines enterprise benign traffic with MTA malicious samples.,high
EVD1765,P17818,DS-RECON-APPVERSIONS,,DES0356,,one-class exclusion,evaluated_paper,https://www.ndss-symposium.org/ndss-paper/flowprint-semi-supervised-mobile-app-fingerprinting-on-encrypted-network-traffic/,12,12,Section V-E.3a,The novelty experiment fits the unseen-app detector on one selected app version and asks whether later-version fingerprints match that training version.,high
EVD1766,P17899,,,,general,paper_evidence,evaluated_paper,https://www.ndss-symposium.org/ndss-paper/flowlens-enabling-efficient-flow-classification-for-ml-based-network-security-applications/,8,8,Evaluation setup,"The evaluation uses four separately provenanced corpora: Facet, DeltaShaper, Herrmann OpenSSH website traces, and PeerRush.",high
EVD1767,P17899,,,,general,scheme_evidence,evaluated_paper,https://www.ndss-symposium.org/ndss-paper/flowlens-enabling-efficient-flow-classification-for-ml-based-network-security-applications/,9,9,Evaluation tasks,"Facet and DeltaShaper use binary covert versus legitimate labels, Herrmann uses mutually exclusive website identities, and PeerRush uses botnet versus legitimate P2P labels.",high
EVD1768,P17899,,,,general,split_evidence,evaluated_paper,https://www.ndss-symposium.org/ndss-paper/flowlens-enabling-efficient-flow-classification-for-ml-based-network-security-applications/,9,9,Evaluation setup,Each task uses a single 50 to 50 sample holdout constructed within the pooled dataset. Collection conditions do not determine the partitions.,high
EVD1769,P17899,,,,general,paper_evidence,evaluated_paper,https://www.ndss-symposium.org/ndss-paper/flowlens-enabling-efficient-flow-classification-for-ml-based-network-security-applications/,1,1,Abstract and Introduction,FlowLens learns supervised classifiers from packet-size and inter-packet-time distributions for central security and privacy traffic tasks.,high
EVD1770,P17951,,,,,task centrality,evaluated_paper,https://www.ndss-symposium.org/ndss-paper/trust-the-crowd-wireless-witnessing-to-detect-attacks-on-ads-b-based-air-traffic-surveillance/,1,,Abstract and introduction,Detecting and distinguishing attacks is the central evaluated contribution.,high
EVD1771,P17951,DS-P17951-OPENSKY-2020,,,,dataset identity,evaluated_paper,https://www.ndss-symposium.org/ndss-paper/trust-the-crowd-wireless-witnessing-to-detect-attacks-on-ads-b-based-air-traffic-surveillance/,3,,Section III-A,The OpenSky data contain more than 132 million reports from 15 February 2020 and 729 participating sensors.,high
EVD1772,P17951,,,,,fixed labels,evaluated_paper,https://www.ndss-symposium.org/ndss-paper/trust-the-crowd-wireless-witnessing-to-detect-attacks-on-ads-b-based-air-traffic-surveillance/,1,,Abstract and introduction,The evaluated outputs include fixed normal and attack labels.,high
EVD1773,P17951,,,,,learned prediction,evaluated_paper,https://www.ndss-symposium.org/ndss-paper/trust-the-crowd-wireless-witnessing-to-detect-attacks-on-ads-b-based-air-traffic-surveillance/,1,,Abstract and introduction,Decision-tree classifiers are trained from normal and simulated attack examples.,high
EVD1774,P17951,,SCH0211,DES0116,,complete scheme mapping,evaluated_paper,https://www.ndss-symposium.org/ndss-paper/trust-the-crowd-wireless-witnessing-to-detect-attacks-on-ads-b-based-air-traffic-surveillance/,11,,Section V-B,"The paper reports an exact three-class classifier for normal, GPS spoofing, and ADS-B spoofing tracks.",high
EVD1775,P17951,,,,,complete scheme mapping,evaluated_paper,https://www.ndss-symposium.org/ndss-paper/trust-the-crowd-wireless-witnessing-to-detect-attacks-on-ads-b-based-air-traffic-surveillance/,8,,Section V-A,"Separate decision trees evaluate normal versus GPS spoofing, ADS-B spoofing, and sensor-control or Sybil attacks on one thousand untrained tracks.",high
EVD1776,P17951,DS-P17951-OPENSKY-2020,,,temporal,temporal condition support and protocol,evaluated_paper,https://www.ndss-symposium.org/ndss-paper/trust-the-crowd-wireless-witnessing-to-detect-attacks-on-ads-b-based-air-traffic-surveillance/,12,,Section V-E and Table VIII,The full attack-detection procedure is repeated using fresh OpenSky traffic from 17 February 2020. GPS results are tabulated and the other two binary attack results are reported as overlapping the prior day.,high
EVD1777,P17951,,,,,traffic input,evaluated_paper,https://www.ndss-symposium.org/ndss-paper/trust-the-crowd-wireless-witnessing-to-detect-attacks-on-ads-b-based-air-traffic-surveillance/,1,,Abstract and introduction,The system consumes passively received ADS-B reports and sensor reception patterns.,high
EVD1778,P18011,,,,,task centrality,evaluated_paper,https://www.ndss-symposium.org/ndss-paper/auto-draft-218/,1,,Abstract and introduction,App and action fingerprinting is the central evaluation.,high
EVD1779,P18011,,,,network,network condition support and protocol,evaluated_paper,https://www.ndss-symposium.org/ndss-paper/auto-draft-218/,10,,Section VI-D,Models trained on ordinary traffic are tested on separately collected speed-limited instances for all apps.,high
EVD1780,P18011,,,,client,client condition protocol,evaluated_paper,https://www.ndss-symposium.org/ndss-paper/auto-draft-218/,12,,Section VI-F and Table III,Models trained on Monkey500 are tested on Human100 for the same repeated target-app scheme.,high
EVD1781,P18011,,,,,dataset identity,evaluated_paper,https://www.ndss-symposium.org/ndss-paper/auto-draft-218/,9,,Section VI-A,"The paper separately names Monkey500, Human100, and IUA and reports their collection sizes and operators.",high
EVD1782,P18011,DS-P18011-HUMAN100,,,,dataset identity,evaluated_paper,https://www.ndss-symposium.org/ndss-paper/auto-draft-218/,9,,Section VI-A,Human100 contains 100 apps manually operated by five volunteers.,high
EVD1783,P18011,DS-P18011-IUA,,,,dataset identity,evaluated_paper,https://www.ndss-symposium.org/ndss-paper/auto-draft-218/,9,,Section VI-A,IUA contains reported actions from 13 apps with five volunteer-generated instances for each action.,high
EVD1784,P18011,DS-P18011-MONKEY500,,,,dataset identity,evaluated_paper,https://www.ndss-symposium.org/ndss-paper/auto-draft-218/,9,,Section VI-A,Monkey500 contains 500 apps with 50 ordinary and 10 separately collected congested instances per app.,high
EVD1785,P18011,,,,,complete scheme and protocol,evaluated_paper,https://www.ndss-symposium.org/ndss-paper/auto-draft-218/,12,,Section VI-G and Tables IV and V,"For every action, four of five instances train and one tests. The paper separately evaluates within-app, action-only, and two-stage app-plus-action tasks.",high
EVD1786,P18011,,,,,fixed labels,evaluated_paper,https://www.ndss-symposium.org/ndss-paper/auto-draft-218/,1,,Abstract and introduction,Each repeated task predicts a fixed target app or action versus the reported negative class.,high
EVD1787,P18011,,,,,learned prediction,evaluated_paper,https://www.ndss-symposium.org/ndss-paper/auto-draft-218/,1,,Abstract and introduction,The system trains supervised probabilistic app and action classifiers.,high
EVD1788,P18011,,,,,robustness protocol,evaluated_paper,https://www.ndss-symposium.org/ndss-paper/auto-draft-218/,11,,Section VI-E,"The multiplexing test superimposes traffic from unseen apps on ordinary test streams, so it is a transformed trace condition.",high
EVD1789,P18011,,,,,training and test design,evaluated_paper,https://www.ndss-symposium.org/ndss-paper/auto-draft-218/,9,,Section VI-C,Each target-app classifier uses forty target instances for training and ten for testing. Open-world tests replace training-negative apps with forty unseen negative apps.,high
EVD1790,P18011,,,,,traffic input,evaluated_paper,https://www.ndss-symposium.org/ndss-paper/auto-draft-218/,1,,Abstract and introduction,PACKETPRINT consumes passively sniffed encrypted 802.11 packet sequences.,high
EVD1791,P18222,DS-P18222-ENTERPRISE-2017-2021,SCH0218,DES0127,temporal,dataset identity and temporal protocol,evaluated_paper,https://www.ndss-symposium.org/ndss-paper/low-quality-training-data-only-a-robust-framework-for-detecting-encrypted-malicious-network-traffic/,13,,Section V-F,The enterprise corpus contains benign and malicious encrypted flows from November 2017 to February 2021. Traffic from 2017 trains the model and all later traffic tests it.,high
EVD1792,P18385,,,,,task centrality,evaluated_paper,https://www.ndss-symposium.org/ndss-paper/mineshark-cryptomining-traffic-detection-at-scale/,1,,Abstract and introduction,Cryptomining traffic detection is the central evaluated contribution.,high
EVD1793,P18385,,,,,complete scheme mapping,evaluated_paper,https://www.ndss-symposium.org/ndss-paper/mineshark-cryptomining-traffic-detection-at-scale/,6,,Section V-B and Table II,"Table II separates normal mining, obfuscated mining, perturbed mining, and normal or gateway traffic and reports their flow counts.",high
EVD1794,P18385,DS-P18385-IOT-LIGHT,,,,dataset identity,evaluated_paper,https://www.ndss-symposium.org/ndss-paper/mineshark-cryptomining-traffic-detection-at-scale/,6,,Section V-B and Table II,IoT-Light supplies previously published normal cryptomining and benign traffic.,high
EVD1795,P18385,DS-P18385-MINESHARK-2023,,,,dataset identity,evaluated_paper,https://www.ndss-symposium.org/ndss-paper/mineshark-cryptomining-traffic-detection-at-scale/,6,,Section V-B and Table II,The paper contributes obfuscated and perturbed mining captures and five days of sampled campus-gateway normal traffic.,high
EVD1796,P18385,,,,,fixed labels,evaluated_paper,https://www.ndss-symposium.org/ndss-paper/mineshark-cryptomining-traffic-detection-at-scale/,1,,Abstract and introduction,The model predicts fixed cryptomining versus non-mining labels.,high
EVD1797,P18385,,,,,learned prediction,evaluated_paper,https://www.ndss-symposium.org/ndss-paper/mineshark-cryptomining-traffic-detection-at-scale/,1,,Abstract and introduction,A supervised CNN model is trained from labeled mining and normal traffic.,high
EVD1798,P18385,,,,network,training and test designs,evaluated_paper,https://www.ndss-symposium.org/ndss-paper/mineshark-cryptomining-traffic-detection-at-scale/,11,,Section VII-B and Table V,"Baseline data are split four to one. Obfuscated and perturbed mining are separately placed in test data, while the enhanced baseline adds obfuscated mining and gateway normal traffic before splitting.",high
EVD1799,P18385,,,,,traffic input,evaluated_paper,https://www.ndss-symposium.org/ndss-paper/mineshark-cryptomining-traffic-detection-at-scale/,1,,Abstract and introduction,MineShark classifies packet-derived flow windows observed at a network gateway.,high
EVD1800,P18385,,,,temporal,temporal protocol,evaluated_paper,https://www.ndss-symposium.org/ndss-paper/mineshark-cryptomining-traffic-detection-at-scale/,13,,Section VII-C and Figure 11e,"Detected traffic is divided into five time parts. Fifty thousand samples from each part are randomly split four to one, and all five test parts are merged with an unchanged test set.",high
EVD1801,P26148,,,,,task centrality,evaluated_paper,http://papers.nips.cc/paper_files/paper/2023/hash/3755a02b1035fbadd5f93a022170e46f-Abstract-Conference.html,1,,Abstract and introduction,Continual network intrusion detection is a central evaluation.,high
EVD1802,P26148,,,,,dataset identity,evaluated_paper,https://proceedings.neurips.cc/paper_files/paper/2023/file/3755a02b1035fbadd5f93a022170e46f-Supplemental-Conference.pdf,6,,Supplement A.4,"The supplement identifies KDD Cup 1999, NSL-KDD, CIC-IDS2017, CSE-CIC-IDS2018, UNSW-NB15, CTU-13, and AnoShift as the retained NIDS benchmarks.",high
EVD1803,P26148,DS-ANOSHIFT,,,,dataset identity,evaluated_paper,https://proceedings.neurips.cc/paper_files/paper/2023/file/3755a02b1035fbadd5f93a022170e46f-Supplemental-Conference.pdf,6,,Supplement A.4,"The supplement documents this named NIDS source, its provenance, and collection or benchmark organization.",high
EVD1804,P26148,DS-CIC-IDS-2017,,,,dataset identity,evaluated_paper,https://proceedings.neurips.cc/paper_files/paper/2023/file/3755a02b1035fbadd5f93a022170e46f-Supplemental-Conference.pdf,6,,Supplement A.4,"The supplement documents this named NIDS source, its provenance, and collection or benchmark organization.",high
EVD1805,P26148,DS-CSE-CIC-IDS-2018,,,,dataset identity,evaluated_paper,https://proceedings.neurips.cc/paper_files/paper/2023/file/3755a02b1035fbadd5f93a022170e46f-Supplemental-Conference.pdf,6,,Supplement A.4,"The supplement documents this named NIDS source, its provenance, and collection or benchmark organization.",high
EVD1806,P26148,DS-CTU-13,,,,dataset identity,evaluated_paper,https://proceedings.neurips.cc/paper_files/paper/2023/file/3755a02b1035fbadd5f93a022170e46f-Supplemental-Conference.pdf,6,,Supplement A.4,"The supplement documents this named NIDS source, its provenance, and collection or benchmark organization.",high
EVD1807,P26148,DS-KDDCUP-99,,,,dataset identity,evaluated_paper,https://proceedings.neurips.cc/paper_files/paper/2023/file/3755a02b1035fbadd5f93a022170e46f-Supplemental-Conference.pdf,6,,Supplement A.4,"The supplement documents this named NIDS source, its provenance, and collection or benchmark organization.",high
EVD1808,P26148,DS-KDDCUP-99,,,,dataset identity,evaluated_paper,https://proceedings.neurips.cc/paper_files/paper/2023/file/3755a02b1035fbadd5f93a022170e46f-Supplemental-Conference.pdf,6,,Supplement A.4,"The supplement documents this named NIDS source, its provenance, and collection or benchmark organization.",high
EVD1809,P26148,DS-UNSW-NB15,,,,dataset identity,evaluated_paper,https://proceedings.neurips.cc/paper_files/paper/2023/file/3755a02b1035fbadd5f93a022170e46f-Supplemental-Conference.pdf,6,,Supplement A.4,"The supplement documents this named NIDS source, its provenance, and collection or benchmark organization.",high
EVD1810,P26148,,,,,fixed labels,evaluated_paper,http://papers.nips.cc/paper_files/paper/2023/hash/3755a02b1035fbadd5f93a022170e46f-Abstract-Conference.html,1,,Abstract and introduction,Every retained NIDS task uses fixed benign and attack outputs.,high
EVD1811,P26148,,,,,learned prediction,evaluated_paper,http://papers.nips.cc/paper_files/paper/2023/hash/3755a02b1035fbadd5f93a022170e46f-Abstract-Conference.html,1,,Abstract and introduction,Supervised continual-learning classifiers are trained from the benchmark tasks.,high
EVD1812,P26148,,,,,training and test design,evaluated_paper,https://proceedings.neurips.cc/paper_files/paper/2023/file/3755a02b1035fbadd5f93a022170e46f-Supplemental-Conference.pdf,15,,Supplement A.11,"Every benchmark is split into 75 percent training, 23 percent testing, and 2 percent validation data.",high
EVD1813,P26148,,,,,complete scheme mapping,evaluated_paper,https://proceedings.neurips.cc/paper_files/paper/2023/file/3755a02b1035fbadd5f93a022170e46f-Supplemental-Conference.pdf,7,,Supplement A.6,Every NIDS task must include at least one attack class and one benign class. AnoShift tasks are the ten collection years.,high
EVD1814,P26148,,,,,traffic input,evaluated_paper,http://papers.nips.cc/paper_files/paper/2023/hash/3755a02b1035fbadd5f93a022170e46f-Abstract-Conference.html,1,,Abstract and introduction,The NIDS benchmarks provide passively derived network flow records.,high
EVD1815,P38868,DS-SIVANATHAN-IOT-2018,SCH0241,DES0388,,complete scheme mapping,evaluated_paper,https://www.usenix.org/conference/nsdi25/presentation/wan-gerry,9,1530,Section 5.1,The IoT use case classifies connections as one of 28 device types using the dataset published by Sivanathan and colleagues.,high
EVD1816,P39009,DS-P39009-CJ-SNIFFER-CRYPTOMINING-2022,SCH0243,DES0389,,complete scheme mapping,evaluated_paper,https://doi.org/10.1145/3545948.3545973,9,490,Section 5.1 and Tables 2 to 3,The paper collects the two mining activity labels in its cryptomining corpus and separately captures campus and lab contrast traffic that supplies the other label.,high
EVD1817,P39155,,,,,dataset_and_evaluation,publisher_html_metadata,https://ieeexplore.ieee.org/document/11352481,,204,Official abstract,The official abstract reports six supervised and unsupervised learned detectors evaluated on three public and four synthetic datasets under label-inversion drift.,high
EVD1818,P39155,,,,,access_limit,publisher_html_metadata,https://doi.org/10.1109/RAID67961.2025.00052,,204,Publisher record,"The proceedings full text was subscription-gated during coding. Exact label inventories, public-dataset linkage, preprocessing, and split details could not be verified.",high
EVD1819,P39155,,,,,candidate_source_references,publisher_deposited_reference_metadata,https://api.crossref.org/works/10.1109%2FRAID67961.2025.00052,,204,"Publisher-deposited references 5, 56, and 61","The official deposited reference list contains citations for the WIDE or MAWI corpus, CIC-IDS2017, and Kyoto 2006+. Citation presence does not establish that these are the three empirically used public datasets, so no canonical alias, scheme, use, or design row is created from this evidence.",medium
EVD1820,P39155,,,,,task_eligibility,corpus_registry,,,204,selection adjudication row,"The adjudicated corpus record establishes network-traffic feature observations, learned detectors, and a malicious versus benign fixed-label task.",high
EVD1821,P39169,,,,,dataset_and_evaluation,publisher_html_metadata,https://ieeexplore.ieee.org/document/11352479,,220,Official abstract,The official abstract reports evaluation on Kyoto2016 and CIC-IDS2017 and 2018 together with two synthetic feature-shift variants.,medium
EVD1822,P39169,,,,,access_limit,publisher_html_metadata,https://doi.org/10.1109/RAID67961.2025.00053,,220,Publisher record,"The proceedings full text was subscription-gated during coding. Exact label inventories, preprocessing, and sample-split details could not be verified.",high
EVD1823,P39169,,,,,task_eligibility,corpus_registry,,,220,selection adjudication row,"The adjudicated corpus record establishes passive network-flow feature vectors, a pruned neural intrusion detector, and fixed benign and attack categories.",high
EVD1824,P39403,,,,,task centrality,evaluated_paper,https://www.de-cix.net/_Resources/Persistent/1/c/4/0/1c4002e2ed4dd64d0743d9544627bf34ef3591ea/sigcomm22-final836.pdf,1,,Abstract and introduction,DDoS detection from IXP traffic is the central evaluated contribution.,high
EVD1825,P39403,DS-P39403-IXP-BLACKHOLE-2019-2021,,,,dataset identity and complete scheme,evaluated_paper,https://www.de-cix.net/_Resources/Persistent/1/c/4/0/1c4002e2ed4dd64d0743d9544627bf34ef3591ea/sigcomm22-final836.pdf,3,,Section 4 and Table 2,"The ML corpus has balanced benign and blackholing records from five IXPs under common operation, covering three months to two years.",high
EVD1826,P39403,,,,,temporal and network protocols,evaluated_paper,https://www.de-cix.net/_Resources/Persistent/1/c/4/0/1c4002e2ed4dd64d0743d9544627bf34ef3591ea/sigcomm22-final836.pdf,10,,Sections 6.3 and 6.4,"One-shot and sliding models use past days, weeks, or months to predict later days. Geographic transfer trains at one IXP and tests another.",high
EVD1827,P39403,,,,,fixed labels,evaluated_paper,https://www.de-cix.net/_Resources/Persistent/1/c/4/0/1c4002e2ed4dd64d0743d9544627bf34ef3591ea/sigcomm22-final836.pdf,1,,Abstract and introduction,The retained model predicts fixed benign versus blackholing or DDoS labels.,high
EVD1828,P39403,,,,,learned prediction,evaluated_paper,https://www.de-cix.net/_Resources/Persistent/1/c/4/0/1c4002e2ed4dd64d0743d9544627bf34ef3591ea/sigcomm22-final836.pdf,1,,Abstract and introduction,Supervised DDoS classifiers are learned from balanced blackholing data.,high
EVD1829,P39403,,,DES0142,,training and test design,evaluated_paper,https://www.de-cix.net/_Resources/Persistent/1/c/4/0/1c4002e2ed4dd64d0743d9544627bf34ef3591ea/sigcomm22-final836.pdf,9,,Section 6.1 and Table 3,The main model uses a random two-thirds training and one-third test split after merging all five IXPs.,high
EVD1830,P39403,DS-P39403-SELF-ATTACK-2021,SCH0251,,,dataset identity and one-class exclusion,evaluated_paper,https://www.de-cix.net/_Resources/Persistent/1/c/4/0/1c4002e2ed4dd64d0743d9544627bf34ef3591ea/sigcomm22-final836.pdf,3,,Section 4.1,The separately collected nine-day self-attack set contains DDoS attacks only.,high
EVD1831,P39403,,,,,traffic input,evaluated_paper,https://www.de-cix.net/_Resources/Persistent/1/c/4/0/1c4002e2ed4dd64d0743d9544627bf34ef3591ea/sigcomm22-final836.pdf,1,,Abstract and introduction,IXP Scrubber consumes sampled IXP flow and packet-header aggregates.,high
EVD1832,P39804,DS-ISCX-VPN-2016,,,,complete scheme mapping,evaluated_paper,https://doi.org/10.1145/3718958.3750498,6,6,Section 4.1 and Table 2,Table 2 defines the ISCX-VPN application task with 16 classes and reports its complete train and test sample counts.,high
EVD1833,P40572,,,DES0144,temporal,temporal protocol,evaluated_paper,https://gangw.cs.illinois.edu/sp20-odds.pdf,6,,Section IV-B,"The first two weeks of August train the model and the later two weeks test it, with both bot and benign sequences retained.",high
EVD1834,P40572,,,,,task centrality,evaluated_paper,https://gangw.cs.illinois.edu/sp20-odds.pdf,1,,Abstract and introduction,Network bot detection is the central evaluation.,high
EVD1835,P40572,DS-P40572-RADWARE-BOT-2018-2019,SCH0268,,,dataset identity and complete scheme,evaluated_paper,https://gangw.cs.illinois.edu/sp20-odds.pdf,3,,Section III and Table I,The coordinated provider corpus contains bot and benign IP-sequences from three websites in August 2018 and two websites in January and September 2019.,high
EVD1836,P40572,,,,,fixed labels,evaluated_paper,https://gangw.cs.illinois.edu/sp20-odds.pdf,1,,Abstract and introduction,The evaluated model predicts fixed advanced-bot versus benign labels.,high
EVD1837,P40572,,,,,learned prediction,evaluated_paper,https://gangw.cs.illinois.edu/sp20-odds.pdf,1,,Abstract and introduction,Supervised LSTM and augmented classifiers are trained from labeled sequences.,high
EVD1838,P40572,,,,temporal,temporal protocol,evaluated_paper,https://gangw.cs.illinois.edu/sp20-odds.pdf,10,,Sections V-D and V-D Q4,A fixed August model is tested in later months. Monthly retraining adds the first one percent of each month and tests on the remaining current-month data.,high
EVD1839,P40572,,,,,traffic input,evaluated_paper,https://gangw.cs.illinois.edu/sp20-odds.pdf,1,,Abstract and introduction,The detector consumes timestamped network request sequences for each IP.,high
EVD1840,P41311,,,,,task centrality,evaluated_paper,https://ix.cs.uoregon.edu/~ram/papers/SP-2024.pdf,1,,Abstract and introduction,Volumetric DDoS source-prefix detection is the central evaluation.,high
EVD1841,P41311,,,,network,network protocol,evaluated_paper,https://ix.cs.uoregon.edu/~ram/papers/SP-2024.pdf,12,,Sections 8.3 and 8.5,"The trained model is tested on independent single-vector, Booters, dynamic multivector, and cost-based scenarios with distinct source sets and benign excerpts.",high
EVD1842,P41311,,,,,dataset identity and split,evaluated_paper,https://ix.cs.uoregon.edu/~ram/papers/SP-2024.pdf,6,,Section 4.1 and Figure 4,"The paper generates 84 independent attack scenarios with disjoint attack and benign source sets, divided into 42 training and 42 test scenarios.",high
EVD1843,P41311,,,,,fixed labels,evaluated_paper,https://ix.cs.uoregon.edu/~ram/papers/SP-2024.pdf,1,,Abstract and introduction,The model predicts fixed attack-source prefix versus benign prefix labels.,high
EVD1844,P41311,,,,,learned prediction,evaluated_paper,https://ix.cs.uoregon.edu/~ram/papers/SP-2024.pdf,1,,Abstract and introduction,A supervised random-forest risk model is trained from labeled prefix observations.,high
EVD1845,P41311,DS-MAWI,SCH0271,,,dataset identity and component role,evaluated_paper,https://ix.cs.uoregon.edu/~ram/papers/SP-2024.pdf,7,,Section 4.1,Unique excerpts from the 2019 MAWILab source provide benign traffic for every generated scenario.,high
EVD1846,P41311,DS-BOOTERS-2015,,,,dataset identity,evaluated_paper,https://ix.cs.uoregon.edu/~ram/papers/SP-2024.pdf,7,,Section 4.1 and Table 3,The Booters source supplies attack addresses and Booter1 DNS packets.,high
EVD1847,P41311,DS-CIC-DDOS-2019,,,,dataset identity,evaluated_paper,https://ix.cs.uoregon.edu/~ram/papers/SP-2024.pdf,7,,Section 4.1 and Table 3,CIC-DDoS2019 day two supplies NTP attack packets.,high
EVD1848,P41311,DS-FRGP-MIRAI-2016,,,,dataset identity,evaluated_paper,https://ix.cs.uoregon.edu/~ram/papers/SP-2024.pdf,7,,Section 4.1 and Table 3,The FRGP Mirai observations supply realistic attack source addresses.,high
EVD1849,P41311,DS-SUCURI-SSDP-2014,,,,dataset identity,evaluated_paper,https://ix.cs.uoregon.edu/~ram/papers/SP-2024.pdf,7,,Section 4.1 and Table 3,The Sucuri SSDP analysis supplies SSDP attack packets.,high
EVD1850,P41311,,,,,source dataset identity,evaluated_paper,https://ix.cs.uoregon.edu/~ram/papers/SP-2024.pdf,6,,Section 4.1 and Table 3,"Mirai and Booters supply source distributions. Booter1, CIC-DDoS2019 day two, and the Sucuri analysis supply attack packet sources.",high
EVD1851,P41311,,,,,traffic input,evaluated_paper,https://ix.cs.uoregon.edu/~ram/papers/SP-2024.pdf,1,,Abstract and introduction,ZAPDOS consumes packet-derived prefix-level traffic aggregates.,high
EVD1852,P41709,,,,,deployment_evaluation,publisher_html_metadata,https://ieeexplore.ieee.org/document/11023297,,1808,Official abstract,The official abstract reports a two-month production deployment that confirmed 349 DNS tunnels and evaluates the learned per-query detector as part of TunTight.,high
EVD1853,P41709,,,,,access_limit,publisher_html_metadata,https://doi.org/10.1109/SP61157.2025.00004,,1808,Publisher record,"The proceedings full text was subscription-gated during coding. Training-corpus identity, exact label coverage, and sample-split construction could not be verified.",high
EVD1854,P41709,,,,,task_eligibility,corpus_registry,,,1808,selection adjudication row,"The adjudicated corpus record establishes per-query DNS traffic features, a machine-learning detector, and DNS tunnel versus non-tunnel labels.",high
EVD1855,P42427,DS-P42427-FOAP-AUTO,,,,dataset_provenance_and_labels,evaluated_paper,https://www.usenix.org/conference/usenixsecurity22/presentation/li-jianfeng,9,,"Section 5.1, dataset collection",The automated corpus contains 50 executions for each of 1000 apps on a Google Pixel 2 and records both app flows and executing-path bursts.,high
EVD1856,P42427,DS-P42427-FOAP-HUMAN,,,,dataset_provenance_and_labels,evaluated_paper,https://www.usenix.org/conference/usenixsecurity22/presentation/li-jianfeng,12-13,,"Section 6.4, human-operation experiment",The human corpus contains the same 100 apps operated by five volunteers and is evaluated separately from automated traces.,high
EVD1857,P42427,DS-P42427-MOBILE-WEB,,,,dataset_provenance_and_labels,evaluated_paper,https://www.usenix.org/conference/usenixsecurity22/presentation/li-jianfeng,9-10,,"Section 5.1, non-app traffic",The open-world evaluation adds Alexa mobile-web traffic as a negative-only component.,high
EVD1858,P42427,DS-P42427-PC-BACKGROUND,,,,dataset_provenance_and_labels,evaluated_paper,https://www.usenix.org/conference/usenixsecurity22/presentation/li-jianfeng,9-10,,"Section 5.1, non-app traffic",The open-world evaluation adds one day of traffic from six PCs as a negative-only component.,high
EVD1859,P42427,DS-PINGPONG-IOT,,,,dataset_reuse_and_label_mapping,evaluated_paper,https://www.usenix.org/conference/usenixsecurity22/presentation/li-jianfeng,9-10,,"Section 5.1, non-app traffic",The open-world evaluation reuses PingPong IoT traffic as a negative-only component.,high
EVD1860,P42516,DS-P42516-MERIT-DEPLOYMENT,,,,dataset_provenance_and_labels,evaluated_paper,https://www.usenix.org/conference/usenixsecurity22/presentation/xue-diwen,12,,"Section 6.1, deployment",The week-long deployment evaluates the passive Filter on controlled OpenVPN traffic and ordinary ISP flows at Merit.,high
EVD1861,P42516,DS-P42516-MERIT-TUNING,,,,dataset_provenance_and_labels,evaluated_paper,https://www.usenix.org/conference/usenixsecurity22/presentation/xue-diwen,9-10,,"Section 5.2, training data","The passive ACK decision tree uses 221,534 ambient ISP flows as its negative tuning component.",high
EVD1862,P42516,DS-P42516-VPN-TUNING,,,,dataset_provenance_and_labels,evaluated_paper,https://www.usenix.org/conference/usenixsecurity22/presentation/xue-diwen,9-10,,"Section 5.2, training data","The positive tuning component contains 2,200 vanilla OpenVPN traces from 22 provider or server deployments.",high
EVD1863,P42933,DS-P42933-LBNL-SSH,,,,dataset_provenance_and_labels,evaluated_paper,https://www.usenix.org/conference/usenixsecurity23/presentation/piet,7-9,,"Section 4, dataset","The corpus contains 632,000 labeled interactive SSH connections across 77 months, with usernames derived from matched server logs.",high
EVD1864,P42933,DS-P42933-LBNL-TELNET,,,,dataset_provenance_and_labels,evaluated_paper,https://www.usenix.org/conference/usenixsecurity23/presentation/piet,7-8,,Section 4.1,"The auxiliary corpus covers 100 days and 24,000 labeled interactive Telnet or Rlogin connections.",high
EVD1865,P43680,,,,,dataset_and_labels,publisher_pdf,https://www.usenix.org/conference/usenixsecurity25/presentation/yan-jinzhu,10,7357,"Section 5.1, Datasets","CICDOH20 uses Benign, DNS2TCP, DNSCat2, and Iodine with counts 3000, 1000, 1000, and 1000. TIISSRC23 uses Benign-audio, Benign-video, BruteForce-http, BruteForce-telnet, and Mirai with counts 1200, 1200, 800, 800, and 800.",high
EVD1866,P43680,,,,,learned_classifier,publisher_pdf,https://www.usenix.org/conference/usenixsecurity25/presentation/yan-jinzhu,9,7356,"Section 5.1, Table 3",Six learned classifiers are evaluated. Kitsune and Whisper are extended to supervised multiclass classification for this study.,high
EVD1867,P43680,,,,,clean_evaluation,publisher_pdf,https://www.usenix.org/conference/usenixsecurity25/presentation/yan-jinzhu,12,7359,Table 5,"Table 5 reports clean classification accuracy, precision, and F1 score for the evaluated classifiers on both datasets.",high
EVD1868,P43680,,,,,evaluation_split,publisher_pdf,https://www.usenix.org/conference/usenixsecurity25/presentation/yan-jinzhu,10,7357,"Section 5.1, Datasets","Each dataset is divided into training, validation, and testing sets in an 8 to 1 to 1 ratio.",high
EVD1869,P43680,,,,,task_eligibility,publisher_pdf,https://www.usenix.org/conference/usenixsecurity25/presentation/yan-jinzhu,2,7349,Abstract,"CertTA evaluates learned traffic classifiers on passive flow statistics, packet sequences, and raw bytes using two fixed-label datasets.",high
EVD1870,P43793,DS-P43793-FBSAD,,,,dataset_provenance_and_labels,evaluated_paper,https://www.usenix.org/conference/usenixsecurity25/presentation/mubasshir,7-10,,Sections 4.1 and 5.1 to 5.2,FBSAD labels each packet and trace as benign or generated through a fake base station.,high
EVD1871,P43793,DS-P43793-LAB-VALIDATION,,,,dataset_provenance_and_labels,evaluated_paper,https://www.usenix.org/conference/usenixsecurity25/presentation/mubasshir,11-14,,"Sections 6.1, 6.3, and 6.4","The lab validation uses a smartphone and independent radio setup to test FBS, 21 attack labels, and the unseen Overshadow attack.",high
EVD1872,P43793,DS-P43793-MSAD,,,,dataset_provenance_and_labels,evaluated_paper,https://www.usenix.org/conference/usenixsecurity25/presentation/mubasshir,7-10,,Sections 4.1 and 5.1 to 5.3,MSAD assigns benign label zero and one mutually exclusive label to each of 21 implemented attacks.,high
EVD1873,P43907,DS-P43907-SMS-AIT,,,,dataset_provenance_and_labels,evaluated_paper,https://www.usenix.org/conference/usenixsecurity25/presentation/huh,"4-5, 8, 16",,"Sections 3.1, 4, 6.2, Tables 8 and 9","The corpus contains 4,947,099 attack and 4,496,447 genuine requests, with both labels reported by country and channel.",high
EVD1874,P46126,DS-P46126-NETTRACK,,,,dataset_provenance_and_labels,evaluated_paper,https://doi.org/10.1145/3543507.3583372,3-4,,Section 3.1 and Section 4.2,"The final corpus contains 222,009 benign and 126,664 tracker traces collected with one Chrome automation setup.",high
EVD1875,P46215,DS-P46215-SCANNERSCOPE,,,,dataset_provenance_and_labels,evaluated_paper,https://doi.org/10.1145/3543507.3583394,"3, 7-9",,"Sections 3, 5.2.2, and 6.1","The supervised corpus contains scanner sessions and human sessions on both web applications, with passive request and TLS fingerprints used by the deployed classifier.",high
EVD1876,P47584,DS-P47584-HOLMES-WATSON,,,,dataset identity and complete schemes,evaluated_paper,https://doi.org/10.1145/3696410.3714578,5,5,Section 4.1 and Table 1,The paper describes one coordinated evaluation corpus with 12 scenarios and reports complete popular 1600-site and random and censorship 320-site components.,high
EVD1877,P47584,DS-P47584-HOLMES-WATSON,SCH0402,DES0547,,complete scheme mapping,evaluated_paper,https://doi.org/10.1145/3696410.3714578,7,7,Section 4.5,The open-world evaluation uses 320 monitored censorship sites and one unmonitored decision over a coordinated open-world component of up to 80000 sites.,high
EVD1878,P48170,DS-P48170-NOMOATS,,,,dataset_provenance_and_labels,evaluated_paper,https://doi.org/10.2478/POPETS-2020-0017,7-9,,Sections 4.1 and 4.2,"The released corpus contains fixed advertising-and-tracking versus non-A&T labels for 37,438 requests from 307 apps.",high
EVD1879,P48207,DS-GRESCHBACH-DNS-TOR-UNMONITORED,SCH0412,DES0560,,dataset correction and complete scheme mapping,evaluated_paper,https://doi.org/10.2478/POPETS-2020-0013,14,248,Section 7.1,The experiment uses the Greschbach corpus to train on 100 monitored sites and 10000 unmonitored sites and to test on another 100000 unmonitored traces.,high
EVD1880,P48290,DS-P48290-QUIC-TCP-WF-2021,SCH0417,,,complete scheme mapping,evaluated_paper,https://doi.org/10.2478/POPETS-2021-0017,5,52,Section 4 and Table 1,The named QUIC and TCP corpus contains 100 monitored URL labels and a coordinated unmonitored set under both protocols and three gateways.,high
EVD1881,P48723,DS-P48723-TEX-2022,,,,dataset_provenance_and_labels,evaluated_paper,https://doi.org/10.56553/POPETS-2025-0007,4-5,,Section 3.3 and Table 1,"Chrome, Firefox, and Brave subsets each contain fixed tracker and non-tracker labels derived from EasyList and EasyPrivacy.",high
EVD1882,P48723,DS-P48723-TEX-2023,,,,dataset_provenance_and_labels,evaluated_paper,https://doi.org/10.56553/POPETS-2025-0007,4-5,,Section 3.3 and Table 1,"The 2023 Chrome corpus contains 206,747 tracker and 596,066 non-tracker responses under the same label definition.",high
EVD1883,P07480,,,DES0239,scope,Qualifying task/dataset scope; exhaustive inspection found no reported temporal split.,evaluated_paper,https://doi.org/10.1609/AAAI.V37I4.25674,5,,Section 4.1,"The paper names the downstream dataset and fine-tuning task, but does not report how its labelled samples are divided into train/validation/test sets.",
EVD1884,P07480,,,DES0240,scope,Qualifying task/dataset scope; exhaustive inspection found no reported temporal split.,evaluated_paper,https://doi.org/10.1609/AAAI.V37I4.25674,5,,Section 4.1,"The paper names the downstream dataset and fine-tuning task, but does not report how its labelled samples are divided into train/validation/test sets.",
EVD1885,P07480,,,DES0241,scope,Qualifying task/dataset scope; exhaustive inspection found no reported temporal split.,evaluated_paper,https://doi.org/10.1609/AAAI.V37I4.25674,5,,Section 4.1,"The paper names the downstream dataset and fine-tuning task, but does not report how its labelled samples are divided into train/validation/test sets.",
EVD1886,P07480,,,DES0242,scope,Qualifying task/dataset scope; exhaustive inspection found no reported temporal split.,evaluated_paper,https://doi.org/10.1609/AAAI.V37I4.25674,5,,Section 4.1,"The paper names the downstream dataset and fine-tuning task, but does not report how its labelled samples are divided into train/validation/test sets.",
EVD1887,P07480,,,DES0243,scope,Qualifying task/dataset scope; exhaustive inspection found no reported temporal split.,evaluated_paper,https://doi.org/10.1609/AAAI.V37I4.25674,5,,Section 4.1,"The paper names the downstream dataset and fine-tuning task, but does not report how its labelled samples are divided into train/validation/test sets.",
EVD1888,P12435,,,DES0244,split,"Protocol scope, split construction, target-condition access, and temporal coding.",evaluated_paper,https://doi.org/10.1609/AAAI.V39I15.33748,6,,Experimental setup,"Each downstream dataset is split 8:1:1 into training, validation, and test portions; no time or capture grouping is reported.",
EVD1889,P12435,,,DES0245,split,"Protocol scope, split construction, target-condition access, and temporal coding.",evaluated_paper,https://doi.org/10.1609/AAAI.V39I15.33748,6,,Experimental setup,"Each downstream dataset is split 8:1:1 into training, validation, and test portions; no time or capture grouping is reported.",
EVD1890,P12435,,,DES0246,split,"Protocol scope, split construction, target-condition access, and temporal coding.",evaluated_paper,https://doi.org/10.1609/AAAI.V39I15.33748,6,,Experimental setup,"Each downstream dataset is split 8:1:1 into training, validation, and test portions; no time or capture grouping is reported.",
EVD1891,P12435,,,DES0247,split,"Protocol scope, split construction, target-condition access, and temporal coding.",evaluated_paper,https://doi.org/10.1609/AAAI.V39I15.33748,6,,Experimental setup,"Each downstream dataset is split 8:1:1 into training, validation, and test portions; no time or capture grouping is reported.",
EVD1892,P12435,,,DES0248,split,"Protocol scope, split construction, target-condition access, and temporal coding.",evaluated_paper,https://doi.org/10.1609/AAAI.V39I15.33748,6,,Experimental setup,"Each downstream dataset is split 8:1:1 into training, validation, and test portions; no time or capture grouping is reported.",
EVD1893,P13076,,,DES0249,split,"Protocol scope, split construction, target-condition access, and temporal coding.",evaluated_paper,https://doi.org/10.1609/AAAI.V39I1.32091,5,,Experimental setup,Flows are stratified and split 9:1 into training and test sets; packet samples inherit their parent-flow grouping.,
EVD1894,P13076,,,DES0250,split,"Protocol scope, split construction, target-condition access, and temporal coding.",evaluated_paper,https://doi.org/10.1609/AAAI.V39I1.32091,5,,Experimental setup,Flows are stratified and split 9:1 into training and test sets; packet samples inherit their parent-flow grouping.,
EVD1895,P13076,,,DES0251,split,"Protocol scope, split construction, target-condition access, and temporal coding.",evaluated_paper,https://doi.org/10.1609/AAAI.V39I1.32091,5,,Experimental setup,Flows are stratified and split 9:1 into training and test sets; packet samples inherit their parent-flow grouping.,
EVD1896,P13076,,,DES0252,split,"Protocol scope, split construction, target-condition access, and temporal coding.",evaluated_paper,https://doi.org/10.1609/AAAI.V39I1.32091,5,,Experimental setup,Flows are stratified and split 9:1 into training and test sets; packet samples inherit their parent-flow grouping.,
EVD1897,P13076,,,DES0253,split,"Protocol scope, split construction, target-condition access, and temporal coding.",evaluated_paper,https://doi.org/10.1609/AAAI.V39I1.32091,5,,Experimental setup,Flows are stratified and split 9:1 into training and test sets; packet samples inherit their parent-flow grouping.,
EVD1898,P13883,,,DES0254,split,"Split construction, data roles, target access, and temporal classification stated in the protocol record.",evaluated_paper,https://doi.org/10.1145/3320269.3372202,5,,"Section 4.2, Dataset and Classifier Setup",The family classifier combines malicious family samples and reports 10-fold cross-validation.,
EVD1899,P13958,,,DES0255,split,"Split construction, data roles, target access, and temporal classification stated in the protocol record.",evaluated_paper,https://doi.org/10.1145/3320269.3384732,8,,"Section 4.1, Dataset",Each NAPT/VPN dataset is split 8:2 for training and testing and evaluated with five-fold cross-validation.,
EVD1900,P13958,,,DES0256,split,"Split construction, data roles, target access, and temporal classification stated in the protocol record.",evaluated_paper,https://doi.org/10.1145/3320269.3384732,8,,"Section 4.1, Dataset",Each NAPT/VPN dataset is split 8:2 for training and testing and evaluated with five-fold cross-validation.,
EVD1901,P14000,,,DES0257,scope,Qualifying task/dataset scope; exhaustive inspection found no reported temporal split.,evaluated_paper,https://doi.org/10.1145/3433210.3453101,5,,"Section 4, Datasets and Training Details","The paper reports the malware type evaluation and its traffic sources, but the inspected training, experiment, and appendix sections do not state a reproducible multiclass train/test partition.",
EVD1902,P14000,,,DES0258,scope,Qualifying task/dataset scope; exhaustive inspection found no reported temporal split.,evaluated_paper,https://doi.org/10.1145/3433210.3453101,5,,"Section 4, Datasets and Training Details","The paper reports the adware family evaluation and its traffic sources, but the inspected training, experiment, and appendix sections do not state a reproducible multiclass train/test partition.",
EVD1903,P14000,,,DES0259,scope,Qualifying task/dataset scope; exhaustive inspection found no reported temporal split.,evaluated_paper,https://doi.org/10.1145/3433210.3453101,5,,"Section 4, Datasets and Training Details","The paper reports the ransomware family evaluation and its traffic sources, but the inspected training, experiment, and appendix sections do not state a reproducible multiclass train/test partition.",
EVD1904,P14000,,,DES0260,scope,Qualifying task/dataset scope; exhaustive inspection found no reported temporal split.,evaluated_paper,https://doi.org/10.1145/3433210.3453101,5,,"Section 4, Datasets and Training Details","The paper reports the trojan family evaluation and its traffic sources, but the inspected training, experiment, and appendix sections do not state a reproducible multiclass train/test partition.",
EVD1905,P14000,,,DES0261,scope,Qualifying task/dataset scope; exhaustive inspection found no reported temporal split.,evaluated_paper,https://doi.org/10.1145/3433210.3453101,5,,"Section 4, Datasets and Training Details","The paper reports the virus family evaluation and its traffic sources, but the inspected training, experiment, and appendix sections do not state a reproducible multiclass train/test partition.",
EVD1906,P14000,,,DES0262,scope,Qualifying task/dataset scope; exhaustive inspection found no reported temporal split.,evaluated_paper,https://doi.org/10.1145/3433210.3453101,5,,"Section 4, Datasets and Training Details","The paper reports the worm family evaluation and its traffic sources, but the inspected training, experiment, and appendix sections do not state a reproducible multiclass train/test partition.",
EVD1907,P14188,,,DES0263,split,"Protocol scope, data roles, split construction, temporal classification, independence assessment, and target-condition access.",evaluated_paper,https://doi.org/10.1145/3579856.3595793,10,,"§6.2, closed-world evaluation","The paper reports a 100-site × 200-trace Private Relay corpus and says models are trained and evaluated separately on Private Relay and Tor, but does not report the closed-world sample allocation.",
EVD1908,P14188,,,DES0264,split,"Protocol scope, data roles, split construction, temporal classification, independence assessment, and target-condition access.",evaluated_paper,https://doi.org/10.1145/3579856.3595793,10,,"§6.2, closed-world evaluation",The comparison trains and evaluates a separate model on the selected Tor/AWF corpus in similar settings; the paper does not state the closed-world train/test construction.,
EVD1909,P14188,,,DES0265,split,"Protocol scope, data roles, split construction, temporal classification, independence assessment, and target-condition access.",evaluated_paper,https://doi.org/10.1145/3579856.3595793,10,,"§6.2, open-world evaluation","The open-world experiment trains with 100 traces for each of 100 monitored sites plus 9,000 unmonitored traces and tests on 20,000 traces split equally between monitored and unmonitored traffic.",
EVD1910,P14188,,,DES0266,split,"Protocol scope, data roles, split construction, temporal classification, independence assessment, and target-condition access.",evaluated_paper,https://doi.org/10.1145/3579856.3595793,10,,"§6.2, open-world evaluation",The same stated open-world monitored/background construction is used for the Tor comparison model; no temporal partition is defined.,
EVD1911,P14255,,,DES0267,split,"Protocol scope, data roles, split construction, temporal classification, independence assessment, and target-condition access.",evaluated_paper,https://doi.org/10.1145/3634737.3637664,7,,"§4.1, dataset and split","The approximately two-week April 2022 corpus is evaluated with stratified random extraction, a 4:1 train/test ratio and 10-fold cross-validation.",
EVD1912,P14374,,,DES0268,split,"Protocol scope, data roles, split construction, temporal classification, independence assessment, and target-condition access.",evaluated_paper,https://doi.org/10.1145/3634737.3657017,8,,"§4.2, closed-world evaluation","The paper uses a 9:1 data split, reserves 10% of training for validation, and reports five-fold cross-validation; folds are sample-level rather than collection-period grouped.",
EVD1913,P14374,,,DES0269,split,"Protocol scope, data roles, split construction, temporal classification, independence assessment, and target-condition access.",evaluated_paper,https://doi.org/10.1145/3634737.3657017,8,,"§4.2, closed-world evaluation","The paper uses a 9:1 data split, reserves 10% of training for validation, and reports five-fold cross-validation; folds are sample-level rather than collection-period grouped.",
EVD1914,P14374,,,DES0270,split,"Protocol scope, data roles, split construction, temporal classification, independence assessment, and target-condition access.",evaluated_paper,https://doi.org/10.1145/3634737.3657017,8,,"§4.2, closed-world evaluation","The paper uses a 9:1 data split, reserves 10% of training for validation, and reports five-fold cross-validation; folds are sample-level rather than collection-period grouped.",
EVD1915,P14374,,,DES0271,split,"Protocol scope, data roles, split construction, temporal classification, independence assessment, and target-condition access.",evaluated_paper,https://doi.org/10.1145/3634737.3657017,8,,"§4.2, closed-world evaluation","The paper uses a 9:1 data split, reserves 10% of training for validation, and reports five-fold cross-validation; folds are sample-level rather than collection-period grouped.",
EVD1916,P14374,,,DES0272,split,"Protocol scope, data roles, split construction, temporal classification, independence assessment, and target-condition access.",evaluated_paper,https://doi.org/10.1145/3634737.3657017,8,,"§4.3, open-world evaluation",The open-world Alexa task retains the paper's sample split/cross-validation construction and adds unmonitored background; no month/campaign grouping is used.,
EVD1917,P14374,,,DES0273,split,"Protocol scope, data roles, split construction, temporal classification, independence assessment, and target-condition access.",evaluated_paper,https://doi.org/10.1145/3634737.3657017,9,,"§4.4, location evaluation",Separate location-specific models are evaluated with the paper's sample-fold protocol for 20 common commands.,
EVD1918,P14374,,,DES0274,split,"Protocol scope, data roles, split construction, temporal classification, independence assessment, and target-condition access.",evaluated_paper,https://doi.org/10.1145/3634737.3657017,9,,"§4.4, global model",The global model pools samples from all five locations before training and testing with the sample-level protocol.,
EVD1919,P14374,,,DES0275,split,"Protocol scope, data roles, split construction, temporal classification, independence assessment, and target-condition access.",evaluated_paper,https://doi.org/10.1145/3634737.3657017,9,,"§4.4, unknown-location evaluation",The model trains on 270 US traces per command and tests on 30 traces per command from each of four other countries.,
EVD1920,P14374,,,DES0276,split,"Protocol scope, data roles, split construction, temporal classification, independence assessment, and target-condition access.",evaluated_paper,https://doi.org/10.1145/3634737.3657017,10,,"§4.5, location identification",A learned classifier predicts one of five capture locations using the paper's sample-level training/evaluation construction.,
EVD1921,P14374,,,DES0277,split,"Protocol scope, data roles, split construction, temporal classification, independence assessment, and target-condition access.",evaluated_paper,https://doi.org/10.1145/3634737.3657017,11,,"§4.6, category fingerprinting",Commands are relabelled into 24 manual categories and evaluated using the same sample-level split/five-fold protocol.,
EVD1922,P14374,,,DES0278,split,"Protocol scope, data roles, split construction, temporal classification, independence assessment, and target-condition access.",evaluated_paper,https://doi.org/10.1145/3634737.3657017,11,,"§4.6, category fingerprinting",Commands are relabelled into eight TF-IDF categories and evaluated with the sample-level protocol.,
EVD1923,P14374,,,DES0279,split,"Protocol scope, data roles, split construction, temporal classification, independence assessment, and target-condition access.",evaluated_paper,https://doi.org/10.1145/3634737.3657017,10,,"§7.2.2, dynamic versus static commands",The authors select 24 dynamic commands with 200 instances each and train/test the command-identity classifier within that subset.,
EVD1924,P14374,,,DES0280,split,"Protocol scope, data roles, split construction, temporal classification, independence assessment, and target-condition access.",evaluated_paper,https://doi.org/10.1145/3634737.3657017,10,,"§7.2.2, dynamic versus static commands",The authors select 24 static commands with 200 instances each and train/test the command-identity classifier within that subset.,
EVD1925,P14374,,,DES0281,split,"Protocol scope, data roles, split construction, temporal classification, independence assessment, and target-condition access.",evaluated_paper,https://doi.org/10.1145/3634737.3657017,10,,"§7.2.3, human factors","For 295 commands, male-voice and female-voice datasets are evaluated and accuracy is reported separately by gender condition.",
EVD1926,P14374,,,DES0282,split,"Protocol scope, data roles, split construction, temporal classification, independence assessment, and target-condition access.",evaluated_paper,https://doi.org/10.1145/3634737.3657017,10,,"§7.2.3, human factors","For 295 commands, the model is evaluated with American, British, Indian and Australian voice datasets and results are reported separately by demographic/accent condition.",
EVD1927,P14374,,,DES0283,split,"Protocol scope, data roles, split construction, temporal classification, independence assessment, and target-condition access.",evaluated_paper,https://doi.org/10.1145/3634737.3657017,11,,"§7.3, identifying unknown voice-command category","For each of eight TF-IDF categories, one command is selected for testing and the remaining commands in that category form training data; five such experiments are reported.",
EVD1928,P14413,,,DES0284,split,"Protocol scope, split construction, target-condition access, and temporal coding.",evaluated_paper,https://doi.org/10.1145/3708821.3733914,7,,Closed-world evaluation,"Closed-world Bing results are reported for 258 keywords, but sample partitioning is not stated.",
EVD1929,P14413,,,DES0285,split,"Protocol scope, split construction, target-condition access, and temporal coding.",evaluated_paper,https://doi.org/10.1145/3708821.3733914,7,,Closed-world evaluation,"Closed-world DDGbase results use a 258-keyword subset, but sample partitioning is not stated.",
EVD1930,P14413,,,DES0286,time,"Protocol scope, split construction, target-condition access, and temporal coding.",evaluated_paper,https://doi.org/10.1145/3708821.3733914,9,,"Section 6.3, temporal drift",The classifier trains on DDGbase collected May-August 2023 and tests on DDGdrift collected December 2024-January 2025 for the same 273 keywords.,
EVD1931,P14413,,,DES0286,target_access,The later target campaign informed feature engineering even though final classifier fitting used the earlier campaign.,evaluated_paper,https://doi.org/10.1145/3708821.3733914,5,5,Table 1 and Sections 5.1–5.2,"The paper analyzes all DDGbase and DDGdrift samples together, including their evolved burst distributions, and uses those observations to motivate and design the Winlap feature before evaluating DDGbase-to-DDGdrift transfer.",
EVD1932,P14774,,,DES0287,split,"Split construction, data roles, target access, and temporal classification stated in the protocol record.",evaluated_paper,https://doi.org/10.1145/3460120.3484758,5,,Section 4.1,Every case-study dataset is split into 75% training and 25% testing; AutoGluon tunes models on validation data with ten-fold bagging.,
EVD1933,P14774,,,DES0288,split,"Split construction, data roles, target access, and temporal classification stated in the protocol record.",evaluated_paper,https://doi.org/10.1145/3460120.3484758,5,,Section 4.1,Every case-study dataset is split into 75% training and 25% testing; AutoGluon tunes models on validation data with ten-fold bagging.,
EVD1934,P14774,,,DES0289,split,"Split construction, data roles, target access, and temporal classification stated in the protocol record.",evaluated_paper,https://doi.org/10.1145/3460120.3484758,5,,Section 4.1,Every case-study dataset is split into 75% training and 25% testing; AutoGluon tunes models on validation data with ten-fold bagging.,
EVD1935,P14774,,,DES0290,split,"Split construction, data roles, target access, and temporal classification stated in the protocol record.",evaluated_paper,https://doi.org/10.1145/3460120.3484758,5,,Section 4.1,Every case-study dataset is split into 75% training and 25% testing; AutoGluon tunes models on validation data with ten-fold bagging.,
EVD1936,P14774,,,DES0290,task,Exact seven-class top-level task and separation from the 18- and 31-class tasks.,evaluated_paper,https://doi.org/10.1145/3460120.3484758,2,,Table 1,The netML Non-VPN task is evaluated at three label granularities; the top-level task has seven classes.,
EVD1937,P14774,,,DES0291,split,"Split construction, data roles, target access, and temporal classification stated in the protocol record.",evaluated_paper,https://doi.org/10.1145/3460120.3484758,5,,Section 4.1,Every case-study dataset is split into 75% training and 25% testing; AutoGluon tunes models on validation data with ten-fold bagging.,
EVD1938,P14774,,,DES0292,split,"Split construction, data roles, target access, and temporal classification stated in the protocol record.",evaluated_paper,https://doi.org/10.1145/3460120.3484758,5,,Section 4.1,Every case-study dataset is split into 75% training and 25% testing; AutoGluon tunes models on validation data with ten-fold bagging.,
EVD1939,P14774,,,DES0293,split,"Split construction, data roles, target access, and temporal classification stated in the protocol record.",evaluated_paper,https://doi.org/10.1145/3460120.3484758,5,,Section 4.1,Every case-study dataset is split into 75% training and 25% testing; AutoGluon tunes models on validation data with ten-fold bagging.,
EVD1940,P14774,,,DES0293,task,Exact three-country label semantics.,evaluated_paper,https://doi.org/10.1145/3460120.3484758,12,,"Section 5.4.2, Mobile Country of Origin","The task predicts whether each mobile application trace originated in China, the United States, or India.",
EVD1941,P14774,,,DES0294,split,"Split construction, data roles, target access, and temporal classification stated in the protocol record.",evaluated_paper,https://doi.org/10.1145/3460120.3484758,5,,Section 4.1,The case study reports a 13-class host/OS-label task; like every case-study dataset it uses a 75% training and 25% testing split with AutoGluon validation.,
EVD1942,P14774,,,DES0295,split,"Pooled split, target access, and absence of a chronological holdout.",evaluated_paper,https://doi.org/10.1145/3460120.3484758,5,,Section 4.1,Every case-study dataset is split into 75% training and 25% testing; AutoGluon tunes models on validation data with ten-fold bagging.,
EVD1943,P14774,,,DES0295,task,Exact 18-class task and distinct protocol-record boundary.,evaluated_paper,https://doi.org/10.1145/3460120.3484758,2,,Table 1,The middle-granularity netML Non-VPN evaluation has 18 classes and is reported separately from the seven- and 31-class results.,
EVD1944,P14774,,,DES0296,split,"Pooled split, target access, and absence of a chronological holdout.",evaluated_paper,https://doi.org/10.1145/3460120.3484758,5,,Section 4.1,Every case-study dataset is split into 75% training and 25% testing; AutoGluon tunes models on validation data with ten-fold bagging.,
EVD1945,P14774,,,DES0296,task,Exact 31-class task and distinct protocol-record boundary.,evaluated_paper,https://doi.org/10.1145/3460120.3484758,2,,Table 1,The fine-grained netML Non-VPN evaluation has 31 classes and is reported separately from the seven- and 18-class results.,
EVD1946,P14774,,,DES0297,split,"Pooled split, target access, and absence of a chronological holdout.",evaluated_paper,https://doi.org/10.1145/3460120.3484758,5,,Section 4.1,Every case-study dataset is split into 75% training and 25% testing; AutoGluon tunes models on validation data with ten-fold bagging.,
EVD1947,P14774,,,DES0297,task,Exact eight-class learned intrusion task and qualifying scope.,evaluated_paper,https://doi.org/10.1145/3460120.3484758,2,,Table 1; described in Section 5.4.1 on p. 11,The fine-grained netML CICIDS2017 intrusion evaluation has eight mutually exclusive classes; the binary task in the same table remains outside scope.,
EVD1948,P15385,,,DES0298,split,"Split construction, data roles, target access, and temporal classification stated in the protocol record.",evaluated_paper,https://doi.org/10.1145/3576915.3616639,10,,Section 7.2.1,AWF2 pre-trains the representation; labelled AWF1 samples are randomly selected for fine-tuning and mutually exclusive AWF1 samples form the test set.,
EVD1949,P15385,,,DES0299,split,"Split construction, data roles, target access, and temporal classification stated in the protocol record.",evaluated_paper,https://doi.org/10.1145/3576915.3616639,10,,Section 7.2.2,"Pretraining and fine-tuning use superior traces; validation and test contain equal superior and inferior samples, with remaining traces used after the labelled training sample.",
EVD1950,P15385,,,DES0300,split,"Split construction, data roles, target access, and temporal classification stated in the protocol record.",evaluated_paper,https://doi.org/10.1145/3576915.3616639,11,,Section 7.2.2 and Table 4,Models are pre-trained and fine-tuned on one NCM condition and evaluated separately on inferior and superior held-out traces.,
EVD1951,P15385,,,DES0301,split,"Split construction, data roles, target access, and temporal classification stated in the protocol record.",evaluated_paper,https://doi.org/10.1145/3576915.3616639,11,,"Section 7.2.2, Effect of concept drift","NetCLR is pre-trained on AWF traffic from 2017, then fine-tuned, validated, and tested on Drift90 collected more than five years later; final target splits are disjoint.",
EVD1952,P15385,,,DES0301,time,absence of stable common monitored classes across the claimed five-year contrast,evaluated_paper,https://doi.org/10.1145/3576915.3616639,8,8,Section 6.3,The paper states that the Drift monitored websites are distinct from the AWF pretraining websites; the old and new corpora therefore do not form a common-class temporal pair.,
EVD1953,P15385,,,DES0302,split,"Split construction, data roles, target access, and temporal classification stated in the protocol record.",evaluated_paper,https://doi.org/10.1145/3576915.3616639,12,,"Section 7.2.2, Effect of guard relay diversity",Fine-tuning uses traces through 11 European guard relays; validation/test use traces through seven North-American guards.,
EVD1954,P15385,,,DES0303,split,"Split construction, data roles, target access, and temporal classification stated in the protocol record.",evaluated_paper,https://doi.org/10.1145/3576915.3616639,12,,Section 7.3,"The matched open-world evaluation uses AWF monitored and AWF-OW background partitions for fine-tuning, validation, and testing.",
EVD1955,P15385,,,DES0304,split,"Split construction, data roles, target access, and temporal classification stated in the protocol record.",evaluated_paper,https://doi.org/10.1145/3576915.3616639,13,,"Section 7.3, Concept drift","The open-world concept-drift experiment uses AWF pretraining, then Drift90/Drift5000 target samples for fine-tuning and separate target evaluation.",
EVD1956,P15385,,,DES0304,time,absence of a common-class temporal contrast,evaluated_paper,https://doi.org/10.1145/3576915.3616639,8,8,Section 6.3,The Drift website set is explicitly distinct from the AWF pretraining set; the open-world result uses old-corpus representation pretraining rather than a same-label source condition.,
EVD1957,P15762,,,DES0305,split,"Protocol scope, data roles, split construction, temporal classification, independence assessment, and target-condition access.",evaluated_paper,https://doi.org/10.1145/3658644.3670272,9,,"§5.1, evaluation setup","All datasets are assigned to training, validation and test portions in an 8:1:1 ratio; the DF95 allocation is not related to capture time.",
EVD1958,P15762,,,DES0306,split,"Protocol scope, data roles, split construction, temporal classification, independence assessment, and target-condition access.",evaluated_paper,https://doi.org/10.1145/3658644.3670272,13,,"§5.7, real-world dataset","The dark-web dataset contains captures from August 2023 and April 2024, but the paper only states the generic 8:1:1 split and does not say whether campaigns are pooled or held out.",
EVD1959,P16217,,,DES0307,split,"Protocol scope, split construction, target-condition access, and temporal coding.",evaluated_paper,https://doi.org/10.1145/3719027.3744795,8,,"Section 6.2, Scenario 1",D1 is the source capture and D2-D5 are targets from four other guard-relay locations; target examples fine-tune and remaining target examples test.,
EVD1960,P16217,,,DES0308,time,"Protocol scope, split construction, target-condition access, and temporal coding.",evaluated_paper,https://doi.org/10.1145/3719027.3744795,9,,"Section 6.2, Scenario 2","The same 100 websites are captured in D1 in July 2024 and D6 in October 2024; models pre-train on D1, fine-tune on N D6 instances, and test on remaining D6 instances.",
EVD1961,P16217,,,DES0309,split,"Protocol scope, split construction, target-condition access, and temporal coding.",evaluated_paper,https://doi.org/10.1145/3719027.3744795,10,,"Section 6.2, Scenario 3",D1 uses Tor Browser and D7 uses Chrome for the same sites; N labeled D7 samples fine-tune before testing on remaining D7 samples.,
EVD1962,P16217,,,DES0310,split,"Protocol scope, split construction, target-condition access, and temporal coding.",evaluated_paper,https://doi.org/10.1145/3719027.3744795,10,,"Section 6.2, Scenario 4","Wang100 (2013) pre-training is followed by DF95 (2016) fine-tuning/testing, but the paper explicitly assumes website labels are inconsistent.",
EVD1963,P16217,,,DES0311,split,"Protocol scope, split construction, target-condition access, and temporal coding.",evaluated_paper,https://doi.org/10.1145/3719027.3744795,11,,Open-world evaluation,The Scenario-4 model is fine-tuned and tested on DF95 monitored and DF40000 unmonitored data; source and target website identities are not aligned.,
EVD1964,P16247,,,DES0312,split,"Protocol scope, split construction, target-condition access, and temporal coding.",evaluated_paper,https://doi.org/10.1145/3719027.3765073,10,,"Sections 5.2-5.3, dynamic-condition evaluation",One OS/host group is held out while remaining groups train.,
EVD1965,P16247,,,DES0313,split,"Protocol scope, split construction, target-condition access, and temporal coding.",evaluated_paper,https://doi.org/10.1145/3719027.3765073,10,,"Sections 5.2-5.3, dynamic-condition evaluation",One DNS-server/client condition is held out.,
EVD1966,P16247,,,DES0314,split,"Protocol scope, split construction, target-condition access, and temporal coding.",evaluated_paper,https://doi.org/10.1145/3719027.3765073,10,,"Sections 5.2-5.3, dynamic-condition evaluation",CN-to-US/Korea network conditions are held out.,
EVD1967,P16247,,,DES0315,split,"Protocol scope, split construction, target-condition access, and temporal coding.",evaluated_paper,https://doi.org/10.1145/3719027.3765073,10,,"Sections 5.2-5.3, dynamic-condition evaluation",One geographic network-path condition is held out.,
EVD1968,P16247,,,DES0316,split,"Protocol scope, split construction, target-condition access, and temporal coding.",evaluated_paper,https://doi.org/10.1145/3719027.3765073,10,,"Sections 5.2-5.3, dynamic-condition evaluation",One obfuscation/defense condition is held out.,
EVD1969,P16247,,,DES0317,split,"Protocol scope, split construction, target-condition access, and temporal coding.",evaluated_paper,https://doi.org/10.1145/3719027.3765073,10,,"Sections 5.2-5.3, dynamic-condition evaluation",One application obfuscation condition is held out.,
EVD1970,P16247,,,DES0318,split,"Protocol scope, split construction, target-condition access, and temporal coding.",evaluated_paper,https://doi.org/10.1145/3719027.3765073,10,,"Sections 5.2-5.3, dynamic-condition evaluation",One DoH obfuscation condition is held out.,
EVD1971,P16247,,,DES0319,split,"Protocol scope, split construction, target-condition access, and temporal coding.",evaluated_paper,https://doi.org/10.1145/3719027.3765073,12,,"Sections 5.2-5.3, dynamic-condition evaluation",Host and network conditions are jointly changed and held out.,
EVD1972,P16247,,,DES0320,split,"Protocol scope, split construction, target-condition access, and temporal coding.",evaluated_paper,https://doi.org/10.1145/3719027.3765073,12,,"Sections 5.2-5.3, dynamic-condition evaluation",Host and network conditions are jointly changed and held out.,
EVD1973,P16247,,,DES0321,split,"Protocol scope, split construction, target-condition access, and temporal coding.",evaluated_paper,https://doi.org/10.1145/3719027.3765073,12,,"Sections 5.2-5.3, dynamic-condition evaluation",Host and obfuscation conditions are jointly changed and held out.,
EVD1974,P16247,,,DES0322,split,"Protocol scope, split construction, target-condition access, and temporal coding.",evaluated_paper,https://doi.org/10.1145/3719027.3765073,12,,"Sections 5.2-5.3, dynamic-condition evaluation",Host and obfuscation conditions are jointly changed and held out.,
EVD1975,P16247,,,DES0323,split,"Protocol scope, split construction, target-condition access, and temporal coding.",evaluated_paper,https://doi.org/10.1145/3719027.3765073,12,,"Sections 5.2-5.3, dynamic-condition evaluation",Network and obfuscation conditions are jointly changed and held out.,
EVD1976,P16247,,,DES0324,split,"Protocol scope, split construction, target-condition access, and temporal coding.",evaluated_paper,https://doi.org/10.1145/3719027.3765073,12,,"Sections 5.2-5.3, dynamic-condition evaluation",Network and obfuscation conditions are jointly changed and held out.,
EVD1977,P16247,,,DES0325,split,"Protocol scope, split construction, target-condition access, and temporal coding.",evaluated_paper,https://doi.org/10.1145/3719027.3765073,12,,"Sections 5.2-5.3, dynamic-condition evaluation","Host, network, and obfuscation conditions are jointly changed and held out.",
EVD1978,P16354,,,DES0326,split,"Split construction, data roles, target access, and temporal classification stated in the protocol record.",evaluated_paper,https://doi.org/10.1145/3485983.3494863,7,,Sections 3.2 and 5.2,"The last day supplies labeled senders, but the 30-day embedding corpus includes that last day and classification uses leave-one-out over the labeled last-day senders.",
EVD1979,P16931,,,DES0327,split,"Protocol scope, data roles, split construction, temporal classification, independence assessment, and target-condition access.",evaluated_paper,https://doi.org/10.1109/DSN58367.2023.00049,8,,"§IV-B, Experiment 1 / Fig. 5","Set A supplies 90 samples per class for model/reference construction over 6,000 pages and Set B supplies 10 held-out samples per class; the sets have no sample overlap.",
EVD1980,P16931,,,DES0328,split,"Protocol scope, data roles, split construction, temporal classification, independence assessment, and target-condition access.",evaluated_paper,https://doi.org/10.1109/DSN58367.2023.00049,8,,"§IV-B, Experiment 2 / Fig. 5","The embedding is learned from Set A's 6,000 classes, while labelled references in Set C and tests in Set D cover 13,000 disjoint page classes without sample overlap.",
EVD1981,P16931,,,DES0329,split,"Protocol scope, data roles, split construction, temporal classification, independence assessment, and target-condition access.",evaluated_paper,https://doi.org/10.1109/DSN58367.2023.00049,10,,"§IV-D, Experiment 3","The TLS 1.2-trained representation is applied to a TLS 1.3 Wiki500 subset, with labelled target references used by the downstream nearest-neighbour classifier; capture-time ordering is not used.",
EVD1982,P16931,,,DES0330,split,"Protocol scope, data roles, split construction, temporal classification, independence assessment, and target-condition access.",evaluated_paper,https://doi.org/10.1109/DSN58367.2023.00049,10,,"§IV-E, cross-dataset experiment","The sequence embedding is learned on Wiki19K, while labelled GitHub500 reference traces construct the target classifier and separate GitHub samples are queried.",
EVD1983,P17056,,,DES0331,split,"Protocol scope, data roles, split construction, temporal classification, independence assessment, and target-condition access.",evaluated_paper,https://doi.org/10.1109/DSN58367.2023.00035,8,,§5.1–§5.2 / Table 2,"Results are reported for the laboratory and three operators using separately trained classifiers, but the paper does not locate the ordinary train/test sample split in capture time.",
EVD1984,P17056,,,DES0332,time,"Protocol scope, data roles, split construction, temporal classification, independence assessment, and target-condition access.",evaluated_paper,https://doi.org/10.1109/DSN58367.2023.00035,11,,"§5.5, classifier ageing / Fig. 8",The nine-app classifier is trained on day-1 traces and tested on later-day traces within 20 days. Figure 8 quantifies YouTube on T-Mobile; the text says the remaining mobile apps showed similar performance drops without reporting their curves separately.,
EVD1985,P17269,,,DES0333,split,"Protocol scope, split construction, target-condition access, and temporal coding.",evaluated_paper,https://doi.org/10.1109/DSN64029.2025.00052,6,,Section IV-A,The family classifier uses 5-fold cross-validation rather than a condition- or time-grouped split.,
EVD1986,P17269,,,DES0334,split,"Protocol scope, split construction, target-condition access, and temporal coding.",evaluated_paper,https://doi.org/10.1109/DSN64029.2025.00052,6,,Section IV-A,The family classifier uses 5-fold cross-validation rather than a condition- or time-grouped split.,
EVD1987,P17269,,,DES0335,split,"Protocol scope, split construction, target-condition access, and temporal coding.",evaluated_paper,https://doi.org/10.1109/DSN64029.2025.00052,6,,Section IV-A,The family classifier uses 5-fold cross-validation rather than a condition- or time-grouped split.,
EVD1988,P17269,,,DES0336,split,"Protocol scope, split construction, target-condition access, and temporal coding.",evaluated_paper,https://doi.org/10.1109/DSN64029.2025.00052,6,,Section IV-A,The family classifier uses 5-fold cross-validation rather than a condition- or time-grouped split.,
EVD1989,P17269,,,DES0337,split,"Protocol scope, split construction, target-condition access, and temporal coding.",evaluated_paper,https://doi.org/10.1109/DSN64029.2025.00052,9,,"Section IV-F, Generalization",Models trained on MTA or AndMal2019 are tested on MTA-Enterprise with a separate one-day enterprise benign capture.,
EVD1990,P17290,,,DES0338,split,"Protocol scope, split construction, target-condition access, and temporal coding.",evaluated_paper,https://doi.org/10.1109/DSN64029.2025.00048,6,,Primary classification evaluation,"The main evaluation uses a 60% training and 40% test division, but time/client grouping is not reported.",
EVD1991,P17290,,,DES0339,split,"Protocol scope, split construction, target-condition access, and temporal coding.",evaluated_paper,https://doi.org/10.1109/DSN64029.2025.00048,10,,Client-location robustness,One client location is held out while models train on the other nine.,
EVD1992,P17290,,,DES0340,time,"Protocol scope, split construction, target-condition access, and temporal coding.",evaluated_paper,https://doi.org/10.1109/DSN64029.2025.00048,11,,Temporal robustness,A second batch for the same 100 sites is collected from the primary client after six weeks and tested with the first-round model.,
EVD1993,P17290,,,DES0340,target_access,Target-informed model and hyperparameter selection before the final first-round-to-second-round test.,evaluated_paper,https://doi.org/10.1109/DSN64029.2025.00048,8,8,Evaluation setup and grid search,"Before the six-week check, the paper pools the two-phase collection into a 60:40 train/test evaluation and searches model hyperparameters; the later round is therefore available during model selection.",
EVD1994,P17323,,,DES0341,split,"Protocol scope, split construction, target-condition access, and temporal coding.",evaluated_paper,https://doi.org/10.1109/DSN64029.2025.00051,9,,Section V and Table II,"The paper reports multiclass results for FOAP, but no train/test sample partition or time-grouped evaluation.",
EVD1995,P17323,,,DES0342,split,"Protocol scope, split construction, target-condition access, and temporal coding.",evaluated_paper,https://doi.org/10.1109/DSN64029.2025.00051,9,,Section V and Table II,"The paper reports multiclass results for FG-Net D1 and D2, but no train/test sample partition or time-grouped evaluation.",
EVD1996,P17323,,,DES0343,split,"Protocol scope, split construction, target-condition access, and temporal coding.",evaluated_paper,https://doi.org/10.1109/DSN64029.2025.00051,9,,Section V and Table II,"The paper reports multiclass results for NUDT MobileTraffic, but no train/test sample partition or time-grouped evaluation.",
EVD1997,P17610,,,DES0344,split,"Protocol scope, data roles, split construction, temporal classification, independence assessment, and target-condition access.",evaluated_paper,https://doi.org/10.1145/3646547.3688435,8,,"§5, laboratory evaluation","The paper evaluates provider/protocol-specific classifier heads over approximately 10,000 flows. Table 1 gives a 17-identity union across 30 provider-specific configurations, while supported head sizes vary and the smallest reported multiclass head has 12 platform labels; folds are not condition-grouped.",
EVD1998,P17610,,,DES0345,split,"Protocol scope, data roles, split construction, temporal classification, independence assessment, and target-condition access.",evaluated_paper,https://doi.org/10.1145/3646547.3688435,10,,"§6, open-set/home evaluation",Provider/protocol-specific models trained on laboratory traffic are evaluated on a separately captured home dataset covering the corresponding platforms with changed OS/software versions and residential networking; the minimum reported platform-head size is 12.,
EVD1999,P17713,,,DES0346,split,"Protocol scope, split construction, target-condition access, and temporal coding.",evaluated_paper,https://doi.org/10.1145/3730567.3764455,3,,Dataset and task description,"The laboratory corpus covers 13 game titles, but the classifier train/test partition is not stated.",
EVD2000,P17713,,,DES0347,split,"Protocol scope, split construction, target-condition access, and temporal coding.",evaluated_paper,https://doi.org/10.1145/3730567.3764455,3,,Dataset and task description,"Three player-activity stages are evaluated, but the train/test partition is not reported.",
EVD2001,P17713,,,DES0348,split,"Protocol scope, split construction, target-condition access, and temporal coding.",evaluated_paper,https://doi.org/10.1145/3730567.3764455,10,,Field validation,A lab-trained title classifier is validated on separate deployment-network traffic using server logs for ground truth.,
EVD2002,P17815,,,DES0349,split,"Split construction, data roles, target access, and temporal classification stated in the protocol record.",evaluated_paper,https://www.ndss-symposium.org/ndss-paper/encrypted-dns-privacy-a-traffic-analysis-perspective/,6,,Section V-A,The baseline website classifier uses standard 10-fold cross-validation on LOC1 samples.,
EVD2003,P17815,,,DES0350,split,"Split construction, data roles, target access, and temporal classification stated in the protocol record.",evaluated_paper,https://www.ndss-symposium.org/ndss-paper/encrypted-dns-privacy-a-traffic-analysis-perspective/,8,,Section V-C.1 and Table V,"The 1,500-webpage LOC1 corpus is divided into five two-week intervals; models train on one interval and test on each other interval with 20 samples per webpage available in every interval and up to eight weeks between conditions.",
EVD2004,P17815,,,DES0351,split,"Split construction, data roles, target access, and temporal classification stated in the protocol record.",evaluated_paper,https://www.ndss-symposium.org/ndss-paper/encrypted-dns-privacy-a-traffic-analysis-perspective/,8,,Section V-C.2–4,"The paper crosses collection locations, client platforms, and resolver/infrastructure configurations for training and testing.",
EVD2005,P17815,,,,scope,"Exact 1,500-class output space for the LOC1 baseline and temporal matrix.",evaluated_paper,https://www.ndss-symposium.org/ndss-paper/encrypted-dns-privacy-a-traffic-analysis-perspective/,3,3,Table I,"Table I defines LOC1 as containing 1,500 webpages.",
EVD2006,P17815,,,DES0350,target_access,Target-informed model and feature selection for the temporal matrix; each final matrix cell still fits on its designated source interval.,evaluated_paper,https://www.ndss-symposium.org/ndss-paper/encrypted-dns-privacy-a-traffic-analysis-perspective/,8,8,Section V-B–C / Tables IV–V,"The paper uses pooled LOC1 experiments to select and justify features, algorithm, and the 20-sample regime before reusing LOC1's interval samples as targets in the five-by-five temporal transfer matrix.",
EVD2007,P17818,,,DES0352,split,"Split construction, data roles, target access, and temporal classification stated in the protocol record.",evaluated_paper,https://www.ndss-symposium.org/ndss-paper/flowprint-semi-supervised-mobile-app-fingerprinting-on-encrypted-network-traffic/,7,,Section V-A,Traffic for every app is split 50:50 into non-overlapping training and testing sets.,
EVD2008,P17818,,,DES0353,split,"Split construction, data roles, target access, and temporal classification stated in the protocol record.",evaluated_paper,https://www.ndss-symposium.org/ndss-paper/flowprint-semi-supervised-mobile-app-fingerprinting-on-encrypted-network-traffic/,7,,Section V-A,Traffic for every app is split 50:50 into non-overlapping training and testing sets.,
EVD2009,P17818,,,DES0354,split,"Split construction, data roles, target access, and temporal classification stated in the protocol record.",evaluated_paper,https://www.ndss-symposium.org/ndss-paper/flowprint-semi-supervised-mobile-app-fingerprinting-on-encrypted-network-traffic/,7,,Section V-A,Traffic for every app is split 50:50 into non-overlapping training and testing sets.,
EVD2010,P17818,,,DES0355,split,"Split construction, data roles, target access, and temporal classification stated in the protocol record.",evaluated_paper,https://www.ndss-symposium.org/ndss-paper/flowprint-semi-supervised-mobile-app-fingerprinting-on-encrypted-network-traffic/,10,,Section V-D.2,The browser experiment uses an 80:20 training/testing split.,
EVD2011,P17818,,,DES0356,split,"Split construction, data roles, target access, and temporal classification stated in the protocol record.",evaluated_paper,https://www.ndss-symposium.org/ndss-paper/flowprint-semi-supervised-mobile-app-fingerprinting-on-encrypted-network-traffic/,12,,Section V-E.3a,A specific app version trains the unseen-app detector and newer versions test it; the reported outcome is new-versus-existing detection rather than mutually exclusive prediction among the application identities. Traffic for all versions was captured within two and a half months despite release dates spanning years.,
EVD2012,P17818,,,DES0357,split,"Split construction, data roles, target access, and temporal classification stated in the protocol record.",evaluated_paper,https://www.ndss-symposium.org/ndss-paper/flowprint-semi-supervised-mobile-app-fingerprinting-on-encrypted-network-traffic/,12,,Section V-E.3b,The paper performs 10-fold cross-validation while synthetically replacing increasing fractions of IP addresses and TLS certificates in testing data.,
EVD2013,P17818,,,DES0358,split,"Split construction, data roles, target access, and temporal classification stated in the protocol record.",evaluated_paper,https://www.ndss-symposium.org/ndss-paper/flowprint-semi-supervised-mobile-app-fingerprinting-on-encrypted-network-traffic/,12,,Section V-E.3b,The paper performs 10-fold cross-validation while synthetically replacing increasing fractions of IP addresses and TLS certificates in testing data.,
EVD2014,P17818,,,DES0359,split,"Split construction, data roles, target access, and temporal classification stated in the protocol record.",evaluated_paper,https://www.ndss-symposium.org/ndss-paper/flowprint-semi-supervised-mobile-app-fingerprinting-on-encrypted-network-traffic/,12,,Section V-E.3b,The paper performs 10-fold cross-validation while synthetically replacing increasing fractions of IP addresses and TLS certificates in testing data.,
EVD2015,P17818,,,DES0360,split,"Split construction, data roles, target access, and temporal classification stated in the protocol record.",evaluated_paper,https://www.ndss-symposium.org/ndss-paper/flowprint-semi-supervised-mobile-app-fingerprinting-on-encrypted-network-traffic/,13,,Section V-E.3b,FlowPrint trains on the original Cross Platform data and recognizes a fresh recapture of 31 common apps collected 26 months later.,
EVD2016,P17818,,,DES0360,target_access,The later 31-app recapture does not inform parameter selection; the auxiliary validation source is separate from the temporal target.,evaluated_paper,https://www.ndss-symposium.org/ndss-paper/flowprint-semi-supervised-mobile-app-fingerprinting-on-encrypted-network-traffic/,8,8,"Section V-A, Parameter Selection","All four configurable parameters are optimized on held-out Andrubis validation data, which the paper states is not used in the remainder of the evaluation.",
EVD2017,P18348,,,DES0361,time,"Protocol scope, split construction, target-condition access, and temporal coding.",evaluated_paper,https://www.ndss-symposium.org/ndss-paper/evaluating-machine-learning-based-iot-device-identification-models-for-security-applications/,8,,"Section V-D, temporal evaluation","The temporal figure reports Train:Now versus one week, but the surrounding text says training uses the December 2022 capture and does not map Train:Now or the weekly target to disjoint December subperiods.",
EVD2018,P18348,,,DES0362,time,"Protocol scope, split construction, target-condition access, and temporal coding.",evaluated_paper,https://www.ndss-symposium.org/ndss-paper/evaluating-machine-learning-based-iot-device-identification-models-for-security-applications/,8,,"Section V-D, temporal evaluation","The temporal figure reports Train:Now versus two weeks, but the surrounding text says training uses the December 2022 capture and does not map Train:Now or the weekly target to disjoint December subperiods.",
EVD2019,P18348,,,DES0363,time,"Protocol scope, split construction, target-condition access, and temporal coding.",evaluated_paper,https://www.ndss-symposium.org/ndss-paper/evaluating-machine-learning-based-iot-device-identification-models-for-security-applications/,8,,"Section V-D, temporal evaluation","The temporal figure reports Train:Now versus three weeks, but the surrounding text says training uses the December 2022 capture and does not map Train:Now or the weekly target to disjoint December subperiods.",
EVD2020,P18348,,,DES0364,time,"Protocol scope, split construction, target-condition access, and temporal coding.",evaluated_paper,https://www.ndss-symposium.org/ndss-paper/evaluating-machine-learning-based-iot-device-identification-models-for-security-applications/,8,,"Section V-D, temporal evaluation",The model trained on December 2022 is tested on a fresh one-month target period for the same 13 devices.,
EVD2021,P18348,,,DES0365,time,"Protocol scope, split construction, target-condition access, and temporal coding.",evaluated_paper,https://www.ndss-symposium.org/ndss-paper/evaluating-machine-learning-based-iot-device-identification-models-for-security-applications/,8,,"Section V-D, temporal evaluation",The model trained on December 2022 is tested on a fresh three-month target period for the same 13 devices.,
EVD2022,P18348,,,DES0366,time,"Protocol scope, split construction, target-condition access, and temporal coding.",evaluated_paper,https://www.ndss-symposium.org/ndss-paper/evaluating-machine-learning-based-iot-device-identification-models-for-security-applications/,8,,"Section V-D, temporal evaluation",The model trained on December 2022 is tested on a fresh six-month target period for the same 13 devices.,
EVD2023,P18348,,,DES0367,time,"Protocol scope, split construction, target-condition access, and temporal coding.",evaluated_paper,https://www.ndss-symposium.org/ndss-paper/evaluating-machine-learning-based-iot-device-identification-models-for-security-applications/,8,,"Section V-D, temporal evaluation","The model trained on December 2022 is tested on a fresh target reported as 12 months later; the paper also describes the endpoint as 52 weeks, so the exact 365-day boundary is not conservative-confirmed.",
EVD2024,P18348,,,DES0368,split,"Protocol scope, split construction, target-condition access, and temporal coding.",evaluated_paper,https://www.ndss-symposium.org/ndss-paper/evaluating-machine-learning-based-iot-device-identification-models-for-security-applications/,7,,Traffic-mode evaluation,Models trained on mixed activity are tested separately on idle and active traffic.,
EVD2025,P18348,,,DES0369,split,"Protocol scope, split construction, target-condition access, and temporal coding.",evaluated_paper,https://www.ndss-symposium.org/ndss-paper/evaluating-machine-learning-based-iot-device-identification-models-for-security-applications/,9,,Spatial evaluation,UK and US testbeds are used in directed cross-site training/testing for 13 common devices.,
EVD2026,P18348,,,DES0370,split,"Protocol scope, split construction, target-condition access, and temporal coding.",evaluated_paper,https://www.ndss-symposium.org/ndss-paper/evaluating-machine-learning-based-iot-device-identification-models-for-security-applications/,9,,Packet-sampling evaluation,"A full-traffic model is evaluated at 1:100, 1:1000, and 1:5000 packet sampling.",
EVD2027,P18348,,,DES0371,split,Target-informed feature selection and the separately reported one-month temporal evaluation.,evaluated_paper,https://www.ndss-symposium.org/ndss-paper/evaluating-machine-learning-based-iot-device-identification-models-for-security-applications/,13,13,Section VI-A–B and Table VII,The paper reduces the tailored feature set by retraining and checking performance across all evaluation scenarios until it finds a minimal acceptable set; Table VII then reports the one-month temporal result for each retained feature subset.,
EVD2028,P18348,,,DES0372,split,Target-informed feature selection and the separately reported three-month temporal evaluation.,evaluated_paper,https://www.ndss-symposium.org/ndss-paper/evaluating-machine-learning-based-iot-device-identification-models-for-security-applications/,13,13,Section VI-A–B and Table VII,The paper reduces the tailored feature set by retraining and checking performance across all evaluation scenarios until it finds a minimal acceptable set; Table VII then reports the three-month temporal result for each retained feature subset.,
EVD2029,P18348,,,DES0373,split,Target-informed feature selection and the separately reported six-month temporal evaluation.,evaluated_paper,https://www.ndss-symposium.org/ndss-paper/evaluating-machine-learning-based-iot-device-identification-models-for-security-applications/,13,13,Section VI-A–B and Table VII,The paper reduces the tailored feature set by retraining and checking performance across all evaluation scenarios until it finds a minimal acceptable set; Table VII then reports the six-month temporal result for each retained feature subset.,
EVD2030,P18348,,,DES0374,split,Target-informed feature selection and the separately reported twelve-month temporal evaluation.,evaluated_paper,https://www.ndss-symposium.org/ndss-paper/evaluating-machine-learning-based-iot-device-identification-models-for-security-applications/,13,13,Section VI-A–B and Table VII,The paper reduces the tailored feature set by retraining and checking performance across all evaluation scenarios until it finds a minimal acceptable set; Table VII then reports the twelve-month temporal result for each retained feature subset.,
EVD2031,P18348,,,,time,Fresh campaign boundaries for month-scale tests and an activity-mode reporting inconsistency that prevents an isolated-time interpretation; weekly baseline subperiods are not mapped.,evaluated_paper,https://www.ndss-symposium.org/ndss-paper/evaluating-machine-learning-based-iot-device-identification-models-for-security-applications/,4,4,"Section III-A, Dataset Collection","The collection section describes the December 6–27, 2022 baseline as idle traffic and the January, March, June, and December 2023 rounds as separate 21-day captures; elsewhere the temporal evaluation says operation mode remains mixed.",
EVD2032,P35345,,,DES0375,split,"Protocol scope, split construction, target-condition access, and temporal coding.",evaluated_paper,http://papers.nips.cc/paper_files/paper/2025/hash/ba1d33849b963efc6b5d3082ad68f480-Abstract-Conference.html,15,,"Appendix D, Table 4",Table 4 reports the class count and training/test example counts for ISCXVPN; it does not report time-based construction of those partitions.,
EVD2033,P35345,,,DES0376,split,"Protocol scope, split construction, target-condition access, and temporal coding.",evaluated_paper,http://papers.nips.cc/paper_files/paper/2025/hash/ba1d33849b963efc6b5d3082ad68f480-Abstract-Conference.html,15,,"Appendix D, Table 4",Table 4 reports the class count and training/test example counts for CrossPlatform iOS-China; it does not report time-based construction of those partitions.,
EVD2034,P35345,,,DES0377,split,"Protocol scope, split construction, target-condition access, and temporal coding.",evaluated_paper,http://papers.nips.cc/paper_files/paper/2025/hash/ba1d33849b963efc6b5d3082ad68f480-Abstract-Conference.html,15,,"Appendix D, Table 4",Table 4 reports the class count and training/test example counts for USTC-TFC; it does not report time-based construction of those partitions.,
EVD2035,P35345,,,DES0378,split,"Protocol scope, split construction, target-condition access, and temporal coding.",evaluated_paper,http://papers.nips.cc/paper_files/paper/2025/hash/ba1d33849b963efc6b5d3082ad68f480-Abstract-Conference.html,15,,"Appendix D, Table 4",Table 4 reports the class count and training/test example counts for Malware-Traffic-Analysis.net; it does not report time-based construction of those partitions.,
EVD2036,P35345,,,DES0379,split,"Protocol scope, split construction, target-condition access, and temporal coding.",evaluated_paper,http://papers.nips.cc/paper_files/paper/2025/hash/ba1d33849b963efc6b5d3082ad68f480-Abstract-Conference.html,8,,"Section 4.3, real-world label-noise experiments","The paper evaluates FlowRefiner on the published CICIDS2017 labels and a manually corrected test set, but this audit could not recover a qualifying explicit class count or a temporal construction for the classifier split.",
EVD2037,P38630,,,DES0380,split,"Split construction, data roles, target access, and temporal classification stated in the protocol record.",evaluated_paper,https://www.usenix.org/conference/nsdi22/presentation/siracusano,5,,Section 3.2,The IoT classification evaluation is performed with five-fold cross-validation.,
EVD2038,P38630,,,DES0380,task,Exact ten-category label view and qualifying multiclass task.,evaluated_paper,https://www.usenix.org/conference/nsdi22/presentation/siracusano,5,516,Section 3.1 and footnote 2,"The classifier has ten mutually exclusive outputs: nine IoT device categories plus an other category, balanced at 43,000 flows per category.",
EVD2039,P38761,,,DES0381,split,"Protocol scope, data roles, split construction, temporal classification, independence assessment, and target-condition access.",evaluated_paper,https://www.usenix.org/conference/nsdi24/presentation/yan,22,,"Appendix A, dataset preparation",Flow records extracted from dataset PCAPs are split 80% for training and the remainder for test; no campaign or parent-capture grouping is reported.,
EVD2040,P38761,,,DES0382,split,"Protocol scope, data roles, split construction, temporal classification, independence assessment, and target-condition access.",evaluated_paper,https://www.usenix.org/conference/nsdi24/presentation/yan,22,,"Appendix A, dataset preparation",Flow records extracted from dataset PCAPs are split 80% for training and the remainder for test; no campaign or parent-capture grouping is reported.,
EVD2041,P38761,,,DES0383,split,"Protocol scope, data roles, split construction, temporal classification, independence assessment, and target-condition access.",evaluated_paper,https://www.usenix.org/conference/nsdi24/presentation/yan,22,,"Appendix A, dataset preparation",Flow records extracted from dataset PCAPs are split 80% for training and the remainder for test; no campaign or parent-capture grouping is reported.,
EVD2042,P38761,,,DES0384,split,"Protocol scope, data roles, split construction, temporal classification, independence assessment, and target-condition access.",evaluated_paper,https://www.usenix.org/conference/nsdi24/presentation/yan,22,,"Appendix A, dataset preparation",Flow records extracted from dataset PCAPs are split 80% for training and the remainder for test; no campaign or parent-capture grouping is reported.,
EVD2043,P38798,,,DES0385,split,"Protocol scope, data roles, split construction, temporal classification, independence assessment, and target-condition access.",evaluated_paper,https://www.usenix.org/conference/nsdi24/presentation/jafri,12,,"§7.2, training",The decision-tree evaluation uses 75% of the dataset for training and 25% for testing; all results are on the test set and temporal construction is unreported.,
EVD2044,P38798,,,DES0386,split,"Protocol scope, data roles, split construction, temporal classification, independence assessment, and target-condition access.",evaluated_paper,https://www.usenix.org/conference/nsdi24/presentation/jafri,19,,Appendix A.3.2 / Fig. 21,The appendix reports a seven-class UNSW-NB15 classifier under the paper's 75%/25% dataset allocation; no temporal construction is stated.,
EVD2045,P38868,,,DES0387,split,"Protocol scope, split construction, target-condition access, and temporal coding.",evaluated_paper,https://www.usenix.org/conference/nsdi25/presentation/wan-gerry,8,,"Section 5.1, Model Training",CATO uses nested five-fold cross-validation during optimization and evaluates the selected pipeline on a final 20% holdout drawn from the same campus application corpus.,
EVD2046,P38868,,,DES0388,split,"Protocol scope, split construction, target-condition access, and temporal coding.",evaluated_paper,https://www.usenix.org/conference/nsdi25/presentation/wan-gerry,8,,"Section 5.1, Model Training",The IoT experiment uses 28 device types and the same nested five-fold plus final 20% holdout procedure after pooling traffic from the selected trace days.,
EVD2047,P39009,,,DES0389,task,Exact three-output end-to-end task and mutually exclusive label semantics.,evaluated_paper,https://doi.org/10.1145/3545948.3545973,2,483,Section 1,"The complete three-phase cascade is stated to classify connections into three categories: cryptojacking, user-initiated cryptomining, and other connections.",
EVD2048,P39009,,,DES0389,split,Reported data roles and the absence of an assignable temporal train/test contrast.,evaluated_paper,https://doi.org/10.1145/3545948.3545973,9,490,Sections 5.1–5.2,"The cryptomining corpus is divided into training and testing portions, with about 200 hours used for training and a test mixture containing more than twenty times as much contrast traffic as cryptomining traffic; collection-time grouping is not reported.",
EVD2049,P39009,,,DES0389,task,The learned LSTM is the final binary decision stage inside the end-to-end three-output hierarchical cascade.,evaluated_paper,https://doi.org/10.1145/3545948.3545973,8,489,"Section 4.4, Phase three: detection of cryptojacking",The LSTM is trained with cryptojacking traffic as positive samples and user-initiated cryptomining traffic as negative samples; its output uses sigmoid activation and binary cross entropy for binary classification.,
EVD2050,P39015,,,DES0390,split,"Split construction, data roles, target access, and temporal classification stated in the protocol record.",evaluated_paper,https://doi.org/10.1145/3545948.3545983,8,,Section 5.2,"For malware-family classification, both datasets use an 8:2 train-test split.",
EVD2051,P39015,,,DES0391,split,"Split construction, data roles, target access, and temporal classification stated in the protocol record.",evaluated_paper,https://doi.org/10.1145/3545948.3545983,8,,Section 5.2,"For malware-family classification, both datasets use an 8:2 train-test split.",
EVD2052,P39064,,,DES0392,split,"Protocol scope, data roles, split construction, temporal classification, independence assessment, and target-condition access.",evaluated_paper,https://doi.org/10.1145/3607199.3607206,8,,"§4.1.2, dataset partition and validation","Anonymous sessions from each class are converted to bursts, divided 9:1 into training and testing sets, and evaluated with five-fold validation; no grouping by collection day or campaign is reported.",
EVD2053,P39064,,,DES0393,split,"Protocol scope, data roles, split construction, temporal classification, independence assessment, and target-condition access.",evaluated_paper,https://doi.org/10.1145/3607199.3607206,8,,"§4.1.2, dataset partition and validation","Anonymous sessions from each class are converted to bursts, divided 9:1 into training and testing sets, and evaluated with five-fold validation; no grouping by collection day or campaign is reported.",
EVD2054,P39064,,,DES0394,split,"Protocol scope, data roles, split construction, temporal classification, independence assessment, and target-condition access.",evaluated_paper,https://doi.org/10.1145/3607199.3607206,8,,"§4.1.2, dataset partition and validation","Anonymous sessions from each class are converted to bursts, divided 9:1 into training and testing sets, and evaluated with five-fold validation; no grouping by collection day or campaign is reported.",
EVD2055,P39064,,,DES0395,split,"Protocol scope, data roles, split construction, temporal classification, independence assessment, and target-condition access.",evaluated_paper,https://doi.org/10.1145/3607199.3607206,8,,"§4.1.2, dataset partition and validation","Anonymous sessions from each class are converted to bursts, divided 9:1 into training and testing sets, and evaluated with five-fold validation; no grouping by collection day or campaign is reported.",
EVD2056,P39064,,,DES0396,split,"Protocol scope, data roles, split construction, temporal classification, independence assessment, and target-condition access.",evaluated_paper,https://doi.org/10.1145/3607199.3607206,8,,"§4.1.2, dataset partition and validation","Anonymous sessions from each class are converted to bursts, divided 9:1 into training and testing sets, and evaluated with five-fold validation; no grouping by collection day or campaign is reported.",
EVD2057,P39064,,,DES0397,split,"Protocol scope, data roles, split construction, temporal classification, independence assessment, and target-condition access.",evaluated_paper,https://doi.org/10.1145/3607199.3607206,8,,"§4.1.2, dataset partition and validation","Anonymous sessions from each class are converted to bursts, divided 9:1 into training and testing sets, and evaluated with five-fold validation; no grouping by collection day or campaign is reported.",
EVD2058,P39132,,,DES0398,split,"Protocol scope, data roles, split construction, temporal classification, independence assessment, and target-condition access.",evaluated_paper,https://doi.org/10.1145/3678890.3678910,5,,"§3.2, evaluation",Each task benchmarks learned models using five-fold cross-validation; folds are not grouped by collection time.,
EVD2059,P39132,,,DES0399,split,"Protocol scope, data roles, split construction, temporal classification, independence assessment, and target-condition access.",evaluated_paper,https://doi.org/10.1145/3678890.3678910,5,,"§3.2, evaluation",Each task benchmarks learned models using five-fold cross-validation; folds are not grouped by collection time.,
EVD2060,P39132,,,DES0400,split,"Protocol scope, data roles, split construction, temporal classification, independence assessment, and target-condition access.",evaluated_paper,https://doi.org/10.1145/3678890.3678910,5,,"§3.2, evaluation",Each task benchmarks learned models using five-fold cross-validation; folds are not grouped by collection time.,
EVD2061,P39132,,,DES0401,split,"Protocol scope, data roles, split construction, temporal classification, independence assessment, and target-condition access.",evaluated_paper,https://doi.org/10.1145/3678890.3678910,5,,"§3.2, evaluation",Each task benchmarks learned models using five-fold cross-validation; folds are not grouped by collection time.,
EVD2062,P39132,,,DES0402,split,"Protocol scope, data roles, split construction, temporal classification, independence assessment, and target-condition access.",evaluated_paper,https://doi.org/10.1145/3678890.3678910,8,,§3.5 / Fig. 4,Models trained only on cached traffic are tested on non-cached traffic and vice versa.,
EVD2063,P39132,,,DES0403,split,"Protocol scope, data roles, split construction, temporal classification, independence assessment, and target-condition access.",evaluated_paper,https://doi.org/10.1145/3678890.3678910,8,,§3.5 / Fig. 4,The mixed scenario includes cached and non-cached samples in training and tests on an unseen mixture.,
EVD2064,P39132,,,DES0404,split,"Protocol scope, data roles, split construction, temporal classification, independence assessment, and target-condition access.",evaluated_paper,https://doi.org/10.1145/3678890.3678910,12,,§4.5 / Fig. 12,Models trained on desktop-user-agent traffic are tested on mobile-user-agent traffic and vice versa.,
EVD2065,P39132,,,DES0405,split,"Protocol scope, data roles, split construction, temporal classification, independence assessment, and target-condition access.",evaluated_paper,https://doi.org/10.1145/3678890.3678910,12,,§4.5 / Fig. 12,The mixed-user-agent model trains and tests on a mixture of desktop and mobile User-Agent traffic.,
EVD2066,P39497,,,DES0406,split,"Protocol scope, data roles, split construction, temporal classification, independence assessment, and target-condition access.",evaluated_paper,https://doi.org/10.1145/3603269.3604840,7,,§6.1,Flows are sampled within the named trace for classifier fitting and the remaining/randomly selected flows form evaluation data; the construction is not grouped by collection period.,
EVD2067,P39497,,,DES0407,split,"Protocol scope, data roles, split construction, temporal classification, independence assessment, and target-condition access.",evaluated_paper,https://doi.org/10.1145/3603269.3604840,8,,§6.2,Flows are sampled within the named trace for classifier fitting and the remaining/randomly selected flows form evaluation data; the construction is not grouped by collection period.,
EVD2068,P39497,,,DES0408,split,"Protocol scope, data roles, split construction, temporal classification, independence assessment, and target-condition access.",evaluated_paper,https://doi.org/10.1145/3603269.3604840,8,,§6.3,Flows are sampled within the named trace for classifier fitting and the remaining/randomly selected flows form evaluation data; the construction is not grouped by collection period.,
EVD2069,P39497,,,DES0409,split,"Protocol scope, data roles, split construction, temporal classification, independence assessment, and target-condition access.",evaluated_paper,https://doi.org/10.1145/3603269.3604840,9,,§6.5,Flows are sampled within the named trace for classifier fitting and the remaining/randomly selected flows form evaluation data; the construction is not grouped by collection period.,
EVD2070,P39497,,,DES0410,split,"Protocol scope, data roles, split construction, temporal classification, independence assessment, and target-condition access.",evaluated_paper,https://doi.org/10.1145/3603269.3604840,9,,§6.6,Flows are sampled within the named trace for classifier fitting and the remaining/randomly selected flows form evaluation data; the construction is not grouped by collection period.,
EVD2071,P39497,,,DES0411,split,"Protocol scope, data roles, split construction, temporal classification, independence assessment, and target-condition access.",evaluated_paper,https://doi.org/10.1145/3603269.3604840,10,,§6.8,Flows are sampled within the named trace for classifier fitting and the remaining/randomly selected flows form evaluation data; the construction is not grouped by collection period.,
EVD2072,P39497,,,DES0412,split,"Protocol scope, data roles, split construction, temporal classification, independence assessment, and target-condition access.",evaluated_paper,https://doi.org/10.1145/3603269.3604840,16,,"Appendix, SSH tunnelling experiment",A classifier trained on original Trace G flows is tested on the same traffic replayed through an SSH tunnel.,
EVD2073,P39771,,,DES0413,split,"Protocol scope, split construction, target-condition access, and temporal coding.",evaluated_paper,https://doi.org/10.1145/3718958.3750529,9,,"Section 7.1, Traffic Classification Datasets","For PeerRush, 75% of five-tuple flows from each class train the models, 10% validate, and 15% test; no temporal grouping is reported.",
EVD2074,P39771,,,DES0414,split,"Protocol scope, split construction, target-condition access, and temporal coding.",evaluated_paper,https://doi.org/10.1145/3718958.3750529,9,,"Section 7.1, Traffic Classification Datasets","For CICIOT2022, 75% of five-tuple flows from each class train the models, 10% validate, and 15% test; no temporal grouping is reported.",
EVD2075,P39771,,,DES0415,split,"Protocol scope, split construction, target-condition access, and temporal coding.",evaluated_paper,https://doi.org/10.1145/3718958.3750529,9,,"Section 7.1, Traffic Classification Datasets","For ISCXVPN2016, 75% of five-tuple flows from each class train the models, 10% validate, and 15% test; no temporal grouping is reported.",
EVD2076,P39771,,,DES0416,split,"Protocol scope, split construction, target-condition access, and temporal coding.",evaluated_paper,https://doi.org/10.1145/3718958.3750529,11,,"Section 7.4, Unsupervised Malicious Traffic Detection Evaluation",The autoencoder reconstructs the normal-source training set and tests mixtures containing either USTC-TFC malware families or Kitsune SSDP-reflection traffic at a 1:4 attack-to-benign ratio.,
EVD2077,P39771,,,DES0417,split,"Protocol scope, split construction, target-condition access, and temporal coding.",evaluated_paper,https://doi.org/10.1145/3718958.3750529,11,,"Section 7.4, Unsupervised Malicious Traffic Detection Evaluation",The autoencoder reconstructs the normal-source training set and tests mixtures containing either USTC-TFC malware families or Kitsune SSDP-reflection traffic at a 1:4 attack-to-benign ratio.,
EVD2078,P39771,,,DES0418,split,"Protocol scope, split construction, target-condition access, and temporal coding.",evaluated_paper,https://doi.org/10.1145/3718958.3750529,11,,"Section 7.4, Unsupervised Malicious Traffic Detection Evaluation",The autoencoder reconstructs the normal-source training set and tests mixtures containing either USTC-TFC malware families or Kitsune SSDP-reflection traffic at a 1:4 attack-to-benign ratio.,
EVD2079,P39804,,,DES0419,split,"Protocol scope, split construction, target-condition access, and temporal coding.",evaluated_paper,https://doi.org/10.1145/3718958.3750498,7,,"Section 5, Downstream task evaluation",The audit benchmark uses a random 7:1 per-flow training/test split; all packets from a five-tuple flow remain in one partition and three-fold validation is performed within training.,
EVD2080,P39804,,,DES0420,split,"Protocol scope, split construction, target-condition access, and temporal coding.",evaluated_paper,https://doi.org/10.1145/3718958.3750498,7,,"Section 5, Downstream task evaluation",The audit benchmark uses a random 7:1 per-flow training/test split; all packets from a five-tuple flow remain in one partition and three-fold validation is performed within training.,
EVD2081,P39804,,,DES0421,split,"Protocol scope, split construction, target-condition access, and temporal coding.",evaluated_paper,https://doi.org/10.1145/3718958.3750498,7,,"Section 5, Downstream task evaluation",The audit benchmark uses a random 7:1 per-flow training/test split; all packets from a five-tuple flow remain in one partition and three-fold validation is performed within training.,
EVD2082,P39804,,,DES0422,split,"Protocol scope, split construction, target-condition access, and temporal coding.",evaluated_paper,https://doi.org/10.1145/3718958.3750498,7,,"Section 5, Downstream task evaluation",The audit benchmark uses a random 7:1 per-flow training/test split; all packets from a five-tuple flow remain in one partition and three-fold validation is performed within training.,
EVD2083,P39804,,,DES0423,split,"Protocol scope, split construction, target-condition access, and temporal coding.",evaluated_paper,https://doi.org/10.1145/3718958.3750498,8,,"Section 6.1, Information Leakage",The per-packet comparison randomly assigns packets of each class to an 8:1:1 train/validation/test split; packets from the same flow can therefore cross partitions.,
EVD2084,P39804,,,DES0424,split,"Protocol scope, split construction, target-condition access, and temporal coding.",evaluated_paper,https://doi.org/10.1145/3718958.3750498,8,,"Section 6.1, Information Leakage",The per-packet comparison randomly assigns packets of each class to an 8:1:1 train/validation/test split; packets from the same flow can therefore cross partitions.,
EVD2085,P39804,,,DES0425,split,"Protocol scope, split construction, target-condition access, and temporal coding.",evaluated_paper,https://doi.org/10.1145/3718958.3750498,10,,"Section 6.2, Flow-Level Traffic Classification Results",Flow-level models use the same random per-flow partition and three-fold training procedure as the downstream benchmark; no collection period is held out.,
EVD2086,P39804,,,DES0426,split,"Protocol scope, split construction, target-condition access, and temporal coding.",evaluated_paper,https://doi.org/10.1145/3718958.3750498,10,,"Section 6.2, Flow-Level Traffic Classification Results",Flow-level models use the same random per-flow partition and three-fold training procedure as the downstream benchmark; no collection period is held out.,
EVD2087,P40493,,,DES0427,split,"Split construction, data roles, target access, and temporal classification stated in the protocol record.",evaluated_paper,https://doi.org/10.1109/SP40000.2020.00015,6,,"Section V, Experimental Setup","The main open-world data are evaluated using 10-fold cross-validation, with monitored and unmonitored traces allocated to training and test folds.",
EVD2088,P40493,,,DES0428,split,"Split construction, data roles, target access, and temporal classification stated in the protocol record.",evaluated_paper,https://doi.org/10.1109/SP40000.2020.00015,11,,Section VI-E,The independently described Wikipedia page experiment uses the same 10-fold cross-validation procedure.,
EVD2089,P40493,,,DES0429,split,Exact 101-output task composition and active-client dataset role.,evaluated_paper,https://doi.org/10.1109/SP40000.2020.00015,11,,"Section IV-C, Active client, and Table VIII","The active-client experiment replaces four of the original 100 monitored pages with AJAX1, AJAX2, LINKS1, and LINKS2, retaining 96 original monitored pages and the open-world unmonitored output.",
EVD2090,P40493,,,DES0429,split,Pooled cross-validation split and absence of a chronological holdout.,evaluated_paper,https://doi.org/10.1109/SP40000.2020.00015,6,,Experimental setup,The evaluation uses 10-fold cross-validation; the active-client experiment reports results under that experimental framework.,
EVD2091,P41557,,,DES0430,split,"Protocol scope, split construction, target-condition access, and temporal coding.",evaluated_paper,https://doi.org/10.1109/SP61157.2025.00154,8,,Evaluation setup / Appendix,"Datasets are divided 8:1:1 into training, validation, and test portions; no time or parent-capture grouping is stated.",
EVD2092,P41557,,,DES0431,split,"Protocol scope, split construction, target-condition access, and temporal coding.",evaluated_paper,https://doi.org/10.1109/SP61157.2025.00154,8,,Evaluation setup / Appendix,"Datasets are divided 8:1:1 into training, validation, and test portions; no time or parent-capture grouping is stated.",
EVD2093,P41557,,,DES0432,split,"Protocol scope, split construction, target-condition access, and temporal coding.",evaluated_paper,https://doi.org/10.1109/SP61157.2025.00154,18,,Evaluation setup / Appendix,"Datasets are divided 8:1:1 into training, validation, and test portions; no time or parent-capture grouping is stated.",
EVD2094,P41557,,,DES0433,split,"Protocol scope, split construction, target-condition access, and temporal coding.",evaluated_paper,https://doi.org/10.1109/SP61157.2025.00154,8,,Multi-tab setup,ARES is evaluated as a multilabel website-set task using 8:1:1 partitions.,
EVD2095,P41557,,,DES0434,split,"Protocol scope, split construction, target-condition access, and temporal coding.",evaluated_paper,https://doi.org/10.1109/SP61157.2025.00154,8,,Multi-tab setup,TMWF is evaluated as a multilabel website-set task using 8:1:1 partitions.,
EVD2096,P41766,,,DES0435,split,"Protocol scope, split construction, target-condition access, and temporal coding.",evaluated_paper,https://doi.org/10.1109/SP61157.2025.00102,8,,"Fine-tuning evaluation, Table 4","Each class is partitioned 8:1:1 into training, validation, and test data; capture/time grouping is not reported.",
EVD2097,P41766,,,DES0436,split,"Protocol scope, split construction, target-condition access, and temporal coding.",evaluated_paper,https://doi.org/10.1109/SP61157.2025.00102,8,,"Fine-tuning evaluation, Table 4","Each class is partitioned 8:1:1 into training, validation, and test data; capture/time grouping is not reported.",
EVD2098,P41766,,,DES0437,split,"Protocol scope, split construction, target-condition access, and temporal coding.",evaluated_paper,https://doi.org/10.1109/SP61157.2025.00102,8,,"Fine-tuning evaluation, Table 4","Each class is partitioned 8:1:1 into training, validation, and test data; capture/time grouping is not reported.",
EVD2099,P41766,,,DES0438,split,"Protocol scope, split construction, target-condition access, and temporal coding.",evaluated_paper,https://doi.org/10.1109/SP61157.2025.00102,8,,"Fine-tuning evaluation, Table 4","Each class is partitioned 8:1:1 into training, validation, and test data; capture/time grouping is not reported.",
EVD2100,P41766,,,DES0439,split,"Protocol scope, split construction, target-condition access, and temporal coding.",evaluated_paper,https://doi.org/10.1109/SP61157.2025.00102,8,,"Fine-tuning evaluation, Table 4","Each class is partitioned 8:1:1 into training, validation, and test data; capture/time grouping is not reported.",
EVD2101,P41766,,,DES0440,split,"Protocol scope, split construction, target-condition access, and temporal coding.",evaluated_paper,https://doi.org/10.1109/SP61157.2025.00102,8,,"Fine-tuning evaluation, Table 4","Each class is partitioned 8:1:1 into training, validation, and test data; capture/time grouping is not reported.",
EVD2102,P42020,,,DES0441,split,"Split construction, data roles, target access, and temporal classification stated in the protocol record.",evaluated_paper,https://www.usenix.org/conference/usenixsecurity20/presentation/yu,11,,Section 6,Ground-truth and annotated device identification results use 10-fold cross-validation.,
EVD2103,P42020,,,DES0442,split,"Split construction, data roles, target access, and temporal classification stated in the protocol record.",evaluated_paper,https://www.usenix.org/conference/usenixsecurity20/presentation/yu,11,,Section 6,Ground-truth and annotated device identification results use 10-fold cross-validation.,
EVD2104,P42485,,,DES0443,split,"Split construction, data roles, target access, and temporal classification stated in the protocol record.",evaluated_paper,https://www.usenix.org/conference/usenixsecurity22/presentation/sharma-rahul,10,,Section 7.1 and Figure 8,"Lumos trains offline on the mini testbed and tests deployments in an office, two apartments, and a lab; apartment deployments include device instances absent from training.",
EVD2105,P42485,,,DES0444,split,"Split construction, data roles, target access, and temporal classification stated in the protocol record.",evaluated_paper,https://www.usenix.org/conference/usenixsecurity22/presentation/sharma-rahul,15,,"Section 8, Unprofiled Devices","For each preliminary camera experiment, Lumos trains on all but one camera and tests the held-out camera instance.",
EVD2106,P42512,,,DES0445,split,"Split construction, data roles, target access, and temporal classification stated in the protocol record.",evaluated_paper,https://www.usenix.org/conference/usenixsecurity22/presentation/cherubin,10,,Section 6.3,"During a one-week July-2020 stream, each genuine trace is first predicted and only then incorporated into the continuously updated classifier.",
EVD2107,P42512,,,DES0446,split,"Split construction, data roles, target access, and temporal classification stated in the protocol record.",evaluated_paper,https://www.usenix.org/conference/usenixsecurity22/presentation/cherubin,10,,Section 6.3,"The sampled-1000 classifier is likewise evaluated online for one week, predicting each trace before updating with its ground truth.",
EVD2108,P42512,,,DES0447,split,"Split construction, data roles, target access, and temporal classification stated in the protocol record.",evaluated_paper,https://www.usenix.org/conference/usenixsecurity22/presentation/cherubin,13,,Section 6.4,"For 922 sites with paired entry/exit observations, classifiers train on 50% of traces and test the other 50%, including exit-trained/entry-tested configurations.",
EVD2109,P42624,,,DES0448,split,"Split construction, data roles, target access, and temporal classification stated in the protocol record.",evaluated_paper,https://www.usenix.org/conference/usenixsecurity22/presentation/bae,10,,Section 5.2,Closed-world title classifiers are evaluated with five-fold cross-validation.,
EVD2110,P42624,,,DES0449,split,"Split construction, data roles, target access, and temporal classification stated in the protocol record.",evaluated_paper,https://www.usenix.org/conference/usenixsecurity22/presentation/bae,10,,Section 5.2,Closed-world title classifiers are evaluated with five-fold cross-validation.,
EVD2111,P42624,,,DES0450,split,"Split construction, data roles, target access, and temporal classification stated in the protocol record.",evaluated_paper,https://www.usenix.org/conference/usenixsecurity22/presentation/bae,10,,Section 5.2,Closed-world title classifiers are evaluated with five-fold cross-validation.,
EVD2112,P42624,,,DES0451,split,"Split construction, data roles, target access, and temporal classification stated in the protocol record.",evaluated_paper,https://www.usenix.org/conference/usenixsecurity22/presentation/bae,10,,Section 5.2 and Table 4,YouTube100 and YouTube200 are combined to evaluate 50–300 video-title classes under the paper's five-fold procedure.,
EVD2113,P42624,,,DES0452,split,"Split construction, data roles, target access, and temporal classification stated in the protocol record.",evaluated_paper,https://www.usenix.org/conference/usenixsecurity22/presentation/bae,10,,Section 5.2,All six train/test combinations across three mobile network operators are evaluated.,
EVD2114,P42624,,,DES0453,split,"Split construction, data roles, target access, and temporal classification stated in the protocol record.",evaluated_paper,https://www.usenix.org/conference/usenixsecurity22/presentation/bae,11,,Section 5.3,The CNN is trained on matching YouTube100 resolution traces and evaluated on the independently collected CA-enabled YouTubeCA traces.,
EVD2115,P42624,,,DES0454,split,"Split construction, data roles, target access, and temporal classification stated in the protocol record.",evaluated_paper,https://www.usenix.org/conference/usenixsecurity22/presentation/bae,12,,Section 5.5,"Service classifiers train on AmazonDT, NetflixDT, and YouTube200 titles and test on non-overlapping Amazon, Netflix, and YouTube100 titles.",
EVD2116,P42624,,,DES0455,split,"Split construction, data roles, target access, and temporal classification stated in the protocol record.",evaluated_paper,https://www.usenix.org/conference/usenixsecurity22/presentation/bae,12,,Section 5.5,"A 100-title YouTube classifier adds an unseen output and is tested on held-out YouTube titles, Netflix, web browsing, and teleconference traffic.",
EVD2117,P42690,,,DES0456,split,"Protocol scope, data roles, split construction, temporal classification, independence assessment, and target-condition access.",evaluated_paper,https://www.usenix.org/conference/usenixsecurity23/presentation/qu,7,,"§5.1, evaluation setup",The paper evaluates the task with sample-level 10-fold cross-validation; folds are not grouped by capture period or parent campaign.,
EVD2118,P42690,,,DES0457,split,"Protocol scope, data roles, split construction, temporal classification, independence assessment, and target-condition access.",evaluated_paper,https://www.usenix.org/conference/usenixsecurity23/presentation/qu,7,,"§5.1, evaluation setup",The paper evaluates the task with sample-level 10-fold cross-validation; folds are not grouped by capture period or parent campaign.,
EVD2119,P42690,,,DES0458,split,"Protocol scope, data roles, split construction, temporal classification, independence assessment, and target-condition access.",evaluated_paper,https://www.usenix.org/conference/usenixsecurity23/presentation/qu,7,,"§5.1, evaluation setup",The paper evaluates the task with sample-level 10-fold cross-validation; folds are not grouped by capture period or parent campaign.,
EVD2120,P42690,,,DES0459,split,"Protocol scope, data roles, split construction, temporal classification, independence assessment, and target-condition access.",evaluated_paper,https://www.usenix.org/conference/usenixsecurity23/presentation/qu,7,,"§5.1, evaluation setup",The paper evaluates the task with sample-level 10-fold cross-validation; folds are not grouped by capture period or parent campaign.,
EVD2121,P42690,,,DES0460,split,"Protocol scope, data roles, split construction, temporal classification, independence assessment, and target-condition access.",evaluated_paper,https://www.usenix.org/conference/usenixsecurity23/presentation/qu,14,,"§5.7, perturbation experiments",Models trained on original SWF traces are evaluated on perturbations derived from the same source traces without retraining.,
EVD2122,P42690,,,DES0461,split,"Protocol scope, data roles, split construction, temporal classification, independence assessment, and target-condition access.",evaluated_paper,https://www.usenix.org/conference/usenixsecurity23/presentation/qu,14,,"§5.7, perturbation retraining","For the retraining comparison, 90% of perturbed traces train the model and the remaining 10% test it; the split is not temporal.",
EVD2123,P43001,,,DES0462,split,"Protocol scope, data roles, split construction, temporal classification, independence assessment, and target-condition access.",evaluated_paper,https://www.usenix.org/conference/usenixsecurity23/presentation/xie,6,,"§3.2, real TLS traffic",About 1.8 million flows for 12 websites are collected across six network environments over 14 days; models train/test in one environment and are then tested separately on the other environments.,
EVD2124,P43001,,,DES0463,split,"Protocol scope, data roles, split construction, temporal classification, independence assessment, and target-condition access.",evaluated_paper,https://www.usenix.org/conference/usenixsecurity23/presentation/xie,6,,"§3.2, real TLS traffic",Application flows for six applications are collected in the six environments; a model trained in one environment is tested in the other environments without a temporal ordering.,
EVD2125,P43021,,,DES0464,split,"Protocol scope, data roles, split construction, temporal classification, independence assessment, and target-condition access.",evaluated_paper,https://www.usenix.org/conference/usenixsecurity23/presentation/ahmed-dilawer,11,,"§5.2, prior-dataset comparison",The paper applies the prior DeepVC 90:10 allocation; the temporal construction of that fixed split is not reported.,
EVD2126,P43021,,,DES0465,split,"Protocol scope, data roles, split construction, temporal classification, independence assessment, and target-condition access.",evaluated_paper,https://www.usenix.org/conference/usenixsecurity23/presentation/ahmed-dilawer,12,,"§5, experimental setup",The activity dataset is evaluated with the stated 80:20 train/test split; no temporal grouping is reported for this simple-command task.,
EVD2127,P43021,,,DES0466,split,"Protocol scope, data roles, split construction, temporal classification, independence assessment, and target-condition access.",evaluated_paper,https://www.usenix.org/conference/usenixsecurity23/presentation/ahmed-dilawer,12,,"§5, experimental setup",The skills dataset uses the paper's 80:20 train/test setup without a reported temporal grouping.,
EVD2128,P43021,,,DES0467,split,"Protocol scope, data roles, split construction, temporal classification, independence assessment, and target-condition access.",evaluated_paper,https://www.usenix.org/conference/usenixsecurity23/presentation/ahmed-dilawer,12,,"§5, experimental setup",The streaming task uses the 80:20 evaluation setup; temporal construction is not stated.,
EVD2129,P43021,,,DES0468,split,"Protocol scope, data roles, split construction, temporal classification, independence assessment, and target-condition access.",evaluated_paper,https://www.usenix.org/conference/usenixsecurity23/presentation/ahmed-dilawer,12,,"§5.7, cross-platform dataset",Separate activity models are trained and tested under the standard 80:20 split for each assistant platform; this is not a train-on-one/test-on-another protocol.,
EVD2130,P43021,,,DES0469,time,"Protocol scope, data roles, split construction, temporal classification, independence assessment, and target-condition access.",evaluated_paper,https://www.usenix.org/conference/usenixsecurity23/presentation/ahmed-dilawer,13,,"§5.9, mixed activities","To avoid temporal sandwiching, the first 80% of the data train/optimize the classifier and the latter 20% evaluate it; per-class coverage of both chronological partitions is not explicitly reported.",
EVD2131,P43021,,,DES0470,split,"Protocol scope, data roles, split construction, temporal classification, independence assessment, and target-condition access.",evaluated_paper,https://www.usenix.org/conference/usenixsecurity23/presentation/ahmed-dilawer,13,,"§5.8, different network environment",A model trained on the laboratory simple-50 set is evaluated on a newly collected 50-command set from a different home ISP and Echo Dot generation.,
EVD2132,P43021,,,DES0471,split,"Protocol scope, data roles, split construction, temporal classification, independence assessment, and target-condition access.",evaluated_paper,https://www.usenix.org/conference/usenixsecurity23/presentation/ahmed-dilawer,14,,"§6, real-world evaluation",The Mix100-trained model is tested on 15 known commands spoken in five one-hour sessions by five users on five days; the ordering relative to Mix100 collection is not documented.,
EVD2133,P43026,,,DES0472,split,"Protocol scope, data roles, split construction, temporal classification, independence assessment, and target-condition access.",evaluated_paper,https://www.usenix.org/conference/usenixsecurity23/presentation/shen-meng,9,,"§4, experimental setup","DF95 samples are split 8:1:1 for training, validation and test; no capture-time grouping is reported.",
EVD2134,P43026,,,DES0473,split,"Protocol scope, data roles, split construction, temporal classification, independence assessment, and target-condition access.",evaluated_paper,https://www.usenix.org/conference/usenixsecurity23/presentation/shen-meng,9,,"§4, experimental setup",The live Walkie-Talkie corpus uses the paper's 8:1:1 train/validation/test construction; temporal allocation is not described.,
EVD2135,P43026,,,DES0474,split,"Protocol scope, data roles, split construction, temporal classification, independence assessment, and target-condition access.",evaluated_paper,https://www.usenix.org/conference/usenixsecurity23/presentation/shen-meng,10,,"§5.2, full-knowledge defense evaluation","For each defense configuration, attacks are evaluated with 10-fold cross-validation on traces generated under the same defense knowledge; folds are not temporal.",
EVD2136,P43026,,,DES0475,split,"Protocol scope, data roles, split construction, temporal classification, independence assessment, and target-condition access.",evaluated_paper,https://www.usenix.org/conference/usenixsecurity23/presentation/shen-meng,10,,"§5.2, full-knowledge defense evaluation",The full-knowledge attack is trained and tested with 10-fold cross-validation on the live Walkie-Talkie condition.,
EVD2137,P43026,,,DES0476,split,"Protocol scope, data roles, split construction, temporal classification, independence assessment, and target-condition access.",evaluated_paper,https://www.usenix.org/conference/usenixsecurity23/presentation/shen-meng,11,,"§5.3, partial knowledge",Training pools traces generated with five WTF-PAD inter-arrival distributions and testing is reported for the distribution conditions; target-condition examples therefore enter training.,
EVD2138,P43026,,,DES0477,split,"Protocol scope, data roles, split construction, temporal classification, independence assessment, and target-condition access.",evaluated_paper,https://www.usenix.org/conference/usenixsecurity23/presentation/shen-meng,12,,"§5.4, bandwidth evaluation","For each website, the fastest or slowest 10% of traces form a condition test set and the remaining 90% train the model.",
EVD2139,P43026,,,DES0478,split,"Protocol scope, data roles, split construction, temporal classification, independence assessment, and target-condition access.",evaluated_paper,https://www.usenix.org/conference/usenixsecurity23/presentation/shen-meng,12,,"§5.5, open-world evaluation","The monitored/unmonitored samples are allocated for open-world training and test, but no collection-time grouping is reported.",
EVD2140,P43500,,,DES0479,split,"Protocol scope, split construction, target-condition access, and temporal coding.",evaluated_paper,https://www.usenix.org/conference/usenixsecurity24/presentation/mitseva,7,,"Section 5, evaluation setup",The paper applies 10-fold cross-validation to ALEXA foreground traces.,
EVD2141,P43500,,,DES0480,split,"Protocol scope, split construction, target-condition access, and temporal coding.",evaluated_paper,https://www.usenix.org/conference/usenixsecurity24/presentation/mitseva,7,,"Section 5, evaluation setup",The TRANCO replication uses the same cross-validation methodology on a separately collected newer-browser corpus.,
EVD2142,P43500,,,DES0481,split,"Protocol scope, split construction, target-condition access, and temporal coding.",evaluated_paper,https://www.usenix.org/conference/usenixsecurity24/presentation/mitseva,12,,Browsing-history evaluation,Models derived from ALEXA foreground pages are evaluated on separately constructed ALEXA browsing-history sessions with the same monitored sites.,
EVD2143,P43500,,,DES0482,split,"Protocol scope, split construction, target-condition access, and temporal coding.",evaluated_paper,https://www.usenix.org/conference/usenixsecurity24/presentation/mitseva,12,,Open-world evaluation,The open-world evaluation combines the 100 monitored ALEXA sites with background websites under the reported cross-validation setup.,
EVD2144,P44356,,,DES0483,split,"Split construction, data roles, target access, and temporal classification stated in the protocol record.",evaluated_paper,https://doi.org/10.1145/3366423.3380090,7,,Section 4.1.1,Selected IDS-day traffic is divided 9:1 into training and testing for each of five classes.,
EVD2145,P44356,,,DES0484,scope,Qualifying task/dataset scope; exhaustive inspection found no reported temporal split.,evaluated_paper,https://doi.org/10.1145/3366423.3380090,7,,Sections 4.1–4.2,"The paper defines a balanced 15-application corpus and reports classifier results, but does not state its train/test construction.",
EVD2146,P44356,,,DES0485,split,"Split construction, data roles, target access, and temporal classification stated in the protocol record.",evaluated_paper,https://doi.org/10.1145/3366423.3380090,8,,Section 4.5,A model trained on the balanced subset is tested on the full corpus without extra training or fine-tuning.,
EVD2147,P44356,,,DES0486,scope,Qualifying task/dataset scope; exhaustive inspection found no reported temporal split.,evaluated_paper,https://doi.org/10.1145/3366423.3380090,9,,Section 4.6,"The paper selects 1,000 records per application for training and uses the remaining records for testing.",
EVD2148,P44828,,,DES0487,split,"Split construction, data roles, target access, and temporal classification stated in the protocol record.",evaluated_paper,https://doi.org/10.1145/3442381.3450008,8,,Section 4.1,Dataset D1 is evaluated with 10-fold stratified cross-validation.,
EVD2149,P44828,,,DES0488,split,"Split construction, data roles, target access, and temporal classification stated in the protocol record.",evaluated_paper,https://doi.org/10.1145/3442381.3450008,8,,Section 4.1,Dataset D2 is evaluated with 10-fold stratified cross-validation.,
EVD2150,P44828,,,DES0489,split,"Split construction, data roles, target access, and temporal classification stated in the protocol record.",evaluated_paper,https://doi.org/10.1145/3442381.3450008,9,,Section 4.3,"The D3 open-world protocol uses nine folds for monitored training and one for test, while splitting unmonitored traces between training and testing.",
EVD2151,P44828,,,DES0490,split,"Split construction, data roles, target access, and temporal classification stated in the protocol record.",evaluated_paper,https://doi.org/10.1145/3442381.3450008,11,,Section 6.2,D4 contains 50 traces for each of 50 Instagram profiles; simulated countermeasures are evaluated using the same classification approach as Section 5.1.,
EVD2152,P44828,,,DES0491,split,"Split construction, data roles, target access, and temporal classification stated in the protocol record.",evaluated_paper,https://doi.org/10.1145/3442381.3450008,12,,"Section 6.2, Anonymity Networks",The paper constructs D5 as a Tor-browser test dataset with 50 traces for each of the same 50 Instagram profiles and compares its accuracy with D4.,
EVD2153,P45261,,,DES0492,split,"Split construction, data roles, target access, and temporal classification stated in the protocol record.",evaluated_paper,https://doi.org/10.1145/3485447.3512217,6,,Section 4.1.2,"Every downstream dataset is divided 8:1:1 into training, validation, and testing after per-class subsampling.",
EVD2154,P45261,,,DES0493,split,"Split construction, data roles, target access, and temporal classification stated in the protocol record.",evaluated_paper,https://doi.org/10.1145/3485447.3512217,6,,Section 4.1.2,"Every downstream dataset is divided 8:1:1 into training, validation, and testing after per-class subsampling.",
EVD2155,P45261,,,DES0494,split,"Split construction, data roles, target access, and temporal classification stated in the protocol record.",evaluated_paper,https://doi.org/10.1145/3485447.3512217,6,,Section 4.1.2,"Every downstream dataset is divided 8:1:1 into training, validation, and testing after per-class subsampling.",
EVD2156,P45261,,,DES0495,split,"Split construction, data roles, target access, and temporal classification stated in the protocol record.",evaluated_paper,https://doi.org/10.1145/3485447.3512217,6,,Section 4.1.2,"Every downstream dataset is divided 8:1:1 into training, validation, and testing after per-class subsampling.",
EVD2157,P45261,,,DES0496,split,"Split construction, data roles, target access, and temporal classification stated in the protocol record.",evaluated_paper,https://doi.org/10.1145/3485447.3512217,6,,Section 4.1.2,"Every downstream dataset is divided 8:1:1 into training, validation, and testing after per-class subsampling.",
EVD2158,P45261,,,DES0496,task,Exact paper-specific 12-class service view and its label semantics.,evaluated_paper,https://doi.org/10.1145/3485447.3512217,5,,Section 4.1.1 and Table 1,ISCX-VPN-Service is evaluated as a 12-class downstream task derived from six communication applications in VPN and non-VPN modes.,
EVD2159,P45261,,,DES0497,split,"Split construction, data roles, target access, and temporal classification stated in the protocol record.",evaluated_paper,https://doi.org/10.1145/3485447.3512217,6,,Section 4.1.2,"Every downstream dataset is divided 8:1:1 into training, validation, and testing after per-class subsampling.",
EVD2160,P45721,,,DES0498,time,"Protocol scope, data roles, split construction, temporal classification, independence assessment, and target-condition access.",evaluated_paper,https://doi.org/10.1145/3543507.3583473,5,,"§4.2, time-series cross-validation / Fig. 4","Five chronological folds are constructed. CV1 trains on fold 1, tests on fold 2, and reserves fold 5 for validation.",
EVD2161,P45721,,,DES0499,time,"Protocol scope, data roles, split construction, temporal classification, independence assessment, and target-condition access.",evaluated_paper,https://doi.org/10.1145/3543507.3583473,5,,"§4.2, time-series cross-validation / Fig. 4","Five chronological folds are constructed. CV2 trains on fold 1–2, tests on fold 3, and reserves fold 5 for validation.",
EVD2162,P45721,,,DES0500,time,"Protocol scope, data roles, split construction, temporal classification, independence assessment, and target-condition access.",evaluated_paper,https://doi.org/10.1145/3543507.3583473,5,,"§4.2, time-series cross-validation / Fig. 4","Five chronological folds are constructed. CV3 trains on fold 1–3, tests on fold 4, and reserves fold 5 for validation.",
EVD2163,P45721,,,DES0501,split,"Protocol scope, data roles, split construction, temporal classification, independence assessment, and target-condition access.",evaluated_paper,https://doi.org/10.1145/3543507.3583473,7,,§5.3 / Table 8,A model trained with normal runs is tested separately on runs collected through four VPN services.,
EVD2164,P45879,,,DES0502,split,"Protocol scope, data roles, split construction, temporal classification, independence assessment, and target-condition access.",evaluated_paper,https://doi.org/10.1145/3543507.3583200,6,,"§4.1, closed-world setup","For each browser, 100 visits per website are divided into 80 training and 20 test traces; temporal construction and visit grouping are not stated.",
EVD2165,P45879,,,DES0503,split,"Protocol scope, data roles, split construction, temporal classification, independence assessment, and target-condition access.",evaluated_paper,https://doi.org/10.1145/3543507.3583200,8,,"§5, open-world evaluation","The open-world experiment combines the 100 monitored-site corpus with unmonitored traffic and reports classifier results, but does not establish a temporal partition.",
EVD2166,P46267,,,DES0504,split,"Protocol scope, data roles, split construction, temporal classification, independence assessment, and target-condition access.",evaluated_paper,https://doi.org/10.1145/3543507.3583227,5,,"§4.1.1, dataset split","After preprocessing (and non-overlapping 60-second blocks for scarce Tor flows), stratified sampling sequentially partitions each dataset 9:1 into training and test samples; no period grouping is reported.",
EVD2167,P46267,,,DES0505,split,"Protocol scope, data roles, split construction, temporal classification, independence assessment, and target-condition access.",evaluated_paper,https://doi.org/10.1145/3543507.3583227,5,,"§4.1.1, dataset split","After preprocessing (and non-overlapping 60-second blocks for scarce Tor flows), stratified sampling sequentially partitions each dataset 9:1 into training and test samples; no period grouping is reported.",
EVD2168,P46267,,,DES0506,split,"Protocol scope, data roles, split construction, temporal classification, independence assessment, and target-condition access.",evaluated_paper,https://doi.org/10.1145/3543507.3583227,5,,"§4.1.1, dataset split","After preprocessing (and non-overlapping 60-second blocks for scarce Tor flows), stratified sampling sequentially partitions each dataset 9:1 into training and test samples; no period grouping is reported.",
EVD2169,P46267,,,DES0507,split,"Protocol scope, data roles, split construction, temporal classification, independence assessment, and target-condition access.",evaluated_paper,https://doi.org/10.1145/3543507.3583227,5,,"§4.1.1, dataset split","After preprocessing (and non-overlapping 60-second blocks for scarce Tor flows), stratified sampling sequentially partitions each dataset 9:1 into training and test samples; no period grouping is reported.",
EVD2170,P46267,,,DES0508,split,"Protocol scope, data roles, split construction, temporal classification, independence assessment, and target-condition access.",evaluated_paper,https://doi.org/10.1145/3543507.3583227,5,,"§4.1.1, dataset split","After preprocessing (and non-overlapping 60-second blocks for scarce Tor flows), stratified sampling sequentially partitions each dataset 9:1 into training and test samples; no period grouping is reported.",
EVD2171,P46267,,,DES0509,split,"Protocol scope, data roles, split construction, temporal classification, independence assessment, and target-condition access.",evaluated_paper,https://doi.org/10.1145/3543507.3583227,5,,"§4.1.1, dataset split","After preprocessing (and non-overlapping 60-second blocks for scarce Tor flows), stratified sampling sequentially partitions each dataset 9:1 into training and test samples; no period grouping is reported.",
EVD2172,P46267,,,DES0510,split,"Protocol scope, data roles, split construction, temporal classification, independence assessment, and target-condition access.",evaluated_paper,https://doi.org/10.1145/3543507.3583227,5,,"§4.1.1, dataset split","After preprocessing (and non-overlapping 60-second blocks for scarce Tor flows), stratified sampling sequentially partitions each dataset 9:1 into training and test samples; no period grouping is reported.",
EVD2173,P46427,,,DES0511,split,"Protocol scope, data roles, split construction, temporal classification, independence assessment, and target-condition access.",evaluated_paper,https://doi.org/10.1145/3589334.3645691,6,,"§4.1.1, datasets",SJTU-AN21 supplies a separately collected test set from a different network environment than the training set.,
EVD2174,P46427,,,DES0512,split,"Protocol scope, data roles, split construction, temporal classification, independence assessment, and target-condition access.",evaluated_paper,https://doi.org/10.1145/3589334.3645691,6,,"§4.1.1, datasets",The paper divides each class 80%/20% into training and test data; it does not report capture-time or parent grouping.,
EVD2175,P46427,,,DES0513,split,"Protocol scope, data roles, split construction, temporal classification, independence assessment, and target-condition access.",evaluated_paper,https://doi.org/10.1145/3589334.3645691,6,,"§4.1.1, datasets",The paper divides each class 80%/20% into training and test data; temporal construction is unreported.,
EVD2176,P46427,,,DES0514,split,"Protocol scope, data roles, split construction, temporal classification, independence assessment, and target-condition access.",evaluated_paper,https://doi.org/10.1145/3589334.3645691,12,,Appendix C / Table 7,The appendix reports learned multiclass results on USTC-TFC but does not specify its train/test construction.,
EVD2177,P46427,,,DES0515,split,"Protocol scope, data roles, split construction, temporal classification, independence assessment, and target-condition access.",evaluated_paper,https://doi.org/10.1145/3589334.3645691,12,,Appendix C / Table 7,"The appendix reports learned multiclass results on Cross-Platform after treating consecutive packets as a flow, but does not locate a train/test split.",
EVD2178,P46522,,,DES0516,split,"Protocol scope, data roles, split construction, temporal classification, independence assessment, and target-condition access.",evaluated_paper,https://doi.org/10.1145/3589334.3645575,7,,§4.2 / Table 2,"The feature extractor is pretrained on CF500; a labelled target support set of N={1,5,10,15,20} traces per website trains the linear classifier and 20 separate target traces per website form the query test set.",
EVD2179,P46522,,,DES0517,split,"Protocol scope, data roles, split construction, temporal classification, independence assessment, and target-condition access.",evaluated_paper,https://doi.org/10.1145/3589334.3645575,7,,§4.2 / Table 2,"The feature extractor is pretrained on CF500; a labelled target support set of N={1,5,10,15,20} traces per website trains the linear classifier and 20 separate target traces per website form the query test set.",
EVD2180,P46522,,,DES0518,split,"Protocol scope, data roles, split construction, temporal classification, independence assessment, and target-condition access.",evaluated_paper,https://doi.org/10.1145/3589334.3645575,7,,§4.2 / Table 2,"The feature extractor is pretrained on CF500; a labelled target support set of N={1,5,10,15,20} traces per website trains the linear classifier and 20 separate target traces per website form the query test set.",
EVD2181,P46522,,,DES0519,split,"Protocol scope, data roles, split construction, temporal classification, independence assessment, and target-condition access.",evaluated_paper,https://doi.org/10.1145/3589334.3645575,11,,Appendix A.4 / Table 7,AWF775 pretrains the feature extractor and the mutually exclusive AWF100 websites provide labelled few-shot support and query traces.,
EVD2182,P46522,,,DES0520,split,"Protocol scope, data roles, split construction, temporal classification, independence assessment, and target-condition access.",evaluated_paper,https://doi.org/10.1145/3589334.3645575,8,,§4.3 / Table 6,"CF500/CF9000 supply pretraining, while labelled target support traces and target unmonitored background construct the open-world classifier; query traces are tested over N-shot settings.",
EVD2183,P46522,,,DES0521,split,"Protocol scope, data roles, split construction, temporal classification, independence assessment, and target-condition access.",evaluated_paper,https://doi.org/10.1145/3589334.3645575,8,,§4.3 / Table 6,"CF500/CF9000 supply pretraining, while labelled target support traces and target unmonitored background construct the open-world classifier; query traces are tested over N-shot settings.",
EVD2184,P46522,,,DES0522,split,"Protocol scope, data roles, split construction, temporal classification, independence assessment, and target-condition access.",evaluated_paper,https://doi.org/10.1145/3589334.3645575,8,,§4.3 / Table 6,"CF500/CF9000 supply pretraining, while labelled target support traces and target unmonitored background construct the open-world classifier; query traces are tested over N-shot settings. Target traces are additionally transformed by WTF-PAD.",
EVD2185,P46578,,,DES0523,split,"Protocol scope, split construction, target-condition access, and temporal coding.",evaluated_paper,https://doi.org/10.1145/3589334.3645457,11,,"Appendix, preprocessing",The sampled graph data are divided 0.7:0.3 for training and testing while ensuring identically distributed portions.,
EVD2186,P46578,,,DES0524,split,"Protocol scope, split construction, target-condition access, and temporal coding.",evaluated_paper,https://doi.org/10.1145/3589334.3645457,11,,"Appendix, preprocessing",The sampled graph data are divided 0.7:0.3 for training and testing while ensuring identically distributed portions.,
EVD2187,P47085,,,DES0525,split,"Protocol scope, split construction, target-condition access, and temporal coding.",evaluated_paper,https://doi.org/10.1145/3589334.3645407,6,,Sections 7.1-7.2 and Table 1,"Table 1 reports supervised multiclass results for USTC-TFC2016, but the paper does not state how train and test samples are partitioned.",
EVD2188,P47085,,,DES0526,split,"Protocol scope, split construction, target-condition access, and temporal coding.",evaluated_paper,https://doi.org/10.1145/3589334.3645407,6,,Sections 7.1-7.2 and Table 1,"Table 1 reports supervised multiclass results for ISCXTor2016, but the paper does not state how train and test samples are partitioned.",
EVD2189,P47085,,,DES0527,split,"Protocol scope, split construction, target-condition access, and temporal coding.",evaluated_paper,https://doi.org/10.1145/3589334.3645407,6,,Sections 7.1-7.2 and Table 1,"Table 1 reports supervised multiclass results for IDS2017/2018 selected IDS view, but the paper does not state how train and test samples are partitioned.",
EVD2190,P47085,,,DES0528,split,"Protocol scope, split construction, target-condition access, and temporal coding.",evaluated_paper,https://doi.org/10.1145/3589334.3645407,6,,Sections 7.1-7.2 and Table 1,"Table 1 reports supervised multiclass results for CrossNet2021, but the paper does not state how train and test samples are partitioned.",
EVD2191,P47085,,,DES0529,split,"Protocol scope, split construction, target-condition access, and temporal coding.",evaluated_paper,https://doi.org/10.1145/3589334.3645407,6,,Section 7.4 and Figure 8,"The known:unknown class composition is varied for USTC-TFC2016; unknown samples participate in clustering/incremental updates, but sample partitioning and time grouping are not reported.",
EVD2192,P47085,,,DES0530,split,"Protocol scope, split construction, target-condition access, and temporal coding.",evaluated_paper,https://doi.org/10.1145/3589334.3645407,6,,Section 7.4 and Figure 8,"The known:unknown class composition is varied for ISCXTor2016; unknown samples participate in clustering/incremental updates, but sample partitioning and time grouping are not reported.",
EVD2193,P47085,,,DES0531,split,"Protocol scope, split construction, target-condition access, and temporal coding.",evaluated_paper,https://doi.org/10.1145/3589334.3645407,6,,Section 7.4 and Figure 8,"The known:unknown class composition is varied for IDS2017/2018 selected IDS view; unknown samples participate in clustering/incremental updates, but sample partitioning and time grouping are not reported.",
EVD2194,P47085,,,DES0532,split,"Protocol scope, split construction, target-condition access, and temporal coding.",evaluated_paper,https://doi.org/10.1145/3589334.3645407,6,,Section 7.4 and Figure 8,"The known:unknown class composition is varied for CrossNet2021; unknown samples participate in clustering/incremental updates, but sample partitioning and time grouping are not reported.",
EVD2195,P47085,,,DES0533,time,"Protocol scope, split construction, target-condition access, and temporal coding.",evaluated_paper,https://doi.org/10.1145/3589334.3645407,7,,"Section 7.5 and Figure 10(a,c)",The time-bias experiment trains on IDS2017 and tests on IDS2018 for supervised multiclass; the exact common-class mapping is not enumerated.,
EVD2196,P47085,,,DES0533,time,"Protocol scope, split construction, target-condition access, and temporal coding.",evaluated_paper,https://doi.org/10.1145/3589334.3645407,7,,"Section 7.5 and Figure 10(a,c)",The time-bias experiment trains on IDS2017 and tests on IDS2018 for multiclass anomaly-detection; the exact common-class mapping is not enumerated.,
EVD2197,P47085,,,DES0534,split,"Protocol scope, split construction, target-condition access, and temporal coding.",evaluated_paper,https://doi.org/10.1145/3589334.3645407,7,,"Section 7.5, Scenario Bias",Scenario A is used for training and Scenario B for testing; scenarios differ in bandwidth and channel disturbance rather than elapsed-time grouping.,
EVD2198,P47085,,,,time,"A conservative 222-to-242-day source/target separation, meeting 3- and 6-month but not 12-month thresholds.",calculation,https://www.unb.ca/cic/datasets/ids-2017.html,,,Official capture schedules,The official CIC pages date CIC-IDS2017 from 2017-07-03 through 2017-07-07 and list CSE-CIC-IDS2018 attacks from 2018-02-14 through 2018-03-02.,
EVD2199,P47353,,,DES0535,split,"Protocol scope, split construction, target-condition access, and temporal coding.",evaluated_paper,https://doi.org/10.1145/3696410.3714643,6,,"Section 4.1, Dataset and Table 1","Table 1 reports a Shadowsocks capture containing 54 application classes; the evaluated-paper text does not specify how samples are assigned to training, validation, and final testing.",
EVD2200,P47353,,,DES0536,split,"Protocol scope, split construction, target-condition access, and temporal coding.",evaluated_paper,https://doi.org/10.1145/3696410.3714643,6,,"Section 4.1, Dataset and Table 1","Table 1 reports a ShadowsocksR capture containing 54 application classes; the evaluated-paper text does not specify how samples are assigned to training, validation, and final testing.",
EVD2201,P47353,,,DES0537,split,"Protocol scope, split construction, target-condition access, and temporal coding.",evaluated_paper,https://doi.org/10.1145/3696410.3714643,6,,"Section 4.1, Dataset and Table 1","Table 1 reports a V2Ray capture containing 54 application classes; the evaluated-paper text does not specify how samples are assigned to training, validation, and final testing.",
EVD2202,P47353,,,DES0538,split,"Protocol scope, split construction, target-condition access, and temporal coding.",evaluated_paper,https://doi.org/10.1145/3696410.3714643,6,,"Section 4.1, Dataset and Table 1","Table 1 reports a Trojan capture containing 54 application classes; the evaluated-paper text does not specify how samples are assigned to training, validation, and final testing.",
EVD2203,P47353,,,DES0539,split,"Protocol scope, split construction, target-condition access, and temporal coding.",evaluated_paper,https://doi.org/10.1145/3696410.3714643,6,,"Section 4.1, Dataset and Table 1","Table 1 reports a OpenVPN capture containing 54 application classes; the evaluated-paper text does not specify how samples are assigned to training, validation, and final testing.",
EVD2204,P47353,,,DES0540,split,"Protocol scope, split construction, target-condition access, and temporal coding.",evaluated_paper,https://doi.org/10.1145/3696410.3714643,8,,"Section 4.3, Mixed-Tunnel Evaluation","The mixed-tunnel experiment pools traffic from the five tunnel protocols and reports 54-class app-fingerprinting results, but the paper does not report the sample-partition construction or temporal grouping.",
EVD2205,P47584,,,DES0541,split,"Protocol scope, split construction, target-condition access, and temporal coding.",evaluated_paper,https://doi.org/10.1145/3696410.3714578,5,,Sections 4.1–4.3 and Tables 1–2,"The CW-popular condition contains 40 visits per website; attacks are evaluated with k-fold cross-validation and varying N reference samples, without period-grouped folds.",
EVD2206,P47584,,,DES0542,split,"Protocol scope, split construction, target-condition access, and temporal coding.",evaluated_paper,https://doi.org/10.1145/3696410.3714578,5,,Sections 4.1–4.3 and Tables 1–2,"The CW-random condition contains 40 visits per website; attacks are evaluated with k-fold cross-validation and varying N reference samples, without period-grouped folds.",
EVD2207,P47584,,,DES0543,split,"Protocol scope, split construction, target-condition access, and temporal coding.",evaluated_paper,https://doi.org/10.1145/3696410.3714578,5,,Sections 4.1–4.3 and Tables 1–2,"The CW-censorship condition contains 40 visits per website; attacks are evaluated with k-fold cross-validation and varying N reference samples, without period-grouped folds.",
EVD2208,P47584,,,DES0544,split,"Protocol scope, split construction, target-condition access, and temporal coding.",evaluated_paper,https://doi.org/10.1145/3696410.3714578,6,,"Section 4.4, Experiment 1 and Figure 5","The paper cross-trains and validates attacks over a full matrix of unconstrained, starlink-like, and slow bandwidth conditions; off-diagonal cells hold out network condition, not collection time.",
EVD2209,P47584,,,DES0545,time,"Protocol scope, split construction, target-condition access, and temporal coding.",evaluated_paper,https://doi.org/10.1145/3696410.3714578,7,,"Section 4.4, Experiment 2 and Figure 6",The initial CW-popular model is evaluated on fresh captures of the same 200 websites collected 18 days later; performance is reported separately for the 18-day point.,
EVD2210,P47584,,,DES0546,time,"Protocol scope, split construction, target-condition access, and temporal coding.",evaluated_paper,https://doi.org/10.1145/3696410.3714578,7,,"Section 4.4, Experiment 2 and Figure 6",The initial CW-popular model is evaluated on fresh captures of the same 200 websites collected 30 days later; performance is reported separately for the 30-day point.,
EVD2211,P47584,,,DES0547,split,"Protocol scope, split construction, target-condition access, and temporal coding.",evaluated_paper,https://doi.org/10.1145/3696410.3714578,7,,Section 4.5 and Table 3,"The open-world experiment uses the 320-site CW-censorship set as monitored classes and 10,000 to 80,000 one-visit websites as unmonitored test background; N monitored reference samples are selected without time grouping.",
EVD2212,P47584,,,DES0548,split,"Protocol scope, split construction, target-condition access, and temporal coding.",evaluated_paper,https://doi.org/10.1145/3696410.3714578,14,,Appendix H.1 and Table 7,"Chrome v126, Chrome v104, and Firefox v129 are each evaluated with training and testing drawn within the same browser condition, with results reported separately.",
EVD2213,P47584,,,DES0549,split,"Protocol scope, split construction, target-condition access, and temporal coding.",evaluated_paper,https://doi.org/10.1145/3696410.3714578,14,,Appendix H.1 and Table 7,The cross-version experiment trains on one of Chrome v126 and Chrome v104 and tests on the other for the same 200 websites.,
EVD2214,P47584,,,DES0550,split,"Protocol scope, split construction, target-condition access, and temporal coding.",evaluated_paper,https://doi.org/10.1145/3696410.3714578,14,,Appendix H.1 and Table 7,"The cross-browser experiment trains on Chrome traffic and tests on Firefox traffic, or the converse, for the common 200 websites.",
EVD2215,P47584,,,DES0551,split,"Protocol scope, split construction, target-condition access, and temporal coding.",evaluated_paper,https://doi.org/10.1145/3696410.3714578,15,,Appendix H.2 and Table 8,"For the defense-with-prior-knowledge condition, packet padding is applied to the CW-random traces and the attacker trains and tests under the same defended transformation.",
EVD2216,P47584,,,DES0552,split,"Protocol scope, split construction, target-condition access, and temporal coding.",evaluated_paper,https://doi.org/10.1145/3696410.3714578,15,,Appendix H.2 and Table 8,"For the defense-without-prior-knowledge condition, the attacker trains on unpadded CW-random traffic and tests on a packet-padded transformation of held-out traffic.",
EVD2217,P47584,,,,independence,Freshness and reported collection-environment consistency for the 18-day and 30-day contrasts.,evaluated_paper,https://doi.org/10.1145/3696410.3714578,13,13,"Appendix F, Dataset details / Time-Drift dataset","The same 200-site task is freshly captured at day 18 and day 30 after the day-0 reference, and the paper reports consistency of the collection environment across these time-drift datasets.",
EVD2218,P47584,,,,target_access,Strict unseen-target access for the two time-drift final tests.,evaluated_paper,https://doi.org/10.1145/3696410.3714578,13,13,"Appendix F, Open-World dataset and Supplementary data",A 400-site auxiliary corpus collected half a year earlier is used only for independent H&W hyperparameter tuning and TF pretraining; the later day-18 and day-30 final-test captures are not used for tuning.,
EVD2219,P48205,,,DES0553,split,"Split construction, data roles, target access, and temporal classification stated in the protocol record.",evaluated_paper,https://doi.org/10.2478/POPETS-2020-0043,9,,Section 6.1,"Training, validation, and testing use mutually exclusive Tor circuits in an 8:1:1 ratio.",
EVD2220,P48205,,,DES0554,split,"Split construction, data roles, target access, and temporal classification stated in the protocol record.",evaluated_paper,https://doi.org/10.2478/POPETS-2020-0043,9,,Section 6.1,"Training, validation, and testing use mutually exclusive Tor circuits in an 8:1:1 ratio.",
EVD2221,P48205,,,DES0555,split,"Split construction, data roles, target access, and temporal classification stated in the protocol record.",evaluated_paper,https://doi.org/10.2478/POPETS-2020-0043,9,,Section 6.1,"Training, validation, and testing use mutually exclusive Tor circuits in an 8:1:1 ratio.",
EVD2222,P48205,,,DES0556,split,"Split construction, data roles, target access, and temporal classification stated in the protocol record.",evaluated_paper,https://doi.org/10.2478/POPETS-2020-0043,14,,Section 7.6,The slowest or fastest 10% (or four circuits) form the test set while the remaining circuits form training and validation.,
EVD2223,P48207,,,DES0557,split,"Split construction, data roles, target access, and temporal classification stated in the protocol record.",evaluated_paper,https://doi.org/10.2478/POPETS-2020-0013,12,,Section 6,"The evaluated website corpus is randomly/stratifiably split 8:1:1 into training, validation, and testing.",
EVD2224,P48207,,,DES0558,split,"Split construction, data roles, target access, and temporal classification stated in the protocol record.",evaluated_paper,https://doi.org/10.2478/POPETS-2020-0013,12,,Section 6,"The evaluated website corpus is randomly/stratifiably split 8:1:1 into training, validation, and testing.",
EVD2225,P48207,,,DES0559,split,"Split construction, data roles, target access, and temporal classification stated in the protocol record.",evaluated_paper,https://doi.org/10.2478/POPETS-2020-0013,12,,Section 6,"The evaluated website corpus is randomly/stratifiably split 8:1:1 into training, validation, and testing.",
EVD2226,P48207,,,DES0560,split,"Split construction, data roles, target access, and temporal classification stated in the protocol record.",evaluated_paper,https://doi.org/10.2478/POPETS-2020-0013,14,,Section 6.3,The experiment uses an 8:2 stratified validation split and evaluates on a separate large unmonitored set.,
EVD2227,P48246,,,DES0561,split,"Split construction, data roles, target access, and temporal classification stated in the protocol record.",evaluated_paper,https://doi.org/10.2478/POPETS-2021-0029,11,,Section 6.2,Models are trained with randomly selected limited labelled samples and tested on held-out samples from the same AWF partitions.,
EVD2228,P48246,,,DES0562,split,"Split construction, data roles, target access, and temporal classification stated in the protocol record.",evaluated_paper,https://doi.org/10.2478/POPETS-2021-0029,11,,Section 6.2,The subpage experiment trains and tests on sampled visits from the paper's collected monitored-site corpus.,
EVD2229,P48246,,,DES0563,split,"Split construction, data roles, target access, and temporal classification stated in the protocol record.",evaluated_paper,https://doi.org/10.2478/POPETS-2021-0029,12,,Section 6.3,The four fastest and four slowest circuits are split from the remaining circuits for testing circuit diversity.,
EVD2230,P48290,,,DES0564,split,"Split construction, data roles, target access, and temporal classification stated in the protocol record.",evaluated_paper,https://doi.org/10.2478/POPETS-2021-0017,7,,Section 5.2,Classifier comparisons use repeated 10-fold cross-validation; monitored and unmonitored URLs are allocated across folds.,
EVD2231,P48290,,,DES0565,split,"Split construction, data roles, target access, and temporal classification stated in the protocol record.",evaluated_paper,https://doi.org/10.2478/POPETS-2021-0017,8,,Section 5.3,The classifier is trained on TCP traces and tested on QUIC traces for the same monitored-site task.,
EVD2232,P48305,,,DES0566,split,"Split construction, data roles, target access, and temporal classification stated in the protocol record.",evaluated_paper,https://doi.org/10.2478/POPETS-2022-0057,6,,"Evaluation method, Section 4.1, and Table 3",Within-dataset device fingerprinting is evaluated using five-fold cross-validation over ten runs.,
EVD2233,P48305,,,DES0567,split,"Split construction, data roles, target access, and temporal classification stated in the protocol record.",evaluated_paper,https://doi.org/10.2478/POPETS-2022-0057,6,,"Evaluation method, Section 4.1, and Table 3",Within-dataset device fingerprinting is evaluated using five-fold cross-validation over ten runs.,
EVD2234,P48305,,,DES0568,split,"Split construction, data roles, target access, and temporal classification stated in the protocol record.",evaluated_paper,https://doi.org/10.2478/POPETS-2022-0057,6,,"Evaluation method, Section 4.1, and Table 3",Within-dataset device fingerprinting is evaluated using five-fold cross-validation over ten runs.,
EVD2235,P48305,,,DES0569,split,"Split construction, data roles, target access, and temporal classification stated in the protocol record.",evaluated_paper,https://doi.org/10.2478/POPETS-2022-0057,6,,"Evaluation method, Section 4.1, and Table 3",Within-dataset device fingerprinting is evaluated using five-fold cross-validation over ten runs.,
EVD2236,P48305,,,DES0570,split,"Split construction, data roles, target access, and temporal classification stated in the protocol record.",evaluated_paper,https://doi.org/10.2478/POPETS-2022-0057,6,,"Evaluation method, Section 4.1, and Table 3",Within-dataset device fingerprinting is evaluated using five-fold cross-validation over ten runs.,
EVD2237,P48305,,,DES0571,split,"Split construction, data roles, target access, and temporal classification stated in the protocol record.",evaluated_paper,https://doi.org/10.2478/POPETS-2022-0057,6,,"Evaluation method, Section 4.1, and Table 3",Within-dataset device fingerprinting is evaluated using five-fold cross-validation over ten runs.,
EVD2238,P48305,,,DES0572,split,"Split construction, data roles, target access, and temporal classification stated in the protocol record.",evaluated_paper,https://doi.org/10.2478/POPETS-2022-0057,9,,Section 5.1 and Table 5,The classifier trains on the early-2020 own-lab capture and tests a fresh January-2021 capture of the same eight devices.,
EVD2239,P48305,,,DES0572,datasets,"The January 2021 traffic is a fresh, independently captured target dataset, with collection month and source/target roles stated explicitly.",evaluated_paper,https://doi.org/10.2478/POPETS-2022-0057,8,585,"Section 5.1, Temporal Impact","The paper says it collected another round of own-lab data in January 2021, compares the new dataset with the old dataset, trains on the 2020 version, and tests on the 2021 version.",
EVD2240,P48305,,,DES0573,split,"Split construction, data roles, target access, and temporal classification stated in the protocol record.",evaluated_paper,https://doi.org/10.2478/POPETS-2022-0057,9,,Section 5.1 and Table 5,The classifier trains on early-2020 HomeSnitch traffic and tests a fresh May-2021 capture for 15 common devices.,
EVD2241,P48305,,,DES0573,datasets,"The May 2021 traffic is a fresh, independently captured target dataset, with collection month and source/target roles stated explicitly.",evaluated_paper,https://doi.org/10.2478/POPETS-2022-0057,8,585,"Section 5.1, Temporal Impact","The paper says it obtained another round of HomeSnitch data in May 2021, compares the new dataset with the old dataset, trains on the 2020 version, and tests on the 2021 version.",
EVD2242,P48305,,,DES0574,split,"Split construction, data roles, target access, and temporal classification stated in the protocol record.",evaluated_paper,https://doi.org/10.2478/POPETS-2022-0057,10,,Section 5.2,"Models are trained on the US component and tested on the UK component, and vice versa, for common device labels.",
EVD2243,P48305,,,DES0575,split,"Source/target direction, exact class count, and zero-shot all-feature evaluation.",evaluated_paper,https://doi.org/10.2478/POPETS-2022-0057,10,,Section 5.3 and Table 10,Table 10 reports the all-feature Mon(IoT)r_US-to-YourThings direction for 13 common devices before the paper performs cross-dataset feature selection.,
EVD2244,P48305,,,DES0576,split,"Exact source/target composition, class count, and separately reported result.",evaluated_paper,https://doi.org/10.2478/POPETS-2022-0057,21,598,"Appendix E, Table 15",Table 15 reports training on YT and testing on Our for four device classes (accuracy 79.66%).,
EVD2245,P48305,,,DES0576,time,Dataset collection periods and collection-method context used in the temporal-contrast adjudication.,evaluated_paper,https://doi.org/10.2478/POPETS-2022-0057,4,581,Table 1,Table 1 identifies YourThings as an early-2018 continuous capture and HomeSnitch and the authors’ own dataset as early-2020 continuous captures.,
EVD2246,P48305,,,DES0577,split,"Exact source/target composition, class count, and separately reported result.",evaluated_paper,https://doi.org/10.2478/POPETS-2022-0057,21,598,"Appendix E, Table 15",Table 15 reports training on Our and testing on YT for four device classes (accuracy 91.67%).,
EVD2247,P48305,,,DES0577,time,Dataset collection periods and collection-method context used in the temporal-contrast adjudication.,evaluated_paper,https://doi.org/10.2478/POPETS-2022-0057,4,581,Table 1,Table 1 identifies YourThings as an early-2018 continuous capture and HomeSnitch and the authors’ own dataset as early-2020 continuous captures.,
EVD2248,P48305,,,DES0578,split,"Exact source/target composition, class count, and separately reported result.",evaluated_paper,https://doi.org/10.2478/POPETS-2022-0057,21,598,"Appendix E, Table 15",Table 15 reports training on YT and testing on HS for five device classes (accuracy 33.06%).,
EVD2249,P48305,,,DES0578,time,Dataset collection periods and collection-method context used in the temporal-contrast adjudication.,evaluated_paper,https://doi.org/10.2478/POPETS-2022-0057,4,581,Table 1,Table 1 identifies YourThings as an early-2018 continuous capture and HomeSnitch and the authors’ own dataset as early-2020 continuous captures.,
EVD2250,P48305,,,DES0579,split,"Exact source/target composition, class count, and separately reported result.",evaluated_paper,https://doi.org/10.2478/POPETS-2022-0057,21,598,"Appendix E, Table 15",Table 15 reports training on HS and testing on YT for five device classes (accuracy 75.41%).,
EVD2251,P48305,,,DES0579,time,Dataset collection periods and collection-method context used in the temporal-contrast adjudication.,evaluated_paper,https://doi.org/10.2478/POPETS-2022-0057,4,581,Table 1,Table 1 identifies YourThings as an early-2018 continuous capture and HomeSnitch and the authors’ own dataset as early-2020 continuous captures.,
EVD2252,P48305,,,DES0580,split,"Exact multi-source/target composition, class count, and separately reported result.",evaluated_paper,https://doi.org/10.2478/POPETS-2022-0057,21,598,"Appendix E, Table 15",Table 15 reports training on the combined YT and Our sources and testing on HS for five device classes (accuracy 71.82%).,
EVD2253,P48305,,,DES0580,time,Dataset collection periods and collection-method context used in the temporal-contrast adjudication.,evaluated_paper,https://doi.org/10.2478/POPETS-2022-0057,4,581,Table 1,Table 1 identifies YourThings as an early-2018 continuous capture and HomeSnitch and the authors’ own dataset as early-2020 continuous captures.,
EVD2254,P48305,,,DES0581,split,"Exact multi-source/target composition, class count, and separately reported result.",evaluated_paper,https://doi.org/10.2478/POPETS-2022-0057,21,598,"Appendix E, Table 15",Table 15 reports training on the combined HS and Our sources and testing on YT for seven device classes (accuracy 70.85%).,
EVD2255,P48305,,,DES0581,time,Dataset collection periods and collection-method context used in the temporal-contrast adjudication.,evaluated_paper,https://doi.org/10.2478/POPETS-2022-0057,4,581,Table 1,Table 1 identifies YourThings as an early-2018 continuous capture and HomeSnitch and the authors’ own dataset as early-2020 continuous captures.,
EVD2256,P48305,,,DES0582,split,"Exact multi-source/target composition, class count, and separately reported result.",evaluated_paper,https://doi.org/10.2478/POPETS-2022-0057,21,598,"Appendix E, Table 15",Table 15 reports training on the combined HS and YT sources and testing on Our for four device classes (accuracy 59.31%).,
EVD2257,P48305,,,DES0582,time,Dataset collection periods and collection-method context used in the temporal-contrast adjudication.,evaluated_paper,https://doi.org/10.2478/POPETS-2022-0057,4,581,Table 1,Table 1 identifies YourThings as an early-2018 continuous capture and HomeSnitch and the authors’ own dataset as early-2020 continuous captures.,
EVD2258,P48305,,,DES0583,split,"Source/target direction, exact class count, and zero-shot all-feature evaluation.",evaluated_paper,https://doi.org/10.2478/POPETS-2022-0057,10,587,Section 5.3 and Table 10,Table 10 reports the all-feature YourThings-to-Mon(IoT)r_US direction for 13 common devices before the paper performs cross-dataset feature selection.,
EVD2259,P48305,,,DES0584,split,Target-informed feature selection and final source/target direction for 13 common devices.,evaluated_paper,https://doi.org/10.2478/POPETS-2022-0057,10,587,Section 5.3 and Tables 11–12,"The paper selects robust features by forward feature selection using cross-dataset accuracy, then Table 12 re-evaluates Mon(IoT)r_US-to-YourThings with the selected feature set.",
EVD2260,P48305,,,DES0585,split,Target-informed feature selection and final source/target direction for 13 common devices.,evaluated_paper,https://doi.org/10.2478/POPETS-2022-0057,10,587,Section 5.3 and Tables 11–12,"The paper selects robust features by forward feature selection using cross-dataset accuracy, then Table 12 re-evaluates YourThings-to-Mon(IoT)r_US with the selected feature set.",
EVD2261,P48305,,,DES0586,split,"Target-informed feature selection, fresh source/target roles, exact class count, and final temporal evaluation.",evaluated_paper,https://doi.org/10.2478/POPETS-2022-0057,9,586,Section 5.1 and Tables 6–7,"The paper ranks feature groups by cumulative accuracy under temporally generalized settings, identifies an optimal feature set, and then Table 7 reports the own-lab 2020-to-2021 result using those selected features for eight common devices.",
EVD2262,P48305,,,DES0587,split,"Target-informed feature selection, fresh source/target roles, exact class count, and final temporal evaluation.",evaluated_paper,https://doi.org/10.2478/POPETS-2022-0057,9,586,Section 5.1 and Tables 6–7,"The paper ranks feature groups by cumulative accuracy under temporally generalized settings, identifies an optimal feature set, and then Table 7 reports the HomeSnitch 2020-to-2021 result using those selected features for 15 common devices.",
EVD2263,P48305,,,,time,"Reproducible conservative 3-, 6-, and 12-month sensitivity bounds for P48305's date-imprecise cross-capture protocols.",calculation,,4,581,Table 1; conservative date-range calculation,"Because Table 1 reports only 'Early' 2018/2019/2020, calculations conservatively operationalize each early-year capture as January 1 through June 30. January and May 2021 recaptures use the full named month. The resulting separation ranges are 185–396 days (early 2020 to January 2021), 305–516 days (early 2020 to May 2021), 185–545 days (early 2018 to early 2019), and 550–911 days (early 2018 to early 2020).",
EVD2264,P48443,,,DES0588,split,"Protocol scope, data roles, split construction, temporal classification, independence assessment, and target-condition access.",evaluated_paper,https://doi.org/10.56553/POPETS-2023-0125,7,,§4.1 / Fig. 3,The live capture is randomly partitioned into a training and test portion and the live-trained classifier is tested on the live test portion.,
EVD2265,P48443,,,DES0589,split,"Protocol scope, data roles, split construction, temporal classification, independence assessment, and target-condition access.",evaluated_paper,https://doi.org/10.56553/POPETS-2023-0125,7,,§4.1 / Fig. 3,The Shadow capture is randomly partitioned and a Shadow-trained classifier is tested on the Shadow test portion.,
EVD2266,P48443,,,DES0590,split,"Protocol scope, data roles, split construction, temporal classification, independence assessment, and target-condition access.",evaluated_paper,https://doi.org/10.56553/POPETS-2023-0125,7,,§4.1 / Fig. 3,The live-trained classifier is evaluated on the independently generated Shadow test partition for the same 98 websites.,
EVD2267,P48443,,,DES0591,split,"Protocol scope, data roles, split construction, temporal classification, independence assessment, and target-condition access.",evaluated_paper,https://doi.org/10.56553/POPETS-2023-0125,7,,§4.1 / Fig. 3,The Shadow-trained classifier is evaluated on the independently captured live-Tor test partition for the same 98 websites.,
EVD2268,P48443,,,DES0592,split,"Protocol scope, data roles, split construction, temporal classification, independence assessment, and target-condition access.",evaluated_paper,https://doi.org/10.56553/POPETS-2023-0125,10,,§5.1 / cross-dataset matrix,Classifiers trained under each of nine Shadow load-by-seed conditions are evaluated across the nine independently generated conditions.,
EVD2269,P48443,,,DES0593,split,"Protocol scope, data roles, split construction, temporal classification, independence assessment, and target-condition access.",evaluated_paper,https://doi.org/10.56553/POPETS-2023-0125,12,,"§5.3, robust training",Training pools several loads and two seeds and final tests use the held-out simulation seed across loads.,
EVD2270,P48443,,,DES0594,split,"Protocol scope, data roles, split construction, temporal classification, independence assessment, and target-condition access.",evaluated_paper,https://doi.org/10.56553/POPETS-2023-0125,12,,"§5.3, robust-to-live evaluation",The classifier trained on multiple Shadow loads and seeds is finally evaluated on live Tor traffic.,
EVD2271,P48659,,,DES0595,split,"Protocol scope, data roles, split construction, temporal classification, independence assessment, and target-condition access.",evaluated_paper,https://doi.org/10.56553/POPETS-2024-0112,5,,"§4.1, DF and Tik-Tok",Each of 100 video traces per class is allocated with a 0.8/0.2 train/test split and both CNNs use five-fold cross-validation; no temporal or starting-offset grouping is reported.,
EVD2272,P48659,,,DES0596,split,"Protocol scope, data roles, split construction, temporal classification, independence assessment, and target-condition access.",evaluated_paper,https://doi.org/10.56553/POPETS-2024-0112,6,,"§4.2, Beauty and the Burst",The CNN time-series attack uses a 0.7/0.3 train/test split over LongEnough traces.,
EVD2273,P48659,,,DES0597,split,"Protocol scope, data roles, split construction, temporal classification, independence assessment, and target-condition access.",evaluated_paper,https://doi.org/10.56553/POPETS-2024-0112,16,,"Appendix B, variable bandwidth",A fresh LongEnough-variable capture applies independently randomized LTE-derived bandwidth traces to each collection sample and reports attacks under that condition; the train/test allocation is not separately restated.,
EVD2274,P48758,,,DES0598,split,"Protocol scope, split construction, target-condition access, and temporal coding.",evaluated_paper,https://doi.org/10.56553/POPETS-2025-0123,7,,"Section 4.2, Experimental Setup","The HTTPS-only dataset has 60 monitored videos with 90 samples each; ten samples per video are assigned to testing together with unmonitored examples, but capture-time grouping is not reported.",
EVD2275,P48758,,,DES0599,split,"Protocol scope, split construction, target-condition access, and temporal coding.",evaluated_paper,https://doi.org/10.56553/POPETS-2025-0123,7,,"Section 4.2, Experimental Setup","The Tor dataset has 60 monitored videos with 90 samples each; ten samples per video are assigned to testing together with unmonitored examples, but capture-time grouping is not reported.",
EVD2276,P48758,,,DES0600,split,"Protocol scope, split construction, target-condition access, and temporal coding.",evaluated_paper,https://doi.org/10.56553/POPETS-2025-0123,10,,"Section 5.2, Cross-Vantage Evaluation","Captures from ten AWS regions are used in all directed source-to-target vantage pairs for HTTPS-only; each region supplies 70 training, 10 validation, and 10 test visits per video.",
EVD2277,P48758,,,DES0601,split,"Protocol scope, split construction, target-condition access, and temporal coding.",evaluated_paper,https://doi.org/10.56553/POPETS-2025-0123,10,,"Section 5.2, Cross-Vantage Evaluation","Captures from ten AWS regions are used in all directed source-to-target vantage pairs for Tor; each region supplies 70 training, 10 validation, and 10 test visits per video.",
EVD2278,P48758,,,DES0602,split,"Protocol scope, split construction, target-condition access, and temporal coding.",evaluated_paper,https://doi.org/10.56553/POPETS-2025-0123,10,,"Section 5.2, Cross-Vantage Evaluation","For HTTPS-only open-world cross-vantage tests, models trained at nine non-us-west2 regions are tested on monitored and open-world traffic from us-west2; this is a geographic/network-vantage contrast, not an elapsed-time holdout.",
EVD2279,P48758,,,DES0603,split,"Protocol scope, split construction, target-condition access, and temporal coding.",evaluated_paper,https://doi.org/10.56553/POPETS-2025-0123,10,,"Section 5.2, Cross-Vantage Evaluation","For Tor open-world cross-vantage tests, models trained at nine non-us-west2 regions are tested on monitored and open-world traffic from us-west2; this is a geographic/network-vantage contrast, not an elapsed-time holdout.",
EVD2280,P16247,,,DES0184,,protocol_identity,evaluated_paper,https://doi.org/10.1145/3719027.3765073,8-10,,"PDF pp. 8 to 10, Sec. 5.1 and Table 2",The qualifying tasks use DNS over HTTPS traffic carried in TLS flows. DoHBrw-ALL is a fresh DoH capture and DoHBrw-NetEnv replays CIRA-CIC-DoHBrw traffic.,high
EVD2281,P16247,,,DES0184,,passive_observation,evaluated_paper,https://doi.org/10.1145/3719027.3765073,8-10,,"PDF pp. 8 to 10, Sec. 5.1 and Table 2",The classifiers consume captured flow traces and do not interact with the classified endpoints.,high
EVD2282,P16247,,,DES0184,,supervised_fixed_labels,evaluated_paper,https://doi.org/10.1145/3719027.3765073,8-10,,"PDF pp. 8 to 10, Sec. 5.1 and Table 2",DF and ARES are trained with fixed normal or malicious DoH labels under the reported condition partitions.,high
EVD2283,P16247,,,DES0184,,learned_classifier,evaluated_paper,https://doi.org/10.1145/3719027.3765073,8-10,,"PDF pp. 8 to 10, Sec. 5.1 and Table 2",MetaTraffic trains supervised deep classifiers through its meta-learning procedure.,high
EVD2284,P16247,,,DES0184,,classification_centrality,evaluated_paper,https://doi.org/10.1145/3719027.3765073,8-10,,"PDF pp. 8 to 10, Sec. 5.1 and Table 2",Robust supervised encrypted-traffic classification is the paper's main evaluated contribution.,high
EVD2285,P16247,,,DES0184,,training_test_design,evaluated_paper,https://doi.org/10.1145/3719027.3765073,8-10,,"PDF pp. 8 to 10, Sec. 5.1 and Table 2",Training: Meta-training on reported source-condition groups. Testing: Held-out target-condition group.,high
EVD2286,P16247,,,DES0185,,protocol_identity,evaluated_paper,https://doi.org/10.1145/3719027.3765073,8-10,,"PDF pp. 8 to 10, Sec. 5.1 and Table 2",The qualifying tasks use DNS over HTTPS traffic carried in TLS flows. DoHBrw-ALL is a fresh DoH capture and DoHBrw-NetEnv replays CIRA-CIC-DoHBrw traffic.,high
EVD2287,P16247,,,DES0185,,passive_observation,evaluated_paper,https://doi.org/10.1145/3719027.3765073,8-10,,"PDF pp. 8 to 10, Sec. 5.1 and Table 2",The classifiers consume captured flow traces and do not interact with the classified endpoints.,high
EVD2288,P16247,,,DES0185,,supervised_fixed_labels,evaluated_paper,https://doi.org/10.1145/3719027.3765073,8-10,,"PDF pp. 8 to 10, Sec. 5.1 and Table 2",DF and ARES are trained with fixed normal or malicious DoH labels under the reported condition partitions.,high
EVD2289,P16247,,,DES0185,,learned_classifier,evaluated_paper,https://doi.org/10.1145/3719027.3765073,8-10,,"PDF pp. 8 to 10, Sec. 5.1 and Table 2",MetaTraffic trains supervised deep classifiers through its meta-learning procedure.,high
EVD2290,P16247,,,DES0185,,classification_centrality,evaluated_paper,https://doi.org/10.1145/3719027.3765073,8-10,,"PDF pp. 8 to 10, Sec. 5.1 and Table 2",Robust supervised encrypted-traffic classification is the paper's main evaluated contribution.,high
EVD2291,P16247,,,DES0185,,training_test_design,evaluated_paper,https://doi.org/10.1145/3719027.3765073,8-10,,"PDF pp. 8 to 10, Sec. 5.1 and Table 2",Training: Meta-training on reported source-condition groups. Testing: Held-out target-condition group.,high
EVD2292,P16247,,,DES0186,,protocol_identity,evaluated_paper,https://doi.org/10.1145/3719027.3765073,8-10,,"PDF pp. 8 to 10, Sec. 5.1 and Table 2",The qualifying tasks use DNS over HTTPS traffic carried in TLS flows. DoHBrw-ALL is a fresh DoH capture and DoHBrw-NetEnv replays CIRA-CIC-DoHBrw traffic.,high
EVD2293,P16247,,,DES0186,,passive_observation,evaluated_paper,https://doi.org/10.1145/3719027.3765073,8-10,,"PDF pp. 8 to 10, Sec. 5.1 and Table 2",The classifiers consume captured flow traces and do not interact with the classified endpoints.,high
EVD2294,P16247,,,DES0186,,supervised_fixed_labels,evaluated_paper,https://doi.org/10.1145/3719027.3765073,8-10,,"PDF pp. 8 to 10, Sec. 5.1 and Table 2",DF and ARES are trained with fixed normal or malicious DoH labels under the reported condition partitions.,high
EVD2295,P16247,,,DES0186,,learned_classifier,evaluated_paper,https://doi.org/10.1145/3719027.3765073,8-10,,"PDF pp. 8 to 10, Sec. 5.1 and Table 2",MetaTraffic trains supervised deep classifiers through its meta-learning procedure.,high
EVD2296,P16247,,,DES0186,,classification_centrality,evaluated_paper,https://doi.org/10.1145/3719027.3765073,8-10,,"PDF pp. 8 to 10, Sec. 5.1 and Table 2",Robust supervised encrypted-traffic classification is the paper's main evaluated contribution.,high
EVD2297,P16247,,,DES0186,,training_test_design,evaluated_paper,https://doi.org/10.1145/3719027.3765073,8-10,,"PDF pp. 8 to 10, Sec. 5.1 and Table 2",Training: Meta-training on reported source-condition groups. Testing: Held-out target-condition group.,high
EVD2298,P16931,,,DES0187,,protocol_identity,evaluated_paper,https://doi.org/10.1109/DSN58367.2023.00049,1-7,,"PDF pp. 1 to 7, threat model and evaluation sections",The evaluated web traces are explicitly TLS 1.2 or TLS 1.3 page-load traces over TCP.,high
EVD2299,P16931,,,DES0187,,passive_observation,evaluated_paper,https://doi.org/10.1109/DSN58367.2023.00049,1-7,,"PDF pp. 1 to 7, threat model and evaluation sections",The website-fingerprinting adversary observes encrypted traffic traces without interacting with the target connection.,high
EVD2300,P16931,,,DES0187,,supervised_fixed_labels,evaluated_paper,https://doi.org/10.1109/DSN58367.2023.00049,1-7,,"PDF pp. 1 to 7, threat model and evaluation sections",Each experiment evaluates a fixed set of known page or website identities.,high
EVD2301,P16931,,,DES0187,,learned_classifier,evaluated_paper,https://doi.org/10.1109/DSN58367.2023.00049,1-7,,"PDF pp. 1 to 7, threat model and evaluation sections",The method learns traffic representations and supervised page classifiers from labeled traces.,high
EVD2302,P16931,,,DES0187,,classification_centrality,evaluated_paper,https://doi.org/10.1109/DSN58367.2023.00049,1-7,,"PDF pp. 1 to 7, threat model and evaluation sections",TLS website fingerprinting and adaptation are the central evaluated tasks.,high
EVD2303,P16931,,,DES0187,,training_test_design,evaluated_paper,https://doi.org/10.1109/DSN58367.2023.00049,1-7,,"PDF pp. 1 to 7, threat model and evaluation sections","Training: Set A supplies 90 samples per class for model/reference construction over 6,000 pages and Set B supplies 10 held-out samples per class; the sets have no sample overlap. Testing: Set A supplies 90 samples per class for model/reference construction over 6,000 pages and Set B supplies 10 held-out samples per class; the sets have no sample overlap.",high
EVD2304,P16931,,,DES0188,,protocol_identity,evaluated_paper,https://doi.org/10.1109/DSN58367.2023.00049,1-7,,"PDF pp. 1 to 7, threat model and evaluation sections",The evaluated web traces are explicitly TLS 1.2 or TLS 1.3 page-load traces over TCP.,high
EVD2305,P16931,,,DES0188,,passive_observation,evaluated_paper,https://doi.org/10.1109/DSN58367.2023.00049,1-7,,"PDF pp. 1 to 7, threat model and evaluation sections",The website-fingerprinting adversary observes encrypted traffic traces without interacting with the target connection.,high
EVD2306,P16931,,,DES0188,,supervised_fixed_labels,evaluated_paper,https://doi.org/10.1109/DSN58367.2023.00049,1-7,,"PDF pp. 1 to 7, threat model and evaluation sections",Each experiment evaluates a fixed set of known page or website identities.,high
EVD2307,P16931,,,DES0188,,learned_classifier,evaluated_paper,https://doi.org/10.1109/DSN58367.2023.00049,1-7,,"PDF pp. 1 to 7, threat model and evaluation sections",The method learns traffic representations and supervised page classifiers from labeled traces.,high
EVD2308,P16931,,,DES0188,,classification_centrality,evaluated_paper,https://doi.org/10.1109/DSN58367.2023.00049,1-7,,"PDF pp. 1 to 7, threat model and evaluation sections",TLS website fingerprinting and adaptation are the central evaluated tasks.,high
EVD2309,P16931,,,DES0188,,training_test_design,evaluated_paper,https://doi.org/10.1109/DSN58367.2023.00049,1-7,,"PDF pp. 1 to 7, threat model and evaluation sections","Training: The embedding is learned from Set A's 6,000 classes, while labelled references in Set C and tests in Set D cover 13,000 disjoint page classes without sample overlap. Testing: The embedding is learned from Set A's 6,000 classes, while labelled references in Set C and tests in Set D cover 13,000 disjoint page classes without sample overlap.",high
EVD2310,P16931,,,DES0189,,protocol_identity,evaluated_paper,https://doi.org/10.1109/DSN58367.2023.00049,1-7,,"PDF pp. 1 to 7, threat model and evaluation sections",The evaluated web traces are explicitly TLS 1.2 or TLS 1.3 page-load traces over TCP.,high
EVD2311,P16931,,,DES0189,,passive_observation,evaluated_paper,https://doi.org/10.1109/DSN58367.2023.00049,1-7,,"PDF pp. 1 to 7, threat model and evaluation sections",The website-fingerprinting adversary observes encrypted traffic traces without interacting with the target connection.,high
EVD2312,P16931,,,DES0189,,supervised_fixed_labels,evaluated_paper,https://doi.org/10.1109/DSN58367.2023.00049,1-7,,"PDF pp. 1 to 7, threat model and evaluation sections",Each experiment evaluates a fixed set of known page or website identities.,high
EVD2313,P16931,,,DES0189,,learned_classifier,evaluated_paper,https://doi.org/10.1109/DSN58367.2023.00049,1-7,,"PDF pp. 1 to 7, threat model and evaluation sections",The method learns traffic representations and supervised page classifiers from labeled traces.,high
EVD2314,P16931,,,DES0189,,classification_centrality,evaluated_paper,https://doi.org/10.1109/DSN58367.2023.00049,1-7,,"PDF pp. 1 to 7, threat model and evaluation sections",TLS website fingerprinting and adaptation are the central evaluated tasks.,high
EVD2315,P16931,,,DES0189,,training_test_design,evaluated_paper,https://doi.org/10.1109/DSN58367.2023.00049,1-7,,"PDF pp. 1 to 7, threat model and evaluation sections","Training: The TLS 1.2-trained representation is applied to a TLS 1.3 Wiki500 subset, with labelled target references used by the downstream nearest-neighbour classifier; capture-time ordering is not used. Testing: The TLS 1.2-trained representation is applied to a TLS 1.3 Wiki500 subset, with labelled target references used by the downstream nearest-neighbour classifier; capture-time ordering is not used.",high
EVD2316,P16931,,,DES0190,,protocol_identity,evaluated_paper,https://doi.org/10.1109/DSN58367.2023.00049,1-7,,"PDF pp. 1 to 7, threat model and evaluation sections",The evaluated web traces are explicitly TLS 1.2 or TLS 1.3 page-load traces over TCP.,high
EVD2317,P16931,,,DES0190,,passive_observation,evaluated_paper,https://doi.org/10.1109/DSN58367.2023.00049,1-7,,"PDF pp. 1 to 7, threat model and evaluation sections",The website-fingerprinting adversary observes encrypted traffic traces without interacting with the target connection.,high
EVD2318,P16931,,,DES0190,,supervised_fixed_labels,evaluated_paper,https://doi.org/10.1109/DSN58367.2023.00049,1-7,,"PDF pp. 1 to 7, threat model and evaluation sections",Each experiment evaluates a fixed set of known page or website identities.,high
EVD2319,P16931,,,DES0190,,learned_classifier,evaluated_paper,https://doi.org/10.1109/DSN58367.2023.00049,1-7,,"PDF pp. 1 to 7, threat model and evaluation sections",The method learns traffic representations and supervised page classifiers from labeled traces.,high
EVD2320,P16931,,,DES0190,,classification_centrality,evaluated_paper,https://doi.org/10.1109/DSN58367.2023.00049,1-7,,"PDF pp. 1 to 7, threat model and evaluation sections",TLS website fingerprinting and adaptation are the central evaluated tasks.,high
EVD2321,P16931,,,DES0190,,training_test_design,evaluated_paper,https://doi.org/10.1109/DSN58367.2023.00049,1-7,,"PDF pp. 1 to 7, threat model and evaluation sections","Training: The sequence embedding is learned on Wiki19K, while labelled GitHub500 reference traces construct the target classifier and separate GitHub samples are queried. Testing: The sequence embedding is learned on Wiki19K, while labelled GitHub500 reference traces construct the target classifier and separate GitHub samples are queried.",high
EVD2322,P17290,,,DES0191,,protocol_identity,evaluated_paper,https://doi.org/10.1109/DSN64029.2025.00048,"2-6, 11",,"PDF pp. 2 to 6 and p. 11, threat model, dataset, and evaluation",Oblivious DNS over HTTPS is carried over HTTPS and TLS. The classifier-facing units are ODoH webpage traces.,high
EVD2323,P17290,,,DES0191,,passive_observation,evaluated_paper,https://doi.org/10.1109/DSN64029.2025.00048,"2-6, 11",,"PDF pp. 2 to 6 and p. 11, threat model, dataset, and evaluation",The stated network observer passively observes ODoH traffic generated by page visits.,high
EVD2324,P17290,,,DES0191,,supervised_fixed_labels,evaluated_paper,https://doi.org/10.1109/DSN64029.2025.00048,"2-6, 11",,"PDF pp. 2 to 6 and p. 11, threat model, dataset, and evaluation",The evaluated output is one of 100 fixed website identities.,high
EVD2325,P17290,,,DES0191,,learned_classifier,evaluated_paper,https://doi.org/10.1109/DSN64029.2025.00048,"2-6, 11",,"PDF pp. 2 to 6 and p. 11, threat model, dataset, and evaluation",The paper trains supervised website-fingerprinting classifiers on labeled ODoH traces.,high
EVD2326,P17290,,,DES0191,,classification_centrality,evaluated_paper,https://doi.org/10.1109/DSN64029.2025.00048,"2-6, 11",,"PDF pp. 2 to 6 and p. 11, threat model, dataset, and evaluation",ODoH website fingerprinting is the paper's central empirical task.,high
EVD2327,P17290,,,DES0191,,training_test_design,evaluated_paper,https://doi.org/10.1109/DSN64029.2025.00048,"2-6, 11",,"PDF pp. 2 to 6 and p. 11, threat model, dataset, and evaluation",Training: Sixty percent main-collection samples. Testing: Forty percent main-collection samples.,high
EVD2328,P17290,,,DES0192,,protocol_identity,evaluated_paper,https://doi.org/10.1109/DSN64029.2025.00048,"2-6, 11",,"PDF pp. 2 to 6 and p. 11, threat model, dataset, and evaluation",Oblivious DNS over HTTPS is carried over HTTPS and TLS. The classifier-facing units are ODoH webpage traces.,high
EVD2329,P17290,,,DES0192,,passive_observation,evaluated_paper,https://doi.org/10.1109/DSN64029.2025.00048,"2-6, 11",,"PDF pp. 2 to 6 and p. 11, threat model, dataset, and evaluation",The stated network observer passively observes ODoH traffic generated by page visits.,high
EVD2330,P17290,,,DES0192,,supervised_fixed_labels,evaluated_paper,https://doi.org/10.1109/DSN64029.2025.00048,"2-6, 11",,"PDF pp. 2 to 6 and p. 11, threat model, dataset, and evaluation",The evaluated output is one of 100 fixed website identities.,high
EVD2331,P17290,,,DES0192,,learned_classifier,evaluated_paper,https://doi.org/10.1109/DSN64029.2025.00048,"2-6, 11",,"PDF pp. 2 to 6 and p. 11, threat model, dataset, and evaluation",The paper trains supervised website-fingerprinting classifiers on labeled ODoH traces.,high
EVD2332,P17290,,,DES0192,,classification_centrality,evaluated_paper,https://doi.org/10.1109/DSN64029.2025.00048,"2-6, 11",,"PDF pp. 2 to 6 and p. 11, threat model, dataset, and evaluation",ODoH website fingerprinting is the paper's central empirical task.,high
EVD2333,P17290,,,DES0192,,training_test_design,evaluated_paper,https://doi.org/10.1109/DSN64029.2025.00048,"2-6, 11",,"PDF pp. 2 to 6 and p. 11, threat model, dataset, and evaluation",Training: Traffic from nine client locations. Testing: Traffic from the excluded location.,high
EVD2334,P17290,,,DES0193,,protocol_identity,evaluated_paper,https://doi.org/10.1109/DSN64029.2025.00048,"2-6, 11",,"PDF pp. 2 to 6 and p. 11, threat model, dataset, and evaluation",Oblivious DNS over HTTPS is carried over HTTPS and TLS. The classifier-facing units are ODoH webpage traces.,high
EVD2335,P17290,,,DES0193,,passive_observation,evaluated_paper,https://doi.org/10.1109/DSN64029.2025.00048,"2-6, 11",,"PDF pp. 2 to 6 and p. 11, threat model, dataset, and evaluation",The stated network observer passively observes ODoH traffic generated by page visits.,high
EVD2336,P17290,,,DES0193,,supervised_fixed_labels,evaluated_paper,https://doi.org/10.1109/DSN64029.2025.00048,"2-6, 11",,"PDF pp. 2 to 6 and p. 11, threat model, dataset, and evaluation",The evaluated output is one of 100 fixed website identities.,high
EVD2337,P17290,,,DES0193,,learned_classifier,evaluated_paper,https://doi.org/10.1109/DSN64029.2025.00048,"2-6, 11",,"PDF pp. 2 to 6 and p. 11, threat model, dataset, and evaluation",The paper trains supervised website-fingerprinting classifiers on labeled ODoH traces.,high
EVD2338,P17290,,,DES0193,,classification_centrality,evaluated_paper,https://doi.org/10.1109/DSN64029.2025.00048,"2-6, 11",,"PDF pp. 2 to 6 and p. 11, threat model, dataset, and evaluation",ODoH website fingerprinting is the paper's central empirical task.,high
EVD2339,P17290,,,DES0193,,training_test_design,evaluated_paper,https://doi.org/10.1109/DSN64029.2025.00048,"2-6, 11",,"PDF pp. 2 to 6 and p. 11, threat model, dataset, and evaluation",Training: First-round 100-site collection. Testing: Second-round collection after six weeks.,high
EVD2340,P17610,,,DES0194,,protocol_identity,evaluated_paper,https://doi.org/10.1145/3646547.3688435,"2-4, 8-11",,"PDF pp. 2 to 4 and pp. 8 to 11, Tables 1, 3, and 6","Netflix, Disney+, and Amazon Prime Video use HTTPS over TCP. The qualifying YouTube branch is the separately reported TCP and TLS classifier head. The QUIC head is excluded.",high
EVD2341,P17610,,,DES0194,,passive_observation,evaluated_paper,https://doi.org/10.1145/3646547.3688435,"2-4, 8-11",,"PDF pp. 2 to 4 and pp. 8 to 11, Tables 1, 3, and 6",The deployed pipeline receives a copy of border traffic and classifies observed video flows.,high
EVD2342,P17610,,,DES0194,,supervised_fixed_labels,evaluated_paper,https://doi.org/10.1145/3646547.3688435,"2-4, 8-11",,"PDF pp. 2 to 4 and pp. 8 to 11, Tables 1, 3, and 6",Provider-specific classifier heads predict a fixed user-platform set for each provider and transport protocol.,high
EVD2343,P17610,,,DES0194,,learned_classifier,evaluated_paper,https://doi.org/10.1145/3646547.3688435,"2-4, 8-11",,"PDF pp. 2 to 4 and pp. 8 to 11, Tables 1, 3, and 6","The paper trains random forest, multilayer perceptron, and nearest-neighbour classifiers and selects the best head.",high
EVD2344,P17610,,,DES0194,,classification_centrality,evaluated_paper,https://doi.org/10.1145/3646547.3688435,"2-4, 8-11",,"PDF pp. 2 to 4 and pp. 8 to 11, Tables 1, 3, and 6",Per-flow user-platform classification is a central contribution and evaluation.,high
EVD2345,P17610,,,DES0194,,training_test_design,evaluated_paper,https://doi.org/10.1145/3646547.3688435,"2-4, 8-11",,"PDF pp. 2 to 4 and pp. 8 to 11, Tables 1, 3, and 6",The paper trains a separate classifier bank for each provider and transport. Table 1 gives the complete supported platform set and the laboratory evaluation uses 10-fold cross-validation.,high
EVD2346,P17610,,,DES0195,,protocol_identity,evaluated_paper,https://doi.org/10.1145/3646547.3688435,"2-4, 8-11",,"PDF pp. 2 to 4 and pp. 8 to 11, Tables 1, 3, and 6","Netflix, Disney+, and Amazon Prime Video use HTTPS over TCP. The qualifying YouTube branch is the separately reported TCP and TLS classifier head. The QUIC head is excluded.",high
EVD2347,P17610,,,DES0195,,passive_observation,evaluated_paper,https://doi.org/10.1145/3646547.3688435,"2-4, 8-11",,"PDF pp. 2 to 4 and pp. 8 to 11, Tables 1, 3, and 6",The deployed pipeline receives a copy of border traffic and classifies observed video flows.,high
EVD2348,P17610,,,DES0195,,supervised_fixed_labels,evaluated_paper,https://doi.org/10.1145/3646547.3688435,"2-4, 8-11",,"PDF pp. 2 to 4 and pp. 8 to 11, Tables 1, 3, and 6",Provider-specific classifier heads predict a fixed user-platform set for each provider and transport protocol.,high
EVD2349,P17610,,,DES0195,,learned_classifier,evaluated_paper,https://doi.org/10.1145/3646547.3688435,"2-4, 8-11",,"PDF pp. 2 to 4 and pp. 8 to 11, Tables 1, 3, and 6","The paper trains random forest, multilayer perceptron, and nearest-neighbour classifiers and selects the best head.",high
EVD2350,P17610,,,DES0195,,classification_centrality,evaluated_paper,https://doi.org/10.1145/3646547.3688435,"2-4, 8-11",,"PDF pp. 2 to 4 and pp. 8 to 11, Tables 1, 3, and 6",Per-flow user-platform classification is a central contribution and evaluation.,high
EVD2351,P17610,,,DES0195,,training_test_design,evaluated_paper,https://doi.org/10.1145/3646547.3688435,"2-4, 8-11",,"PDF pp. 2 to 4 and pp. 8 to 11, Tables 1, 3, and 6",The paper trains a separate classifier bank for each provider and transport. Table 1 gives the complete supported platform set and the laboratory evaluation uses 10-fold cross-validation.,high
EVD2352,P17610,,,DES0196,,protocol_identity,evaluated_paper,https://doi.org/10.1145/3646547.3688435,"2-4, 8-11",,"PDF pp. 2 to 4 and pp. 8 to 11, Tables 1, 3, and 6","Netflix, Disney+, and Amazon Prime Video use HTTPS over TCP. The qualifying YouTube branch is the separately reported TCP and TLS classifier head. The QUIC head is excluded.",high
EVD2353,P17610,,,DES0196,,passive_observation,evaluated_paper,https://doi.org/10.1145/3646547.3688435,"2-4, 8-11",,"PDF pp. 2 to 4 and pp. 8 to 11, Tables 1, 3, and 6",The deployed pipeline receives a copy of border traffic and classifies observed video flows.,high
EVD2354,P17610,,,DES0196,,supervised_fixed_labels,evaluated_paper,https://doi.org/10.1145/3646547.3688435,"2-4, 8-11",,"PDF pp. 2 to 4 and pp. 8 to 11, Tables 1, 3, and 6",Provider-specific classifier heads predict a fixed user-platform set for each provider and transport protocol.,high
EVD2355,P17610,,,DES0196,,learned_classifier,evaluated_paper,https://doi.org/10.1145/3646547.3688435,"2-4, 8-11",,"PDF pp. 2 to 4 and pp. 8 to 11, Tables 1, 3, and 6","The paper trains random forest, multilayer perceptron, and nearest-neighbour classifiers and selects the best head.",high
EVD2356,P17610,,,DES0196,,classification_centrality,evaluated_paper,https://doi.org/10.1145/3646547.3688435,"2-4, 8-11",,"PDF pp. 2 to 4 and pp. 8 to 11, Tables 1, 3, and 6",Per-flow user-platform classification is a central contribution and evaluation.,high
EVD2357,P17610,,,DES0196,,training_test_design,evaluated_paper,https://doi.org/10.1145/3646547.3688435,"2-4, 8-11",,"PDF pp. 2 to 4 and pp. 8 to 11, Tables 1, 3, and 6",The paper trains a separate classifier bank for each provider and transport. Table 1 gives the complete supported platform set and the laboratory evaluation uses 10-fold cross-validation.,high
EVD2358,P17610,,,DES0197,,protocol_identity,evaluated_paper,https://doi.org/10.1145/3646547.3688435,"2-4, 8-11",,"PDF pp. 2 to 4 and pp. 8 to 11, Tables 1, 3, and 6","Netflix, Disney+, and Amazon Prime Video use HTTPS over TCP. The qualifying YouTube branch is the separately reported TCP and TLS classifier head. The QUIC head is excluded.",high
EVD2359,P17610,,,DES0197,,passive_observation,evaluated_paper,https://doi.org/10.1145/3646547.3688435,"2-4, 8-11",,"PDF pp. 2 to 4 and pp. 8 to 11, Tables 1, 3, and 6",The deployed pipeline receives a copy of border traffic and classifies observed video flows.,high
EVD2360,P17610,,,DES0197,,supervised_fixed_labels,evaluated_paper,https://doi.org/10.1145/3646547.3688435,"2-4, 8-11",,"PDF pp. 2 to 4 and pp. 8 to 11, Tables 1, 3, and 6",Provider-specific classifier heads predict a fixed user-platform set for each provider and transport protocol.,high
EVD2361,P17610,,,DES0197,,learned_classifier,evaluated_paper,https://doi.org/10.1145/3646547.3688435,"2-4, 8-11",,"PDF pp. 2 to 4 and pp. 8 to 11, Tables 1, 3, and 6","The paper trains random forest, multilayer perceptron, and nearest-neighbour classifiers and selects the best head.",high
EVD2362,P17610,,,DES0197,,classification_centrality,evaluated_paper,https://doi.org/10.1145/3646547.3688435,"2-4, 8-11",,"PDF pp. 2 to 4 and pp. 8 to 11, Tables 1, 3, and 6",Per-flow user-platform classification is a central contribution and evaluation.,high
EVD2363,P17610,,,DES0197,,training_test_design,evaluated_paper,https://doi.org/10.1145/3646547.3688435,"2-4, 8-11",,"PDF pp. 2 to 4 and pp. 8 to 11, Tables 1, 3, and 6",The paper trains a separate classifier bank for each provider and transport. Table 1 gives the complete supported platform set and the laboratory evaluation uses 10-fold cross-validation.,high
EVD2364,P17610,,,DES0198,,protocol_identity,evaluated_paper,https://doi.org/10.1145/3646547.3688435,"2-4, 8-11",,"PDF pp. 2 to 4 and pp. 8 to 11, Tables 1, 3, and 6","Netflix, Disney+, and Amazon Prime Video use HTTPS over TCP. The qualifying YouTube branch is the separately reported TCP and TLS classifier head. The QUIC head is excluded.",high
EVD2365,P17610,,,DES0198,,passive_observation,evaluated_paper,https://doi.org/10.1145/3646547.3688435,"2-4, 8-11",,"PDF pp. 2 to 4 and pp. 8 to 11, Tables 1, 3, and 6",The deployed pipeline receives a copy of border traffic and classifies observed video flows.,high
EVD2366,P17610,,,DES0198,,supervised_fixed_labels,evaluated_paper,https://doi.org/10.1145/3646547.3688435,"2-4, 8-11",,"PDF pp. 2 to 4 and pp. 8 to 11, Tables 1, 3, and 6",Provider-specific classifier heads predict a fixed user-platform set for each provider and transport protocol.,high
EVD2367,P17610,,,DES0198,,learned_classifier,evaluated_paper,https://doi.org/10.1145/3646547.3688435,"2-4, 8-11",,"PDF pp. 2 to 4 and pp. 8 to 11, Tables 1, 3, and 6","The paper trains random forest, multilayer perceptron, and nearest-neighbour classifiers and selects the best head.",high
EVD2368,P17610,,,DES0198,,classification_centrality,evaluated_paper,https://doi.org/10.1145/3646547.3688435,"2-4, 8-11",,"PDF pp. 2 to 4 and pp. 8 to 11, Tables 1, 3, and 6",Per-flow user-platform classification is a central contribution and evaluation.,high
EVD2369,P17610,,,DES0198,,training_test_design,evaluated_paper,https://doi.org/10.1145/3646547.3688435,"2-4, 8-11",,"PDF pp. 2 to 4 and pp. 8 to 11, Tables 1, 3, and 6",The provider-specific model is trained on the laboratory corpus and evaluated on independently captured home traffic from the same complete provider-specific platform scheme.,high
EVD2370,P17610,,,DES0198,,client_and_network_condition_support,evaluated_paper,https://doi.org/10.1145/3646547.3688435,8-11,,"PDF pp. 8 to 11, laboratory evaluation and home validation","The complete provider-specific platform scheme is represented evenly in the laboratory capture and the independent home capture. The devices are the same, while operating-system and software-agent versions differ. The provider-specific model is trained on the laboratory capture and evaluated on the home capture.",high
EVD2371,P17610,,,DES0199,,protocol_identity,evaluated_paper,https://doi.org/10.1145/3646547.3688435,"2-4, 8-11",,"PDF pp. 2 to 4 and pp. 8 to 11, Tables 1, 3, and 6","Netflix, Disney+, and Amazon Prime Video use HTTPS over TCP. The qualifying YouTube branch is the separately reported TCP and TLS classifier head. The QUIC head is excluded.",high
EVD2372,P17610,,,DES0199,,passive_observation,evaluated_paper,https://doi.org/10.1145/3646547.3688435,"2-4, 8-11",,"PDF pp. 2 to 4 and pp. 8 to 11, Tables 1, 3, and 6",The deployed pipeline receives a copy of border traffic and classifies observed video flows.,high
EVD2373,P17610,,,DES0199,,supervised_fixed_labels,evaluated_paper,https://doi.org/10.1145/3646547.3688435,"2-4, 8-11",,"PDF pp. 2 to 4 and pp. 8 to 11, Tables 1, 3, and 6",Provider-specific classifier heads predict a fixed user-platform set for each provider and transport protocol.,high
EVD2374,P17610,,,DES0199,,learned_classifier,evaluated_paper,https://doi.org/10.1145/3646547.3688435,"2-4, 8-11",,"PDF pp. 2 to 4 and pp. 8 to 11, Tables 1, 3, and 6","The paper trains random forest, multilayer perceptron, and nearest-neighbour classifiers and selects the best head.",high
EVD2375,P17610,,,DES0199,,classification_centrality,evaluated_paper,https://doi.org/10.1145/3646547.3688435,"2-4, 8-11",,"PDF pp. 2 to 4 and pp. 8 to 11, Tables 1, 3, and 6",Per-flow user-platform classification is a central contribution and evaluation.,high
EVD2376,P17610,,,DES0199,,training_test_design,evaluated_paper,https://doi.org/10.1145/3646547.3688435,"2-4, 8-11",,"PDF pp. 2 to 4 and pp. 8 to 11, Tables 1, 3, and 6",The provider-specific model is trained on the laboratory corpus and evaluated on independently captured home traffic from the same complete provider-specific platform scheme.,high
EVD2377,P17610,,,DES0199,,client_and_network_condition_support,evaluated_paper,https://doi.org/10.1145/3646547.3688435,8-11,,"PDF pp. 8 to 11, laboratory evaluation and home validation","The complete provider-specific platform scheme is represented evenly in the laboratory capture and the independent home capture. The devices are the same, while operating-system and software-agent versions differ. The provider-specific model is trained on the laboratory capture and evaluated on the home capture.",high
EVD2378,P17610,,,DES0200,,protocol_identity,evaluated_paper,https://doi.org/10.1145/3646547.3688435,"2-4, 8-11",,"PDF pp. 2 to 4 and pp. 8 to 11, Tables 1, 3, and 6","Netflix, Disney+, and Amazon Prime Video use HTTPS over TCP. The qualifying YouTube branch is the separately reported TCP and TLS classifier head. The QUIC head is excluded.",high
EVD2379,P17610,,,DES0200,,passive_observation,evaluated_paper,https://doi.org/10.1145/3646547.3688435,"2-4, 8-11",,"PDF pp. 2 to 4 and pp. 8 to 11, Tables 1, 3, and 6",The deployed pipeline receives a copy of border traffic and classifies observed video flows.,high
EVD2380,P17610,,,DES0200,,supervised_fixed_labels,evaluated_paper,https://doi.org/10.1145/3646547.3688435,"2-4, 8-11",,"PDF pp. 2 to 4 and pp. 8 to 11, Tables 1, 3, and 6",Provider-specific classifier heads predict a fixed user-platform set for each provider and transport protocol.,high
EVD2381,P17610,,,DES0200,,learned_classifier,evaluated_paper,https://doi.org/10.1145/3646547.3688435,"2-4, 8-11",,"PDF pp. 2 to 4 and pp. 8 to 11, Tables 1, 3, and 6","The paper trains random forest, multilayer perceptron, and nearest-neighbour classifiers and selects the best head.",high
EVD2382,P17610,,,DES0200,,classification_centrality,evaluated_paper,https://doi.org/10.1145/3646547.3688435,"2-4, 8-11",,"PDF pp. 2 to 4 and pp. 8 to 11, Tables 1, 3, and 6",Per-flow user-platform classification is a central contribution and evaluation.,high
EVD2383,P17610,,,DES0200,,training_test_design,evaluated_paper,https://doi.org/10.1145/3646547.3688435,"2-4, 8-11",,"PDF pp. 2 to 4 and pp. 8 to 11, Tables 1, 3, and 6",The provider-specific model is trained on the laboratory corpus and evaluated on independently captured home traffic from the same complete provider-specific platform scheme.,high
EVD2384,P17610,,,DES0200,,client_and_network_condition_support,evaluated_paper,https://doi.org/10.1145/3646547.3688435,8-11,,"PDF pp. 8 to 11, laboratory evaluation and home validation","The complete provider-specific platform scheme is represented evenly in the laboratory capture and the independent home capture. The devices are the same, while operating-system and software-agent versions differ. The provider-specific model is trained on the laboratory capture and evaluated on the home capture.",high
EVD2385,P17610,,,DES0201,,protocol_identity,evaluated_paper,https://doi.org/10.1145/3646547.3688435,"2-4, 8-11",,"PDF pp. 2 to 4 and pp. 8 to 11, Tables 1, 3, and 6","Netflix, Disney+, and Amazon Prime Video use HTTPS over TCP. The qualifying YouTube branch is the separately reported TCP and TLS classifier head. The QUIC head is excluded.",high
EVD2386,P17610,,,DES0201,,passive_observation,evaluated_paper,https://doi.org/10.1145/3646547.3688435,"2-4, 8-11",,"PDF pp. 2 to 4 and pp. 8 to 11, Tables 1, 3, and 6",The deployed pipeline receives a copy of border traffic and classifies observed video flows.,high
EVD2387,P17610,,,DES0201,,supervised_fixed_labels,evaluated_paper,https://doi.org/10.1145/3646547.3688435,"2-4, 8-11",,"PDF pp. 2 to 4 and pp. 8 to 11, Tables 1, 3, and 6",Provider-specific classifier heads predict a fixed user-platform set for each provider and transport protocol.,high
EVD2388,P17610,,,DES0201,,learned_classifier,evaluated_paper,https://doi.org/10.1145/3646547.3688435,"2-4, 8-11",,"PDF pp. 2 to 4 and pp. 8 to 11, Tables 1, 3, and 6","The paper trains random forest, multilayer perceptron, and nearest-neighbour classifiers and selects the best head.",high
EVD2389,P17610,,,DES0201,,classification_centrality,evaluated_paper,https://doi.org/10.1145/3646547.3688435,"2-4, 8-11",,"PDF pp. 2 to 4 and pp. 8 to 11, Tables 1, 3, and 6",Per-flow user-platform classification is a central contribution and evaluation.,high
EVD2390,P17610,,,DES0201,,training_test_design,evaluated_paper,https://doi.org/10.1145/3646547.3688435,"2-4, 8-11",,"PDF pp. 2 to 4 and pp. 8 to 11, Tables 1, 3, and 6",The provider-specific model is trained on the laboratory corpus and evaluated on independently captured home traffic from the same complete provider-specific platform scheme.,high
EVD2391,P17610,,,DES0201,,client_and_network_condition_support,evaluated_paper,https://doi.org/10.1145/3646547.3688435,8-11,,"PDF pp. 8 to 11, laboratory evaluation and home validation","The complete provider-specific platform scheme is represented evenly in the laboratory capture and the independent home capture. The devices are the same, while operating-system and software-agent versions differ. The provider-specific model is trained on the laboratory capture and evaluated on the home capture.",high
EVD2392,P17815,,,DES0202,,protocol_identity,evaluated_paper,https://www.ndss-symposium.org/ndss-paper/encrypted-dns-privacy-a-traffic-analysis-perspective/,"1-6, 11-12",,"PDF pp. 1 to 6 and pp. 11 to 12, threat model, data, and evaluation",The qualifying conditions use DNS over HTTPS or DNS over TLS. Both protocols expose only encrypted TLS traffic to the observer.,high
EVD2393,P17815,,,DES0202,,passive_observation,evaluated_paper,https://www.ndss-symposium.org/ndss-paper/encrypted-dns-privacy-a-traffic-analysis-perspective/,"1-6, 11-12",,"PDF pp. 1 to 6 and pp. 11 to 12, threat model, data, and evaluation",The threat model is a passive network observer of encrypted DNS page-load traces.,high
EVD2394,P17815,,,DES0202,,supervised_fixed_labels,evaluated_paper,https://www.ndss-symposium.org/ndss-paper/encrypted-dns-privacy-a-traffic-analysis-perspective/,"1-6, 11-12",,"PDF pp. 1 to 6 and pp. 11 to 12, threat model, data, and evaluation",The reported tasks predict fixed website identity sets in closed-world and transfer evaluations.,high
EVD2395,P17815,,,DES0202,,learned_classifier,evaluated_paper,https://www.ndss-symposium.org/ndss-paper/encrypted-dns-privacy-a-traffic-analysis-perspective/,"1-6, 11-12",,"PDF pp. 1 to 6 and pp. 11 to 12, threat model, data, and evaluation",The paper trains supervised website classifiers from labeled encrypted-DNS traces.,high
EVD2396,P17815,,,DES0202,,classification_centrality,evaluated_paper,https://www.ndss-symposium.org/ndss-paper/encrypted-dns-privacy-a-traffic-analysis-perspective/,"1-6, 11-12",,"PDF pp. 1 to 6 and pp. 11 to 12, threat model, data, and evaluation",Website identification from encrypted DNS is the paper's main task.,high
EVD2397,P17815,,,DES0202,,training_test_design,evaluated_paper,https://www.ndss-symposium.org/ndss-paper/encrypted-dns-privacy-a-traffic-analysis-perspective/,"1-6, 11-12",,"PDF pp. 1 to 6 and pp. 11 to 12, threat model, data, and evaluation",Training: Nine sample folds from LOC1. Testing: Remaining LOC1 sample fold.,high
EVD2398,P17815,,,DES0203,,protocol_identity,evaluated_paper,https://www.ndss-symposium.org/ndss-paper/encrypted-dns-privacy-a-traffic-analysis-perspective/,"1-6, 11-12",,"PDF pp. 1 to 6 and pp. 11 to 12, threat model, data, and evaluation",The qualifying conditions use DNS over HTTPS or DNS over TLS. Both protocols expose only encrypted TLS traffic to the observer.,high
EVD2399,P17815,,,DES0203,,passive_observation,evaluated_paper,https://www.ndss-symposium.org/ndss-paper/encrypted-dns-privacy-a-traffic-analysis-perspective/,"1-6, 11-12",,"PDF pp. 1 to 6 and pp. 11 to 12, threat model, data, and evaluation",The threat model is a passive network observer of encrypted DNS page-load traces.,high
EVD2400,P17815,,,DES0203,,supervised_fixed_labels,evaluated_paper,https://www.ndss-symposium.org/ndss-paper/encrypted-dns-privacy-a-traffic-analysis-perspective/,"1-6, 11-12",,"PDF pp. 1 to 6 and pp. 11 to 12, threat model, data, and evaluation",The reported tasks predict fixed website identity sets in closed-world and transfer evaluations.,high
EVD2401,P17815,,,DES0203,,learned_classifier,evaluated_paper,https://www.ndss-symposium.org/ndss-paper/encrypted-dns-privacy-a-traffic-analysis-perspective/,"1-6, 11-12",,"PDF pp. 1 to 6 and pp. 11 to 12, threat model, data, and evaluation",The paper trains supervised website classifiers from labeled encrypted-DNS traces.,high
EVD2402,P17815,,,DES0203,,classification_centrality,evaluated_paper,https://www.ndss-symposium.org/ndss-paper/encrypted-dns-privacy-a-traffic-analysis-perspective/,"1-6, 11-12",,"PDF pp. 1 to 6 and pp. 11 to 12, threat model, data, and evaluation",Website identification from encrypted DNS is the paper's main task.,high
EVD2403,P17815,,,DES0203,,training_test_design,evaluated_paper,https://www.ndss-symposium.org/ndss-paper/encrypted-dns-privacy-a-traffic-analysis-perspective/,"1-6, 11-12",,"PDF pp. 1 to 6 and pp. 11 to 12, threat model, data, and evaluation",Training: One complete two-week interval. Testing: A distinct two-week interval from the same ten-week campaign.,high
EVD2404,P17815,,,DES0204,,protocol_identity,evaluated_paper,https://www.ndss-symposium.org/ndss-paper/encrypted-dns-privacy-a-traffic-analysis-perspective/,"1-6, 11-12",,"PDF pp. 1 to 6 and pp. 11 to 12, threat model, data, and evaluation",The qualifying conditions use DNS over HTTPS or DNS over TLS. Both protocols expose only encrypted TLS traffic to the observer.,high
EVD2405,P17815,,,DES0204,,passive_observation,evaluated_paper,https://www.ndss-symposium.org/ndss-paper/encrypted-dns-privacy-a-traffic-analysis-perspective/,"1-6, 11-12",,"PDF pp. 1 to 6 and pp. 11 to 12, threat model, data, and evaluation",The threat model is a passive network observer of encrypted DNS page-load traces.,high
EVD2406,P17815,,,DES0204,,supervised_fixed_labels,evaluated_paper,https://www.ndss-symposium.org/ndss-paper/encrypted-dns-privacy-a-traffic-analysis-perspective/,"1-6, 11-12",,"PDF pp. 1 to 6 and pp. 11 to 12, threat model, data, and evaluation",The reported tasks predict fixed website identity sets in closed-world and transfer evaluations.,high
EVD2407,P17815,,,DES0204,,learned_classifier,evaluated_paper,https://www.ndss-symposium.org/ndss-paper/encrypted-dns-privacy-a-traffic-analysis-perspective/,"1-6, 11-12",,"PDF pp. 1 to 6 and pp. 11 to 12, threat model, data, and evaluation",The paper trains supervised website classifiers from labeled encrypted-DNS traces.,high
EVD2408,P17815,,,DES0204,,classification_centrality,evaluated_paper,https://www.ndss-symposium.org/ndss-paper/encrypted-dns-privacy-a-traffic-analysis-perspective/,"1-6, 11-12",,"PDF pp. 1 to 6 and pp. 11 to 12, threat model, data, and evaluation",Website identification from encrypted DNS is the paper's main task.,high
EVD2409,P17815,,,DES0204,,training_test_design,evaluated_paper,https://www.ndss-symposium.org/ndss-paper/encrypted-dns-privacy-a-traffic-analysis-perspective/,"1-6, 11-12",,"PDF pp. 1 to 6 and pp. 11 to 12, threat model, data, and evaluation",Training: Samples from one reported environment. Testing: Samples from a different environment.,high
EVD2410,P18222,,,DES0205,,protocol_identity,evaluated_paper,https://www.ndss-symposium.org/ndss-paper/low-quality-training-data-only-a-robust-framework-for-detecting-encrypted-malicious-network-traffic/,"2, 7-8",,"PDF pp. 2, 7 to 8, Secs. III and V.A to V.B",The paper explicitly states that all packets in the DoHBrw and IDS evaluation datasets are TLS encapsulated and that features are extracted from each TLS flow.,high
EVD2411,P18222,,,DES0205,,passive_observation,evaluated_paper,https://www.ndss-symposium.org/ndss-paper/low-quality-training-data-only-a-robust-framework-for-detecting-encrypted-malicious-network-traffic/,"2, 7-8",,"PDF pp. 2, 7 to 8, Secs. III and V.A to V.B",RAPIER is positioned at an internal-network gateway and classifies observed outgoing encrypted flows.,high
EVD2412,P18222,,,DES0205,,supervised_fixed_labels,evaluated_paper,https://www.ndss-symposium.org/ndss-paper/low-quality-training-data-only-a-robust-framework-for-detecting-encrypted-malicious-network-traffic/,"2, 7-8",,"PDF pp. 2, 7 to 8, Secs. III and V.A to V.B","The final detector is trained to predict the fixed labels normal and malicious, after auxiliary representation learning, label correction, and feature-space augmentation.",high
EVD2413,P18222,,,DES0205,,learned_classifier,evaluated_paper,https://www.ndss-symposium.org/ndss-paper/low-quality-training-data-only-a-robust-framework-for-detecting-encrypted-malicious-network-traffic/,"2, 7-8",,"PDF pp. 2, 7 to 8, Secs. III and V.A to V.B",The final Co-teaching and multilayer-perceptron detector is trained on labeled normal and malicious samples.,high
EVD2414,P18222,,,DES0205,,classification_centrality,evaluated_paper,https://www.ndss-symposium.org/ndss-paper/low-quality-training-data-only-a-robust-framework-for-detecting-encrypted-malicious-network-traffic/,"2, 7-8",,"PDF pp. 2, 7 to 8, Secs. III and V.A to V.B",Binary encrypted-malicious-flow detection is the central task.,high
EVD2415,P18222,,,DES0205,,training_test_design,evaluated_paper,https://www.ndss-symposium.org/ndss-paper/low-quality-training-data-only-a-robust-framework-for-detecting-encrypted-malicious-network-traffic/,"2, 7-8",,"PDF pp. 2, 7 to 8, Secs. III and V.A to V.B",A small labeled training subset is sampled from first-day set T1 and the complete later set T2 is used for testing under each training-size and label-noise setting.,high
EVD2416,P18222,,,DES0205,,temporal_condition_holdout,evaluated_paper,https://www.ndss-symposium.org/ndss-paper/low-quality-training-data-only-a-robust-framework-for-detecting-encrypted-malicious-network-traffic/,7-8,,"PDF pp. 7 to 8, Secs. V.A and V.B",A small labeled training subset is sampled from first-day set T1 and the complete later set T2 is used for testing under each training-size and label-noise setting.,high
EVD2417,P18222,,,DES0206,,protocol_identity,evaluated_paper,https://www.ndss-symposium.org/ndss-paper/low-quality-training-data-only-a-robust-framework-for-detecting-encrypted-malicious-network-traffic/,"2, 7-8",,"PDF pp. 2, 7 to 8, Secs. III and V.A to V.B",The paper explicitly states that all packets in the DoHBrw and IDS evaluation datasets are TLS encapsulated and that features are extracted from each TLS flow.,high
EVD2418,P18222,,,DES0206,,passive_observation,evaluated_paper,https://www.ndss-symposium.org/ndss-paper/low-quality-training-data-only-a-robust-framework-for-detecting-encrypted-malicious-network-traffic/,"2, 7-8",,"PDF pp. 2, 7 to 8, Secs. III and V.A to V.B",RAPIER is positioned at an internal-network gateway and classifies observed outgoing encrypted flows.,high
EVD2419,P18222,,,DES0206,,supervised_fixed_labels,evaluated_paper,https://www.ndss-symposium.org/ndss-paper/low-quality-training-data-only-a-robust-framework-for-detecting-encrypted-malicious-network-traffic/,"2, 7-8",,"PDF pp. 2, 7 to 8, Secs. III and V.A to V.B","The final detector is trained to predict the fixed labels normal and malicious, after auxiliary representation learning, label correction, and feature-space augmentation.",high
EVD2420,P18222,,,DES0206,,learned_classifier,evaluated_paper,https://www.ndss-symposium.org/ndss-paper/low-quality-training-data-only-a-robust-framework-for-detecting-encrypted-malicious-network-traffic/,"2, 7-8",,"PDF pp. 2, 7 to 8, Secs. III and V.A to V.B",The final Co-teaching and multilayer-perceptron detector is trained on labeled normal and malicious samples.,high
EVD2421,P18222,,,DES0206,,classification_centrality,evaluated_paper,https://www.ndss-symposium.org/ndss-paper/low-quality-training-data-only-a-robust-framework-for-detecting-encrypted-malicious-network-traffic/,"2, 7-8",,"PDF pp. 2, 7 to 8, Secs. III and V.A to V.B",Binary encrypted-malicious-flow detection is the central task.,high
EVD2422,P18222,,,DES0206,,training_test_design,evaluated_paper,https://www.ndss-symposium.org/ndss-paper/low-quality-training-data-only-a-robust-framework-for-detecting-encrypted-malicious-network-traffic/,"2, 7-8",,"PDF pp. 2, 7 to 8, Secs. III and V.A to V.B",Encrypted CSE-CIC-IDS2018 flows and CIC-InvesAndMal2019 malicious TLS flows form the complete binary task. Training uses T1 and testing uses T2.,high
EVD2423,P18222,,,DES0206,,temporal_condition_holdout,evaluated_paper,https://www.ndss-symposium.org/ndss-paper/low-quality-training-data-only-a-robust-framework-for-detecting-encrypted-malicious-network-traffic/,7-8,,"PDF pp. 7 to 8, Secs. V.A and V.B",Encrypted CSE-CIC-IDS2018 flows and CIC-InvesAndMal2019 malicious TLS flows form the complete binary task. Training uses T1 and testing uses T2.,high
EVD2424,P18222,,,DES0207,,protocol_identity,evaluated_paper,https://www.ndss-symposium.org/ndss-paper/low-quality-training-data-only-a-robust-framework-for-detecting-encrypted-malicious-network-traffic/,"2, 7-8",,"PDF pp. 2, 7 to 8, Secs. III and V.A to V.B",The paper explicitly states that all packets in the DoHBrw and IDS evaluation datasets are TLS encapsulated and that features are extracted from each TLS flow.,high
EVD2425,P18222,,,DES0207,,passive_observation,evaluated_paper,https://www.ndss-symposium.org/ndss-paper/low-quality-training-data-only-a-robust-framework-for-detecting-encrypted-malicious-network-traffic/,"2, 7-8",,"PDF pp. 2, 7 to 8, Secs. III and V.A to V.B",RAPIER is positioned at an internal-network gateway and classifies observed outgoing encrypted flows.,high
EVD2426,P18222,,,DES0207,,supervised_fixed_labels,evaluated_paper,https://www.ndss-symposium.org/ndss-paper/low-quality-training-data-only-a-robust-framework-for-detecting-encrypted-malicious-network-traffic/,"2, 7-8",,"PDF pp. 2, 7 to 8, Secs. III and V.A to V.B","The final detector is trained to predict the fixed labels normal and malicious, after auxiliary representation learning, label correction, and feature-space augmentation.",high
EVD2427,P18222,,,DES0207,,learned_classifier,evaluated_paper,https://www.ndss-symposium.org/ndss-paper/low-quality-training-data-only-a-robust-framework-for-detecting-encrypted-malicious-network-traffic/,"2, 7-8",,"PDF pp. 2, 7 to 8, Secs. III and V.A to V.B",The final Co-teaching and multilayer-perceptron detector is trained on labeled normal and malicious samples.,high
EVD2428,P18222,,,DES0207,,classification_centrality,evaluated_paper,https://www.ndss-symposium.org/ndss-paper/low-quality-training-data-only-a-robust-framework-for-detecting-encrypted-malicious-network-traffic/,"2, 7-8",,"PDF pp. 2, 7 to 8, Secs. III and V.A to V.B",Binary encrypted-malicious-flow detection is the central task.,high
EVD2429,P18222,,,DES0207,,training_test_design,evaluated_paper,https://www.ndss-symposium.org/ndss-paper/low-quality-training-data-only-a-robust-framework-for-detecting-encrypted-malicious-network-traffic/,"2, 7-8",,"PDF pp. 2, 7 to 8, Secs. III and V.A to V.B",The IDS training set is retained while later malicious DoHBrw samples are assigned to the test set to create the paper's IDS/DoHBrw evolution design.,high
EVD2430,P18222,,,DES0207,,temporal_condition_holdout,evaluated_paper,https://www.ndss-symposium.org/ndss-paper/low-quality-training-data-only-a-robust-framework-for-detecting-encrypted-malicious-network-traffic/,7-8,,"PDF pp. 7 to 8, Secs. V.A and V.B",The IDS training set is retained while later malicious DoHBrw samples are assigned to the test set to create the paper's IDS/DoHBrw evolution design.,high
EVD2431,P38868,,,DES0208,,protocol_identity,evaluated_paper,https://www.usenix.org/conference/nsdi25/presentation/wan-gerry,"9, 16",,"PDF p. 9, Sec. 5, and p. 16, Appendix",Campus connections are labeled using TLS SNI before the model uses statistical flow records. This establishes a TLS-over-TCP population for the application task.,high
EVD2432,P38868,,,DES0208,,passive_observation,evaluated_paper,https://www.usenix.org/conference/nsdi25/presentation/wan-gerry,"9, 16",,"PDF p. 9, Sec. 5, and p. 16, Appendix",CATO classifies passively observed connection records at a campus network vantage.,high
EVD2433,P38868,,,DES0208,,supervised_fixed_labels,evaluated_paper,https://www.usenix.org/conference/nsdi25/presentation/wan-gerry,"9, 16",,"PDF p. 9, Sec. 5, and p. 16, Appendix",The campus task predicts six named applications plus an Other class.,high
EVD2434,P38868,,,DES0208,,learned_classifier,evaluated_paper,https://www.usenix.org/conference/nsdi25/presentation/wan-gerry,"9, 16",,"PDF p. 9, Sec. 5, and p. 16, Appendix",The paper trains a learned application classifier on labeled flow records.,high
EVD2435,P38868,,,DES0208,,classification_centrality,evaluated_paper,https://www.usenix.org/conference/nsdi25/presentation/wan-gerry,"9, 16",,"PDF p. 9, Sec. 5, and p. 16, Appendix",Traffic classification and efficient model construction are central evaluated contributions.,high
EVD2436,P38868,,,DES0208,,training_test_design,evaluated_paper,https://www.usenix.org/conference/nsdi25/presentation/wan-gerry,"9, 16",,"PDF p. 9, Sec. 5, and p. 16, Appendix","Training: Four-fifths of the campus flow records, with nested folds for pipeline optimization. Testing: Final 20% flow holdout from the same corpus.",high
EVD2437,P39015,,,DES0209,,protocol_identity,evaluated_paper,https://doi.org/10.1145/3545948.3545983,"3, 7-9",,"PDF pp. 3 and 7 to 9, dataset and experiment sections",The paper states that it focuses only on standardized TLS-encrypted traffic and passively retains TLS flows from its captures.,high
EVD2438,P39015,,,DES0209,,passive_observation,evaluated_paper,https://doi.org/10.1145/3545948.3545983,"3, 7-9",,"PDF pp. 3 and 7 to 9, dataset and experiment sections",Traffic is passively captured and converted into TLS-flow host graphs.,high
EVD2439,P39015,,,DES0209,,supervised_fixed_labels,evaluated_paper,https://doi.org/10.1145/3545948.3545983,"3, 7-9",,"PDF pp. 3 and 7 to 9, dataset and experiment sections",The paper evaluates fixed benign or malicious labels and fixed malware-family labels.,high
EVD2440,P39015,,,DES0209,,learned_classifier,evaluated_paper,https://doi.org/10.1145/3545948.3545983,"3, 7-9",,"PDF pp. 3 and 7 to 9, dataset and experiment sections",A supervised spatiotemporal graph classifier is trained on the labeled TLS traffic.,high
EVD2441,P39015,,,DES0209,,classification_centrality,evaluated_paper,https://doi.org/10.1145/3545948.3545983,"3, 7-9",,"PDF pp. 3 and 7 to 9, dataset and experiment sections",TLS malware detection and family classification are the central tasks.,high
EVD2442,P39015,,,DES0209,,training_test_design,evaluated_paper,https://doi.org/10.1145/3545948.3545983,"3, 7-9",,"PDF pp. 3 and 7 to 9, dataset and experiment sections",Training: Eighty-percent sample partition. Testing: Twenty-percent partition from the same corpus.,high
EVD2443,P39015,,,DES0210,,protocol_identity,evaluated_paper,https://doi.org/10.1145/3545948.3545983,"3, 7-9",,"PDF pp. 3 and 7 to 9, dataset and experiment sections",The paper states that it focuses only on standardized TLS-encrypted traffic and passively retains TLS flows from its captures.,high
EVD2444,P39015,,,DES0210,,passive_observation,evaluated_paper,https://doi.org/10.1145/3545948.3545983,"3, 7-9",,"PDF pp. 3 and 7 to 9, dataset and experiment sections",Traffic is passively captured and converted into TLS-flow host graphs.,high
EVD2445,P39015,,,DES0210,,supervised_fixed_labels,evaluated_paper,https://doi.org/10.1145/3545948.3545983,"3, 7-9",,"PDF pp. 3 and 7 to 9, dataset and experiment sections",The paper evaluates fixed benign or malicious labels and fixed malware-family labels.,high
EVD2446,P39015,,,DES0210,,learned_classifier,evaluated_paper,https://doi.org/10.1145/3545948.3545983,"3, 7-9",,"PDF pp. 3 and 7 to 9, dataset and experiment sections",A supervised spatiotemporal graph classifier is trained on the labeled TLS traffic.,high
EVD2447,P39015,,,DES0210,,classification_centrality,evaluated_paper,https://doi.org/10.1145/3545948.3545983,"3, 7-9",,"PDF pp. 3 and 7 to 9, dataset and experiment sections",TLS malware detection and family classification are the central tasks.,high
EVD2448,P39015,,,DES0210,,training_test_design,evaluated_paper,https://doi.org/10.1145/3545948.3545983,"3, 7-9",,"PDF pp. 3 and 7 to 9, dataset and experiment sections",Training: Eighty-percent sample partition. Testing: Twenty-percent partition from the same corpus.,high
EVD2449,P39015,,,DES0211,,protocol_identity,evaluated_paper,https://doi.org/10.1145/3545948.3545983,"3, 7-9",,"PDF pp. 3 and 7 to 9, dataset and experiment sections",The paper states that it focuses only on standardized TLS-encrypted traffic and passively retains TLS flows from its captures.,high
EVD2450,P39015,,,DES0211,,passive_observation,evaluated_paper,https://doi.org/10.1145/3545948.3545983,"3, 7-9",,"PDF pp. 3 and 7 to 9, dataset and experiment sections",Traffic is passively captured and converted into TLS-flow host graphs.,high
EVD2451,P39015,,,DES0211,,supervised_fixed_labels,evaluated_paper,https://doi.org/10.1145/3545948.3545983,"3, 7-9",,"PDF pp. 3 and 7 to 9, dataset and experiment sections",The paper evaluates fixed benign or malicious labels and fixed malware-family labels.,high
EVD2452,P39015,,,DES0211,,learned_classifier,evaluated_paper,https://doi.org/10.1145/3545948.3545983,"3, 7-9",,"PDF pp. 3 and 7 to 9, dataset and experiment sections",A supervised spatiotemporal graph classifier is trained on the labeled TLS traffic.,high
EVD2453,P39015,,,DES0211,,classification_centrality,evaluated_paper,https://doi.org/10.1145/3545948.3545983,"3, 7-9",,"PDF pp. 3 and 7 to 9, dataset and experiment sections",TLS malware detection and family classification are the central tasks.,high
EVD2454,P39015,,,DES0211,,training_test_design,evaluated_paper,https://doi.org/10.1145/3545948.3545983,"3, 7-9",,"PDF pp. 3 and 7 to 9, dataset and experiment sections",The paper evaluates a binary benign-versus-malicious label view separately from its malware-family experiment.,high
EVD2455,P39015,,,DES0212,,protocol_identity,evaluated_paper,https://doi.org/10.1145/3545948.3545983,"3, 7-9",,"PDF pp. 3 and 7 to 9, dataset and experiment sections",The paper states that it focuses only on standardized TLS-encrypted traffic and passively retains TLS flows from its captures.,high
EVD2456,P39015,,,DES0212,,passive_observation,evaluated_paper,https://doi.org/10.1145/3545948.3545983,"3, 7-9",,"PDF pp. 3 and 7 to 9, dataset and experiment sections",Traffic is passively captured and converted into TLS-flow host graphs.,high
EVD2457,P39015,,,DES0212,,supervised_fixed_labels,evaluated_paper,https://doi.org/10.1145/3545948.3545983,"3, 7-9",,"PDF pp. 3 and 7 to 9, dataset and experiment sections",The paper evaluates fixed benign or malicious labels and fixed malware-family labels.,high
EVD2458,P39015,,,DES0212,,learned_classifier,evaluated_paper,https://doi.org/10.1145/3545948.3545983,"3, 7-9",,"PDF pp. 3 and 7 to 9, dataset and experiment sections",A supervised spatiotemporal graph classifier is trained on the labeled TLS traffic.,high
EVD2459,P39015,,,DES0212,,classification_centrality,evaluated_paper,https://doi.org/10.1145/3545948.3545983,"3, 7-9",,"PDF pp. 3 and 7 to 9, dataset and experiment sections",TLS malware detection and family classification are the central tasks.,high
EVD2460,P39015,,,DES0212,,training_test_design,evaluated_paper,https://doi.org/10.1145/3545948.3545983,"3, 7-9",,"PDF pp. 3 and 7 to 9, dataset and experiment sections",The paper evaluates a binary benign-versus-malicious label view separately from its malware-family experiment.,high
EVD2461,P39111,,,DES0213,,protocol_identity,evaluated_paper,https://doi.org/10.1145/3678890.3678921,"1-4, 7-9",,"PDF pp. 1 to 4 and pp. 7 to 9, abstract, overview, and evaluation",All labeled classifier evaluations operate on TLS 1.2 or TLS 1.3 connections from legitimate and C2 traffic corpora.,high
EVD2462,P39111,,,DES0213,,passive_observation,evaluated_paper,https://doi.org/10.1145/3678890.3678921,"1-4, 7-9",,"PDF pp. 1 to 4 and pp. 7 to 9, abstract, overview, and evaluation",The abstract and threat model explicitly describe passive TLS traffic classification.,high
EVD2463,P39111,,,DES0213,,supervised_fixed_labels,evaluated_paper,https://doi.org/10.1145/3678890.3678921,"1-4, 7-9",,"PDF pp. 1 to 4 and pp. 7 to 9, abstract, overview, and evaluation",C-Cert and C-Behav predict the fixed binary labels legitimate and C2.,high
EVD2464,P39111,,,DES0213,,learned_classifier,evaluated_paper,https://doi.org/10.1145/3678890.3678921,"1-4, 7-9",,"PDF pp. 1 to 4 and pp. 7 to 9, abstract, overview, and evaluation",The paper trains decision-tree and random-forest C2 classifiers on labeled TLS 1.2 flows.,high
EVD2465,P39111,,,DES0213,,classification_centrality,evaluated_paper,https://doi.org/10.1145/3678890.3678921,"1-4, 7-9",,"PDF pp. 1 to 4 and pp. 7 to 9, abstract, overview, and evaluation",Adapting learned TLS 1.2 C2 detection to TLS 1.3 is the central research question.,high
EVD2466,P39111,,,DES0213,,training_test_design,evaluated_paper,https://doi.org/10.1145/3678890.3678921,"1-4, 7-9",,"PDF pp. 1 to 4 and pp. 7 to 9, abstract, overview, and evaluation",C-Cert and C-Behav are trained on labeled TLS 1.2 legitimate and C2 traffic and evaluated on held-out TLS 1.2 traffic.,high
EVD2467,P39111,,,DES0214,,protocol_identity,evaluated_paper,https://doi.org/10.1145/3678890.3678921,"1-4, 7-9",,"PDF pp. 1 to 4 and pp. 7 to 9, abstract, overview, and evaluation",All labeled classifier evaluations operate on TLS 1.2 or TLS 1.3 connections from legitimate and C2 traffic corpora.,high
EVD2468,P39111,,,DES0214,,passive_observation,evaluated_paper,https://doi.org/10.1145/3678890.3678921,"1-4, 7-9",,"PDF pp. 1 to 4 and pp. 7 to 9, abstract, overview, and evaluation",The abstract and threat model explicitly describe passive TLS traffic classification.,high
EVD2469,P39111,,,DES0214,,supervised_fixed_labels,evaluated_paper,https://doi.org/10.1145/3678890.3678921,"1-4, 7-9",,"PDF pp. 1 to 4 and pp. 7 to 9, abstract, overview, and evaluation",C-Cert and C-Behav predict the fixed binary labels legitimate and C2.,high
EVD2470,P39111,,,DES0214,,learned_classifier,evaluated_paper,https://doi.org/10.1145/3678890.3678921,"1-4, 7-9",,"PDF pp. 1 to 4 and pp. 7 to 9, abstract, overview, and evaluation",The paper trains decision-tree and random-forest C2 classifiers on labeled TLS 1.2 flows.,high
EVD2471,P39111,,,DES0214,,classification_centrality,evaluated_paper,https://doi.org/10.1145/3678890.3678921,"1-4, 7-9",,"PDF pp. 1 to 4 and pp. 7 to 9, abstract, overview, and evaluation",Adapting learned TLS 1.2 C2 detection to TLS 1.3 is the central research question.,high
EVD2472,P39111,,,DES0214,,training_test_design,evaluated_paper,https://doi.org/10.1145/3678890.3678921,"1-4, 7-9",,"PDF pp. 1 to 4 and pp. 7 to 9, abstract, overview, and evaluation",The same C-Cert and C-Behav classifiers trained only on TLS 1.2 are evaluated on labeled legitimate and C2 TLS 1.3 connections.,high
EVD2473,P39132,,,DES0215,,protocol_identity,evaluated_paper,https://doi.org/10.1145/3678890.3678910,"2-6, 10",,"PDF pp. 2 to 6 and p. 10, threat model, datasets, and experiments",The evaluated page loads are HTTPS traffic represented from TLS records and encrypted packet sequences.,high
EVD2474,P39132,,,DES0215,,passive_observation,evaluated_paper,https://doi.org/10.1145/3678890.3678910,"2-6, 10",,"PDF pp. 2 to 6 and p. 10, threat model, datasets, and experiments",The paper assumes a passive observer of encrypted web traffic.,high
EVD2475,P39132,,,DES0215,,supervised_fixed_labels,evaluated_paper,https://doi.org/10.1145/3678890.3678910,"2-6, 10",,"PDF pp. 2 to 6 and p. 10, threat model, datasets, and experiments",Every retained task predicts a fixed domain or page identity set.,high
EVD2476,P39132,,,DES0215,,learned_classifier,evaluated_paper,https://doi.org/10.1145/3678890.3678910,"2-6, 10",,"PDF pp. 2 to 6 and p. 10, threat model, datasets, and experiments",The method trains supervised protocol-aware website-fingerprinting models.,high
EVD2477,P39132,,,DES0215,,classification_centrality,evaluated_paper,https://doi.org/10.1145/3678890.3678910,"2-6, 10",,"PDF pp. 2 to 6 and p. 10, threat model, datasets, and experiments",HTTPS page and domain fingerprinting are the central evaluated tasks.,high
EVD2478,P39132,,,DES0215,,training_test_design,evaluated_paper,https://doi.org/10.1145/3678890.3678910,"2-6, 10",,"PDF pp. 2 to 6 and p. 10, threat model, datasets, and experiments",Training: Each task benchmarks learned models using five-fold cross-validation; folds are not grouped by collection time. Testing: Each task benchmarks learned models using five-fold cross-validation; folds are not grouped by collection time.,high
EVD2479,P39132,,,DES0216,,protocol_identity,evaluated_paper,https://doi.org/10.1145/3678890.3678910,"2-6, 10",,"PDF pp. 2 to 6 and p. 10, threat model, datasets, and experiments",The evaluated page loads are HTTPS traffic represented from TLS records and encrypted packet sequences.,high
EVD2480,P39132,,,DES0216,,passive_observation,evaluated_paper,https://doi.org/10.1145/3678890.3678910,"2-6, 10",,"PDF pp. 2 to 6 and p. 10, threat model, datasets, and experiments",The paper assumes a passive observer of encrypted web traffic.,high
EVD2481,P39132,,,DES0216,,supervised_fixed_labels,evaluated_paper,https://doi.org/10.1145/3678890.3678910,"2-6, 10",,"PDF pp. 2 to 6 and p. 10, threat model, datasets, and experiments",Every retained task predicts a fixed domain or page identity set.,high
EVD2482,P39132,,,DES0216,,learned_classifier,evaluated_paper,https://doi.org/10.1145/3678890.3678910,"2-6, 10",,"PDF pp. 2 to 6 and p. 10, threat model, datasets, and experiments",The method trains supervised protocol-aware website-fingerprinting models.,high
EVD2483,P39132,,,DES0216,,classification_centrality,evaluated_paper,https://doi.org/10.1145/3678890.3678910,"2-6, 10",,"PDF pp. 2 to 6 and p. 10, threat model, datasets, and experiments",HTTPS page and domain fingerprinting are the central evaluated tasks.,high
EVD2484,P39132,,,DES0216,,training_test_design,evaluated_paper,https://doi.org/10.1145/3678890.3678910,"2-6, 10",,"PDF pp. 2 to 6 and p. 10, threat model, datasets, and experiments",Training: Each task benchmarks learned models using five-fold cross-validation; folds are not grouped by collection time. Testing: Each task benchmarks learned models using five-fold cross-validation; folds are not grouped by collection time.,high
EVD2485,P39132,,,DES0217,,protocol_identity,evaluated_paper,https://doi.org/10.1145/3678890.3678910,"2-6, 10",,"PDF pp. 2 to 6 and p. 10, threat model, datasets, and experiments",The evaluated page loads are HTTPS traffic represented from TLS records and encrypted packet sequences.,high
EVD2486,P39132,,,DES0217,,passive_observation,evaluated_paper,https://doi.org/10.1145/3678890.3678910,"2-6, 10",,"PDF pp. 2 to 6 and p. 10, threat model, datasets, and experiments",The paper assumes a passive observer of encrypted web traffic.,high
EVD2487,P39132,,,DES0217,,supervised_fixed_labels,evaluated_paper,https://doi.org/10.1145/3678890.3678910,"2-6, 10",,"PDF pp. 2 to 6 and p. 10, threat model, datasets, and experiments",Every retained task predicts a fixed domain or page identity set.,high
EVD2488,P39132,,,DES0217,,learned_classifier,evaluated_paper,https://doi.org/10.1145/3678890.3678910,"2-6, 10",,"PDF pp. 2 to 6 and p. 10, threat model, datasets, and experiments",The method trains supervised protocol-aware website-fingerprinting models.,high
EVD2489,P39132,,,DES0217,,classification_centrality,evaluated_paper,https://doi.org/10.1145/3678890.3678910,"2-6, 10",,"PDF pp. 2 to 6 and p. 10, threat model, datasets, and experiments",HTTPS page and domain fingerprinting are the central evaluated tasks.,high
EVD2490,P39132,,,DES0217,,training_test_design,evaluated_paper,https://doi.org/10.1145/3678890.3678910,"2-6, 10",,"PDF pp. 2 to 6 and p. 10, threat model, datasets, and experiments",Training: Each task benchmarks learned models using five-fold cross-validation; folds are not grouped by collection time. Testing: Each task benchmarks learned models using five-fold cross-validation; folds are not grouped by collection time.,high
EVD2491,P39132,,,DES0218,,protocol_identity,evaluated_paper,https://doi.org/10.1145/3678890.3678910,"2-6, 10",,"PDF pp. 2 to 6 and p. 10, threat model, datasets, and experiments",The evaluated page loads are HTTPS traffic represented from TLS records and encrypted packet sequences.,high
EVD2492,P39132,,,DES0218,,passive_observation,evaluated_paper,https://doi.org/10.1145/3678890.3678910,"2-6, 10",,"PDF pp. 2 to 6 and p. 10, threat model, datasets, and experiments",The paper assumes a passive observer of encrypted web traffic.,high
EVD2493,P39132,,,DES0218,,supervised_fixed_labels,evaluated_paper,https://doi.org/10.1145/3678890.3678910,"2-6, 10",,"PDF pp. 2 to 6 and p. 10, threat model, datasets, and experiments",Every retained task predicts a fixed domain or page identity set.,high
EVD2494,P39132,,,DES0218,,learned_classifier,evaluated_paper,https://doi.org/10.1145/3678890.3678910,"2-6, 10",,"PDF pp. 2 to 6 and p. 10, threat model, datasets, and experiments",The method trains supervised protocol-aware website-fingerprinting models.,high
EVD2495,P39132,,,DES0218,,classification_centrality,evaluated_paper,https://doi.org/10.1145/3678890.3678910,"2-6, 10",,"PDF pp. 2 to 6 and p. 10, threat model, datasets, and experiments",HTTPS page and domain fingerprinting are the central evaluated tasks.,high
EVD2496,P39132,,,DES0218,,training_test_design,evaluated_paper,https://doi.org/10.1145/3678890.3678910,"2-6, 10",,"PDF pp. 2 to 6 and p. 10, threat model, datasets, and experiments",Training: Each task benchmarks learned models using five-fold cross-validation; folds are not grouped by collection time. Testing: Each task benchmarks learned models using five-fold cross-validation; folds are not grouped by collection time.,high
EVD2497,P39132,,,DES0219,,protocol_identity,evaluated_paper,https://doi.org/10.1145/3678890.3678910,"2-6, 10",,"PDF pp. 2 to 6 and p. 10, threat model, datasets, and experiments",The evaluated page loads are HTTPS traffic represented from TLS records and encrypted packet sequences.,high
EVD2498,P39132,,,DES0219,,passive_observation,evaluated_paper,https://doi.org/10.1145/3678890.3678910,"2-6, 10",,"PDF pp. 2 to 6 and p. 10, threat model, datasets, and experiments",The paper assumes a passive observer of encrypted web traffic.,high
EVD2499,P39132,,,DES0219,,supervised_fixed_labels,evaluated_paper,https://doi.org/10.1145/3678890.3678910,"2-6, 10",,"PDF pp. 2 to 6 and p. 10, threat model, datasets, and experiments",Every retained task predicts a fixed domain or page identity set.,high
EVD2500,P39132,,,DES0219,,learned_classifier,evaluated_paper,https://doi.org/10.1145/3678890.3678910,"2-6, 10",,"PDF pp. 2 to 6 and p. 10, threat model, datasets, and experiments",The method trains supervised protocol-aware website-fingerprinting models.,high
EVD2501,P39132,,,DES0219,,classification_centrality,evaluated_paper,https://doi.org/10.1145/3678890.3678910,"2-6, 10",,"PDF pp. 2 to 6 and p. 10, threat model, datasets, and experiments",HTTPS page and domain fingerprinting are the central evaluated tasks.,high
EVD2502,P39132,,,DES0219,,training_test_design,evaluated_paper,https://doi.org/10.1145/3678890.3678910,"2-6, 10",,"PDF pp. 2 to 6 and p. 10, threat model, datasets, and experiments",Training: Models trained only on cached traffic are tested on non-cached traffic and vice versa. Testing: Models trained only on cached traffic are tested on non-cached traffic and vice versa.,high
EVD2503,P39132,,,DES0220,,protocol_identity,evaluated_paper,https://doi.org/10.1145/3678890.3678910,"2-6, 10",,"PDF pp. 2 to 6 and p. 10, threat model, datasets, and experiments",The evaluated page loads are HTTPS traffic represented from TLS records and encrypted packet sequences.,high
EVD2504,P39132,,,DES0220,,passive_observation,evaluated_paper,https://doi.org/10.1145/3678890.3678910,"2-6, 10",,"PDF pp. 2 to 6 and p. 10, threat model, datasets, and experiments",The paper assumes a passive observer of encrypted web traffic.,high
EVD2505,P39132,,,DES0220,,supervised_fixed_labels,evaluated_paper,https://doi.org/10.1145/3678890.3678910,"2-6, 10",,"PDF pp. 2 to 6 and p. 10, threat model, datasets, and experiments",Every retained task predicts a fixed domain or page identity set.,high
EVD2506,P39132,,,DES0220,,learned_classifier,evaluated_paper,https://doi.org/10.1145/3678890.3678910,"2-6, 10",,"PDF pp. 2 to 6 and p. 10, threat model, datasets, and experiments",The method trains supervised protocol-aware website-fingerprinting models.,high
EVD2507,P39132,,,DES0220,,classification_centrality,evaluated_paper,https://doi.org/10.1145/3678890.3678910,"2-6, 10",,"PDF pp. 2 to 6 and p. 10, threat model, datasets, and experiments",HTTPS page and domain fingerprinting are the central evaluated tasks.,high
EVD2508,P39132,,,DES0220,,training_test_design,evaluated_paper,https://doi.org/10.1145/3678890.3678910,"2-6, 10",,"PDF pp. 2 to 6 and p. 10, threat model, datasets, and experiments",Training: The mixed scenario includes cached and non-cached samples in training and tests on an unseen mixture. Testing: The mixed scenario includes cached and non-cached samples in training and tests on an unseen mixture.,high
EVD2509,P39132,,,DES0221,,protocol_identity,evaluated_paper,https://doi.org/10.1145/3678890.3678910,"2-6, 10",,"PDF pp. 2 to 6 and p. 10, threat model, datasets, and experiments",The evaluated page loads are HTTPS traffic represented from TLS records and encrypted packet sequences.,high
EVD2510,P39132,,,DES0221,,passive_observation,evaluated_paper,https://doi.org/10.1145/3678890.3678910,"2-6, 10",,"PDF pp. 2 to 6 and p. 10, threat model, datasets, and experiments",The paper assumes a passive observer of encrypted web traffic.,high
EVD2511,P39132,,,DES0221,,supervised_fixed_labels,evaluated_paper,https://doi.org/10.1145/3678890.3678910,"2-6, 10",,"PDF pp. 2 to 6 and p. 10, threat model, datasets, and experiments",Every retained task predicts a fixed domain or page identity set.,high
EVD2512,P39132,,,DES0221,,learned_classifier,evaluated_paper,https://doi.org/10.1145/3678890.3678910,"2-6, 10",,"PDF pp. 2 to 6 and p. 10, threat model, datasets, and experiments",The method trains supervised protocol-aware website-fingerprinting models.,high
EVD2513,P39132,,,DES0221,,classification_centrality,evaluated_paper,https://doi.org/10.1145/3678890.3678910,"2-6, 10",,"PDF pp. 2 to 6 and p. 10, threat model, datasets, and experiments",HTTPS page and domain fingerprinting are the central evaluated tasks.,high
EVD2514,P39132,,,DES0221,,training_test_design,evaluated_paper,https://doi.org/10.1145/3678890.3678910,"2-6, 10",,"PDF pp. 2 to 6 and p. 10, threat model, datasets, and experiments",Training: Models trained on desktop-user-agent traffic are tested on mobile-user-agent traffic and vice versa. Testing: Models trained on desktop-user-agent traffic are tested on mobile-user-agent traffic and vice versa.,high
EVD2515,P39132,,,DES0222,,protocol_identity,evaluated_paper,https://doi.org/10.1145/3678890.3678910,"2-6, 10",,"PDF pp. 2 to 6 and p. 10, threat model, datasets, and experiments",The evaluated page loads are HTTPS traffic represented from TLS records and encrypted packet sequences.,high
EVD2516,P39132,,,DES0222,,passive_observation,evaluated_paper,https://doi.org/10.1145/3678890.3678910,"2-6, 10",,"PDF pp. 2 to 6 and p. 10, threat model, datasets, and experiments",The paper assumes a passive observer of encrypted web traffic.,high
EVD2517,P39132,,,DES0222,,supervised_fixed_labels,evaluated_paper,https://doi.org/10.1145/3678890.3678910,"2-6, 10",,"PDF pp. 2 to 6 and p. 10, threat model, datasets, and experiments",Every retained task predicts a fixed domain or page identity set.,high
EVD2518,P39132,,,DES0222,,learned_classifier,evaluated_paper,https://doi.org/10.1145/3678890.3678910,"2-6, 10",,"PDF pp. 2 to 6 and p. 10, threat model, datasets, and experiments",The method trains supervised protocol-aware website-fingerprinting models.,high
EVD2519,P39132,,,DES0222,,classification_centrality,evaluated_paper,https://doi.org/10.1145/3678890.3678910,"2-6, 10",,"PDF pp. 2 to 6 and p. 10, threat model, datasets, and experiments",HTTPS page and domain fingerprinting are the central evaluated tasks.,high
EVD2520,P39132,,,DES0222,,training_test_design,evaluated_paper,https://doi.org/10.1145/3678890.3678910,"2-6, 10",,"PDF pp. 2 to 6 and p. 10, threat model, datasets, and experiments",Training: The mixed-user-agent model trains and tests on a mixture of desktop and mobile User-Agent traffic. Testing: The mixed-user-agent model trains and tests on a mixture of desktop and mobile User-Agent traffic.,high
EVD2521,P39497,,,DES0223,,protocol_identity,evaluated_paper,https://doi.org/10.1145/3603269.3604840,"6-10, 14-15",,"PDF pp. 6 to 10 and pp. 14 to 15, Secs. 6 to 7 and Appendix B",Trace C contains DoH and non-DoH TLS flows. Trace F evaluates a cleartext-trained SMTP classifier on SMTP-over-TLS and other TLS flows.,high
EVD2522,P39497,,,DES0223,,passive_observation,evaluated_paper,https://doi.org/10.1145/3603269.3604840,"6-10, 14-15",,"PDF pp. 6 to 10 and pp. 14 to 15, Secs. 6 to 7 and Appendix B",Both tasks use operational traces observed at university network edges.,high
EVD2523,P39497,,,DES0223,,supervised_fixed_labels,evaluated_paper,https://doi.org/10.1145/3603269.3604840,"6-10, 14-15",,"PDF pp. 6 to 10 and pp. 14 to 15, Secs. 6 to 7 and Appendix B",The complete evaluated schemes are binary DoH versus other TLS and SMTP-over-TLS versus other TLS.,high
EVD2524,P39497,,,DES0223,,learned_classifier,evaluated_paper,https://doi.org/10.1145/3603269.3604840,"6-10, 14-15",,"PDF pp. 6 to 10 and pp. 14 to 15, Secs. 6 to 7 and Appendix B",GGFAST learns feature snippets and resulting supervised classifiers from labeled flows.,high
EVD2525,P39497,,,DES0223,,classification_centrality,evaluated_paper,https://doi.org/10.1145/3603269.3604840,"6-10, 14-15",,"PDF pp. 6 to 10 and pp. 14 to 15, Secs. 6 to 7 and Appendix B",Automated construction and evaluation of learned traffic classifiers is the paper's central contribution.,high
EVD2526,P39497,,,DES0223,,training_test_design,evaluated_paper,https://doi.org/10.1145/3603269.3604840,"6-10, 14-15",,"PDF pp. 6 to 10 and pp. 14 to 15, Secs. 6 to 7 and Appendix B",GGFAST learns a binary classifier from labeled DoH and non-DoH TLS flows in trace C and evaluates it on held-out flows.,high
EVD2527,P39804,,,DES0224,,protocol_identity,evaluated_paper,https://doi.org/10.1145/3718958.3750498,3-4,,"PDF pp. 3 to 4, dataset and evaluation tables",The retained CSTNET task is explicitly a TLS 1.3 website dataset with 120 classes.,high
EVD2528,P39804,,,DES0224,,passive_observation,evaluated_paper,https://doi.org/10.1145/3718958.3750498,3-4,,"PDF pp. 3 to 4, dataset and evaluation tables",The models classify stored packet or flow observations without active probing.,high
EVD2529,P39804,,,DES0224,,supervised_fixed_labels,evaluated_paper,https://doi.org/10.1145/3718958.3750498,3-4,,"PDF pp. 3 to 4, dataset and evaluation tables",The retained task predicts one of 120 fixed website identities.,high
EVD2530,P39804,,,DES0224,,learned_classifier,evaluated_paper,https://doi.org/10.1145/3718958.3750498,3-4,,"PDF pp. 3 to 4, dataset and evaluation tables",The paper trains supervised packet-level and flow-level deep classifiers.,high
EVD2531,P39804,,,DES0224,,classification_centrality,evaluated_paper,https://doi.org/10.1145/3718958.3750498,3-4,,"PDF pp. 3 to 4, dataset and evaluation tables",Multitask traffic classification is a central empirical contribution.,high
EVD2532,P39804,,,DES0224,,training_test_design,evaluated_paper,https://doi.org/10.1145/3718958.3750498,3-4,,"PDF pp. 3 to 4, dataset and evaluation tables","Training: Seven-eighths per-flow training partition, class-balanced by undersampling. Testing: One-eighth per-flow test partition retaining the observed class distribution.",high
EVD2533,P39804,,,DES0225,,protocol_identity,evaluated_paper,https://doi.org/10.1145/3718958.3750498,3-4,,"PDF pp. 3 to 4, dataset and evaluation tables",The retained CSTNET task is explicitly a TLS 1.3 website dataset with 120 classes.,high
EVD2534,P39804,,,DES0225,,passive_observation,evaluated_paper,https://doi.org/10.1145/3718958.3750498,3-4,,"PDF pp. 3 to 4, dataset and evaluation tables",The models classify stored packet or flow observations without active probing.,high
EVD2535,P39804,,,DES0225,,supervised_fixed_labels,evaluated_paper,https://doi.org/10.1145/3718958.3750498,3-4,,"PDF pp. 3 to 4, dataset and evaluation tables",The retained task predicts one of 120 fixed website identities.,high
EVD2536,P39804,,,DES0225,,learned_classifier,evaluated_paper,https://doi.org/10.1145/3718958.3750498,3-4,,"PDF pp. 3 to 4, dataset and evaluation tables",The paper trains supervised packet-level and flow-level deep classifiers.,high
EVD2537,P39804,,,DES0225,,classification_centrality,evaluated_paper,https://doi.org/10.1145/3718958.3750498,3-4,,"PDF pp. 3 to 4, dataset and evaluation tables",Multitask traffic classification is a central empirical contribution.,high
EVD2538,P39804,,,DES0225,,training_test_design,evaluated_paper,https://doi.org/10.1145/3718958.3750498,3-4,,"PDF pp. 3 to 4, dataset and evaluation tables",Training: 80% random packet partition. Testing: 10% random packet partition.,high
EVD2539,P39804,,,DES0226,,protocol_identity,evaluated_paper,https://doi.org/10.1145/3718958.3750498,3-4,,"PDF pp. 3 to 4, dataset and evaluation tables",The retained CSTNET task is explicitly a TLS 1.3 website dataset with 120 classes.,high
EVD2540,P39804,,,DES0226,,passive_observation,evaluated_paper,https://doi.org/10.1145/3718958.3750498,3-4,,"PDF pp. 3 to 4, dataset and evaluation tables",The models classify stored packet or flow observations without active probing.,high
EVD2541,P39804,,,DES0226,,supervised_fixed_labels,evaluated_paper,https://doi.org/10.1145/3718958.3750498,3-4,,"PDF pp. 3 to 4, dataset and evaluation tables",The retained task predicts one of 120 fixed website identities.,high
EVD2542,P39804,,,DES0226,,learned_classifier,evaluated_paper,https://doi.org/10.1145/3718958.3750498,3-4,,"PDF pp. 3 to 4, dataset and evaluation tables",The paper trains supervised packet-level and flow-level deep classifiers.,high
EVD2543,P39804,,,DES0226,,classification_centrality,evaluated_paper,https://doi.org/10.1145/3718958.3750498,3-4,,"PDF pp. 3 to 4, dataset and evaluation tables",Multitask traffic classification is a central empirical contribution.,high
EVD2544,P39804,,,DES0226,,training_test_design,evaluated_paper,https://doi.org/10.1145/3718958.3750498,3-4,,"PDF pp. 3 to 4, dataset and evaluation tables",Training: Seven-eighths per-flow training partition. Testing: One-eighth per-flow test partition.,high
EVD2545,P41766,,,DES0227,,protocol_identity,evaluated_paper,https://doi.org/10.1109/SP61157.2025.00102,7-9,,"PDF pp. 7 to 9, dataset and downstream evaluation",The retained CSTNET task is explicitly TLS 1.3 traffic from 120 websites.,high
EVD2546,P41766,,,DES0227,,passive_observation,evaluated_paper,https://doi.org/10.1109/SP61157.2025.00102,7-9,,"PDF pp. 7 to 9, dataset and downstream evaluation",The model classifies stored TLS flows and does not probe targets.,high
EVD2547,P41766,,,DES0227,,supervised_fixed_labels,evaluated_paper,https://doi.org/10.1109/SP61157.2025.00102,7-9,,"PDF pp. 7 to 9, dataset and downstream evaluation",The output is one of 120 fixed website identities.,high
EVD2548,P41766,,,DES0227,,learned_classifier,evaluated_paper,https://doi.org/10.1109/SP61157.2025.00102,7-9,,"PDF pp. 7 to 9, dataset and downstream evaluation",The paper fine-tunes a learned masked-autoencoder representation for supervised classification.,high
EVD2549,P41766,,,DES0227,,classification_centrality,evaluated_paper,https://doi.org/10.1109/SP61157.2025.00102,7-9,,"PDF pp. 7 to 9, dataset and downstream evaluation",General traffic representation and downstream classification are central evaluations.,high
EVD2550,P41766,,,DES0227,,training_test_design,evaluated_paper,https://doi.org/10.1109/SP61157.2025.00102,7-9,,"PDF pp. 7 to 9, dataset and downstream evaluation",Training: Eight tenths per-class training. Testing: One tenth per-class test.,high
EVD2551,P42690,,,DES0228,,protocol_identity,evaluated_paper,https://www.usenix.org/conference/usenixsecurity23/presentation/qu,"7, 14",,"PDF p. 7, Sec. 4.1, and p. 14, Appendix A.3","The KWS dataset contains 5,000 traces for 50 keywords, and the paper explicitly calls each trace HTTPS encrypted.",high
EVD2552,P42690,,,DES0228,,passive_observation,evaluated_paper,https://www.usenix.org/conference/usenixsecurity23/presentation/qu,"7, 14",,"PDF p. 7, Sec. 4.1, and p. 14, Appendix A.3","The framework classifies captured packet, flow, and trace metadata without interacting with the observed session.",high
EVD2553,P42690,,,DES0228,,supervised_fixed_labels,evaluated_paper,https://www.usenix.org/conference/usenixsecurity23/presentation/qu,"7, 14",,"PDF p. 7, Sec. 4.1, and p. 14, Appendix A.3",The KWS task predicts one of 50 fixed search-keyword labels.,high
EVD2554,P42690,,,DES0228,,learned_classifier,evaluated_paper,https://www.usenix.org/conference/usenixsecurity23/presentation/qu,"7, 14",,"PDF p. 7, Sec. 4.1, and p. 14, Appendix A.3","The hierarchical CNN, BiLSTM, and attention framework is trained with labeled KWS traces.",high
EVD2555,P42690,,,DES0228,,classification_centrality,evaluated_paper,https://www.usenix.org/conference/usenixsecurity23/presentation/qu,"7, 14",,"PDF p. 7, Sec. 4.1, and p. 14, Appendix A.3","Traffic fingerprinting across several downstream tasks is the central evaluation, and KWS is one complete task.",high
EVD2556,P42690,,,DES0228,,training_test_design,evaluated_paper,https://www.usenix.org/conference/usenixsecurity23/presentation/qu,"7, 14",,"PDF p. 7, Sec. 4.1, and p. 14, Appendix A.3",Training: The paper evaluates the task with sample-level 10-fold cross-validation; folds are not grouped by capture period or parent campaign. Testing: The paper evaluates the task with sample-level 10-fold cross-validation; folds are not grouped by capture period or parent campaign.,high
EVD2557,P43001,,,DES0229,,protocol_identity,evaluated_paper,https://www.usenix.org/conference/usenixsecurity23/presentation/xie,"3-6, 10-11",,"PDF pp. 3 to 6 and pp. 10 to 11, Secs. 3 and 5",The paper evaluates replayed CIRA DoH TLS flows and separately collected real TLS website and application flows.,high
EVD2558,P43001,,,DES0229,,passive_observation,evaluated_paper,https://www.usenix.org/conference/usenixsecurity23/presentation/xie,"3-6, 10-11",,"PDF pp. 3 to 6 and pp. 10 to 11, Secs. 3 and 5",The classifier consumes observed TLS packet-length sequences. Traffic replay changes the path but does not turn classification into active probing.,high
EVD2559,P43001,,,DES0229,,supervised_fixed_labels,evaluated_paper,https://www.usenix.org/conference/usenixsecurity23/presentation/xie,"3-6, 10-11",,"PDF pp. 3 to 6 and pp. 10 to 11, Secs. 3 and 5","The retained tasks use fixed benign or malicious, website, or application labels.",high
EVD2560,P43001,,,DES0229,,learned_classifier,evaluated_paper,https://www.usenix.org/conference/usenixsecurity23/presentation/xie,"3-6, 10-11",,"PDF pp. 3 to 6 and pp. 10 to 11, Secs. 3 and 5",Rosetta augments the representation used by six supervised deep classifiers.,high
EVD2561,P43001,,,DES0229,,classification_centrality,evaluated_paper,https://www.usenix.org/conference/usenixsecurity23/presentation/xie,"3-6, 10-11",,"PDF pp. 3 to 6 and pp. 10 to 11, Secs. 3 and 5",Cross-network TLS classification is the central measurement and systems evaluation.,high
EVD2562,P43001,,,DES0229,,training_test_design,evaluated_paper,https://www.usenix.org/conference/usenixsecurity23/presentation/xie,"3-6, 10-11",,"PDF pp. 3 to 6 and pp. 10 to 11, Secs. 3 and 5",Training: About 1.8 million flows for 12 websites are collected across six network environments over 14 days; models train/test in one environment and are then tested separately on the other environments. Testing: About 1.8 million flows for 12 websites are collected across six network environments over 14 days; models train/test in one environment and are then tested separately on the other environments.,high
EVD2563,P43001,,,DES0230,,protocol_identity,evaluated_paper,https://www.usenix.org/conference/usenixsecurity23/presentation/xie,"3-6, 10-11",,"PDF pp. 3 to 6 and pp. 10 to 11, Secs. 3 and 5",The paper evaluates replayed CIRA DoH TLS flows and separately collected real TLS website and application flows.,high
EVD2564,P43001,,,DES0230,,passive_observation,evaluated_paper,https://www.usenix.org/conference/usenixsecurity23/presentation/xie,"3-6, 10-11",,"PDF pp. 3 to 6 and pp. 10 to 11, Secs. 3 and 5",The classifier consumes observed TLS packet-length sequences. Traffic replay changes the path but does not turn classification into active probing.,high
EVD2565,P43001,,,DES0230,,supervised_fixed_labels,evaluated_paper,https://www.usenix.org/conference/usenixsecurity23/presentation/xie,"3-6, 10-11",,"PDF pp. 3 to 6 and pp. 10 to 11, Secs. 3 and 5","The retained tasks use fixed benign or malicious, website, or application labels.",high
EVD2566,P43001,,,DES0230,,learned_classifier,evaluated_paper,https://www.usenix.org/conference/usenixsecurity23/presentation/xie,"3-6, 10-11",,"PDF pp. 3 to 6 and pp. 10 to 11, Secs. 3 and 5",Rosetta augments the representation used by six supervised deep classifiers.,high
EVD2567,P43001,,,DES0230,,classification_centrality,evaluated_paper,https://www.usenix.org/conference/usenixsecurity23/presentation/xie,"3-6, 10-11",,"PDF pp. 3 to 6 and pp. 10 to 11, Secs. 3 and 5",Cross-network TLS classification is the central measurement and systems evaluation.,high
EVD2568,P43001,,,DES0230,,training_test_design,evaluated_paper,https://www.usenix.org/conference/usenixsecurity23/presentation/xie,"3-6, 10-11",,"PDF pp. 3 to 6 and pp. 10 to 11, Secs. 3 and 5",Training: Application flows for six applications are collected in the six environments; a model trained in one environment is tested in the other environments without a temporal ordering. Testing: Application flows for six applications are collected in the six environments; a model trained in one environment is tested in the other environments without a temporal ordering.,high
EVD2569,P43001,,,DES0231,,protocol_identity,evaluated_paper,https://www.usenix.org/conference/usenixsecurity23/presentation/xie,"3-6, 10-11",,"PDF pp. 3 to 6 and pp. 10 to 11, Secs. 3 and 5",The paper evaluates replayed CIRA DoH TLS flows and separately collected real TLS website and application flows.,high
EVD2570,P43001,,,DES0231,,passive_observation,evaluated_paper,https://www.usenix.org/conference/usenixsecurity23/presentation/xie,"3-6, 10-11",,"PDF pp. 3 to 6 and pp. 10 to 11, Secs. 3 and 5",The classifier consumes observed TLS packet-length sequences. Traffic replay changes the path but does not turn classification into active probing.,high
EVD2571,P43001,,,DES0231,,supervised_fixed_labels,evaluated_paper,https://www.usenix.org/conference/usenixsecurity23/presentation/xie,"3-6, 10-11",,"PDF pp. 3 to 6 and pp. 10 to 11, Secs. 3 and 5","The retained tasks use fixed benign or malicious, website, or application labels.",high
EVD2572,P43001,,,DES0231,,learned_classifier,evaluated_paper,https://www.usenix.org/conference/usenixsecurity23/presentation/xie,"3-6, 10-11",,"PDF pp. 3 to 6 and pp. 10 to 11, Secs. 3 and 5",Rosetta augments the representation used by six supervised deep classifiers.,high
EVD2573,P43001,,,DES0231,,classification_centrality,evaluated_paper,https://www.usenix.org/conference/usenixsecurity23/presentation/xie,"3-6, 10-11",,"PDF pp. 3 to 6 and pp. 10 to 11, Secs. 3 and 5",Cross-network TLS classification is the central measurement and systems evaluation.,high
EVD2574,P43001,,,DES0231,,training_test_design,evaluated_paper,https://www.usenix.org/conference/usenixsecurity23/presentation/xie,"3-6, 10-11",,"PDF pp. 3 to 6 and pp. 10 to 11, Secs. 3 and 5",Models trained on replayed CIRA-CIC-DoHBrw TLS flows in one network environment are evaluated on the same binary label scheme replayed through other environments.,high
EVD2575,P44828,,,DES0232,,protocol_identity,evaluated_paper,https://doi.org/10.1145/3442381.3450008,"2, 5-6",,"PDF p. 2, threat model, and pp. 5 to 6, datasets",The D1 to D3 datasets contain passive HTTPS webpage-load traces collected with tcpdump.,high
EVD2576,P44828,,,DES0232,,passive_observation,evaluated_paper,https://doi.org/10.1145/3442381.3450008,"2, 5-6",,"PDF p. 2, threat model, and pp. 5 to 6, datasets",The threat model explicitly assumes a passive network adversary.,high
EVD2577,P44828,,,DES0232,,supervised_fixed_labels,evaluated_paper,https://doi.org/10.1145/3442381.3450008,"2, 5-6",,"PDF p. 2, threat model, and pp. 5 to 6, datasets",D1 and D2 use fixed page identities. D3 uses 300 monitored page identities plus one unmonitored output class.,high
EVD2578,P44828,,,DES0232,,learned_classifier,evaluated_paper,https://doi.org/10.1145/3442381.3450008,"2, 5-6",,"PDF p. 2, threat model, and pp. 5 to 6, datasets",The paper trains supervised intra-domain webpage-fingerprinting models.,high
EVD2579,P44828,,,DES0232,,classification_centrality,evaluated_paper,https://doi.org/10.1145/3442381.3450008,"2, 5-6",,"PDF p. 2, threat model, and pp. 5 to 6, datasets",HTTPS page fingerprinting is the central attack and evaluation.,high
EVD2580,P44828,,,DES0232,,training_test_design,evaluated_paper,https://doi.org/10.1145/3442381.3450008,"2, 5-6",,"PDF p. 2, threat model, and pp. 5 to 6, datasets",Training: Nine stratified visit folds within a short campus collection. Testing: Remaining visit fold.,high
EVD2581,P44828,,,DES0233,,protocol_identity,evaluated_paper,https://doi.org/10.1145/3442381.3450008,"2, 5-6",,"PDF p. 2, threat model, and pp. 5 to 6, datasets",The D1 to D3 datasets contain passive HTTPS webpage-load traces collected with tcpdump.,high
EVD2582,P44828,,,DES0233,,passive_observation,evaluated_paper,https://doi.org/10.1145/3442381.3450008,"2, 5-6",,"PDF p. 2, threat model, and pp. 5 to 6, datasets",The threat model explicitly assumes a passive network adversary.,high
EVD2583,P44828,,,DES0233,,supervised_fixed_labels,evaluated_paper,https://doi.org/10.1145/3442381.3450008,"2, 5-6",,"PDF p. 2, threat model, and pp. 5 to 6, datasets",D1 and D2 use fixed page identities. D3 uses 300 monitored page identities plus one unmonitored output class.,high
EVD2584,P44828,,,DES0233,,learned_classifier,evaluated_paper,https://doi.org/10.1145/3442381.3450008,"2, 5-6",,"PDF p. 2, threat model, and pp. 5 to 6, datasets",The paper trains supervised intra-domain webpage-fingerprinting models.,high
EVD2585,P44828,,,DES0233,,classification_centrality,evaluated_paper,https://doi.org/10.1145/3442381.3450008,"2, 5-6",,"PDF p. 2, threat model, and pp. 5 to 6, datasets",HTTPS page fingerprinting is the central attack and evaluation.,high
EVD2586,P44828,,,DES0233,,training_test_design,evaluated_paper,https://doi.org/10.1145/3442381.3450008,"2, 5-6",,"PDF p. 2, threat model, and pp. 5 to 6, datasets",Training: Nine stratified visit folds within a short campus collection. Testing: Remaining visit fold.,high
EVD2587,P44828,,,DES0234,,protocol_identity,evaluated_paper,https://doi.org/10.1145/3442381.3450008,"2, 5-6",,"PDF p. 2, threat model, and pp. 5 to 6, datasets",The D1 to D3 datasets contain passive HTTPS webpage-load traces collected with tcpdump.,high
EVD2588,P44828,,,DES0234,,passive_observation,evaluated_paper,https://doi.org/10.1145/3442381.3450008,"2, 5-6",,"PDF p. 2, threat model, and pp. 5 to 6, datasets",The threat model explicitly assumes a passive network adversary.,high
EVD2589,P44828,,,DES0234,,supervised_fixed_labels,evaluated_paper,https://doi.org/10.1145/3442381.3450008,"2, 5-6",,"PDF p. 2, threat model, and pp. 5 to 6, datasets",D1 and D2 use fixed page identities. D3 uses 300 monitored page identities plus one unmonitored output class.,high
EVD2590,P44828,,,DES0234,,learned_classifier,evaluated_paper,https://doi.org/10.1145/3442381.3450008,"2, 5-6",,"PDF p. 2, threat model, and pp. 5 to 6, datasets",The paper trains supervised intra-domain webpage-fingerprinting models.,high
EVD2591,P44828,,,DES0234,,classification_centrality,evaluated_paper,https://doi.org/10.1145/3442381.3450008,"2, 5-6",,"PDF p. 2, threat model, and pp. 5 to 6, datasets",HTTPS page fingerprinting is the central attack and evaluation.,high
EVD2592,P44828,,,DES0234,,training_test_design,evaluated_paper,https://doi.org/10.1145/3442381.3450008,"2, 5-6",,"PDF p. 2, threat model, and pp. 5 to 6, datasets",Training: Nine monitored folds plus selected unmonitored visits. Testing: One monitored fold plus remaining unmonitored visits.,high
EVD2593,P45261,,,DES0235,,protocol_identity,evaluated_paper,https://doi.org/10.1145/3485447.3512217,5-7,,"PDF pp. 5 to 7, datasets and evaluation",The retained CSTNET evaluation explicitly uses a 120-class TLS 1.3 traffic dataset.,high
EVD2594,P45261,,,DES0235,,passive_observation,evaluated_paper,https://doi.org/10.1145/3485447.3512217,5-7,,"PDF pp. 5 to 7, datasets and evaluation",The classifier consumes stored TLS flow traces without active interaction.,high
EVD2595,P45261,,,DES0235,,supervised_fixed_labels,evaluated_paper,https://doi.org/10.1145/3485447.3512217,5-7,,"PDF pp. 5 to 7, datasets and evaluation",The task predicts one of 120 fixed application or website identities.,high
EVD2596,P45261,,,DES0235,,learned_classifier,evaluated_paper,https://doi.org/10.1145/3485447.3512217,5-7,,"PDF pp. 5 to 7, datasets and evaluation",The paper trains a supervised transformer on labeled traffic flows.,high
EVD2597,P45261,,,DES0235,,classification_centrality,evaluated_paper,https://doi.org/10.1145/3485447.3512217,5-7,,"PDF pp. 5 to 7, datasets and evaluation",General traffic representation and supervised downstream classification are central evaluations.,high
EVD2598,P45261,,,DES0235,,training_test_design,evaluated_paper,https://doi.org/10.1145/3485447.3512217,5-7,,"PDF pp. 5 to 7, datasets and evaluation",Training: Eight sample parts per downstream dataset. Testing: One sample part from the same dataset.,high
EVD2599,P48758,,,DES0236,,protocol_identity,evaluated_paper,https://doi.org/10.56553/POPETS-2025-0123,"3, 7-10",,"PDF p. 3, threat model, and pp. 7 to 10, datasets and evaluation",The retained strata are explicitly HTTPS-only video streams. Tor strata are excluded.,high
EVD2600,P48758,,,DES0236,,passive_observation,evaluated_paper,https://doi.org/10.56553/POPETS-2025-0123,"3, 7-10",,"PDF p. 3, threat model, and pp. 7 to 10, datasets and evaluation",The threat model explicitly assumes a passive observer of encrypted video traffic.,high
EVD2601,P48758,,,DES0236,,supervised_fixed_labels,evaluated_paper,https://doi.org/10.56553/POPETS-2025-0123,"3, 7-10",,"PDF p. 3, threat model, and pp. 7 to 10, datasets and evaluation","Each retained task predicts one of 60 monitored video identities, with an unmonitored decision where applicable.",high
EVD2602,P48758,,,DES0236,,learned_classifier,evaluated_paper,https://doi.org/10.56553/POPETS-2025-0123,"3, 7-10",,"PDF p. 3, threat model, and pp. 7 to 10, datasets and evaluation",The paper trains supervised video-fingerprinting classifiers on labeled streams.,high
EVD2603,P48758,,,DES0236,,classification_centrality,evaluated_paper,https://doi.org/10.56553/POPETS-2025-0123,"3, 7-10",,"PDF p. 3, threat model, and pp. 7 to 10, datasets and evaluation",Video identification from encrypted traffic is the central attack and evaluation.,high
EVD2604,P48758,,,DES0236,,training_test_design,evaluated_paper,https://doi.org/10.56553/POPETS-2025-0123,"3, 7-10",,"PDF p. 3, threat model, and pp. 7 to 10, datasets and evaluation",Training: Remaining monitored and open-world HTTPS-only training samples. Testing: Ten held-out samples for each monitored video plus unmonitored HTTPS-only test samples.,high
EVD2605,P48758,,,DES0237,,protocol_identity,evaluated_paper,https://doi.org/10.56553/POPETS-2025-0123,"3, 7-10",,"PDF p. 3, threat model, and pp. 7 to 10, datasets and evaluation",The retained strata are explicitly HTTPS-only video streams. Tor strata are excluded.,high
EVD2606,P48758,,,DES0237,,passive_observation,evaluated_paper,https://doi.org/10.56553/POPETS-2025-0123,"3, 7-10",,"PDF p. 3, threat model, and pp. 7 to 10, datasets and evaluation",The threat model explicitly assumes a passive observer of encrypted video traffic.,high
EVD2607,P48758,,,DES0237,,supervised_fixed_labels,evaluated_paper,https://doi.org/10.56553/POPETS-2025-0123,"3, 7-10",,"PDF p. 3, threat model, and pp. 7 to 10, datasets and evaluation","Each retained task predicts one of 60 monitored video identities, with an unmonitored decision where applicable.",high
EVD2608,P48758,,,DES0237,,learned_classifier,evaluated_paper,https://doi.org/10.56553/POPETS-2025-0123,"3, 7-10",,"PDF p. 3, threat model, and pp. 7 to 10, datasets and evaluation",The paper trains supervised video-fingerprinting classifiers on labeled streams.,high
EVD2609,P48758,,,DES0237,,classification_centrality,evaluated_paper,https://doi.org/10.56553/POPETS-2025-0123,"3, 7-10",,"PDF p. 3, threat model, and pp. 7 to 10, datasets and evaluation",Video identification from encrypted traffic is the central attack and evaluation.,high
EVD2610,P48758,,,DES0237,,training_test_design,evaluated_paper,https://doi.org/10.56553/POPETS-2025-0123,"3, 7-10",,"PDF p. 3, threat model, and pp. 7 to 10, datasets and evaluation",Training: 70 HTTPS-only visits per video from the source AWS region. Testing: 10 HTTPS-only visits per video from a different AWS target region.,high
EVD2611,P48758,,,DES0238,,protocol_identity,evaluated_paper,https://doi.org/10.56553/POPETS-2025-0123,"3, 7-10",,"PDF p. 3, threat model, and pp. 7 to 10, datasets and evaluation",The retained strata are explicitly HTTPS-only video streams. Tor strata are excluded.,high
EVD2612,P48758,,,DES0238,,passive_observation,evaluated_paper,https://doi.org/10.56553/POPETS-2025-0123,"3, 7-10",,"PDF p. 3, threat model, and pp. 7 to 10, datasets and evaluation",The threat model explicitly assumes a passive observer of encrypted video traffic.,high
EVD2613,P48758,,,DES0238,,supervised_fixed_labels,evaluated_paper,https://doi.org/10.56553/POPETS-2025-0123,"3, 7-10",,"PDF p. 3, threat model, and pp. 7 to 10, datasets and evaluation","Each retained task predicts one of 60 monitored video identities, with an unmonitored decision where applicable.",high
EVD2614,P48758,,,DES0238,,learned_classifier,evaluated_paper,https://doi.org/10.56553/POPETS-2025-0123,"3, 7-10",,"PDF p. 3, threat model, and pp. 7 to 10, datasets and evaluation",The paper trains supervised video-fingerprinting classifiers on labeled streams.,high
EVD2615,P48758,,,DES0238,,classification_centrality,evaluated_paper,https://doi.org/10.56553/POPETS-2025-0123,"3, 7-10",,"PDF p. 3, threat model, and pp. 7 to 10, datasets and evaluation",Video identification from encrypted traffic is the central attack and evaluation.,high
EVD2616,P48758,,,DES0238,,training_test_design,evaluated_paper,https://doi.org/10.56553/POPETS-2025-0123,"3, 7-10",,"PDF p. 3, threat model, and pp. 7 to 10, datasets and evaluation",Training: Monitored HTTPS-only visits from one of nine source AWS regions. Testing: Monitored and unmonitored HTTPS-only visits from us-west2.,high
