rq1_scheme_decision_id,scheme_id,paper_id,dataset_id,dimension,outcome,condition_pair,complete_class_count,common_pair_class_count,complete_scheme_verified,stable_semantics_verified,condition_membership_recoverable,fresh_parent_traffic_both_values,evidence_ids,decision_basis,confidence
R1S0001,SCH0001,P05927,DS-P05927-PROTOCOL-REPOSITORY,client,not_documented,,2,,yes,yes,unknown,unknown,EVD1688 | EVD1686 | EVD1687,The available paper and dataset evidence does not map every label to two recoverable client values.,medium
R1S0002,SCH0001,P05927,DS-P05927-PROTOCOL-REPOSITORY,network,not_documented,,2,,yes,yes,unknown,unknown,EVD1688 | EVD1686 | EVD1687,The available paper and dataset evidence does not map every label to two recoverable network values.,medium
R1S0003,SCH0001,P05927,DS-P05927-PROTOCOL-REPOSITORY,temporal,not_documented,,2,,yes,yes,unknown,unknown,EVD1688 | EVD1686 | EVD1687,The available paper and dataset evidence does not map every label to two recoverable temporal values.,medium
R1S0004,SCH0002,P07480,DS-ISCX-TOR-2016,client,not_documented,,8,,yes,unknown,unknown,unknown,EVD1885,Class-to-condition mapping was not reported clearly enough to establish coverage.,low
R1S0005,SCH0002,P07480,DS-ISCX-TOR-2016,network,documented_no_support,,8,0,yes,yes,yes,unknown,EVD0827,The documented contrast changes only a Tor overlay and does not establish two qualifying physical network values.,high
R1S0006,SCH0002,P07480,DS-ISCX-TOR-2016,temporal,not_documented,,8,,yes,unknown,unknown,unknown,EVD1885,Class-to-condition mapping was not reported clearly enough to establish coverage.,low
R1S0007,SCH0003,P07480,DS-CIC-IOT-2022,client,not_documented,,10,,yes,unknown,unknown,unknown,EVD1883,Class-to-condition mapping was not reported clearly enough to establish coverage.,low
R1S0008,SCH0003,P07480,DS-CIC-IOT-2022,network,not_documented,,10,,yes,unknown,unknown,unknown,EVD1883,Class-to-condition mapping was not reported clearly enough to establish coverage.,low
R1S0009,SCH0003,P07480,DS-CIC-IOT-2022,temporal,not_documented,,10,,yes,unknown,unknown,unknown,EVD1883,Class-to-condition mapping was not reported clearly enough to establish coverage.,low
R1S0010,SCH0004,P07480,DS-CROSS-PLATFORM-2017,client,not_documented,,411,,yes,unknown,unknown,unknown,EVD0837,"Android/iOS diversity exists globally, but no common application-class mapping across the OS conditions is documented; the 31-app follow-up stack is also unreported.",high
R1S0011,SCH0004,P07480,DS-CROSS-PLATFORM-2017,network,not_documented,,411,,yes,unknown,unknown,unknown,EVD1884,Class-to-condition mapping was not reported clearly enough to establish coverage.,low
R1S0012,SCH0004,P07480,DS-CROSS-PLATFORM-2017,temporal,not_documented,,411,,yes,unknown,unknown,unknown,EVD1884,The original Cross-Platform corpus does not document a within-dataset class-overlapping temporal condition map; the later recapture is evaluated only as a cross-dataset protocol.,high
R1S0013,SCH0005,P07480,DS-ISCX-VPN-2016,client,not_documented,,7,,yes,unknown,unknown,unknown,EVD1886,Class-to-condition mapping was not reported clearly enough to establish coverage.,low
R1S0014,SCH0005,P07480,DS-ISCX-VPN-2016,network,documented_no_support,,7,0,yes,yes,yes,unknown,EVD0845,The documented contrast changes only a VPN overlay and does not establish two qualifying physical network values.,high
R1S0015,SCH0005,P07480,DS-ISCX-VPN-2016,temporal,not_documented,,7,,yes,unknown,unknown,unknown,EVD1886,Class-to-condition mapping was not reported clearly enough to establish coverage.,low
R1S0016,SCH0006,P07480,DS-USTC-TFC-2016,client,not_documented,,20,,yes,unknown,unknown,unknown,EVD1129,"Client hardware, OS, application/malware versions, and within-class mappings are absent from the release manifest.",medium
R1S0017,SCH0006,P07480,DS-USTC-TFC-2016,network,not_documented,,20,,yes,unknown,unknown,unknown,EVD1129,"Capture provenance differs across parts of the corpus, but class-addressable site/access/provider conditions within every class are not documented.",medium
R1S0018,SCH0006,P07480,DS-USTC-TFC-2016,temporal,not_documented,,20,,yes,unknown,unknown,unknown,EVD1129,Class-named capture files lack a versioned timestamp/campaign manifest; file separation does not prove a single or multiple temporal condition within a class.,medium
R1S0019,SCH0007,P11328,DS-CIC-IOT-2022,client,not_documented,,3,,yes,yes,unknown,unknown,EVD1691 | EVD1689 | EVD1690,The available paper and dataset evidence does not map every label to two recoverable client values.,medium
R1S0020,SCH0007,P11328,DS-CIC-IOT-2022,network,not_documented,,3,,yes,yes,unknown,unknown,EVD1691 | EVD1689 | EVD1690,The available paper and dataset evidence does not map every label to two recoverable network values.,medium
R1S0021,SCH0007,P11328,DS-CIC-IOT-2022,temporal,not_documented,,3,,yes,yes,unknown,unknown,EVD1691 | EVD1689 | EVD1690,The available paper and dataset evidence does not map every label to two recoverable temporal values.,medium
R1S0022,SCH0008,P11328,DS-QUIC-2019,client,not_documented,,3,,yes,yes,unknown,unknown,EVD1691 | EVD1689 | EVD1690,The available paper and dataset evidence does not map every label to two recoverable client values.,medium
R1S0023,SCH0008,P11328,DS-QUIC-2019,network,not_documented,,3,,yes,yes,unknown,unknown,EVD1691 | EVD1689 | EVD1690,The available paper and dataset evidence does not map every label to two recoverable network values.,medium
R1S0024,SCH0008,P11328,DS-QUIC-2019,temporal,not_documented,,3,,yes,yes,unknown,unknown,EVD1691 | EVD1689 | EVD1690,The available paper and dataset evidence does not map every label to two recoverable temporal values.,medium
R1S0025,SCH0009,P11328,DS-ISCX-TOR-2016,client,documented_no_support,,3,,yes,yes,yes,no,EVD1705 | EVD1706,"Malware and benign labels are generated by different pipelines, so no common pair of client values covers both labels.",high
R1S0026,SCH0009,P11328,DS-ISCX-TOR-2016,network,documented_no_support,,3,,yes,yes,yes,no,EVD1705 | EVD1706,The composite labels do not share the same two documented network values.,high
R1S0027,SCH0009,P11328,DS-ISCX-TOR-2016,temporal,not_documented,,3,,yes,yes,unknown,unknown,EVD1691 | EVD1689 | EVD1690,The available paper and dataset evidence does not map every label to two recoverable temporal values.,medium
R1S0028,SCH0010,P11328,DS-ISCX-VPN-2016,client,not_documented,,3,,yes,yes,unknown,unknown,EVD1691 | EVD1689 | EVD1690,The available paper and dataset evidence does not map every label to two recoverable client values.,medium
R1S0029,SCH0010,P11328,DS-ISCX-VPN-2016,network,not_documented,,3,,yes,yes,unknown,unknown,EVD1691 | EVD1689 | EVD1690,The available paper and dataset evidence does not map every label to two recoverable network values.,medium
R1S0030,SCH0010,P11328,DS-ISCX-VPN-2016,temporal,not_documented,,3,,yes,yes,unknown,unknown,EVD1691 | EVD1689 | EVD1690,The available paper and dataset evidence does not map every label to two recoverable temporal values.,medium
R1S0031,SCH0011,P12361,DS-CIC-IDS-2017,client,not_documented,,2,,yes,yes,unknown,unknown,EVD1695 | EVD1692 | EVD1694 | EVD1693,The available paper and dataset evidence does not map every label to two recoverable client values.,medium
R1S0032,SCH0011,P12361,DS-CIC-IDS-2017,network,documented_no_support,,2,,yes,yes,yes,no,EVD1695 | EVD1692 | EVD1694 | EVD1693,The complete scheme comes from one documented benchmark testbed or capture environment rather than two network values shared by every label.,high
R1S0033,SCH0011,P12361,DS-CIC-IDS-2017,temporal,not_documented,,2,,yes,yes,unknown,unknown,EVD1695 | EVD1692 | EVD1694 | EVD1693,The available paper and dataset evidence does not map every label to two recoverable temporal values.,medium
R1S0034,SCH0012,P12361,DS-CIC-IDS-2017,client,not_documented,,2,,yes,yes,unknown,unknown,EVD1695 | EVD1692 | EVD1694 | EVD1693,The available paper and dataset evidence does not map every label to two recoverable client values.,medium
R1S0035,SCH0012,P12361,DS-CIC-IDS-2017,network,documented_no_support,,2,,yes,yes,yes,no,EVD1695 | EVD1692 | EVD1694 | EVD1693,The complete scheme comes from one documented benchmark testbed or capture environment rather than two network values shared by every label.,high
R1S0036,SCH0012,P12361,DS-CIC-IDS-2017,temporal,not_documented,,2,,yes,yes,unknown,unknown,EVD1695 | EVD1692 | EVD1694 | EVD1693,The available paper and dataset evidence does not map every label to two recoverable temporal values.,medium
R1S0037,SCH0013,P12361,DS-CIC-IDS-2017,client,not_documented,,2,,yes,yes,unknown,unknown,EVD1695 | EVD1692 | EVD1694 | EVD1693,The available paper and dataset evidence does not map every label to two recoverable client values.,medium
R1S0038,SCH0013,P12361,DS-CIC-IDS-2017,network,documented_no_support,,2,,yes,yes,yes,no,EVD1695 | EVD1692 | EVD1694 | EVD1693,The complete scheme comes from one documented benchmark testbed or capture environment rather than two network values shared by every label.,high
R1S0039,SCH0013,P12361,DS-CIC-IDS-2017,temporal,not_documented,,2,,yes,yes,unknown,unknown,EVD1695 | EVD1692 | EVD1694 | EVD1693,The available paper and dataset evidence does not map every label to two recoverable temporal values.,medium
R1S0040,SCH0014,P12361,DS-CIC-IDS-2017,client,not_documented,,2,,yes,yes,unknown,unknown,EVD1695 | EVD1692 | EVD1694 | EVD1693,The available paper and dataset evidence does not map every label to two recoverable client values.,medium
R1S0041,SCH0014,P12361,DS-CIC-IDS-2017,network,documented_no_support,,2,,yes,yes,yes,no,EVD1695 | EVD1692 | EVD1694 | EVD1693,The complete scheme comes from one documented benchmark testbed or capture environment rather than two network values shared by every label.,high
R1S0042,SCH0014,P12361,DS-CIC-IDS-2017,temporal,not_documented,,2,,yes,yes,unknown,unknown,EVD1695 | EVD1692 | EVD1694 | EVD1693,The available paper and dataset evidence does not map every label to two recoverable temporal values.,medium
R1S0043,SCH0015,P12361,DS-CIC-IDS-2017,client,not_documented,,2,,yes,yes,unknown,unknown,EVD1695 | EVD1692 | EVD1694 | EVD1693,The available paper and dataset evidence does not map every label to two recoverable client values.,medium
R1S0044,SCH0015,P12361,DS-CIC-IDS-2017,network,documented_no_support,,2,,yes,yes,yes,no,EVD1695 | EVD1692 | EVD1694 | EVD1693,The complete scheme comes from one documented benchmark testbed or capture environment rather than two network values shared by every label.,high
R1S0045,SCH0015,P12361,DS-CIC-IDS-2017,temporal,not_documented,,2,,yes,yes,unknown,unknown,EVD1695 | EVD1692 | EVD1694 | EVD1693,The available paper and dataset evidence does not map every label to two recoverable temporal values.,medium
R1S0046,SCH0016,P12361,DS-CIC-IDS-2017,client,not_documented,,2,,yes,yes,unknown,unknown,EVD1695 | EVD1692 | EVD1694 | EVD1693,The available paper and dataset evidence does not map every label to two recoverable client values.,medium
R1S0047,SCH0016,P12361,DS-CIC-IDS-2017,network,documented_no_support,,2,,yes,yes,yes,no,EVD1695 | EVD1692 | EVD1694 | EVD1693,The complete scheme comes from one documented benchmark testbed or capture environment rather than two network values shared by every label.,high
R1S0048,SCH0016,P12361,DS-CIC-IDS-2017,temporal,supported,7 July 2017 firewall-on PortScan block | 7 July 2017 firewall-off PortScan block,2,2,yes,yes,yes,yes,EVD1695 | EVD1692 | EVD1694 | EVD1693,"The official schedule gives non-overlapping PortScan blocks amid Friday normal activity, and labeled flows retain timestamps. Both binary labels are recoverable in each period, with no minimum duration rule.",high
R1S0049,SCH0017,P12361,DS-CIC-IDS-2017,client,not_documented,,2,,yes,yes,unknown,unknown,EVD1695 | EVD1692 | EVD1694 | EVD1693,The available paper and dataset evidence does not map every label to two recoverable client values.,medium
R1S0050,SCH0017,P12361,DS-CIC-IDS-2017,network,documented_no_support,,2,,yes,yes,yes,no,EVD1695 | EVD1692 | EVD1694 | EVD1693,The complete scheme comes from one documented benchmark testbed or capture environment rather than two network values shared by every label.,high
R1S0051,SCH0017,P12361,DS-CIC-IDS-2017,temporal,supported,6 July 2017 first Web Attack window | 6 July 2017 second Web Attack window,2,2,yes,yes,yes,yes,EVD1695 | EVD1692 | EVD1694 | EVD1693,"The official schedule gives three non-overlapping Web Attack windows amid Thursday normal activity, and labeled flows retain timestamps. Both binary labels are recoverable in two periods, with stable merged semantics.",high
R1S0052,SCH0018,P12361,DS-UNSW-NB15,client,not_documented,,2,,yes,yes,unknown,unknown,EVD1695 | EVD1692 | EVD1694 | EVD1693,The available paper and dataset evidence does not map every label to two recoverable client values.,medium
R1S0053,SCH0018,P12361,DS-UNSW-NB15,network,documented_no_support,,2,,yes,yes,yes,no,EVD1695 | EVD1692 | EVD1694 | EVD1693,The complete scheme comes from one documented benchmark testbed or capture environment rather than two network values shared by every label.,high
R1S0054,SCH0018,P12361,DS-UNSW-NB15,temporal,not_documented,,2,,yes,yes,unknown,unknown,EVD1695 | EVD1692 | EVD1694 | EVD1693,The available paper and dataset evidence does not map every label to two recoverable temporal values.,medium
R1S0055,SCH0019,P12435,DS-CROSS-PLATFORM-2017,client,not_documented,,196,,yes,unknown,unknown,unknown,EVD0837,"Android/iOS diversity exists globally, but no common application-class mapping across the OS conditions is documented; the 31-app follow-up stack is also unreported.",high
R1S0056,SCH0019,P12435,DS-CROSS-PLATFORM-2017,network,not_documented,,196,,yes,unknown,unknown,unknown,EVD1891,Class-to-condition mapping was not reported clearly enough to establish coverage.,low
R1S0057,SCH0019,P12435,DS-CROSS-PLATFORM-2017,temporal,not_documented,,196,,yes,unknown,unknown,unknown,EVD1891,The original Cross-Platform corpus does not document a within-dataset class-overlapping temporal condition map; the later recapture is evaluated only as a cross-dataset protocol.,high
R1S0058,SCH0020,P12435,DS-ISCX-TOR-2016,client,not_documented,,7,,yes,unknown,unknown,unknown,EVD1889,Class-to-condition mapping was not reported clearly enough to establish coverage.,low
R1S0059,SCH0020,P12435,DS-ISCX-TOR-2016,network,documented_no_support,,7,,yes,unknown,unknown,unknown,EVD1889,"In this 16-label view, anonymity status is part of the target label rather than an orthogonal network condition.",high
R1S0060,SCH0020,P12435,DS-ISCX-TOR-2016,temporal,not_documented,,7,,yes,unknown,unknown,unknown,EVD1889,Class-to-condition mapping was not reported clearly enough to establish coverage.,low
R1S0061,SCH0021,P12435,DS-CIC-IOT-2023,client,not_documented,,7,,yes,unknown,unknown,unknown,EVD1892,Class-to-condition mapping was not reported clearly enough to establish coverage.,low
R1S0062,SCH0021,P12435,DS-CIC-IOT-2023,network,documented_no_support,,7,0,yes,unknown,unknown,unknown,EVD0843,"Device count and attack count do not create independent site, access-network, or provider conditions.",high
R1S0063,SCH0021,P12435,DS-CIC-IOT-2023,temporal,not_documented,,7,,yes,unknown,unknown,unknown,EVD1892,Class-to-condition mapping was not reported clearly enough to establish coverage.,low
R1S0064,SCH0022,P12435,DS-ISCX-VPN-2016,client,not_documented,,6,,yes,unknown,unknown,unknown,EVD1888,Class-to-condition mapping was not reported clearly enough to establish coverage.,low
R1S0065,SCH0022,P12435,DS-ISCX-VPN-2016,network,not_documented,,6,,yes,unknown,unknown,unknown,EVD1888,Class-to-condition mapping was not reported clearly enough to establish coverage.,low
R1S0066,SCH0022,P12435,DS-ISCX-VPN-2016,temporal,not_documented,,6,,yes,unknown,unknown,unknown,EVD1888,Class-to-condition mapping was not reported clearly enough to establish coverage.,low
R1S0067,SCH0023,P12435,DS-CROSS-PLATFORM-2017,client,not_documented,,212,,yes,unknown,unknown,unknown,EVD0837,"Android/iOS diversity exists globally, but no common application-class mapping across the OS conditions is documented; the 31-app follow-up stack is also unreported.",high
R1S0068,SCH0023,P12435,DS-CROSS-PLATFORM-2017,network,not_documented,,212,,yes,unknown,unknown,unknown,EVD1890,Class-to-condition mapping was not reported clearly enough to establish coverage.,low
R1S0069,SCH0023,P12435,DS-CROSS-PLATFORM-2017,temporal,not_documented,,212,,yes,unknown,unknown,unknown,EVD1890,The original Cross-Platform corpus does not document a within-dataset class-overlapping temporal condition map; the later recapture is evaluated only as a cross-dataset protocol.,high
R1S0070,SCH0024,P13076,DS-CIC-IOT-2022,client,documented_no_support,,6,,yes,unknown,unknown,unknown,EVD1893,Device or activity identity defines the target label in this view; only an orthogonal client property could count.,high
R1S0071,SCH0024,P13076,DS-CIC-IOT-2022,network,not_documented,,6,,yes,unknown,unknown,unknown,EVD1893,Class-to-condition mapping was not reported clearly enough to establish coverage.,low
R1S0072,SCH0024,P13076,DS-CIC-IOT-2022,temporal,not_documented,,6,,yes,unknown,unknown,unknown,EVD1893,Class-to-condition mapping was not reported clearly enough to establish coverage.,low
R1S0073,SCH0025,P13076,DS-ISCX-TOR-2016,client,not_documented,,8,,yes,unknown,unknown,unknown,EVD1897,Class-to-condition mapping was not reported clearly enough to establish coverage.,low
R1S0074,SCH0025,P13076,DS-ISCX-TOR-2016,network,documented_no_support,,8,0,yes,yes,yes,unknown,EVD0827,The documented contrast changes only a Tor overlay and does not establish two qualifying physical network values.,high
R1S0075,SCH0025,P13076,DS-ISCX-TOR-2016,temporal,not_documented,,8,,yes,unknown,unknown,unknown,EVD1897,Class-to-condition mapping was not reported clearly enough to establish coverage.,low
R1S0076,SCH0026,P13076,DS-ISCX-VPN-2016,client,not_documented,,6,,yes,unknown,unknown,unknown,EVD1895,Class-to-condition mapping was not reported clearly enough to establish coverage.,low
R1S0077,SCH0026,P13076,DS-ISCX-VPN-2016,network,not_documented,,6,,yes,unknown,unknown,unknown,EVD1895,Class-to-condition mapping was not reported clearly enough to establish coverage.,low
R1S0078,SCH0026,P13076,DS-ISCX-VPN-2016,temporal,not_documented,,6,,yes,unknown,unknown,unknown,EVD1895,Class-to-condition mapping was not reported clearly enough to establish coverage.,low
R1S0079,SCH0027,P13076,DS-ISCX-TOR-2016,client,not_documented,,8,,yes,unknown,unknown,unknown,EVD1896,Class-to-condition mapping was not reported clearly enough to establish coverage.,low
R1S0080,SCH0027,P13076,DS-ISCX-TOR-2016,network,documented_no_support,,8,0,yes,yes,yes,unknown,EVD0827,The documented contrast changes only a Tor overlay and does not establish two qualifying physical network values.,high
R1S0081,SCH0027,P13076,DS-ISCX-TOR-2016,temporal,not_documented,,8,,yes,unknown,unknown,unknown,EVD1896,Class-to-condition mapping was not reported clearly enough to establish coverage.,low
R1S0082,SCH0028,P13076,DS-ISCX-VPN-2016,client,not_documented,,6,,yes,unknown,unknown,unknown,EVD1894,Class-to-condition mapping was not reported clearly enough to establish coverage.,low
R1S0083,SCH0028,P13076,DS-ISCX-VPN-2016,network,not_documented,,6,,yes,unknown,unknown,unknown,EVD1894,Class-to-condition mapping was not reported clearly enough to establish coverage.,low
R1S0084,SCH0028,P13076,DS-ISCX-VPN-2016,temporal,not_documented,,6,,yes,unknown,unknown,unknown,EVD1894,Class-to-condition mapping was not reported clearly enough to establish coverage.,low
R1S0085,SCH0031,P13937,DS-KDDCUP-99,client,not_documented,,2,,yes,yes,unknown,unknown,EVD1700 | EVD1697 | EVD1699,The available paper and dataset evidence does not map every label to two recoverable client values.,medium
R1S0086,SCH0031,P13937,DS-KDDCUP-99,network,documented_no_support,,2,,yes,yes,yes,no,EVD1700 | EVD1697 | EVD1699,The complete scheme comes from one documented benchmark testbed or capture environment rather than two network values shared by every label.,high
R1S0087,SCH0031,P13937,DS-KDDCUP-99,temporal,not_documented,,2,,yes,yes,unknown,unknown,EVD1700 | EVD1697 | EVD1699,The available paper and dataset evidence does not map every label to two recoverable temporal values.,medium
R1S0088,SCH0032,P13937,DS-UNSW-NB15,client,not_documented,,2,,yes,yes,unknown,unknown,EVD1700 | EVD1697 | EVD1699,The available paper and dataset evidence does not map every label to two recoverable client values.,medium
R1S0089,SCH0032,P13937,DS-UNSW-NB15,network,documented_no_support,,2,,yes,yes,yes,no,EVD1700 | EVD1697 | EVD1699,The complete scheme comes from one documented benchmark testbed or capture environment rather than two network values shared by every label.,high
R1S0090,SCH0032,P13937,DS-UNSW-NB15,temporal,not_documented,,2,,yes,yes,unknown,unknown,EVD1700 | EVD1697 | EVD1699,The available paper and dataset evidence does not map every label to two recoverable temporal values.,medium
R1S0091,SCH0033,P13937,DS-UNSW-NB15,client,not_documented,,2,,yes,yes,unknown,unknown,EVD1700 | EVD1697 | EVD1698,The available paper and dataset evidence does not map every label to two recoverable client values.,medium
R1S0092,SCH0033,P13937,DS-UNSW-NB15,network,documented_no_support,,2,,yes,yes,yes,no,EVD1700 | EVD1697 | EVD1698,The complete scheme comes from one documented benchmark testbed or capture environment rather than two network values shared by every label.,high
R1S0093,SCH0033,P13937,DS-UNSW-NB15,temporal,not_documented,,2,,yes,yes,unknown,unknown,EVD1700 | EVD1697 | EVD1698,The available paper and dataset evidence does not map every label to two recoverable temporal values.,medium
R1S0094,SCH0034,P13937,DS-UNSW-NB15,client,not_documented,,2,,yes,yes,unknown,unknown,EVD1700 | EVD1697 | EVD1698,The available paper and dataset evidence does not map every label to two recoverable client values.,medium
R1S0095,SCH0034,P13937,DS-UNSW-NB15,network,documented_no_support,,2,,yes,yes,yes,no,EVD1700 | EVD1697 | EVD1698,The complete scheme comes from one documented benchmark testbed or capture environment rather than two network values shared by every label.,high
R1S0096,SCH0034,P13937,DS-UNSW-NB15,temporal,not_documented,,2,,yes,yes,unknown,unknown,EVD1700 | EVD1697 | EVD1698,The available paper and dataset evidence does not map every label to two recoverable temporal values.,medium
R1S0097,SCH0035,P13937,DS-UNSW-NB15,client,not_documented,,2,,yes,yes,unknown,unknown,EVD1700 | EVD1697 | EVD1698,The available paper and dataset evidence does not map every label to two recoverable client values.,medium
R1S0098,SCH0035,P13937,DS-UNSW-NB15,network,documented_no_support,,2,,yes,yes,yes,no,EVD1700 | EVD1697 | EVD1698,The complete scheme comes from one documented benchmark testbed or capture environment rather than two network values shared by every label.,high
R1S0099,SCH0035,P13937,DS-UNSW-NB15,temporal,not_documented,,2,,yes,yes,unknown,unknown,EVD1700 | EVD1697 | EVD1698,The available paper and dataset evidence does not map every label to two recoverable temporal values.,medium
R1S0100,SCH0036,P13958,DS-P13958-HOMEMOLE,client,documented_no_support,,10,,yes,unknown,unknown,unknown,EVD1899 | EVD1900,The available sources do not document class-to-condition membership well enough to establish dataset-level feasibility.,high
R1S0101,SCH0036,P13958,DS-P13958-HOMEMOLE,network,not_documented,NAPT vs VPN,10,10,yes,unknown,unknown,unknown,EVD0910,"All ten devices are evaluated under NAPT and VPN. This is an overlay/gateway contrast, not access-network/provider diversity.",high
R1S0102,SCH0036,P13958,DS-P13958-HOMEMOLE,temporal,not_documented,,10,,yes,unknown,unknown,unknown,EVD1899 | EVD1900,The available sources do not document class-to-condition membership well enough to establish dataset-level feasibility.,low
R1S0103,SCH0037,P14000,DS-MALPHASE-VIRUSTOTAL-SANDBOX-PCAPS,client,not_documented,,9,,yes,unknown,unknown,unknown,EVD1902,Class-to-condition mapping was not reported clearly enough to establish coverage.,low
R1S0104,SCH0037,P14000,DS-MALPHASE-VIRUSTOTAL-SANDBOX-PCAPS,network,not_documented,,9,,yes,unknown,unknown,unknown,EVD1902,Class-to-condition mapping was not reported clearly enough to establish coverage.,low
R1S0105,SCH0037,P14000,DS-MALPHASE-VIRUSTOTAL-SANDBOX-PCAPS,temporal,not_documented,,9,,yes,unknown,unknown,unknown,EVD1902,Class-to-condition mapping was not reported clearly enough to establish coverage.,low
R1S0106,SCH0041,P14000,DS-MALPHASE-VIRUSTOTAL-SANDBOX-PCAPS,client,not_documented,,15,,yes,unknown,unknown,unknown,EVD1904,Class-to-condition mapping was not reported clearly enough to establish coverage.,low
R1S0107,SCH0041,P14000,DS-MALPHASE-VIRUSTOTAL-SANDBOX-PCAPS,network,not_documented,,15,,yes,unknown,unknown,unknown,EVD1904,Class-to-condition mapping was not reported clearly enough to establish coverage.,low
R1S0108,SCH0041,P14000,DS-MALPHASE-VIRUSTOTAL-SANDBOX-PCAPS,temporal,not_documented,,15,,yes,unknown,unknown,unknown,EVD1904,Class-to-condition mapping was not reported clearly enough to establish coverage.,low
R1S0109,SCH0047,P14000,DS-MALPHASE-VIRUSTOTAL-SANDBOX-PCAPS,client,not_documented,,5,,yes,unknown,unknown,unknown,EVD1901,Class-to-condition mapping was not reported clearly enough to establish coverage.,low
R1S0110,SCH0047,P14000,DS-MALPHASE-VIRUSTOTAL-SANDBOX-PCAPS,network,not_documented,,5,,yes,unknown,unknown,unknown,EVD1901,Class-to-condition mapping was not reported clearly enough to establish coverage.,low
R1S0111,SCH0047,P14000,DS-MALPHASE-VIRUSTOTAL-SANDBOX-PCAPS,temporal,not_documented,,5,,yes,unknown,unknown,unknown,EVD1901,Class-to-condition mapping was not reported clearly enough to establish coverage.,low
R1S0112,SCH0048,P14000,DS-MALPHASE-VIRUSTOTAL-SANDBOX-PCAPS,client,not_documented,,5,,yes,unknown,unknown,unknown,EVD1903,Class-to-condition mapping was not reported clearly enough to establish coverage.,low
R1S0113,SCH0048,P14000,DS-MALPHASE-VIRUSTOTAL-SANDBOX-PCAPS,network,not_documented,,5,,yes,unknown,unknown,unknown,EVD1903,Class-to-condition mapping was not reported clearly enough to establish coverage.,low
R1S0114,SCH0048,P14000,DS-MALPHASE-VIRUSTOTAL-SANDBOX-PCAPS,temporal,not_documented,,5,,yes,unknown,unknown,unknown,EVD1903,Class-to-condition mapping was not reported clearly enough to establish coverage.,low
R1S0115,SCH0050,P14000,DS-MALPHASE-VIRUSTOTAL-SANDBOX-PCAPS,client,not_documented,,6,,yes,unknown,unknown,unknown,EVD1906,Class-to-condition mapping was not reported clearly enough to establish coverage.,low
R1S0116,SCH0050,P14000,DS-MALPHASE-VIRUSTOTAL-SANDBOX-PCAPS,network,not_documented,,6,,yes,unknown,unknown,unknown,EVD1906,Class-to-condition mapping was not reported clearly enough to establish coverage.,low
R1S0117,SCH0050,P14000,DS-MALPHASE-VIRUSTOTAL-SANDBOX-PCAPS,temporal,not_documented,,6,,yes,unknown,unknown,unknown,EVD1906,Class-to-condition mapping was not reported clearly enough to establish coverage.,low
R1S0118,SCH0052,P14000,DS-MALPHASE-VIRUSTOTAL-SANDBOX-PCAPS,client,not_documented,,3,,yes,unknown,unknown,unknown,EVD1905,Class-to-condition mapping was not reported clearly enough to establish coverage.,low
R1S0119,SCH0052,P14000,DS-MALPHASE-VIRUSTOTAL-SANDBOX-PCAPS,network,not_documented,,3,,yes,unknown,unknown,unknown,EVD1905,Class-to-condition mapping was not reported clearly enough to establish coverage.,low
R1S0120,SCH0052,P14000,DS-MALPHASE-VIRUSTOTAL-SANDBOX-PCAPS,temporal,not_documented,,3,,yes,unknown,unknown,unknown,EVD1905,Class-to-condition mapping was not reported clearly enough to establish coverage.,low
R1S0121,SCH0055,P14188,DS-AWF-2017,client,documented_no_support,,100,0,yes,unknown,unknown,unknown,EVD1145,The corpus varies worker instances but documents one client software/VM configuration.,high
R1S0122,SCH0055,P14188,DS-AWF-2017,network,not_documented,NCM superior vs NCM inferior,100,69,yes,unknown,unknown,unknown,EVD1195,"A paper-selected 69-site subset can be partitioned into superior and inferior NCM groups for every class. NCM is an outcome-derived network-quality composite, not an isolated or operational access-network factor.",high
R1S0123,SCH0055,P14188,DS-AWF-2017,temporal,not_documented,early versus late batch within each 14-day group,100,900,yes,unknown,unknown,unknown,EVD1176,"CW900 is partitionable into class-overlapping early/late samples, but the documented span is far below 3, 6, or 12 months.",high
R1S0124,SCH0056,P14188,DS-P14188-PRIVATE-RELAY-WF-2022,client,documented_no_support,,100,,yes,unknown,unknown,unknown,EVD0914,Physical MacBooks share one reported stack/account.,high
R1S0125,SCH0056,P14188,DS-P14188-PRIVATE-RELAY-WF-2022,network,not_documented,General Location vs Country and Time zone,100,100,yes,unknown,unknown,unknown,EVD0915,"Every website has both PR modes, but this is an overlay/service setting; all traffic uses one campus access network.",high
R1S0126,SCH0056,P14188,DS-P14188-PRIVATE-RELAY-WF-2022,temporal,not_documented,,100,,yes,unknown,unknown,unknown,EVD1909,The available sources do not document class-to-condition membership well enough to establish dataset-level feasibility.,low
R1S0127,SCH0057,P14188,DS-AWF-2017,client,documented_no_support,,100,0,yes,unknown,unknown,unknown,EVD1145,The corpus varies worker instances but documents one client software/VM configuration.,high
R1S0128,SCH0057,P14188,DS-AWF-2017,network,not_documented,NCM superior vs NCM inferior,100,69,yes,unknown,unknown,unknown,EVD1195,"A paper-selected 69-site subset can be partitioned into superior and inferior NCM groups for every class. NCM is an outcome-derived network-quality composite, not an isolated or operational access-network factor.",high
R1S0129,SCH0057,P14188,DS-AWF-2017,temporal,not_documented,early versus late batch within each 14-day group,100,900,yes,unknown,unknown,unknown,EVD1176,"CW900 is partitionable into class-overlapping early/late samples, but the documented span is far below 3, 6, or 12 months.",high
R1S0130,SCH0058,P14188,DS-P14188-PRIVATE-RELAY-WF-2022,client,documented_no_support,,100,,yes,unknown,unknown,unknown,EVD0914,Physical MacBooks share one reported stack/account.,high
R1S0131,SCH0058,P14188,DS-P14188-PRIVATE-RELAY-WF-2022,network,documented_no_support,Private Relay mode 1 | Private Relay mode 2,100,100,yes,unknown,unknown,unknown,EVD0915,Both Private Relay modes are collected from one campus access network. Private Relay state changes an overlay route and is excluded as a network condition.,high
R1S0132,SCH0058,P14188,DS-P14188-PRIVATE-RELAY-WF-2022,temporal,not_documented,,100,,yes,unknown,unknown,unknown,EVD1907,The available sources do not document class-to-condition membership well enough to establish dataset-level feasibility.,low
R1S0133,SCH0059,P14255,DS-P14255-CAPSULEFORMER-DAPP-2022,client,documented_no_support,,10,,yes,unknown,unknown,unknown,EVD0917,One Chrome browser on one computer is reported.,high
R1S0134,SCH0059,P14255,DS-P14255-CAPSULEFORMER-DAPP-2022,network,not_documented,,10,,yes,unknown,unknown,unknown,EVD0918,Chain ecosystem is intertwined with labels and is not an orthogonal access network.,medium
R1S0135,SCH0059,P14255,DS-P14255-CAPSULEFORMER-DAPP-2022,temporal,documented_no_support,,10,,yes,unknown,unknown,unknown,EVD0919,One approximately two-week campaign provides no recollection.,high
R1S0136,SCH0060,P14374,DS-P14374-WHISPERVOICETRACE,client,documented_no_support,,427,,yes,unknown,unknown,unknown,EVD0921,One Pixel and one Voice Match profile are used.,high
R1S0137,SCH0060,P14374,DS-P14374-WHISPERVOICETRACE,network,documented_no_support,single campus collection network | no second qualifying network,427,,yes,unknown,unknown,unknown,EVD1913,"The complete closed-world scheme uses one campus collection network. Configured service countries are remote-service settings, not client access networks.",high
R1S0138,SCH0060,P14374,DS-P14374-WHISPERVOICETRACE,temporal,documented_no_support,,427,,yes,unknown,unknown,unknown,EVD0927,One crawler campaign is reported with no independent per-command recollection.,medium
R1S0139,SCH0061,P14374,DS-P14374-WHISPERVOICETRACE,client,documented_no_support,voice-assistant configuration at location 1 | voice-assistant configuration at location 2,5,20,yes,unknown,unknown,unknown,EVD0920,"Each of the five location labels is tied to one device and country configuration, so the full label set does not recur under either client value.",high
R1S0140,SCH0061,P14374,DS-P14374-WHISPERVOICETRACE,network,not_documented,any two configured countries,5,20,yes,unknown,unknown,unknown,EVD0922,"The subset spans five configured regions, not five access networks; all campus traffic and country is aliased with device.",high
R1S0141,SCH0061,P14374,DS-P14374-WHISPERVOICETRACE,temporal,not_documented,,5,,yes,unknown,unknown,unknown,EVD1920,The available sources do not document class-to-condition membership well enough to establish dataset-level feasibility.,low
R1S0142,SCH0062,P14374,DS-P14374-WHISPERVOICETRACE,client,not_documented,,295,,yes,unknown,unknown,unknown,EVD0923,"Five devices are reported, but the full 300-command device map is absent.",medium
R1S0143,SCH0062,P14374,DS-P14374-WHISPERVOICETRACE,network,documented_no_support,single campus collection network | no second qualifying network,295,,yes,unknown,unknown,unknown,EVD0923,The complete scheme uses one campus collection network. Country and human-factor settings do not supply a second common physical-network value.,high
R1S0144,SCH0062,P14374,DS-P14374-WHISPERVOICETRACE,temporal,documented_no_support,,295,,yes,unknown,unknown,unknown,EVD0926,"All instances of one command finish before the next command, aligning time with class rather than repeating each class.",high
R1S0145,SCH0063,P14374,DS-DEEPVC-ALEXA-2019,client,documented_no_support,,100,0,yes,unknown,unknown,unknown,EVD1165,"Human-speaker diversity does not establish hardware, OS, or client-software diversity.",high
R1S0146,SCH0063,P14374,DS-DEEPVC-ALEXA-2019,network,not_documented,,100,,yes,unknown,unknown,unknown,EVD1914,Class-to-condition mapping was not reported clearly enough to establish coverage.,low
R1S0147,SCH0063,P14374,DS-DEEPVC-ALEXA-2019,temporal,not_documented,,100,,yes,unknown,unknown,unknown,EVD1914,Class-to-condition mapping was not reported clearly enough to establish coverage.,low
R1S0148,SCH0064,P14374,DS-P14374-WHISPERVOICETRACE,client,not_documented,,300,,yes,unknown,unknown,unknown,EVD0923,"Five devices are reported, but the full 300-command device map is absent.",medium
R1S0149,SCH0064,P14374,DS-P14374-WHISPERVOICETRACE,network,not_documented,,300,,yes,unknown,unknown,unknown,EVD0923,The full corpus uses one campus network; country captures cover only the 20-command subset.,medium
R1S0150,SCH0064,P14374,DS-P14374-WHISPERVOICETRACE,temporal,documented_no_support,,300,,yes,unknown,unknown,unknown,EVD0926,"All instances of one command finish before the next command, aligning time with class rather than repeating each class.",high
R1S0151,SCH0065,P14374,DS-P14374-WHISPERVOICETRACE,client,supported,two documented device models paired with countries,20,20,yes,yes,yes,yes,EVD0920,"All 20 commands span five devices, but each device is paired with one country.",high
R1S0152,SCH0065,P14374,DS-P14374-WHISPERVOICETRACE,network,not_documented,any two configured countries,20,20,yes,unknown,unknown,unknown,EVD0922,"The subset spans five configured regions, not five access networks; all campus traffic and country is aliased with device.",high
R1S0153,SCH0065,P14374,DS-P14374-WHISPERVOICETRACE,temporal,not_documented,,20,,yes,unknown,unknown,unknown,EVD1917 | EVD1918 | EVD1919,The available sources do not document class-to-condition membership well enough to establish dataset-level feasibility.,low
R1S0154,SCH0066,P14374,DS-P14374-WHISPERVOICETRACE,client,not_documented,,24,,yes,unknown,unknown,unknown,EVD0923,"Five devices are reported, but the full 300-command device map is absent.",medium
R1S0155,SCH0066,P14374,DS-P14374-WHISPERVOICETRACE,network,not_documented,,24,,yes,unknown,unknown,unknown,EVD0923,The full corpus uses one campus network; country captures cover only the 20-command subset.,medium
R1S0156,SCH0066,P14374,DS-P14374-WHISPERVOICETRACE,temporal,documented_no_support,,24,,yes,unknown,unknown,unknown,EVD0926,"All instances of one command finish before the next command, aligning time with class rather than repeating each class.",high
R1S0157,SCH0067,P14374,DS-P14374-WHISPERVOICETRACE,client,not_documented,,300,,yes,unknown,unknown,unknown,EVD0923,"Five devices are reported, but the full 300-command device map is absent.",medium
R1S0158,SCH0067,P14374,DS-P14374-WHISPERVOICETRACE,network,not_documented,,300,,yes,unknown,unknown,unknown,EVD0923,The full corpus uses one campus network; country captures cover only the 20-command subset.,medium
R1S0159,SCH0067,P14374,DS-P14374-WHISPERVOICETRACE,temporal,documented_no_support,,300,,yes,unknown,unknown,unknown,EVD0926,"All instances of one command finish before the next command, aligning time with class rather than repeating each class.",high
R1S0160,SCH0068,P14374,DS-P14374-WHISPERVOICETRACE,client,not_documented,,8,,yes,unknown,unknown,unknown,EVD0923,"Five devices are reported, but the full 300-command device map is absent.",medium
R1S0161,SCH0068,P14374,DS-P14374-WHISPERVOICETRACE,network,not_documented,,8,,yes,unknown,unknown,unknown,EVD0923,The full corpus uses one campus network; country captures cover only the 20-command subset.,medium
R1S0162,SCH0068,P14374,DS-P14374-WHISPERVOICETRACE,temporal,documented_no_support,,8,,yes,unknown,unknown,unknown,EVD0926,"All instances of one command finish before the next command, aligning time with class rather than repeating each class.",high
R1S0163,SCH0069,P14374,DS-P14374-WHISPERVOICETRACE,client,not_documented,,8,,yes,unknown,unknown,unknown,EVD0923,"Five devices are reported, but the full 300-command device map is absent.",medium
R1S0164,SCH0069,P14374,DS-P14374-WHISPERVOICETRACE,network,documented_no_support,single campus collection network | no second qualifying network,8,,yes,unknown,unknown,unknown,EVD0923,The complete scheme was collected on one campus network. Country settings are remote-service configurations and cover only the 20-command subset.,high
R1S0165,SCH0069,P14374,DS-P14374-WHISPERVOICETRACE,temporal,documented_no_support,,8,,yes,unknown,unknown,unknown,EVD0926,"All instances of one command finish before the next command, aligning time with class rather than repeating each class.",high
R1S0166,SCH0070,P14374,DS-SHAME-ALEXA-2021,client,documented_no_support,,20,0,yes,unknown,unknown,unknown,EVD1105,The documented version contains only the named single condition for this label view.,high
R1S0167,SCH0070,P14374,DS-SHAME-ALEXA-2021,network,not_documented,,20,,yes,unknown,unknown,unknown,EVD1915,"Access network, provider, site, and per-command network mappings are not reported.",low
R1S0168,SCH0070,P14374,DS-SHAME-ALEXA-2021,temporal,not_documented,,20,,yes,unknown,unknown,unknown,EVD1915,Collection dates and per-command temporal grouping are not reported.,low
R1S0169,SCH0071,P14374,DS-P14374-WHISPERVOICETRACE,client,not_documented,,24,,yes,unknown,unknown,unknown,EVD0923,"Five devices are reported, but the full 300-command device map is absent.",medium
R1S0170,SCH0071,P14374,DS-P14374-WHISPERVOICETRACE,network,not_documented,,24,,yes,unknown,unknown,unknown,EVD0923,The full corpus uses one campus network; country captures cover only the 20-command subset.,medium
R1S0171,SCH0071,P14374,DS-P14374-WHISPERVOICETRACE,temporal,documented_no_support,,24,,yes,unknown,unknown,unknown,EVD0926,"All instances of one command finish before the next command, aligning time with class rather than repeating each class.",high
R1S0172,SCH0072,P14374,DS-P14374-WHISPERVOICETRACE,client,not_documented,,24,,yes,unknown,unknown,unknown,EVD0923,"Five devices are reported, but the full 300-command device map is absent.",medium
R1S0173,SCH0072,P14374,DS-P14374-WHISPERVOICETRACE,network,not_documented,,24,,yes,unknown,unknown,unknown,EVD0923,The full corpus uses one campus network; country captures cover only the 20-command subset.,medium
R1S0174,SCH0072,P14374,DS-P14374-WHISPERVOICETRACE,temporal,documented_no_support,,24,,yes,unknown,unknown,unknown,EVD0926,"All instances of one command finish before the next command, aligning time with class rather than repeating each class.",high
R1S0175,SCH0073,P14413,DS-P14413-DKF,client,not_documented,,273,,yes,unknown,unknown,unknown,EVD0930,Exact stack crossing between campaigns is not documented.,medium
R1S0176,SCH0073,P14413,DS-P14413-DKF,network,not_documented,,273,,yes,unknown,unknown,unknown,EVD0930,The drift campaign access network is not independently specified.,medium
R1S0177,SCH0073,P14413,DS-P14413-DKF,temporal,supported,DDGbase vs DDGdrift,273,273,yes,yes,yes,yes,EVD0932,Identical 273 keywords are freshly recollected after a stated gap over one year.,high
R1S0178,SCH0074,P14413,DS-P14413-DKF,client,not_documented,,258,,yes,unknown,unknown,unknown,EVD0929,Instances are replication; distinct client stacks are not documented.,medium
R1S0179,SCH0074,P14413,DS-P14413-DKF,network,documented_no_support,,258,,yes,unknown,unknown,unknown,EVD0928,Bingbase uses one campus network.,high
R1S0180,SCH0074,P14413,DS-P14413-DKF,temporal,supported,early vs late Bingbase batch,258,258,yes,yes,yes,yes,EVD0931,Each class is queried in 50 batches; approximate month bounds only possibly meet three months.,high
R1S0181,SCH0075,P14413,DS-P14413-DKF,client,not_documented,,258,,yes,unknown,unknown,unknown,EVD0930,Exact stack crossing between campaigns is not documented.,medium
R1S0182,SCH0075,P14413,DS-P14413-DKF,network,not_documented,,258,,yes,unknown,unknown,unknown,EVD0930,The drift campaign access network is not independently specified.,medium
R1S0183,SCH0075,P14413,DS-P14413-DKF,temporal,not_documented,DDGbase vs DDGdrift,258,273,yes,unknown,unknown,unknown,EVD0932,Identical 273 keywords are freshly recollected after a stated gap over one year.,high
R1S0184,SCH0076,P14441,DS-CIC-ANDMAL-2017,client,not_documented,,2,,yes,yes,unknown,unknown,EVD1704 | EVD1701 | EVD1703 | EVD1702,The available paper and dataset evidence does not map every label to two recoverable client values.,medium
R1S0185,SCH0076,P14441,DS-CIC-ANDMAL-2017,network,documented_no_support,,2,,yes,yes,yes,no,EVD1704 | EVD1701 | EVD1703 | EVD1702,The complete scheme comes from one documented benchmark testbed or capture environment rather than two network values shared by every label.,high
R1S0186,SCH0076,P14441,DS-CIC-ANDMAL-2017,temporal,not_documented,,2,,yes,yes,unknown,unknown,EVD1704 | EVD1701 | EVD1703 | EVD1702,The available paper and dataset evidence does not map every label to two recoverable temporal values.,medium
R1S0187,SCH0077,P14441,DS-P14441-ZOOBAZAAR2024,client,documented_no_support,,2,,yes,yes,yes,no,EVD1701,All application executions use the same documented Android Emulator 31.1.4.0 client environment.,high
R1S0188,SCH0077,P14441,DS-P14441-ZOOBAZAAR2024,network,not_documented,,2,,yes,yes,unknown,unknown,EVD1704 | EVD1701 | EVD1703 | EVD1702,The available paper and dataset evidence does not map every label to two recoverable network values.,medium
R1S0189,SCH0077,P14441,DS-P14441-ZOOBAZAAR2024,temporal,not_documented,,2,,yes,yes,unknown,unknown,EVD1704 | EVD1701 | EVD1703 | EVD1702,The available paper and dataset evidence does not map every label to two recoverable temporal values.,medium
R1S0190,SCH0078,P14774,DS-ISCX-VPN-2016,client,not_documented,,31,,yes,unknown,unknown,unknown,EVD1944 | EVD1945,The evaluated paper does not report a class-to-condition map for this paper-specific label view.,low
R1S0191,SCH0078,P14774,DS-ISCX-VPN-2016,network,not_documented,,31,,yes,unknown,unknown,unknown,EVD1944 | EVD1945,The source is explicitly the non-VPN subset. That establishes only one overlay-status level and does not document class-crossed access-network or upstream-provider conditions.,low
R1S0192,SCH0078,P14774,DS-ISCX-VPN-2016,temporal,not_documented,,31,,yes,unknown,unknown,unknown,EVD1944 | EVD1945,The recreated task is randomly split and no per-class capture-date map is reported; no temporal feasibility can be inferred.,low
R1S0193,SCH0079,P14774,DS-CIC-IDS-2017,client,documented_no_support,,3,,yes,unknown,unknown,unknown,EVD1933,Operating system is the target label in this view and cannot also serve as an orthogonal client condition.,high
R1S0194,SCH0079,P14774,DS-CIC-IDS-2017,network,not_documented,,3,,yes,unknown,unknown,unknown,EVD1933,Class-to-condition mapping was not reported clearly enough to establish coverage.,low
R1S0195,SCH0079,P14774,DS-CIC-IDS-2017,temporal,not_documented,,3,,yes,unknown,unknown,unknown,EVD1933,Class-to-condition mapping was not reported clearly enough to establish coverage.,low
R1S0196,SCH0080,P14774,DS-CROSS-PLATFORM-2017,client,not_documented,,3,,yes,unknown,unknown,unknown,EVD1939 | EVD1940,The evaluated paper does not report a class-to-condition map for this paper-specific label view.,low
R1S0197,SCH0080,P14774,DS-CROSS-PLATFORM-2017,network,documented_no_support,,3,,yes,unknown,unknown,unknown,EVD1939 | EVD1940,Country of origin is the output label and cannot also serve as an orthogonal within-class network condition. No class-crossed access-network or upstream-provider map is reported.,high
R1S0198,SCH0080,P14774,DS-CROSS-PLATFORM-2017,temporal,not_documented,,3,,yes,unknown,unknown,unknown,EVD1939 | EVD1940,The evaluated paper does not report a class-to-condition map for this paper-specific label view.,low
R1S0199,SCH0081,P14774,DS-CIC-IDS-2017,client,not_documented,,8,,yes,unknown,unknown,unknown,EVD1946 | EVD1947,The evaluated paper does not report a class-to-condition map for this paper-specific label view.,low
R1S0200,SCH0081,P14774,DS-CIC-IDS-2017,network,not_documented,,8,,yes,unknown,unknown,unknown,EVD1946 | EVD1947,The evaluated paper does not report a class-to-condition map for this paper-specific label view.,low
R1S0201,SCH0081,P14774,DS-CIC-IDS-2017,temporal,not_documented,,8,,yes,unknown,unknown,unknown,EVD1946 | EVD1947,P14774 reports a random task split but no eight-class-by-capture-period map; the CICIDS campaign schedule cannot be assumed to provide repeated temporal campaigns within every selected class.,low
R1S0202,SCH0082,P14774,DS-ISCX-VPN-2016,client,not_documented,,18,,yes,unknown,unknown,unknown,EVD1942 | EVD1943,The evaluated paper does not report a class-to-condition map for this paper-specific label view.,low
R1S0203,SCH0082,P14774,DS-ISCX-VPN-2016,network,not_documented,,18,,yes,unknown,unknown,unknown,EVD1942 | EVD1943,The source is explicitly the non-VPN subset. That establishes only one overlay-status level and does not document class-crossed access-network or upstream-provider conditions.,low
R1S0204,SCH0082,P14774,DS-ISCX-VPN-2016,temporal,not_documented,,18,,yes,unknown,unknown,unknown,EVD1942 | EVD1943,The recreated task is randomly split and no per-class capture-date map is reported; no temporal feasibility can be inferred.,low
R1S0205,SCH0083,P14774,DS-STREAMING-VIDEO-PROVIDERS-BRONZINO-2019,client,not_documented,,4,,yes,unknown,unknown,unknown,EVD1938,"Playback device, OS, browser/player version, and per-provider client mappings are not reported.",low
R1S0206,SCH0083,P14774,DS-STREAMING-VIDEO-PROVIDERS-BRONZINO-2019,network,documented_no_support,,4,,yes,unknown,unknown,unknown,EVD1115,Streaming provider is the target label and cannot count as orthogonal server/provider diversity; access-network variation remains unreported.,high
R1S0207,SCH0083,P14774,DS-STREAMING-VIDEO-PROVIDERS-BRONZINO-2019,temporal,not_documented,,4,,yes,unknown,unknown,unknown,EVD1938,"Dates, campaigns, and per-provider temporal mappings are not reported in the audited evidence.",low
R1S0208,SCH0084,P14774,DS-ISCX-VPN-2016,client,not_documented,,7,,yes,unknown,unknown,unknown,EVD1935 | EVD1936,The evaluated paper does not report a class-to-condition map for this paper-specific label view.,low
R1S0209,SCH0084,P14774,DS-ISCX-VPN-2016,network,not_documented,,7,,yes,unknown,unknown,unknown,EVD1935 | EVD1936,The source is explicitly the non-VPN subset. That establishes only one overlay-status level and does not document class-crossed access-network or upstream-provider conditions.,low
R1S0210,SCH0084,P14774,DS-ISCX-VPN-2016,temporal,not_documented,,7,,yes,unknown,unknown,unknown,EVD1935 | EVD1936,The recreated task is randomly split and no per-class capture-date map is reported; no temporal feasibility can be inferred.,low
R1S0211,SCH0085,P14774,DS-STRATOSPHERE-IOT-MALWARE-NETML,client,not_documented,,19,,yes,unknown,unknown,unknown,EVD1937,"IoT device, OS/firmware, and malware-version mappings are not reported for every class.",low
R1S0212,SCH0085,P14774,DS-STRATOSPHERE-IOT-MALWARE-NETML,network,not_documented,,19,,yes,unknown,unknown,unknown,EVD1937,"Capture site, access network, provider, and class-to-network mappings are not reported.",low
R1S0213,SCH0085,P14774,DS-STRATOSPHERE-IOT-MALWARE-NETML,temporal,not_documented,,19,,yes,unknown,unknown,unknown,EVD1937,Capture dates and per-class temporal mappings are not reported in the evaluated paper.,low
R1S0214,SCH0086,P14774,DS-NETWORK-DEVICE-DATASET-HOLLAND-2020,client,documented_no_support,,15,,yes,unknown,unknown,unknown,EVD1932,The available sources do not document class-to-condition membership well enough to establish dataset-level feasibility.,medium
R1S0215,SCH0086,P14774,DS-NETWORK-DEVICE-DATASET-HOLLAND-2020,network,not_documented,,15,,yes,unknown,unknown,unknown,EVD1932,The available sources do not document class-to-condition membership well enough to establish dataset-level feasibility.,low
R1S0216,SCH0086,P14774,DS-NETWORK-DEVICE-DATASET-HOLLAND-2020,temporal,not_documented,,15,,yes,unknown,unknown,unknown,EVD1932,The available sources do not document class-to-condition membership well enough to establish dataset-level feasibility.,low
R1S0217,SCH0087,P14774,DS-CIC-IDS-2017,client,documented_no_support,,13,,yes,unknown,unknown,unknown,EVD1941,Operating system is the target label in this view and cannot also serve as an orthogonal client condition.,high
R1S0218,SCH0087,P14774,DS-CIC-IDS-2017,network,not_documented,,13,,yes,unknown,unknown,unknown,EVD1941,Class-to-condition mapping was not reported clearly enough to establish coverage.,low
R1S0219,SCH0087,P14774,DS-CIC-IDS-2017,temporal,not_documented,,13,,yes,unknown,unknown,unknown,EVD1941,Class-to-condition mapping was not reported clearly enough to establish coverage.,low
R1S0220,SCH0088,P14955,DS-P14955-TOR-MALWARE-INITIAL-2021,client,documented_no_support,,2,,yes,yes,yes,no,EVD1705 | EVD1706,"Malware and benign labels are generated by different pipelines, so no common pair of client values covers both labels.",high
R1S0221,SCH0088,P14955,DS-P14955-TOR-MALWARE-INITIAL-2021,network,documented_no_support,,2,,yes,yes,yes,no,EVD1705 | EVD1706,The composite labels do not share the same two documented network values.,high
R1S0222,SCH0088,P14955,DS-P14955-TOR-MALWARE-INITIAL-2021,temporal,not_documented,,2,,yes,yes,unknown,unknown,EVD1709 | EVD1705 | EVD1706 | EVD1707 | EVD1708,The available paper and dataset evidence does not map every label to two recoverable temporal values.,medium
R1S0223,SCH0090,P14955,DS-P14955-TOR-MALWARE-ZERODAY-2021,client,documented_no_support,,2,,yes,yes,yes,no,EVD1708,This is one fresh campaign under one reported client setting rather than two values shared by both labels.,high
R1S0224,SCH0090,P14955,DS-P14955-TOR-MALWARE-ZERODAY-2021,network,documented_no_support,,2,,yes,yes,yes,no,EVD1708,This is one fresh campaign under one reported network setting rather than two values shared by both labels.,high
R1S0225,SCH0090,P14955,DS-P14955-TOR-MALWARE-ZERODAY-2021,temporal,documented_no_support,,2,,yes,yes,yes,no,EVD1708,This is one fresh campaign under one reported temporal setting rather than two values shared by both labels.,high
R1S0226,SCH0091,P15385,DS-P15385-REALISTIC-WF-DRIFT-2023,client,documented_no_support,,90,,yes,unknown,unknown,unknown,EVD0933,VM instances share one reported stack.,high
R1S0227,SCH0091,P15385,DS-P15385-REALISTIC-WF-DRIFT-2023,network,documented_no_support,,90,0,yes,yes,yes,unknown,EVD0934,The documented contrast changes only Tor routes or circuits and does not establish two qualifying physical network values.,high
R1S0228,SCH0091,P15385,DS-P15385-REALISTIC-WF-DRIFT-2023,temporal,supported,early vs late batches,90,90,yes,yes,yes,yes,EVD0936,Each round visits every site over multiple batches during three months; exact dates make the three-month threshold only possible.,high
R1S0229,SCH0092,P15385,DS-AWF-2017,client,documented_no_support,,100,0,yes,unknown,unknown,unknown,EVD1145,The corpus varies worker instances but documents one client software/VM configuration.,high
R1S0230,SCH0092,P15385,DS-AWF-2017,network,not_documented,NCM superior vs NCM inferior,100,69,yes,unknown,unknown,unknown,EVD1195,"A paper-selected 69-site subset can be partitioned into superior and inferior NCM groups for every class. NCM is an outcome-derived network-quality composite, not an isolated or operational access-network factor.",high
R1S0231,SCH0092,P15385,DS-AWF-2017,temporal,not_documented,early versus late batch within each 14-day group,100,900,yes,unknown,unknown,unknown,EVD1176,"CW900 is partitionable into class-overlapping early/late samples, but the documented span is far below 3, 6, or 12 months.",high
R1S0232,SCH0093,P15385,DS-AWF-2017,client,documented_no_support,,70,0,yes,unknown,unknown,unknown,EVD1145,The corpus varies worker instances but documents one client software/VM configuration.,high
R1S0233,SCH0093,P15385,DS-AWF-2017,network,not_documented,NCM superior vs NCM inferior,70,69,yes,unknown,unknown,unknown,EVD1195,"A paper-selected 69-site subset can be partitioned into superior and inferior NCM groups for every class. NCM is an outcome-derived network-quality composite, not an isolated or operational access-network factor.",high
R1S0234,SCH0093,P15385,DS-AWF-2017,temporal,not_documented,early versus late batch within each 14-day group,70,900,yes,unknown,unknown,unknown,EVD1176,"CW900 is partitionable into class-overlapping early/late samples, but the documented span is far below 3, 6, or 12 months.",high
R1S0235,SCH0094,P15385,DS-AWF-2017,client,documented_no_support,,69,0,yes,unknown,unknown,unknown,EVD1145,The corpus varies worker instances but documents one client software/VM configuration.,high
R1S0236,SCH0094,P15385,DS-AWF-2017,network,not_documented,NCM superior vs NCM inferior,69,69,yes,unknown,unknown,unknown,EVD1195,"A paper-selected 69-site subset can be partitioned into superior and inferior NCM groups for every class. NCM is an outcome-derived network-quality composite, not an isolated or operational access-network factor.",high
R1S0237,SCH0094,P15385,DS-AWF-2017,temporal,not_documented,early versus late batch within each 14-day group,69,900,yes,unknown,unknown,unknown,EVD1176,"CW900 is partitionable into class-overlapping early/late samples, but the documented span is far below 3, 6, or 12 months.",high
R1S0238,SCH0095,P15385,DS-P15385-REALISTIC-WF-DRIFT-2023,client,documented_no_support,,91,,yes,unknown,unknown,unknown,EVD0933,VM instances share one reported stack.,high
R1S0239,SCH0095,P15385,DS-P15385-REALISTIC-WF-DRIFT-2023,network,not_documented,Europe vs North America guards,91,90,yes,unknown,unknown,unknown,EVD0934,"All 90 sites span both guard regions; this is a Tor path/guard contrast, not necessarily different access networks.",high
R1S0240,SCH0095,P15385,DS-P15385-REALISTIC-WF-DRIFT-2023,temporal,not_documented,early vs late batches,91,90,yes,unknown,unknown,unknown,EVD0936,Each round visits every site over multiple batches during three months; exact dates make the three-month threshold only possible.,high
R1S0241,SCH0096,P15558,DS-CIC-IDS-2017,client,not_documented,,2,,yes,yes,unknown,unknown,EVD1714 | EVD1710 | EVD1712 | EVD1711,The available paper and dataset evidence does not map every label to two recoverable client values.,medium
R1S0242,SCH0096,P15558,DS-CIC-IDS-2017,network,documented_no_support,,2,,yes,yes,yes,no,EVD1714 | EVD1710 | EVD1712 | EVD1711,The complete scheme comes from one documented benchmark testbed or capture environment rather than two network values shared by every label.,high
R1S0243,SCH0096,P15558,DS-CIC-IDS-2017,temporal,not_documented,,2,,yes,yes,unknown,unknown,EVD1714 | EVD1710 | EVD1712 | EVD1711,The available paper and dataset evidence does not map every label to two recoverable temporal values.,medium
R1S0244,SCH0097,P15558,DS-CSE-CIC-IDS-2018,client,not_documented,,2,,yes,yes,unknown,unknown,EVD1714 | EVD1710 | EVD1712 | EVD1711,The available paper and dataset evidence does not map every label to two recoverable client values.,medium
R1S0245,SCH0097,P15558,DS-CSE-CIC-IDS-2018,network,documented_no_support,,2,,yes,yes,yes,no,EVD1714 | EVD1710 | EVD1712 | EVD1711,The complete scheme comes from one documented benchmark testbed or capture environment rather than two network values shared by every label.,high
R1S0246,SCH0097,P15558,DS-CSE-CIC-IDS-2018,temporal,supported,first CSE-CIC-IDS2018 collection day T1 | remaining collection days T2,2,2,yes,yes,yes,yes,EVD1714 | EVD1710 | EVD1712 | EVD1711,Table I gives both normal and malicious encrypted-flow counts in T1 and T2. The dated files preserve membership and the evaluated binary semantics are stable.,high
R1S0247,SCH0098,P15558,DS-CIC-DDOS-2019,client,not_documented,,2,,yes,yes,unknown,unknown,EVD1714 | EVD1710 | EVD1712 | EVD1711,The available paper and dataset evidence does not map every label to two recoverable client values.,medium
R1S0248,SCH0098,P15558,DS-CIC-DDOS-2019,network,documented_no_support,,2,,yes,yes,yes,no,EVD1714 | EVD1710 | EVD1712 | EVD1711,The complete scheme comes from one documented benchmark testbed or capture environment rather than two network values shared by every label.,high
R1S0249,SCH0098,P15558,DS-CIC-DDOS-2019,temporal,not_documented,,2,,yes,yes,unknown,unknown,EVD1714 | EVD1710 | EVD1712 | EVD1711,The available paper and dataset evidence does not map every label to two recoverable temporal values.,medium
R1S0250,SCH0099,P15558,DS-P15558-INSTITUTIONAL-2024,client,documented_no_support,benign institutional users | red-team attack clients,2,,yes,unknown,unknown,unknown,EVD1713,"Benign traffic comes from about 40 institutional users while attack traffic comes from a separate red-team subnet, so neither client value contains both labels.",high
R1S0251,SCH0099,P15558,DS-P15558-INSTITUTIONAL-2024,network,documented_no_support,,2,,yes,yes,yes,no,EVD1713,"The operational target corpus is one institutional network capture, so it does not itself contain two network values.",high
R1S0252,SCH0099,P15558,DS-P15558-INSTITUTIONAL-2024,temporal,not_documented,,2,,yes,yes,unknown,unknown,EVD1713,The available paper and dataset evidence does not map every label to two recoverable temporal values.,medium
R1S0253,SCH0100,P15558,DS-HYPERVISION,client,not_documented,,2,,yes,yes,unknown,unknown,EVD1714 | EVD1710 | EVD1712 | EVD1711,The available paper and dataset evidence does not map every label to two recoverable client values.,medium
R1S0254,SCH0100,P15558,DS-HYPERVISION,network,not_documented,,2,,yes,yes,unknown,unknown,EVD1714 | EVD1710 | EVD1712 | EVD1711,The available paper and dataset evidence does not map every label to two recoverable network values.,medium
R1S0255,SCH0100,P15558,DS-HYPERVISION,temporal,not_documented,,2,,yes,yes,unknown,unknown,EVD1714 | EVD1710 | EVD1712 | EVD1711,The available paper and dataset evidence does not map every label to two recoverable temporal values.,medium
R1S0256,SCH0101,P15558,DS-HYPERVISION,client,not_documented,,2,,yes,yes,unknown,unknown,EVD1714 | EVD1710 | EVD1712 | EVD1711,The available paper and dataset evidence does not map every label to two recoverable client values.,medium
R1S0257,SCH0101,P15558,DS-HYPERVISION,network,not_documented,,2,,yes,yes,unknown,unknown,EVD1714 | EVD1710 | EVD1712 | EVD1711,The available paper and dataset evidence does not map every label to two recoverable network values.,medium
R1S0258,SCH0101,P15558,DS-HYPERVISION,temporal,not_documented,,2,,yes,yes,unknown,unknown,EVD1714 | EVD1710 | EVD1712 | EVD1711,The available paper and dataset evidence does not map every label to two recoverable temporal values.,medium
R1S0259,SCH0102,P15558,DS-HYPERVISION,client,not_documented,,2,,yes,yes,unknown,unknown,EVD1714 | EVD1710 | EVD1712 | EVD1711,The available paper and dataset evidence does not map every label to two recoverable client values.,medium
R1S0260,SCH0102,P15558,DS-HYPERVISION,network,not_documented,,2,,yes,yes,unknown,unknown,EVD1714 | EVD1710 | EVD1712 | EVD1711,The available paper and dataset evidence does not map every label to two recoverable network values.,medium
R1S0261,SCH0102,P15558,DS-HYPERVISION,temporal,not_documented,,2,,yes,yes,unknown,unknown,EVD1714 | EVD1710 | EVD1712 | EVD1711,The available paper and dataset evidence does not map every label to two recoverable temporal values.,medium
R1S0262,SCH0103,P15558,DS-HYPERVISION,client,not_documented,,2,,yes,yes,unknown,unknown,EVD1714 | EVD1710 | EVD1712 | EVD1711,The available paper and dataset evidence does not map every label to two recoverable client values.,medium
R1S0263,SCH0103,P15558,DS-HYPERVISION,network,not_documented,,2,,yes,yes,unknown,unknown,EVD1714 | EVD1710 | EVD1712 | EVD1711,The available paper and dataset evidence does not map every label to two recoverable network values.,medium
R1S0264,SCH0103,P15558,DS-HYPERVISION,temporal,not_documented,,2,,yes,yes,unknown,unknown,EVD1714 | EVD1710 | EVD1712 | EVD1711,The available paper and dataset evidence does not map every label to two recoverable temporal values.,medium
R1S0265,SCH0104,P15558,DS-HYPERVISION,client,not_documented,,2,,yes,yes,unknown,unknown,EVD1714 | EVD1710 | EVD1712 | EVD1711,The available paper and dataset evidence does not map every label to two recoverable client values.,medium
R1S0266,SCH0104,P15558,DS-HYPERVISION,network,not_documented,,2,,yes,yes,unknown,unknown,EVD1714 | EVD1710 | EVD1712 | EVD1711,The available paper and dataset evidence does not map every label to two recoverable network values.,medium
R1S0267,SCH0104,P15558,DS-HYPERVISION,temporal,not_documented,,2,,yes,yes,unknown,unknown,EVD1714 | EVD1710 | EVD1712 | EVD1711,The available paper and dataset evidence does not map every label to two recoverable temporal values.,medium
R1S0268,SCH0105,P15558,DS-HYPERVISION,client,not_documented,,2,,yes,yes,unknown,unknown,EVD1714 | EVD1710 | EVD1712 | EVD1711,The available paper and dataset evidence does not map every label to two recoverable client values.,medium
R1S0269,SCH0105,P15558,DS-HYPERVISION,network,not_documented,,2,,yes,yes,unknown,unknown,EVD1714 | EVD1710 | EVD1712 | EVD1711,The available paper and dataset evidence does not map every label to two recoverable network values.,medium
R1S0270,SCH0105,P15558,DS-HYPERVISION,temporal,not_documented,,2,,yes,yes,unknown,unknown,EVD1714 | EVD1710 | EVD1712 | EVD1711,The available paper and dataset evidence does not map every label to two recoverable temporal values.,medium
R1S0271,SCH0106,P15558,DS-KITSUNE-SSDP-FLOOD,client,not_documented,,2,,yes,yes,unknown,unknown,EVD1714 | EVD1710 | EVD1712 | EVD1711,The available paper and dataset evidence does not map every label to two recoverable client values.,medium
R1S0272,SCH0106,P15558,DS-KITSUNE-SSDP-FLOOD,network,not_documented,,2,,yes,yes,unknown,unknown,EVD1714 | EVD1710 | EVD1712 | EVD1711,The available paper and dataset evidence does not map every label to two recoverable network values.,medium
R1S0273,SCH0106,P15558,DS-KITSUNE-SSDP-FLOOD,temporal,not_documented,,2,,yes,yes,unknown,unknown,EVD1714 | EVD1710 | EVD1712 | EVD1711,The available paper and dataset evidence does not map every label to two recoverable temporal values.,medium
R1S0274,SCH0107,P15558,DS-NETBEACON-TRAFFIC,client,not_documented,,2,,yes,yes,unknown,unknown,EVD1714 | EVD1710 | EVD1712 | EVD1711,The available paper and dataset evidence does not map every label to two recoverable client values.,medium
R1S0275,SCH0107,P15558,DS-NETBEACON-TRAFFIC,network,not_documented,,2,,yes,yes,unknown,unknown,EVD1714 | EVD1710 | EVD1712 | EVD1711,The available paper and dataset evidence does not map every label to two recoverable network values.,medium
R1S0276,SCH0107,P15558,DS-NETBEACON-TRAFFIC,temporal,not_documented,,2,,yes,yes,unknown,unknown,EVD1714 | EVD1710 | EVD1712 | EVD1711,The available paper and dataset evidence does not map every label to two recoverable temporal values.,medium
R1S0277,SCH0108,P15558,DS-WHISPER-MALICIOUS-TRAFFIC,client,not_documented,,2,,yes,yes,unknown,unknown,EVD1714 | EVD1710 | EVD1712 | EVD1711,The available paper and dataset evidence does not map every label to two recoverable client values.,medium
R1S0278,SCH0108,P15558,DS-WHISPER-MALICIOUS-TRAFFIC,network,not_documented,,2,,yes,yes,unknown,unknown,EVD1714 | EVD1710 | EVD1712 | EVD1711,The available paper and dataset evidence does not map every label to two recoverable network values.,medium
R1S0279,SCH0108,P15558,DS-WHISPER-MALICIOUS-TRAFFIC,temporal,not_documented,,2,,yes,yes,unknown,unknown,EVD1714 | EVD1710 | EVD1712 | EVD1711,The available paper and dataset evidence does not map every label to two recoverable temporal values.,medium
R1S0280,SCH0109,P15762,DS-P15762-STDA-DARKWEB,client,not_documented,,80,,yes,unknown,unknown,unknown,EVD0938,Client-stack configurations and per-server assignment are not detailed.,medium
R1S0281,SCH0109,P15762,DS-P15762-STDA-DARKWEB,network,not_documented,,80,,yes,unknown,unknown,unknown,EVD0937,"Aggregate collection across 20 servers and three countries is documented, but the class-by-server or class-by-country map is not; within-class country coverage is therefore unknown.",high
R1S0282,SCH0109,P15762,DS-P15762-STDA-DARKWEB,temporal,supported,August 2023 vs April 2024,80,80,yes,yes,yes,yes,EVD0939,The same 80 sites occur in both fresh rounds; month precision confirms six but not twelve months.,high
R1S0283,SCH0110,P15762,DS-DF-2017,client,documented_no_support,,95,0,yes,unknown,unknown,unknown,EVD0897,"The paper documents replicated machines, not distinct hardware/OS/browser configurations.",high
R1S0284,SCH0110,P15762,DS-DF-2017,network,documented_no_support,,95,0,yes,yes,yes,unknown,EVD1202,The documented contrast changes only Tor routes or circuits and does not establish two qualifying physical network values.,high
R1S0285,SCH0110,P15762,DS-DF-2017,temporal,supported,early versus late round-robin chunk,95,95,yes,yes,yes,yes,EVD1161,"All 95 sites have time-ordered capture chunks, but the collection lasted days and does not meet the three-month threshold.",high
R1S0286,SCH0112,P16004,DS-P16004-TIER1-ISP,client,not_documented,,2,,yes,unknown,unknown,unknown,EVD1717,The paper does not map the complete binary scheme to two recoverable client conditions.,high
R1S0287,SCH0112,P16004,DS-P16004-TIER1-ISP,network,not_documented,,2,,yes,unknown,unknown,unknown,EVD1717,"Multiple routers are present, but per-router coverage of both labels under a common pair is not established.",high
R1S0288,SCH0112,P16004,DS-P16004-TIER1-ISP,temporal,supported,earlier 70 percent and later 30 percent,2,2,yes,yes,yes,yes,EVD1637,Both fixed labels occur in the documented earlier and later timestamp partitions.,high
R1S0289,SCH0113,P16004,DS-P16004-CSP,client,not_documented,,2,,yes,unknown,unknown,unknown,EVD1715,The paper does not map the complete binary scheme to two recoverable client conditions.,high
R1S0290,SCH0113,P16004,DS-P16004-CSP,network,not_documented,,2,,yes,unknown,unknown,unknown,EVD1715,"Multiple routers are present, but per-router coverage of both labels under a common pair is not established.",high
R1S0291,SCH0113,P16004,DS-P16004-CSP,temporal,supported,earlier 70 percent and later 30 percent,2,2,yes,yes,yes,yes,EVD1638,Both fixed labels occur in the documented earlier and later timestamp partitions.,high
R1S0292,SCH0115,P16071,DS-P17818-FLOWPRINT-BROWSER-SELF-COLLECTED,client,documented_no_support,,4,,yes,yes,no,unknown,EVD1718 | EVD1721 | EVD1720,"Browser identities are the class labels, so they cannot also provide an independent client pair within every class.",high
R1S0293,SCH0115,P16071,DS-P17818-FLOWPRINT-BROWSER-SELF-COLLECTED,network,not_documented,,4,,yes,yes,unknown,unknown,EVD1718 | EVD1721 | EVD1720,The available evidence does not map every complete label to two recoverable network values with fresh parent traffic.,medium
R1S0294,SCH0115,P16071,DS-P17818-FLOWPRINT-BROWSER-SELF-COLLECTED,temporal,not_documented,,4,,yes,yes,unknown,unknown,EVD1718 | EVD1721 | EVD1720,The available evidence does not map every complete label to two recoverable temporal values with fresh parent traffic.,medium
R1S0295,SCH0116,P16071,DS-CSTNET-TLS13-2021,client,not_documented,,80,,yes,yes,unknown,unknown,EVD1718 | EVD1721 | EVD1720,The available evidence does not map every complete label to two recoverable client values with fresh parent traffic.,medium
R1S0296,SCH0116,P16071,DS-CSTNET-TLS13-2021,network,not_documented,,80,,yes,yes,unknown,unknown,EVD1718 | EVD1721 | EVD1720,The available evidence does not map every complete label to two recoverable network values with fresh parent traffic.,medium
R1S0297,SCH0116,P16071,DS-CSTNET-TLS13-2021,temporal,not_documented,,80,,yes,yes,unknown,unknown,EVD1718 | EVD1721 | EVD1720,The available evidence does not map every complete label to two recoverable temporal values with fresh parent traffic.,medium
R1S0298,SCH0117,P16071,DS-DATACON-2020-ENCRYPTED-MALWARE,client,documented_no_support,,2,,yes,yes,no,unknown,EVD1718 | EVD1721 | EVD1720,All traffic is reported from one Tianqiong sandbox and no second client configuration is documented within both labels.,high
R1S0299,SCH0117,P16071,DS-DATACON-2020-ENCRYPTED-MALWARE,network,not_documented,,2,,yes,yes,unknown,unknown,EVD1718 | EVD1721 | EVD1720,The available evidence does not map every complete label to two recoverable network values with fresh parent traffic.,medium
R1S0300,SCH0117,P16071,DS-DATACON-2020-ENCRYPTED-MALWARE,temporal,not_documented,,2,,yes,yes,unknown,unknown,EVD1718 | EVD1721 | EVD1720,The available evidence does not map every complete label to two recoverable temporal values with fresh parent traffic.,medium
R1S0301,SCH0118,P16071,DS-DATACON-2021-ENCRYPTED-PROXY,client,documented_no_support,,6,,yes,yes,no,unknown,EVD1718 | EVD1721 | EVD1720,"Proxy software identities are the class labels, so they cannot also provide an independent client pair within every class.",high
R1S0302,SCH0118,P16071,DS-DATACON-2021-ENCRYPTED-PROXY,network,not_documented,,6,,yes,yes,unknown,unknown,EVD1718 | EVD1721 | EVD1720,The available evidence does not map every complete label to two recoverable network values with fresh parent traffic.,medium
R1S0303,SCH0118,P16071,DS-DATACON-2021-ENCRYPTED-PROXY,temporal,not_documented,,6,,yes,yes,unknown,unknown,EVD1718 | EVD1721 | EVD1720,The available evidence does not map every complete label to two recoverable temporal values with fresh parent traffic.,medium
R1S0304,SCH0119,P16071,DS-DATACON-2021-ENCRYPTED-PROXY,client,documented_no_support,,22,,yes,yes,no,unknown,EVD1718 | EVD1721 | EVD1720,All labels are collected through the same proxy software and no second client configuration is documented within every website label.,high
R1S0305,SCH0119,P16071,DS-DATACON-2021-ENCRYPTED-PROXY,network,not_documented,,22,,yes,yes,unknown,unknown,EVD1718 | EVD1721 | EVD1720,The available evidence does not map every complete label to two recoverable network values with fresh parent traffic.,medium
R1S0306,SCH0119,P16071,DS-DATACON-2021-ENCRYPTED-PROXY,temporal,not_documented,,22,,yes,yes,unknown,unknown,EVD1718 | EVD1721 | EVD1720,The available evidence does not map every complete label to two recoverable temporal values with fresh parent traffic.,medium
R1S0307,SCH0120,P16071,DS-NUDT-MOBILETRAFFIC-2020,client,not_documented,,300,,yes,yes,unknown,unknown,EVD1718 | EVD1721 | EVD1720,The available evidence does not map every complete label to two recoverable client values with fresh parent traffic.,medium
R1S0308,SCH0120,P16071,DS-NUDT-MOBILETRAFFIC-2020,network,not_documented,,300,,yes,yes,unknown,unknown,EVD1718 | EVD1721 | EVD1720,The available evidence does not map every complete label to two recoverable network values with fresh parent traffic.,medium
R1S0309,SCH0120,P16071,DS-NUDT-MOBILETRAFFIC-2020,temporal,not_documented,,300,,yes,yes,unknown,unknown,EVD1718 | EVD1721 | EVD1720,The available evidence does not map every complete label to two recoverable temporal values with fresh parent traffic.,medium
R1S0310,SCH0121,P16192,DS-P16192-360COMPANY22,client,not_documented,,11,,yes,yes,unknown,unknown,EVD1728 | EVD1723 | EVD1724 | EVD1726 | EVD1725,The available paper and dataset evidence does not map every label to two recoverable client values.,medium
R1S0311,SCH0121,P16192,DS-P16192-360COMPANY22,network,not_documented,,11,,yes,yes,unknown,unknown,EVD1728 | EVD1723 | EVD1724 | EVD1726 | EVD1725,The available paper and dataset evidence does not map every label to two recoverable network values.,medium
R1S0312,SCH0121,P16192,DS-P16192-360COMPANY22,temporal,supported,earlier collection segment versus final collection segment,11,11,yes,yes,yes,yes,EVD1726 | EVD1725,Every reported organization label is represented in the earlier training segment and the later test segment under stable meanings.,high
R1S0313,SCH0122,P16192,DS-P16192-360COMPANY23,client,not_documented,,11,,yes,yes,unknown,unknown,EVD1728 | EVD1723 | EVD1724 | EVD1726 | EVD1725,The available paper and dataset evidence does not map every label to two recoverable client values.,medium
R1S0314,SCH0122,P16192,DS-P16192-360COMPANY23,network,not_documented,,11,,yes,yes,unknown,unknown,EVD1728 | EVD1723 | EVD1724 | EVD1726 | EVD1725,The available paper and dataset evidence does not map every label to two recoverable network values.,medium
R1S0315,SCH0122,P16192,DS-P16192-360COMPANY23,temporal,supported,earlier collection segment versus final collection segment,11,11,yes,yes,yes,yes,EVD1726 | EVD1725,Every reported organization label is represented in the earlier training segment and the later test segment under stable meanings.,high
R1S0316,SCH0123,P16192,DS-P16192-SELFDEPLOY24,client,not_documented,,10,,yes,yes,unknown,unknown,EVD1728 | EVD1723 | EVD1724 | EVD1726 | EVD1725,The available paper and dataset evidence does not map every label to two recoverable client values.,medium
R1S0317,SCH0123,P16192,DS-P16192-SELFDEPLOY24,network,not_documented,,10,,yes,yes,unknown,unknown,EVD1728 | EVD1723 | EVD1724 | EVD1726 | EVD1725,The available paper and dataset evidence does not map every label to two recoverable network values.,medium
R1S0318,SCH0123,P16192,DS-P16192-SELFDEPLOY24,temporal,supported,earlier collection segment versus final collection segment,10,10,yes,yes,yes,yes,EVD1726 | EVD1725,Every reported organization label is represented in the earlier training segment and the later test segment under stable meanings.,high
R1S0319,SCH0124,P16192,DS-P16192-SELFDEPLOY25,client,not_documented,,12,,yes,yes,unknown,unknown,EVD1728 | EVD1723 | EVD1724 | EVD1726 | EVD1725,The available paper and dataset evidence does not map every label to two recoverable client values.,medium
R1S0320,SCH0124,P16192,DS-P16192-SELFDEPLOY25,network,not_documented,,12,,yes,yes,unknown,unknown,EVD1728 | EVD1723 | EVD1724 | EVD1726 | EVD1725,The available paper and dataset evidence does not map every label to two recoverable network values.,medium
R1S0321,SCH0124,P16192,DS-P16192-SELFDEPLOY25,temporal,supported,earlier collection segment versus final collection segment,12,12,yes,yes,yes,yes,EVD1726 | EVD1725,Every reported organization label is represented in the earlier training segment and the later test segment under stable meanings.,high
R1S0322,SCH0125,P16192,DS-P16192-SELFDEPLOY25S,client,not_documented,,10,,yes,yes,unknown,unknown,EVD1728 | EVD1723 | EVD1724 | EVD1726 | EVD1725,The available paper and dataset evidence does not map every label to two recoverable client values.,medium
R1S0323,SCH0125,P16192,DS-P16192-SELFDEPLOY25S,network,not_documented,,10,,yes,yes,unknown,unknown,EVD1728 | EVD1723 | EVD1724 | EVD1726 | EVD1725,The available paper and dataset evidence does not map every label to two recoverable network values.,medium
R1S0324,SCH0125,P16192,DS-P16192-SELFDEPLOY25S,temporal,supported,earlier collection segment versus final collection segment,10,10,yes,yes,yes,yes,EVD1726 | EVD1725,Every reported organization label is represented in the earlier training segment and the later test segment under stable meanings.,high
R1S0325,SCH0126,P16192,DS-P16192-WEBRAY,client,not_documented,,10,,yes,yes,unknown,unknown,EVD1728 | EVD1723 | EVD1724 | EVD1726 | EVD1725,The available paper and dataset evidence does not map every label to two recoverable client values.,medium
R1S0326,SCH0126,P16192,DS-P16192-WEBRAY,network,not_documented,,10,,yes,yes,unknown,unknown,EVD1728 | EVD1723 | EVD1724 | EVD1726 | EVD1725,The available paper and dataset evidence does not map every label to two recoverable network values.,medium
R1S0327,SCH0126,P16192,DS-P16192-WEBRAY,temporal,supported,earlier collection segment versus final collection segment,10,10,yes,yes,yes,yes,EVD1726 | EVD1725,Every reported organization label is represented in the earlier training segment and the later test segment under stable meanings.,high
R1S0328,SCH0127,P16208,DS-CIC-DDOS-2019,client,documented_no_support,,2,,yes,yes,unknown,unknown,EVD1732 | EVD1734,"The source description assigns benign generation to B-Profile user PCs and DDoS generation to the attack infrastructure. This is an exhaustive label-specific source-role mapping for the corpus, not merely an omitted second value, so a common client pair is ruled out.",high
R1S0329,SCH0127,P16208,DS-CIC-DDOS-2019,network,documented_no_support,,2,,yes,yes,unknown,unknown,EVD1732 | EVD1734,The dataset source documents the two days within one proposed testbed topology. Day-specific addresses and attacker and victim roles do not create distinct sites or access networks. This corpus-wide description affirmatively rules out a qualifying network pair.,high
R1S0330,SCH0127,P16208,DS-CIC-DDOS-2019,temporal,not_documented,,2,,yes,yes,unknown,unknown,EVD1732 | EVD1734,"The authoritative corpus has two dated campaigns with benign and DDoS traffic, but P16208 does not state which day or per-machine files form its binary evaluation. The source-corpus pair cannot be attributed to the exact evaluated subset, so support remains undocumented.",high
R1S0331,SCH0128,P16208,DS-CIC-IDS-2017,client,documented_no_support,,2,,yes,yes,unknown,unknown,EVD1732 | EVD1734 | EVD1730,"P16208 fixes the Wednesday subset. The authoritative source assigns normal activity to B-Profile machines and Wednesday DoS generation to the Kali attacker against designated victims. These source-side client roles are affirmatively label-specific, so no common client pair contains both labels.",high
R1S0332,SCH0128,P16208,DS-CIC-IDS-2017,network,documented_no_support,,2,,yes,yes,unknown,unknown,EVD1732 | EVD1734 | EVD1730,"P16208 fixes Wednesday and the authoritative page documents one capture topology. The attacker network, victim network, internal LAN, and Internet are roles and paths inside that topology, not two collection networks that each contain both labels. Non-support is therefore affirmative.",high
R1S0333,SCH0128,P16208,DS-CIC-IDS-2017,temporal,supported,2017-07-05 09:47 to 10:10 | 2017-07-05 10:14 to 10:35,2,2,yes,yes,yes,yes,EVD1732 | EVD1734 | EVD1730,"P16208 explicitly evaluates Wednesday. The official schedule identifies non-overlapping Slowloris and Slowhttptest windows, Wednesday is documented as attacks plus normal activity, and timestamps recover membership. Both binary labels therefore occur under the same two temporal values with stable semantics.",high
R1S0334,SCH0129,P16208,DS-CSE-CIC-IDS-2018,client,documented_no_support,,2,,yes,yes,unknown,unknown,EVD1732 | EVD1734,"The authoritative dataset description exhaustively assigns benign generation to B-Profile user agents and attacks to machines outside the target network. Those source-side client roles are label-specific across the corpus, so the complete binary scheme cannot occur under a common pair of client configurations.",high
R1S0335,SCH0129,P16208,DS-CSE-CIC-IDS-2018,network,documented_no_support,,2,,yes,yes,unknown,unknown,EVD1732 | EVD1734,"The authoritative page defines one AWS LAN testbed. Departments, subnets, servers, and the attacker side are components of that collection topology, not two independent collection networks that each contain the binary labels. This affirmatively establishes non-support.",high
R1S0336,SCH0129,P16208,DS-CSE-CIC-IDS-2018,temporal,not_documented,,2,,yes,yes,unknown,unknown,EVD1732 | EVD1734,"The source corpus has several dated DoS and DDoS files with benign background traffic, but P16208 does not identify any date or file in its evaluated binary subset. A pair available somewhere in the full corpus cannot establish two recoverable values for the paper-specific scheme.",high
R1S0337,SCH0130,P16208,DS-CIC-IOT-2023,client,not_documented,,2,,yes,yes,unknown,unknown,EVD1732 | EVD1734,"The dataset paper states that DDoS experiments target all applicable devices and that benign traffic is collected separately, but P16208 gives no experiment files, device identifiers, or row mapping for its evaluated subset. The corpus-level possibility does not prove that the same two recoverable client values contain both evaluated labels.",high
R1S0338,SCH0130,P16208,DS-CIC-IOT-2023,network,documented_no_support,,2,,yes,yes,unknown,unknown,EVD1732 | EVD1734,"The dataset paper defines one dedicated CIC IoT lab topology for benign and attack experiments. Its two monitor interfaces and attacker and victim segments are parts of that topology, not separate sites, access networks, or access technologies. This corpus-wide topology description affirmatively rules out a qualifying network pair.",high
R1S0339,SCH0130,P16208,DS-CIC-IOT-2023,temporal,documented_no_support,,2,,yes,yes,unknown,unknown,EVD1732 | EVD1734,"The dataset paper says each attack is a separate experiment whose entire capture receives that attack label, while benign traffic is collected only with no attack running. Campaign membership is recoverable from the separate files, and the campaigns are affirmatively label-disjoint. No temporal pair can contain both binary labels.",high
R1S0340,SCH0131,P16208,DS-IOT-23,client,not_documented,,2,,yes,yes,unknown,unknown,EVD1732 | EVD1734 | EVD1733,"The source corpus contains Mirai and Gagfyt captures that each include Benign and DDoS flows, but P16208 does not identify either capture or map its evaluated rows to those files. A favorable pair elsewhere in the larger corpus does not establish the exact evaluated subset, so support is not documented.",high
R1S0341,SCH0131,P16208,DS-IOT-23,network,documented_no_support,,2,,yes,yes,unknown,unknown,EVD1732 | EVD1734 | EVD1733,"The authoritative corpus description places both malicious and benign scenarios in the controlled Stratosphere laboratory environment with Internet access. It identifies no alternative site, access network, or access technology. This is a corpus-wide collection statement, so a qualifying network pair is affirmatively absent.",high
R1S0342,SCH0131,P16208,DS-IOT-23,temporal,not_documented,,2,,yes,yes,unknown,unknown,EVD1732 | EVD1734 | EVD1733,"Captures 34-1 and 60-1 are source-corpus campaigns that each contain Benign and DDoS, but P16208 does not identify those captures or map its evaluated flows to scenario files. Existence in the larger corpus is insufficient to establish the exact evaluated subset.",high
R1S0343,SCH0132,P16208,DS-P16208-SISTAR-IPERF-HPING3,client,documented_no_support,,2,,yes,yes,unknown,unknown,EVD1735 | EVD1736,"The paper completely describes its generated binary scheme. Normal workloads are generated with iperf and attacks with hping3. These application configurations are label-specific, so no two common client values contain both labels.",high
R1S0344,SCH0132,P16208,DS-P16208-SISTAR-IPERF-HPING3,network,documented_no_support,,2,,yes,yes,unknown,unknown,EVD1735 | EVD1736,"The paper locates all generated traffic in one miniature Spine-Leaf emulation. Gateway, spine, and server leaves are nodes and paths within that topology, not distinct collection sites or access networks. The complete experiment description affirmatively establishes non-support.",high
R1S0345,SCH0132,P16208,DS-P16208-SISTAR-IPERF-HPING3,temporal,supported,SYN Flood interval in Figure 16 | UDP Flood interval in Figure 16,2,2,yes,yes,yes,yes,EVD1735 | EVD1736,"Figure 16 identifies sequential non-overlapping SYN and UDP flood intervals during continuing normal operation. The plotted time axis recovers membership, and each interval contains both normal and attack labels under stable binary semantics.",high
R1S0346,SCH0133,P16208,DS-UNSW-NB15,client,not_documented,,2,,yes,yes,unknown,unknown,EVD1732 | EVD1734,"The sources describe IXIA generation and the Cyber Range topology, but they do not exhaustively map the P16208 binary subset to client devices or runtime configurations. Not seeing a second common client value is missing documentation rather than affirmative non-support.",high
R1S0347,SCH0133,P16208,DS-UNSW-NB15,network,documented_no_support,,2,,yes,yes,unknown,unknown,EVD1732 | EVD1734,The authoritative sources place the released traffic in one UNSW Canberra Cyber Range Lab topology. Normal and attack servers are roles within that testbed rather than distinct collection sites or access networks. The corpus-wide construction therefore affirmatively rules out a qualifying network pair.,high
R1S0348,SCH0133,P16208,DS-UNSW-NB15,temporal,not_documented,,2,,yes,yes,unknown,unknown,EVD1732 | EVD1734,"The source corpus has dated generation runs, but P16208 does not identify dates, raw shards, or event records for its binary evaluation. The released training and test files are mixed partitions. The two cited days therefore do not establish two recoverable temporal values in the exact evaluated subset.",high
R1S0349,SCH0134,P16217,DS-DF-2017,client,documented_no_support,,95,0,yes,unknown,unknown,unknown,EVD0897,"The paper documents replicated machines, not distinct hardware/OS/browser configurations.",high
R1S0350,SCH0134,P16217,DS-DF-2017,network,documented_no_support,,95,0,yes,yes,yes,unknown,EVD1202,The documented contrast changes only Tor routes or circuits and does not establish two qualifying physical network values.,high
R1S0351,SCH0134,P16217,DS-DF-2017,temporal,supported,early versus late round-robin chunk,95,95,yes,yes,yes,yes,EVD1161,"All 95 sites have time-ordered capture chunks, but the collection lasted days and does not meet the three-month threshold.",high
R1S0352,SCH0135,P16217,DS-WANG-WF-2014,client,not_documented,,95,,yes,unknown,unknown,unknown,EVD1134,"Hardware, OS, Tor Browser/version, and class-to-client mappings are not documented in the release index.",low
R1S0353,SCH0135,P16217,DS-WANG-WF-2014,network,not_documented,,95,,yes,unknown,unknown,unknown,EVD1134,"Tor circuits may vary across traces, but circuit/path identities and a common class-addressable network contrast are not documented.",low
R1S0354,SCH0135,P16217,DS-WANG-WF-2014,temporal,not_documented,,95,,yes,unknown,unknown,unknown,EVD1134,The release lacks an auditable class-to-date/campaign manifest.,low
R1S0355,SCH0136,P16217,DS-P16217-SWALLOW,client,supported,D1 vs D7,100,100,yes,yes,yes,yes,EVD0940,"All sites span both browsers, but browser and Tor integration change together.",high
R1S0356,SCH0136,P16217,DS-P16217-SWALLOW,network,documented_no_support,,100,0,yes,yes,yes,unknown,EVD0941,The documented contrast changes only Tor guards and does not establish two qualifying physical network values.,high
R1S0357,SCH0136,P16217,DS-P16217-SWALLOW,temporal,supported,D1 vs D6,100,100,yes,yes,yes,yes,EVD0943,"D1/D6 hold location/browser constant and recollect all sites; month precision makes three months possible, not confirmed.",high
R1S0358,SCH0137,P16217,DS-DF-2017,client,documented_no_support,,95,0,yes,unknown,unknown,unknown,EVD0897,"The paper documents replicated machines, not distinct hardware/OS/browser configurations.",high
R1S0359,SCH0137,P16217,DS-DF-2017,network,documented_no_support,,95,0,yes,yes,yes,unknown,EVD1202,The documented contrast changes only Tor routes or circuits and does not establish two qualifying physical network values.,high
R1S0360,SCH0137,P16217,DS-DF-2017,temporal,supported,early versus late round-robin chunk,95,95,yes,yes,yes,yes,EVD1161,"All 95 sites have time-ordered capture chunks, but the collection lasted days and does not meet the three-month threshold.",high
R1S0361,SCH0138,P16217,DS-WANG-WF-2014,client,not_documented,,95,,yes,unknown,unknown,unknown,EVD1134,"Hardware, OS, Tor Browser/version, and class-to-client mappings are not documented in the release index.",low
R1S0362,SCH0138,P16217,DS-WANG-WF-2014,network,not_documented,,95,,yes,unknown,unknown,unknown,EVD1134,"Tor circuits may vary across traces, but circuit/path identities and a common class-addressable network contrast are not documented.",low
R1S0363,SCH0138,P16217,DS-WANG-WF-2014,temporal,not_documented,,95,,yes,unknown,unknown,unknown,EVD1134,The release lacks an auditable class-to-date/campaign manifest.,low
R1S0364,SCH0139,P16247,DS-P16247-APPLICATION-ALL-2024,client,supported,Android 7 source-host group | Android 8 source-host group,3,3,yes,yes,yes,yes,EVD0944,"Android major-version groups are qualifying client configurations, and the repository's version-specific Application-ALL files contain every application label under both selected versions.",high
R1S0365,SCH0139,P16247,DS-P16247-APPLICATION-ALL-2024,network,supported,Japan and United States cloud-server sites | Japan and United Kingdom cloud-server sites,3,3,yes,yes,yes,yes,EVD0945,Application-ALL was recaptured between documented cloud sites in four countries. Repository files separated by site pair contain every application label under both selected pairs.,high
R1S0366,SCH0139,P16247,DS-P16247-APPLICATION-ALL-2024,temporal,documented_no_support,,3,,yes,unknown,unknown,unknown,EVD0947,Replay supplies no fresh temporal level.,high
R1S0367,SCH0140,P16247,DS-P16247-TOR-ALL-2024,client,supported,13.0.10 vs 13.5,100,100,yes,yes,yes,yes,EVD0951,"Both versions visit the common 100 sites, but version/host/country/time are not shown fully crossed.",medium
R1S0368,SCH0140,P16247,DS-P16247-TOR-ALL-2024,network,supported,any two countries,100,100,yes,yes,yes,yes,EVD0952,Four clients per country visit the common sites; host and path vary together.,high
R1S0369,SCH0140,P16247,DS-P16247-TOR-ALL-2024,temporal,not_documented,,100,,yes,unknown,unknown,unknown,EVD0954,Per-site time-bin membership is not reported.,medium
R1S0370,SCH0141,P16247,DS-P16247-DOHBRW-ALL-2024,client,documented_no_support,unchanged replay client | unchanged replay client,4,,yes,unknown,unknown,unknown,EVD1970 | EVD1974 | EVD1976,"The documented group names are remote DNS services or replay paths. They do not change the client hardware, OS, application, library, or execution environment.",high
R1S0371,SCH0141,P16247,DS-P16247-DOHBRW-ALL-2024,network,supported,JP-US cloud-site pair versus JP-UK cloud-site pair,4,4,yes,yes,yes,yes,EVD0948,The complete scheme was freshly replayed across distinct physical cloud-site pairs. Resolver identity is not used as the qualifying network contrast.,high
R1S0372,SCH0141,P16247,DS-P16247-DOHBRW-ALL-2024,temporal,documented_no_support,,4,,yes,unknown,unknown,unknown,EVD0950,No fresh temporal levels are reported for this replayed version.,high
R1S0373,SCH0142,P16247,DS-NUDT-MOBILETRAFFIC-2020,client,not_documented,,3,,yes,unknown,unknown,unknown,EVD0906,"177 hosts and five OS levels are reported, but not whether every app occurs in two configurations.",medium
R1S0374,SCH0142,P16247,DS-NUDT-MOBILETRAFFIC-2020,network,not_documented,,3,,yes,unknown,unknown,unknown,EVD1964,The available sources do not document class-to-condition membership well enough to establish dataset-level feasibility.,low
R1S0375,SCH0142,P16247,DS-NUDT-MOBILETRAFFIC-2020,temporal,not_documented,,3,,yes,unknown,unknown,unknown,EVD0908,Overall months are known but application-to-date membership is not.,medium
R1S0376,SCH0143,P16247,DS-DF-2017,client,documented_no_support,,95,0,yes,unknown,unknown,unknown,EVD0897,"The paper documents replicated machines, not distinct hardware/OS/browser configurations.",high
R1S0377,SCH0143,P16247,DS-DF-2017,network,documented_no_support,,95,0,yes,yes,yes,unknown,EVD1202,The documented contrast changes only Tor routes or circuits and does not establish two qualifying physical network values.,high
R1S0378,SCH0143,P16247,DS-DF-2017,temporal,supported,early versus late round-robin chunk,95,95,yes,yes,yes,yes,EVD1161,"All 95 sites have time-ordered capture chunks, but the collection lasted days and does not meet the three-month threshold.",high
R1S0379,SCH0144,P16248,DS-CIC-ANDMAL-2017,client,not_documented,,2,,yes,yes,unknown,unknown,EVD1741 | EVD1738 | EVD1739 | EVD1740,The available paper and dataset evidence does not map every label to two recoverable client values.,medium
R1S0380,SCH0144,P16248,DS-CIC-ANDMAL-2017,network,documented_no_support,,2,,yes,yes,yes,no,EVD1741 | EVD1738 | EVD1739 | EVD1740,The complete scheme comes from one documented benchmark testbed or capture environment rather than two network values shared by every label.,high
R1S0381,SCH0144,P16248,DS-CIC-ANDMAL-2017,temporal,not_documented,,2,,yes,yes,unknown,unknown,EVD1741 | EVD1738 | EVD1739 | EVD1740,The available paper and dataset evidence does not map every label to two recoverable temporal values.,medium
R1S0382,SCH0145,P16248,DS-CIC-IDS-2017,client,not_documented,,2,,yes,yes,unknown,unknown,EVD1741 | EVD1738 | EVD1739 | EVD1740,The available paper and dataset evidence does not map every label to two recoverable client values.,medium
R1S0383,SCH0145,P16248,DS-CIC-IDS-2017,network,documented_no_support,,2,,yes,yes,yes,no,EVD1741 | EVD1738 | EVD1739 | EVD1740,The complete scheme comes from one documented benchmark testbed or capture environment rather than two network values shared by every label.,high
R1S0384,SCH0145,P16248,DS-CIC-IDS-2017,temporal,not_documented,,2,,yes,yes,unknown,unknown,EVD1741 | EVD1738 | EVD1739 | EVD1740,The available paper and dataset evidence does not map every label to two recoverable temporal values.,medium
R1S0385,SCH0146,P16248,DS-CSE-CIC-IDS-2018,client,not_documented,,2,,yes,yes,unknown,unknown,EVD1741 | EVD1738 | EVD1739 | EVD1740,The available paper and dataset evidence does not map every label to two recoverable client values.,medium
R1S0386,SCH0146,P16248,DS-CSE-CIC-IDS-2018,network,documented_no_support,,2,,yes,yes,yes,no,EVD1741 | EVD1738 | EVD1739 | EVD1740,The complete scheme comes from one documented benchmark testbed or capture environment rather than two network values shared by every label.,high
R1S0387,SCH0146,P16248,DS-CSE-CIC-IDS-2018,temporal,supported,first CSE-CIC-IDS2018 collection day T1 | remaining collection days T2,2,2,yes,yes,yes,yes,EVD1741 | EVD1738 | EVD1739 | EVD1740,Table I gives both normal and malicious encrypted-flow counts in T1 and T2. The dated files preserve membership and the evaluated binary semantics are stable.,high
R1S0388,SCH0147,P16248,DS-CTU-13,client,not_documented,,2,,yes,yes,unknown,unknown,EVD1741 | EVD1738 | EVD1739 | EVD1740,The available paper and dataset evidence does not map every label to two recoverable client values.,medium
R1S0389,SCH0147,P16248,DS-CTU-13,network,not_documented,,2,,yes,yes,unknown,unknown,EVD1741 | EVD1738 | EVD1739 | EVD1740,The available paper and dataset evidence does not map every label to two recoverable network values.,medium
R1S0390,SCH0147,P16248,DS-CTU-13,temporal,not_documented,,2,,yes,yes,unknown,unknown,EVD1741 | EVD1738 | EVD1739 | EVD1740,The available paper and dataset evidence does not map every label to two recoverable temporal values.,medium
R1S0391,SCH0148,P16248,DS-CIC-DDOS-2019,client,not_documented,,2,,yes,yes,unknown,unknown,EVD1741 | EVD1738 | EVD1739 | EVD1740,The available paper and dataset evidence does not map every label to two recoverable client values.,medium
R1S0392,SCH0148,P16248,DS-CIC-DDOS-2019,network,documented_no_support,,2,,yes,yes,yes,no,EVD1741 | EVD1738 | EVD1739 | EVD1740,The complete scheme comes from one documented benchmark testbed or capture environment rather than two network values shared by every label.,high
R1S0393,SCH0148,P16248,DS-CIC-DDOS-2019,temporal,not_documented,,2,,yes,yes,unknown,unknown,EVD1741 | EVD1738 | EVD1739 | EVD1740,The available paper and dataset evidence does not map every label to two recoverable temporal values.,medium
R1S0394,SCH0149,P16248,DS-CIRA-CIC-DOHBRW-2020,client,not_documented,,2,,yes,yes,unknown,unknown,EVD1741 | EVD1738 | EVD1739 | EVD1740,The available paper and dataset evidence does not map every label to two recoverable client values.,medium
R1S0395,SCH0149,P16248,DS-CIRA-CIC-DOHBRW-2020,network,documented_no_support,,2,,yes,yes,yes,no,EVD1741 | EVD1738 | EVD1739 | EVD1740,The complete scheme comes from one documented benchmark testbed or capture environment rather than two network values shared by every label.,high
R1S0396,SCH0149,P16248,DS-CIRA-CIC-DOHBRW-2020,temporal,not_documented,,2,,yes,yes,unknown,unknown,EVD1741 | EVD1738 | EVD1739 | EVD1740,The available paper and dataset evidence does not map every label to two recoverable temporal values.,medium
R1S0397,SCH0150,P16248,DS-HYPERVISION,client,not_documented,,2,,yes,yes,unknown,unknown,EVD1741 | EVD1738 | EVD1739 | EVD1740,The available paper and dataset evidence does not map every label to two recoverable client values.,medium
R1S0398,SCH0150,P16248,DS-HYPERVISION,network,not_documented,,2,,yes,yes,unknown,unknown,EVD1741 | EVD1738 | EVD1739 | EVD1740,The available paper and dataset evidence does not map every label to two recoverable network values.,medium
R1S0399,SCH0150,P16248,DS-HYPERVISION,temporal,not_documented,,2,,yes,yes,unknown,unknown,EVD1741 | EVD1738 | EVD1739 | EVD1740,The available paper and dataset evidence does not map every label to two recoverable temporal values.,medium
R1S0400,SCH0151,P16248,DS-HYPERVISION,client,not_documented,,2,,yes,yes,unknown,unknown,EVD1741 | EVD1738 | EVD1739 | EVD1740,The available paper and dataset evidence does not map every label to two recoverable client values.,medium
R1S0401,SCH0151,P16248,DS-HYPERVISION,network,not_documented,,2,,yes,yes,unknown,unknown,EVD1741 | EVD1738 | EVD1739 | EVD1740,The available paper and dataset evidence does not map every label to two recoverable network values.,medium
R1S0402,SCH0151,P16248,DS-HYPERVISION,temporal,not_documented,,2,,yes,yes,unknown,unknown,EVD1741 | EVD1738 | EVD1739 | EVD1740,The available paper and dataset evidence does not map every label to two recoverable temporal values.,medium
R1S0403,SCH0152,P16248,DS-HYPERVISION,client,not_documented,,2,,yes,yes,unknown,unknown,EVD1741 | EVD1738 | EVD1739 | EVD1740,The available paper and dataset evidence does not map every label to two recoverable client values.,medium
R1S0404,SCH0152,P16248,DS-HYPERVISION,network,not_documented,,2,,yes,yes,unknown,unknown,EVD1741 | EVD1738 | EVD1739 | EVD1740,The available paper and dataset evidence does not map every label to two recoverable network values.,medium
R1S0405,SCH0152,P16248,DS-HYPERVISION,temporal,not_documented,,2,,yes,yes,unknown,unknown,EVD1741 | EVD1738 | EVD1739 | EVD1740,The available paper and dataset evidence does not map every label to two recoverable temporal values.,medium
R1S0406,SCH0153,P16248,DS-HYPERVISION,client,not_documented,,2,,yes,yes,unknown,unknown,EVD1741 | EVD1738 | EVD1739 | EVD1740,The available paper and dataset evidence does not map every label to two recoverable client values.,medium
R1S0407,SCH0153,P16248,DS-HYPERVISION,network,not_documented,,2,,yes,yes,unknown,unknown,EVD1741 | EVD1738 | EVD1739 | EVD1740,The available paper and dataset evidence does not map every label to two recoverable network values.,medium
R1S0408,SCH0153,P16248,DS-HYPERVISION,temporal,not_documented,,2,,yes,yes,unknown,unknown,EVD1741 | EVD1738 | EVD1739 | EVD1740,The available paper and dataset evidence does not map every label to two recoverable temporal values.,medium
R1S0409,SCH0154,P16248,DS-HYPERVISION,client,not_documented,,2,,yes,yes,unknown,unknown,EVD1741 | EVD1738 | EVD1739 | EVD1740,The available paper and dataset evidence does not map every label to two recoverable client values.,medium
R1S0410,SCH0154,P16248,DS-HYPERVISION,network,not_documented,,2,,yes,yes,unknown,unknown,EVD1741 | EVD1738 | EVD1739 | EVD1740,The available paper and dataset evidence does not map every label to two recoverable network values.,medium
R1S0411,SCH0154,P16248,DS-HYPERVISION,temporal,not_documented,,2,,yes,yes,unknown,unknown,EVD1741 | EVD1738 | EVD1739 | EVD1740,The available paper and dataset evidence does not map every label to two recoverable temporal values.,medium
R1S0412,SCH0155,P16248,DS-CIC-IOT-2023,client,not_documented,,2,,yes,yes,unknown,unknown,EVD1741 | EVD1738 | EVD1739 | EVD1740,The available paper and dataset evidence does not map every label to two recoverable client values.,medium
R1S0413,SCH0155,P16248,DS-CIC-IOT-2023,network,documented_no_support,,2,,yes,yes,yes,no,EVD1741 | EVD1738 | EVD1739 | EVD1740,The complete scheme comes from one documented benchmark testbed or capture environment rather than two network values shared by every label.,high
R1S0414,SCH0155,P16248,DS-CIC-IOT-2023,temporal,not_documented,,2,,yes,yes,unknown,unknown,EVD1741 | EVD1738 | EVD1739 | EVD1740,The available paper and dataset evidence does not map every label to two recoverable temporal values.,medium
R1S0415,SCH0156,P16248,DS-KITSUNE-SSDP-FLOOD,client,not_documented,,2,,yes,yes,unknown,unknown,EVD1741 | EVD1738 | EVD1739 | EVD1740,The available paper and dataset evidence does not map every label to two recoverable client values.,medium
R1S0416,SCH0156,P16248,DS-KITSUNE-SSDP-FLOOD,network,not_documented,,2,,yes,yes,unknown,unknown,EVD1741 | EVD1738 | EVD1739 | EVD1740,The available paper and dataset evidence does not map every label to two recoverable network values.,medium
R1S0417,SCH0156,P16248,DS-KITSUNE-SSDP-FLOOD,temporal,not_documented,,2,,yes,yes,unknown,unknown,EVD1741 | EVD1738 | EVD1739 | EVD1740,The available paper and dataset evidence does not map every label to two recoverable temporal values.,medium
R1S0418,SCH0157,P16248,DS-NETBEACON-TRAFFIC,client,not_documented,,2,,yes,yes,unknown,unknown,EVD1741 | EVD1738 | EVD1739 | EVD1740,The available paper and dataset evidence does not map every label to two recoverable client values.,medium
R1S0419,SCH0157,P16248,DS-NETBEACON-TRAFFIC,network,not_documented,,2,,yes,yes,unknown,unknown,EVD1741 | EVD1738 | EVD1739 | EVD1740,The available paper and dataset evidence does not map every label to two recoverable network values.,medium
R1S0420,SCH0157,P16248,DS-NETBEACON-TRAFFIC,temporal,not_documented,,2,,yes,yes,unknown,unknown,EVD1741 | EVD1738 | EVD1739 | EVD1740,The available paper and dataset evidence does not map every label to two recoverable temporal values.,medium
R1S0421,SCH0158,P16248,DS-WHISPER-MALICIOUS-TRAFFIC,client,not_documented,,2,,yes,yes,unknown,unknown,EVD1741 | EVD1738 | EVD1739 | EVD1740,The available paper and dataset evidence does not map every label to two recoverable client values.,medium
R1S0422,SCH0158,P16248,DS-WHISPER-MALICIOUS-TRAFFIC,network,not_documented,,2,,yes,yes,unknown,unknown,EVD1741 | EVD1738 | EVD1739 | EVD1740,The available paper and dataset evidence does not map every label to two recoverable network values.,medium
R1S0423,SCH0158,P16248,DS-WHISPER-MALICIOUS-TRAFFIC,temporal,not_documented,,2,,yes,yes,unknown,unknown,EVD1741 | EVD1738 | EVD1739 | EVD1740,The available paper and dataset evidence does not map every label to two recoverable temporal values.,medium
R1S0424,SCH0159,P16354,DS-P16354-DARKVEC-UNIVERSITY-DARKNET-2021,client,not_documented,,10,,yes,unknown,unknown,unknown,EVD1978,Class-to-condition evidence is insufficient for a feasibility conclusion.,low
R1S0425,SCH0159,P16354,DS-P16354-DARKVEC-UNIVERSITY-DARKNET-2021,network,documented_no_support,,10,,yes,unknown,unknown,unknown,EVD0955,One telescope is used.,high
R1S0426,SCH0159,P16354,DS-P16354-DARKVEC-UNIVERSITY-DARKNET-2021,temporal,not_documented,,10,,yes,unknown,unknown,unknown,EVD0957,Labels use last-day active senders; complete early/late class overlap is not reported.,medium
R1S0427,SCH0160,P16398,DS-P16398-FIAT-TESTBED,client,supported,Echo Dot 4 versus Home Mini,3,3,yes,yes,yes,yes,EVD1742 | EVD1745,"Control, automated, and manual event labels are collected for multiple identified device configurations.",high
R1S0428,SCH0160,P16398,DS-P16398-FIAT-TESTBED,network,supported,US versus Japan,3,3,yes,yes,yes,yes,EVD1742 | EVD1744,The same three event labels are available for each qualifying device in US and Japan network locations.,high
R1S0429,SCH0160,P16398,DS-P16398-FIAT-TESTBED,temporal,not_documented,,3,,yes,yes,unknown,unknown,EVD1745 | EVD1742 | EVD1743 | EVD1744,The available paper and dataset evidence does not map every label to two recoverable temporal values.,medium
R1S0430,SCH0161,P16406,DS-CIC-IDS-2017,client,not_documented,,2,,yes,unknown,unknown,unknown,EVD1748,Client identities or platforms are not mapped to complete label coverage for this trace component.,high
R1S0431,SCH0161,P16406,DS-CIC-IDS-2017,network,not_documented,,2,,yes,unknown,unknown,unknown,EVD1748,The component does not document complete label coverage under two recoverable network conditions.,high
R1S0432,SCH0161,P16406,DS-CIC-IDS-2017,temporal,documented_no_support,CIC-IDS2017 Tuesday,2,0,yes,yes,yes,no,EVD1748,"This explicit scheme is confined to one day or scenario trace, so it does not contain two documented temporal values.",high
R1S0433,SCH0162,P16406,DS-CIC-IDS-2017,client,not_documented,,2,,yes,unknown,unknown,unknown,EVD1748,Client identities or platforms are not mapped to complete label coverage for this trace component.,high
R1S0434,SCH0162,P16406,DS-CIC-IDS-2017,network,not_documented,,2,,yes,unknown,unknown,unknown,EVD1748,The component does not document complete label coverage under two recoverable network conditions.,high
R1S0435,SCH0162,P16406,DS-CIC-IDS-2017,temporal,documented_no_support,CIC-IDS2017 Wednesday,2,0,yes,yes,yes,no,EVD1748,"This explicit scheme is confined to one day or scenario trace, so it does not contain two documented temporal values.",high
R1S0436,SCH0163,P16406,DS-CIC-IDS-2017,client,not_documented,,2,,yes,unknown,unknown,unknown,EVD1748,Client identities or platforms are not mapped to complete label coverage for this trace component.,high
R1S0437,SCH0163,P16406,DS-CIC-IDS-2017,network,not_documented,,2,,yes,unknown,unknown,unknown,EVD1748,The component does not document complete label coverage under two recoverable network conditions.,high
R1S0438,SCH0163,P16406,DS-CIC-IDS-2017,temporal,documented_no_support,CIC-IDS2017 Thursday,2,0,yes,yes,yes,no,EVD1748,"This explicit scheme is confined to one day or scenario trace, so it does not contain two documented temporal values.",high
R1S0439,SCH0164,P16406,DS-CIC-DDOS-2019,client,not_documented,,2,,yes,unknown,unknown,unknown,EVD1747,Client identities or platforms are not mapped to complete label coverage for this trace component.,high
R1S0440,SCH0164,P16406,DS-CIC-DDOS-2019,network,not_documented,,2,,yes,unknown,unknown,unknown,EVD1747,The component does not document complete label coverage under two recoverable network conditions.,high
R1S0441,SCH0164,P16406,DS-CIC-DDOS-2019,temporal,documented_no_support,CIC-DDoS2019 January 11,2,0,yes,yes,yes,no,EVD1747,"This explicit scheme is confined to one day or scenario trace, so it does not contain two documented temporal values.",high
R1S0442,SCH0165,P16406,DS-CTU-13,client,not_documented,,2,,yes,unknown,unknown,unknown,EVD1749,Client identities or platforms are not mapped to complete label coverage for this trace component.,high
R1S0443,SCH0165,P16406,DS-CTU-13,network,not_documented,,2,,yes,unknown,unknown,unknown,EVD1749,The component does not document complete label coverage under two recoverable network conditions.,high
R1S0444,SCH0165,P16406,DS-CTU-13,temporal,documented_no_support,CTU scenario 1-1,2,0,yes,yes,yes,no,EVD1749,"This explicit scheme is confined to one day or scenario trace, so it does not contain two documented temporal values.",high
R1S0445,SCH0166,P16406,DS-CTU-13,client,not_documented,,2,,yes,unknown,unknown,unknown,EVD1749,Client identities or platforms are not mapped to complete label coverage for this trace component.,high
R1S0446,SCH0166,P16406,DS-CTU-13,network,not_documented,,2,,yes,unknown,unknown,unknown,EVD1749,The component does not document complete label coverage under two recoverable network conditions.,high
R1S0447,SCH0166,P16406,DS-CTU-13,temporal,documented_no_support,CTU scenario 20-1,2,0,yes,yes,yes,no,EVD1749,"This explicit scheme is confined to one day or scenario trace, so it does not contain two documented temporal values.",high
R1S0448,SCH0167,P16406,DS-CTU-13,client,not_documented,,2,,yes,unknown,unknown,unknown,EVD1749,Client identities or platforms are not mapped to complete label coverage for this trace component.,high
R1S0449,SCH0167,P16406,DS-CTU-13,network,not_documented,,2,,yes,unknown,unknown,unknown,EVD1749,The component does not document complete label coverage under two recoverable network conditions.,high
R1S0450,SCH0167,P16406,DS-CTU-13,temporal,documented_no_support,CTU scenario 3-1,2,0,yes,yes,yes,no,EVD1749,"This explicit scheme is confined to one day or scenario trace, so it does not contain two documented temporal values.",high
R1S0451,SCH0168,P16406,DS-CTU-13,client,not_documented,,2,,yes,unknown,unknown,unknown,EVD1749,Client identities or platforms are not mapped to complete label coverage for this trace component.,high
R1S0452,SCH0168,P16406,DS-CTU-13,network,not_documented,,2,,yes,unknown,unknown,unknown,EVD1749,The component does not document complete label coverage under two recoverable network conditions.,high
R1S0453,SCH0168,P16406,DS-CTU-13,temporal,documented_no_support,CTU scenario 7-1,2,0,yes,yes,yes,no,EVD1749,"This explicit scheme is confined to one day or scenario trace, so it does not contain two documented temporal values.",high
R1S0454,SCH0169,P16406,DS-CTU-13,client,not_documented,,2,,yes,unknown,unknown,unknown,EVD1749,Client identities or platforms are not mapped to complete label coverage for this trace component.,high
R1S0455,SCH0169,P16406,DS-CTU-13,network,not_documented,,2,,yes,unknown,unknown,unknown,EVD1749,The component does not document complete label coverage under two recoverable network conditions.,high
R1S0456,SCH0169,P16406,DS-CTU-13,temporal,documented_no_support,CTU scenario 34-1,2,0,yes,yes,yes,no,EVD1749,"This explicit scheme is confined to one day or scenario trace, so it does not contain two documented temporal values.",high
R1S0457,SCH0170,P16406,DS-CTU-13,client,not_documented,,2,,yes,unknown,unknown,unknown,EVD1749,Client identities or platforms are not mapped to complete label coverage for this trace component.,high
R1S0458,SCH0170,P16406,DS-CTU-13,network,not_documented,,2,,yes,unknown,unknown,unknown,EVD1749,The component does not document complete label coverage under two recoverable network conditions.,high
R1S0459,SCH0170,P16406,DS-CTU-13,temporal,documented_no_support,CTU scenario 8-1,2,0,yes,yes,yes,no,EVD1749,"This explicit scheme is confined to one day or scenario trace, so it does not contain two documented temporal values.",high
R1S0460,SCH0171,P16406,DS-IEEE-IOT-INTRUSION,client,not_documented,,2,,yes,unknown,unknown,unknown,EVD1750,Client identities or platforms are not mapped to complete label coverage for this trace component.,high
R1S0461,SCH0171,P16406,DS-IEEE-IOT-INTRUSION,network,not_documented,,2,,yes,unknown,unknown,unknown,EVD1750,The component does not document complete label coverage under two recoverable network conditions.,high
R1S0462,SCH0171,P16406,DS-IEEE-IOT-INTRUSION,temporal,documented_no_support,IEEE IoT packet trace,2,0,yes,yes,yes,no,EVD1750,"This explicit scheme is confined to one day or scenario trace, so it does not contain two documented temporal values.",high
R1S0463,SCH0172,P16406,DS-KITSUNE,client,not_documented,,2,,yes,unknown,unknown,unknown,EVD1751,Client identities or platforms are not mapped to complete label coverage for this trace component.,high
R1S0464,SCH0172,P16406,DS-KITSUNE,network,not_documented,,2,,yes,unknown,unknown,unknown,EVD1751,The component does not document complete label coverage under two recoverable network conditions.,high
R1S0465,SCH0172,P16406,DS-KITSUNE,temporal,documented_no_support,Kitsune packet trace,2,0,yes,yes,yes,no,EVD1751,"This explicit scheme is confined to one day or scenario trace, so it does not contain two documented temporal values.",high
R1S0466,SCH0173,P16406,DS-AWID3,client,not_documented,,2,,yes,unknown,unknown,unknown,EVD1746,Client identities or platforms are not mapped to complete label coverage for this trace component.,high
R1S0467,SCH0173,P16406,DS-AWID3,network,not_documented,,2,,yes,unknown,unknown,unknown,EVD1746,The component does not document complete label coverage under two recoverable network conditions.,high
R1S0468,SCH0173,P16406,DS-AWID3,temporal,documented_no_support,AWID3 packet trace,2,0,yes,yes,yes,no,EVD1746,"This explicit scheme is confined to one day or scenario trace, so it does not contain two documented temporal values.",high
R1S0469,SCH0174,P16418,DS-P16418-XATU-ISP-2019,client,not_documented,,2,,yes,yes,unknown,unknown,EVD1756 | EVD1752,The available evidence does not map every complete label to two recoverable client values with fresh parent traffic.,medium
R1S0470,SCH0174,P16418,DS-P16418-XATU-ISP-2019,network,not_documented,,2,,yes,yes,unknown,unknown,EVD1756 | EVD1752,The available evidence does not map every complete label to two recoverable network values with fresh parent traffic.,medium
R1S0471,SCH0174,P16418,DS-P16418-XATU-ISP-2019,temporal,supported,"April 24 to June 12, 2019 | July 3 to August 1, 2019",2,2,yes,yes,yes,yes,EVD1753 | EVD1757 | EVD1752 | EVD1755,The attack-specific binary labels are evaluated in non-overlapping chronological periods. Balanced attack and non-attack training plus validation overhead and test false-positive evaluation establish both labels across the period pair. Distinct calendar windows contain fresh NetFlow observations.,high
R1S0472,SCH0175,P16418,DS-P16418-XATU-ISP-2019,client,not_documented,,2,,yes,yes,unknown,unknown,EVD1756 | EVD1752,The available evidence does not map every complete label to two recoverable client values with fresh parent traffic.,medium
R1S0473,SCH0175,P16418,DS-P16418-XATU-ISP-2019,network,not_documented,,2,,yes,yes,unknown,unknown,EVD1756 | EVD1752,The available evidence does not map every complete label to two recoverable network values with fresh parent traffic.,medium
R1S0474,SCH0175,P16418,DS-P16418-XATU-ISP-2019,temporal,supported,"April 24 to June 12, 2019 | July 3 to August 1, 2019",2,2,yes,yes,yes,yes,EVD1753 | EVD1757 | EVD1752 | EVD1755,The attack-specific binary labels are evaluated in non-overlapping chronological periods. Balanced attack and non-attack training plus validation overhead and test false-positive evaluation establish both labels across the period pair. Distinct calendar windows contain fresh NetFlow observations.,high
R1S0475,SCH0176,P16418,DS-P16418-XATU-ISP-2019,client,not_documented,,2,,yes,yes,unknown,unknown,EVD1756 | EVD1752,The available evidence does not map every complete label to two recoverable client values with fresh parent traffic.,medium
R1S0476,SCH0176,P16418,DS-P16418-XATU-ISP-2019,network,not_documented,,2,,yes,yes,unknown,unknown,EVD1756 | EVD1752,The available evidence does not map every complete label to two recoverable network values with fresh parent traffic.,medium
R1S0477,SCH0176,P16418,DS-P16418-XATU-ISP-2019,temporal,supported,"April 24 to June 12, 2019 | July 3 to August 1, 2019",2,2,yes,yes,yes,yes,EVD1753 | EVD1757 | EVD1752 | EVD1755,The attack-specific binary labels are evaluated in non-overlapping chronological periods. Balanced attack and non-attack training plus validation overhead and test false-positive evaluation establish both labels across the period pair. Distinct calendar windows contain fresh NetFlow observations.,high
R1S0478,SCH0177,P16418,DS-P16418-XATU-ISP-2019,client,not_documented,,2,,yes,yes,unknown,unknown,EVD1756 | EVD1752,The available evidence does not map every complete label to two recoverable client values with fresh parent traffic.,medium
R1S0479,SCH0177,P16418,DS-P16418-XATU-ISP-2019,network,not_documented,,2,,yes,yes,unknown,unknown,EVD1756 | EVD1752,The available evidence does not map every complete label to two recoverable network values with fresh parent traffic.,medium
R1S0480,SCH0177,P16418,DS-P16418-XATU-ISP-2019,temporal,supported,"April 24 to June 12, 2019 | July 3 to August 1, 2019",2,2,yes,yes,yes,yes,EVD1753 | EVD1757 | EVD1752 | EVD1755,The attack-specific binary labels are evaluated in non-overlapping chronological periods. Balanced attack and non-attack training plus validation overhead and test false-positive evaluation establish both labels across the period pair. Distinct calendar windows contain fresh NetFlow observations.,high
R1S0481,SCH0178,P16418,DS-P16418-XATU-ISP-2019,client,not_documented,,2,,yes,yes,unknown,unknown,EVD1756 | EVD1752,The available evidence does not map every complete label to two recoverable client values with fresh parent traffic.,medium
R1S0482,SCH0178,P16418,DS-P16418-XATU-ISP-2019,network,not_documented,,2,,yes,yes,unknown,unknown,EVD1756 | EVD1752,The available evidence does not map every complete label to two recoverable network values with fresh parent traffic.,medium
R1S0483,SCH0178,P16418,DS-P16418-XATU-ISP-2019,temporal,supported,"April 24 to June 12, 2019 | July 3 to August 1, 2019",2,2,yes,yes,yes,yes,EVD1753 | EVD1757 | EVD1752 | EVD1755,The attack-specific binary labels are evaluated in non-overlapping chronological periods. Balanced attack and non-attack training plus validation overhead and test false-positive evaluation establish both labels across the period pair. Distinct calendar windows contain fresh NetFlow observations.,high
R1S0484,SCH0179,P16418,DS-P16418-XATU-ISP-2019,client,not_documented,,2,,yes,yes,unknown,unknown,EVD1756 | EVD1752,The available evidence does not map every complete label to two recoverable client values with fresh parent traffic.,medium
R1S0485,SCH0179,P16418,DS-P16418-XATU-ISP-2019,network,not_documented,,2,,yes,yes,unknown,unknown,EVD1756 | EVD1752,The available evidence does not map every complete label to two recoverable network values with fresh parent traffic.,medium
R1S0486,SCH0179,P16418,DS-P16418-XATU-ISP-2019,temporal,supported,"April 24 to June 12, 2019 | July 3 to August 1, 2019",2,2,yes,yes,yes,yes,EVD1753 | EVD1757 | EVD1752 | EVD1755,The attack-specific binary labels are evaluated in non-overlapping chronological periods. Balanced attack and non-attack training plus validation overhead and test false-positive evaluation establish both labels across the period pair. Distinct calendar windows contain fresh NetFlow observations.,high
R1S0487,SCH0180,P17056,DS-P17056-LTE-FINGERPRINT,client,not_documented,,9,,yes,unknown,unknown,unknown,EVD0966,"Five configs are reported, but no full app-by-config map.",medium
R1S0488,SCH0180,P17056,DS-P17056-LTE-FINGERPRINT,network,supported,any two carriers,9,9,yes,yes,yes,yes,EVD0967,Table IV reports every app under each carrier; only carrier/eNodeB composites are supported.,high
R1S0489,SCH0180,P17056,DS-P17056-LTE-FINGERPRINT,temporal,supported,early vs late per-app capture,9,9,yes,yes,yes,yes,EVD0969,Each app/interaction group is reported collected separately for six months; dates/confounders are absent.,medium
R1S0490,SCH0181,P17148,DS-CIC-IDS-2017,client,not_documented,,2,,yes,yes,unknown,unknown,EVD1762 | EVD1759 | EVD1761,The available paper and dataset evidence does not map every label to two recoverable client values.,medium
R1S0491,SCH0181,P17148,DS-CIC-IDS-2017,network,documented_no_support,,2,,yes,yes,yes,no,EVD1762 | EVD1759 | EVD1761,The complete scheme comes from one documented benchmark testbed or capture environment rather than two network values shared by every label.,high
R1S0492,SCH0181,P17148,DS-CIC-IDS-2017,temporal,not_documented,,2,,yes,yes,unknown,unknown,EVD1762 | EVD1759 | EVD1761,The available paper and dataset evidence does not map every label to two recoverable temporal values.,medium
R1S0493,SCH0182,P17148,DS-P17148-EBPF-REPRODUCTION,client,documented_no_support,,2,,yes,yes,yes,no,EVD1759,The reproduction uses one fixed two-host testbed rather than two client environments shared by both labels.,high
R1S0494,SCH0182,P17148,DS-P17148-EBPF-REPRODUCTION,network,documented_no_support,,2,,yes,yes,yes,no,EVD1759,The reproduction uses one fixed testbed network rather than two network environments shared by both labels.,high
R1S0495,SCH0182,P17148,DS-P17148-EBPF-REPRODUCTION,temporal,supported,documented training date versus documented testing date,2,2,yes,yes,yes,yes,EVD1760,Both benign and intrusion traffic are freshly captured on the separate training and testing dates.,high
R1S0496,SCH0183,P17269,DS-MALWARE-TRAFFIC-ANALYSIS-NET,client,not_documented,,80,,yes,unknown,unknown,unknown,EVD1986,Class-to-condition mapping was not reported clearly enough to establish coverage.,low
R1S0497,SCH0183,P17269,DS-MALWARE-TRAFFIC-ANALYSIS-NET,network,not_documented,,80,,yes,unknown,unknown,unknown,EVD1986,Class-to-condition mapping was not reported clearly enough to establish coverage.,low
R1S0498,SCH0183,P17269,DS-MALWARE-TRAFFIC-ANALYSIS-NET,temporal,documented_no_support,<=2018-08-01 versus >=2019-02-01 (six-month-separated windows),80,18,yes,unknown,unknown,unknown,EVD1177 | EVD0832,"Temporal evaluation is feasible only for a subset: 38/80 families have any pair at least six months apart, while one common conservative early/late split covers 18/80. Client and network factors are not controlled.",high
R1S0499,SCH0184,P17269,DS-BTU-MALWARE,client,not_documented,,33,,yes,unknown,unknown,unknown,EVD1988,Class-to-condition mapping was not reported clearly enough to establish coverage.,low
R1S0500,SCH0184,P17269,DS-BTU-MALWARE,network,not_documented,,33,,yes,unknown,unknown,unknown,EVD1988,Class-to-condition mapping was not reported clearly enough to establish coverage.,low
R1S0501,SCH0184,P17269,DS-BTU-MALWARE,temporal,not_documented,,33,,yes,unknown,unknown,unknown,EVD1988,Class-to-condition mapping was not reported clearly enough to establish coverage.,low
R1S0502,SCH0185,P17269,DS-BTU-MALWARE,client,not_documented,,29,,yes,unknown,unknown,unknown,EVD1987,Class-to-condition mapping was not reported clearly enough to establish coverage.,low
R1S0503,SCH0185,P17269,DS-BTU-MALWARE,network,not_documented,,29,,yes,unknown,unknown,unknown,EVD1987,Class-to-condition mapping was not reported clearly enough to establish coverage.,low
R1S0504,SCH0185,P17269,DS-BTU-MALWARE,temporal,not_documented,,29,,yes,unknown,unknown,unknown,EVD1987,Class-to-condition mapping was not reported clearly enough to establish coverage.,low
R1S0505,SCH0186,P17269,DS-CIC-INVES-ANDMAL-2019,client,not_documented,,2,,yes,unknown,unknown,unknown,EVD1989 | EVD1763 | EVD1764,The available evidence does not establish the complete scheme under one common condition pair.,medium
R1S0506,SCH0186,P17269,DS-CIC-INVES-ANDMAL-2019,network,not_documented,,2,,yes,unknown,unknown,unknown,EVD1989 | EVD1763 | EVD1764,The available evidence does not establish the complete scheme under one common condition pair.,medium
R1S0507,SCH0186,P17269,DS-CIC-INVES-ANDMAL-2019,temporal,not_documented,,2,,yes,unknown,unknown,unknown,EVD1989 | EVD1763 | EVD1764,The available evidence does not establish the complete scheme under one common condition pair.,medium
R1S0508,SCH0190,P17269,DS-CIC-INVES-ANDMAL-2019,client,not_documented,,42,,yes,unknown,unknown,unknown,EVD1985,Class-to-condition mapping was not reported clearly enough to establish coverage.,low
R1S0509,SCH0190,P17269,DS-CIC-INVES-ANDMAL-2019,network,not_documented,,42,,yes,unknown,unknown,unknown,EVD1985,Class-to-condition mapping was not reported clearly enough to establish coverage.,low
R1S0510,SCH0190,P17269,DS-CIC-INVES-ANDMAL-2019,temporal,not_documented,,42,,yes,unknown,unknown,unknown,EVD1985,Class-to-condition mapping was not reported clearly enough to establish coverage.,low
R1S0511,SCH0191,P17323,DS-P42427-FOAP-AUTO,client,not_documented,,1000,,yes,unknown,unknown,unknown,EVD1994,Class-to-condition mapping was not reported clearly enough to establish coverage.,low
R1S0512,SCH0191,P17323,DS-P42427-FOAP-AUTO,network,not_documented,,1000,,yes,unknown,unknown,unknown,EVD1994,Class-to-condition mapping was not reported clearly enough to establish coverage.,low
R1S0513,SCH0191,P17323,DS-P42427-FOAP-AUTO,temporal,not_documented,,1000,,yes,unknown,unknown,unknown,EVD1994,Class-to-condition mapping was not reported clearly enough to establish coverage.,low
R1S0514,SCH0192,P17323,DS-NUDT-MOBILETRAFFIC-2020,client,not_documented,,100,,yes,unknown,unknown,unknown,EVD0906,"177 hosts and five OS levels are reported, but not whether every app occurs in two configurations.",medium
R1S0515,SCH0192,P17323,DS-NUDT-MOBILETRAFFIC-2020,network,not_documented,,100,,yes,unknown,unknown,unknown,EVD1996,The available sources do not document class-to-condition membership well enough to establish dataset-level feasibility.,low
R1S0516,SCH0192,P17323,DS-NUDT-MOBILETRAFFIC-2020,temporal,not_documented,,100,,yes,unknown,unknown,unknown,EVD0908,Overall months are known but application-to-date membership is not.,medium
R1S0517,SCH0193,P17323,DS-FG-NET,client,not_documented,,53,,yes,unknown,unknown,unknown,EVD1995,Class-to-condition mapping was not reported clearly enough to establish coverage.,low
R1S0518,SCH0193,P17323,DS-FG-NET,network,not_documented,,53,,yes,unknown,unknown,unknown,EVD1995,Class-to-condition mapping was not reported clearly enough to establish coverage.,low
R1S0519,SCH0193,P17323,DS-FG-NET,temporal,supported,D1 versus D2,53,53,yes,yes,yes,yes,EVD0816,"The full app task is cross-time partitionable at 28 days, but does not meet the 3-, 6-, or 12-month thresholds.",high
R1S0520,SCH0194,P17713,DS-P17713-MULTIMEDIA-NETWORK-TRAFFIC-2025,client,not_documented,,13,,yes,unknown,unknown,unknown,EVD0979,"Configuration totals are aggregate, not per game title.",medium
R1S0521,SCH0194,P17713,DS-P17713-MULTIMEDIA-NETWORK-TRAFFIC-2025,network,supported,laboratory vs partner-ISP deployment network,13,13,yes,yes,yes,yes,EVD1197,"The same 13 game-title labels occur in the laboratory and partner-ISP deployment-network evaluation. The field component is not publicly released and the contrast aliases network, vantage, client, user, and time changes.",high
R1S0522,SCH0194,P17713,DS-P17713-MULTIMEDIA-NETWORK-TRAFFIC-2025,temporal,not_documented,,13,,yes,unknown,unknown,unknown,EVD1999 | EVD2001,Class-to-condition evidence is insufficient for a feasibility conclusion.,low
R1S0523,SCH0195,P17713,DS-P17713-MULTIMEDIA-NETWORK-TRAFFIC-2025,client,not_documented,,3,,yes,unknown,unknown,unknown,EVD0979,"Configuration totals are aggregate, not per game title.",medium
R1S0524,SCH0195,P17713,DS-P17713-MULTIMEDIA-NETWORK-TRAFFIC-2025,network,not_documented,laboratory vs partner-ISP deployment network,3,13,yes,unknown,unknown,unknown,EVD1197,"The same 13 game-title labels occur in the laboratory and partner-ISP deployment-network evaluation. The field component is not publicly released and the contrast aliases network, vantage, client, user, and time changes.",high
R1S0525,SCH0195,P17713,DS-P17713-MULTIMEDIA-NETWORK-TRAFFIC-2025,temporal,not_documented,,3,,yes,unknown,unknown,unknown,EVD2000,Class-to-condition evidence is insufficient for a feasibility conclusion.,low
R1S0526,SCH0196,P17818,DS-RECON-APPVERSIONS,client,not_documented,earlier vs later application release (five-app extended subset),512,5,yes,unknown,unknown,unknown,EVD1102,"Five app classes are explicitly versioned over repeated captures; the remaining class-to-version and class-to-device mappings are unknown, and device instances are not necessarily distinct platforms.",medium
R1S0527,SCH0196,P17818,DS-RECON-APPVERSIONS,network,not_documented,,512,,yes,unknown,unknown,unknown,EVD2009,Capture site/access network/provider conditions are not mapped to application classes.,low
R1S0528,SCH0196,P17818,DS-RECON-APPVERSIONS,temporal,not_documented,early vs late daily capture in the five-app extended subset,512,5,yes,unknown,unknown,unknown,EVD1103 | EVD1104,"At least five application classes have repeated daily/versioned captures, permitting a five-class relative-time subset; coverage of the remaining 507 classes is unknown.",medium
R1S0529,SCH0197,P17818,DS-CROSS-PLATFORM-2017,client,not_documented,,31,,yes,unknown,unknown,unknown,EVD0837,"Android/iOS diversity exists globally, but no common application-class mapping across the OS conditions is documented; the 31-app follow-up stack is also unreported.",high
R1S0530,SCH0197,P17818,DS-CROSS-PLATFORM-2017,network,not_documented,,31,,yes,unknown,unknown,unknown,EVD2015 | EVD2016,Class-to-condition mapping was not reported clearly enough to establish coverage.,low
R1S0531,SCH0197,P17818,DS-CROSS-PLATFORM-2017,temporal,not_documented,,31,,yes,unknown,unknown,unknown,EVD2015 | EVD2016,The original Cross-Platform corpus does not document a within-dataset class-overlapping temporal condition map; the later recapture is evaluated only as a cross-dataset protocol.,high
R1S0532,SCH0198,P17818,DS-P17818-FLOWPRINT-CROSS-PLATFORM-RECAPTURE-2020,client,not_documented,,31,,yes,unknown,unknown,unknown,EVD2015 | EVD2016,Class-to-condition evidence is insufficient for a feasibility conclusion.,low
R1S0533,SCH0198,P17818,DS-P17818-FLOWPRINT-CROSS-PLATFORM-RECAPTURE-2020,network,not_documented,,31,,yes,unknown,unknown,unknown,EVD2015 | EVD2016,Class-to-condition evidence is insufficient for a feasibility conclusion.,low
R1S0534,SCH0198,P17818,DS-P17818-FLOWPRINT-CROSS-PLATFORM-RECAPTURE-2020,temporal,not_documented,,31,,yes,unknown,unknown,unknown,EVD0987,The 26-month predecessor is a separate canonical dataset and cannot be combined at this stage.,high
R1S0535,SCH0199,P17818,DS-ANDRUBIS,client,not_documented,,1030000,,yes,unknown,unknown,unknown,EVD2007,Class-to-condition mapping was not reported clearly enough to establish coverage.,low
R1S0536,SCH0199,P17818,DS-ANDRUBIS,network,not_documented,,1030000,,yes,unknown,unknown,unknown,EVD2007,Class-to-condition mapping was not reported clearly enough to establish coverage.,low
R1S0537,SCH0199,P17818,DS-ANDRUBIS,temporal,documented_no_support,,1030000,0,yes,unknown,unknown,unknown,EVD0841,The aggregate multi-year span cannot yield within-app temporal comparison because each application class has one parent execution.,high
R1S0538,SCH0200,P17818,DS-CROSS-PLATFORM-2017,client,not_documented,,411,,yes,unknown,unknown,unknown,EVD0837,"Android/iOS diversity exists globally, but no common application-class mapping across the OS conditions is documented; the 31-app follow-up stack is also unreported.",high
R1S0539,SCH0200,P17818,DS-CROSS-PLATFORM-2017,network,not_documented,,411,,yes,unknown,unknown,unknown,EVD2008,Class-to-condition mapping was not reported clearly enough to establish coverage.,low
R1S0540,SCH0200,P17818,DS-CROSS-PLATFORM-2017,temporal,not_documented,,411,,yes,unknown,unknown,unknown,EVD2008,The original Cross-Platform corpus does not document a within-dataset class-overlapping temporal condition map; the later recapture is evaluated only as a cross-dataset protocol.,high
R1S0541,SCH0201,P17818,DS-CROSS-PLATFORM-2017,client,not_documented,,411,,yes,unknown,unknown,unknown,EVD0837,"Android/iOS diversity exists globally, but no common application-class mapping across the OS conditions is documented; the 31-app follow-up stack is also unreported.",high
R1S0542,SCH0201,P17818,DS-CROSS-PLATFORM-2017,network,not_documented,,411,,yes,unknown,unknown,unknown,EVD2013,Class-to-condition mapping was not reported clearly enough to establish coverage.,low
R1S0543,SCH0201,P17818,DS-CROSS-PLATFORM-2017,temporal,not_documented,,411,,yes,unknown,unknown,unknown,EVD2013,The original Cross-Platform corpus does not document a within-dataset class-overlapping temporal condition map; the later recapture is evaluated only as a cross-dataset protocol.,high
R1S0544,SCH0202,P17818,DS-P17818-FLOWPRINT-BROWSER-SELF-COLLECTED,client,documented_no_support,,4,,yes,unknown,unknown,unknown,EVD2010,Browser family is the target class.,high
R1S0545,SCH0202,P17818,DS-P17818-FLOWPRINT-BROWSER-SELF-COLLECTED,network,not_documented,,4,,yes,unknown,unknown,unknown,EVD2010,Class-to-condition evidence is insufficient for a feasibility conclusion.,low
R1S0546,SCH0202,P17818,DS-P17818-FLOWPRINT-BROWSER-SELF-COLLECTED,temporal,not_documented,,4,,yes,unknown,unknown,unknown,EVD0986,Overall span is 74 days; per-browser dates are absent.,medium
R1S0547,SCH0203,P17818,DS-RECON-APPVERSIONS,client,not_documented,earlier vs later application release (five-app extended subset),512,5,yes,unknown,unknown,unknown,EVD1102,"Five app classes are explicitly versioned over repeated captures; the remaining class-to-version and class-to-device mappings are unknown, and device instances are not necessarily distinct platforms.",medium
R1S0548,SCH0203,P17818,DS-RECON-APPVERSIONS,network,not_documented,,512,,yes,unknown,unknown,unknown,EVD2014,Capture site/access network/provider conditions are not mapped to application classes.,low
R1S0549,SCH0203,P17818,DS-RECON-APPVERSIONS,temporal,not_documented,early vs late daily capture in the five-app extended subset,512,5,yes,unknown,unknown,unknown,EVD1103 | EVD1104,"At least five application classes have repeated daily/versioned captures, permitting a five-class relative-time subset; coverage of the remaining 507 classes is unknown.",medium
R1S0550,SCH0204,P17818,DS-ANDRUBIS,client,not_documented,,1030000,,yes,unknown,unknown,unknown,EVD2012,Class-to-condition mapping was not reported clearly enough to establish coverage.,low
R1S0551,SCH0204,P17818,DS-ANDRUBIS,network,not_documented,,1030000,,yes,unknown,unknown,unknown,EVD2012,Class-to-condition mapping was not reported clearly enough to establish coverage.,low
R1S0552,SCH0204,P17818,DS-ANDRUBIS,temporal,documented_no_support,,1030000,0,yes,unknown,unknown,unknown,EVD0841,The aggregate multi-year span cannot yield within-app temporal comparison because each application class has one parent execution.,high
R1S0553,SCH0206,P17899,DS-DELTASHAPER-COVERT-TRAFFIC,client,not_documented,,2,,yes,yes,unknown,unknown,EVD1769 | EVD1766 | EVD1767 | EVD1768,The available paper and dataset evidence does not map every label to two recoverable client values.,medium
R1S0554,SCH0206,P17899,DS-DELTASHAPER-COVERT-TRAFFIC,network,not_documented,,2,,yes,yes,unknown,unknown,EVD1769 | EVD1766 | EVD1767 | EVD1768,The available paper and dataset evidence does not map every label to two recoverable network values.,medium
R1S0555,SCH0206,P17899,DS-DELTASHAPER-COVERT-TRAFFIC,temporal,not_documented,,2,,yes,yes,unknown,unknown,EVD1769 | EVD1766 | EVD1767 | EVD1768,The available paper and dataset evidence does not map every label to two recoverable temporal values.,medium
R1S0556,SCH0207,P17899,DS-FACET-COVERT-TRAFFIC,client,not_documented,,2,,yes,yes,unknown,unknown,EVD1769 | EVD1766 | EVD1767 | EVD1768,The available paper and dataset evidence does not map every label to two recoverable client values.,medium
R1S0557,SCH0207,P17899,DS-FACET-COVERT-TRAFFIC,network,not_documented,,2,,yes,yes,unknown,unknown,EVD1769 | EVD1766 | EVD1767 | EVD1768,The available paper and dataset evidence does not map every label to two recoverable network values.,medium
R1S0558,SCH0207,P17899,DS-FACET-COVERT-TRAFFIC,temporal,not_documented,,2,,yes,yes,unknown,unknown,EVD1769 | EVD1766 | EVD1767 | EVD1768,The available paper and dataset evidence does not map every label to two recoverable temporal values.,medium
R1S0559,SCH0208,P17899,DS-HERRMANN-OPENSSH-WF,client,not_documented,,3,,yes,yes,unknown,unknown,EVD1769 | EVD1766 | EVD1767 | EVD1768,The available paper and dataset evidence does not map every label to two recoverable client values.,medium
R1S0560,SCH0208,P17899,DS-HERRMANN-OPENSSH-WF,network,not_documented,,3,,yes,yes,unknown,unknown,EVD1769 | EVD1766 | EVD1767 | EVD1768,The available paper and dataset evidence does not map every label to two recoverable network values.,medium
R1S0561,SCH0208,P17899,DS-HERRMANN-OPENSSH-WF,temporal,not_documented,,3,,yes,yes,unknown,unknown,EVD1769 | EVD1766 | EVD1767 | EVD1768,The available paper and dataset evidence does not map every label to two recoverable temporal values.,medium
R1S0562,SCH0209,P17899,DS-PEERRUSH,client,not_documented,,2,,yes,yes,unknown,unknown,EVD1769 | EVD1766 | EVD1767 | EVD1768,The available paper and dataset evidence does not map every label to two recoverable client values.,medium
R1S0563,SCH0209,P17899,DS-PEERRUSH,network,not_documented,,2,,yes,yes,unknown,unknown,EVD1769 | EVD1766 | EVD1767 | EVD1768,The available paper and dataset evidence does not map every label to two recoverable network values.,medium
R1S0564,SCH0209,P17899,DS-PEERRUSH,temporal,not_documented,,2,,yes,yes,unknown,unknown,EVD1769 | EVD1766 | EVD1767 | EVD1768,The available paper and dataset evidence does not map every label to two recoverable temporal values.,medium
R1S0565,SCH0210,P17951,DS-P17951-OPENSKY-2020,client,not_documented,,2,,yes,unknown,unknown,unknown,EVD1775 | EVD1776,The paper does not document a complete class-to-condition mapping for this dimension.,high
R1S0566,SCH0210,P17951,DS-P17951-OPENSKY-2020,network,not_documented,,2,,yes,unknown,unknown,unknown,EVD1775 | EVD1776,The paper does not document a complete class-to-condition mapping for this dimension.,high
R1S0567,SCH0210,P17951,DS-P17951-OPENSKY-2020,temporal,supported,15 February 2020 versus 17 February 2020,2,2,yes,yes,yes,yes,EVD1776,"Every label in the complete scheme occurs under both documented values using fresh, condition-addressable parent traffic.",high
R1S0568,SCH0211,P17951,DS-P17951-OPENSKY-2020,client,not_documented,,3,,yes,unknown,unknown,unknown,EVD1774,The paper does not document a complete class-to-condition mapping for this dimension.,high
R1S0569,SCH0211,P17951,DS-P17951-OPENSKY-2020,network,not_documented,,3,,yes,unknown,unknown,unknown,EVD1774,The paper does not document a complete class-to-condition mapping for this dimension.,high
R1S0570,SCH0211,P17951,DS-P17951-OPENSKY-2020,temporal,not_documented,,3,,yes,unknown,unknown,unknown,EVD1774 | EVD1776,The paper reports the exact three-class task only for the first date and does not report the complete three-class scheme for the second date.,high
R1S0571,SCH0212,P17951,DS-P17951-OPENSKY-2020,client,not_documented,,2,,yes,unknown,unknown,unknown,EVD1775 | EVD1776,The paper does not document a complete class-to-condition mapping for this dimension.,high
R1S0572,SCH0212,P17951,DS-P17951-OPENSKY-2020,network,not_documented,,2,,yes,unknown,unknown,unknown,EVD1775 | EVD1776,The paper does not document a complete class-to-condition mapping for this dimension.,high
R1S0573,SCH0212,P17951,DS-P17951-OPENSKY-2020,temporal,supported,15 February 2020 versus 17 February 2020,2,2,yes,yes,yes,yes,EVD1776,"Every label in the complete scheme occurs under both documented values using fresh, condition-addressable parent traffic.",high
R1S0574,SCH0213,P17951,DS-P17951-OPENSKY-2020,client,not_documented,,2,,yes,unknown,unknown,unknown,EVD1775 | EVD1776,The paper does not document a complete class-to-condition mapping for this dimension.,high
R1S0575,SCH0213,P17951,DS-P17951-OPENSKY-2020,network,not_documented,,2,,yes,unknown,unknown,unknown,EVD1775 | EVD1776,The paper does not document a complete class-to-condition mapping for this dimension.,high
R1S0576,SCH0213,P17951,DS-P17951-OPENSKY-2020,temporal,supported,15 February 2020 versus 17 February 2020,2,2,yes,yes,yes,yes,EVD1776,"Every label in the complete scheme occurs under both documented values using fresh, condition-addressable parent traffic.",high
R1S0577,SCH0214,P18011,DS-P18011-HUMAN100,client,not_documented,,2,,yes,unknown,unknown,unknown,EVD1782 | EVD1780,"The paper identifies five volunteers but does not document differences in hardware, operating system, application, browser, library, or execution environment among them.",high
R1S0578,SCH0214,P18011,DS-P18011-HUMAN100,network,not_documented,,2,,yes,unknown,unknown,unknown,EVD1781 | EVD1780,The paper does not document a complete class-to-condition mapping for this dimension.,high
R1S0579,SCH0214,P18011,DS-P18011-HUMAN100,temporal,not_documented,,2,,yes,unknown,unknown,unknown,EVD1781 | EVD1780,The paper does not document a complete class-to-condition mapping for this dimension.,high
R1S0580,SCH0215,P18011,DS-P18011-IUA,client,not_documented,,2,,yes,unknown,unknown,unknown,EVD1785,"The paper identifies five volunteers but does not document differences in hardware, operating system, application, browser, library, or execution environment among them.",high
R1S0581,SCH0215,P18011,DS-P18011-IUA,network,not_documented,,2,,yes,unknown,unknown,unknown,EVD1785,The paper does not document a complete class-to-condition mapping for this dimension.,high
R1S0582,SCH0215,P18011,DS-P18011-IUA,temporal,not_documented,,2,,yes,unknown,unknown,unknown,EVD1785,The paper does not document a complete class-to-condition mapping for this dimension.,high
R1S0583,SCH0216,P18011,DS-P18011-IUA,client,not_documented,,2,,yes,unknown,unknown,unknown,EVD1785,"The paper identifies five volunteers but does not document differences in hardware, operating system, application, browser, library, or execution environment among them.",high
R1S0584,SCH0216,P18011,DS-P18011-IUA,network,documented_no_support,single TP-Link Wi-Fi access point | no second qualifying network,2,,yes,unknown,unknown,unknown,EVD1785,"All mobile devices access the Internet through one documented TP-Link Wi-Fi access point, so the complete scheme has no second qualifying network value.",high
R1S0585,SCH0216,P18011,DS-P18011-IUA,temporal,not_documented,,2,,yes,unknown,unknown,unknown,EVD1785,The paper does not document a complete class-to-condition mapping for this dimension.,high
R1S0586,SCH0217,P18011,DS-P18011-MONKEY500,client,not_documented,,2,,yes,unknown,unknown,unknown,EVD1781 | EVD1789,The paper does not document a complete class-to-condition mapping for this dimension.,high
R1S0587,SCH0217,P18011,DS-P18011-MONKEY500,network,documented_no_support,,2,0,yes,yes,yes,unknown,EVD1779,The second value is simulated bandwidth congestion on one fixed wireless access point rather than a qualifying network value.,high
R1S0588,SCH0217,P18011,DS-P18011-MONKEY500,temporal,not_documented,,2,,yes,unknown,unknown,unknown,EVD1781 | EVD1789,The paper does not document a complete class-to-condition mapping for this dimension.,high
R1S0589,SCH0218,P18222,DS-P18222-ENTERPRISE-2017-2021,client,not_documented,,2,,yes,unknown,unknown,unknown,EVD1791,The paper does not document a complete class-to-condition mapping for this dimension.,high
R1S0590,SCH0218,P18222,DS-P18222-ENTERPRISE-2017-2021,network,not_documented,,2,,yes,unknown,unknown,unknown,EVD1791,The paper does not document a complete class-to-condition mapping for this dimension.,high
R1S0591,SCH0218,P18222,DS-P18222-ENTERPRISE-2017-2021,temporal,supported,2017 versus 2018 through February 2021,2,2,yes,yes,yes,yes,EVD1791,"Every label in the complete scheme occurs under both documented values using fresh, condition-addressable parent traffic.",high
R1S0592,SCH0219,P18348,DS-P18348-IOT-ID,client,documented_no_support,,13,,yes,unknown,unknown,unknown,EVD2017 | EVD2018 | EVD2019 | EVD2020 | EVD2021 | EVD2022 | EVD2023 | EVD2024 | EVD2025 | EVD2026 | EVD2027 | EVD2028 | EVD2029 | EVD2030 | EVD2031,Device model is the target; regional specimens are replication.,high
R1S0593,SCH0219,P18348,DS-P18348-IOT-ID,network,supported,UK vs USA,13,13,yes,yes,yes,yes,EVD0988,All 13 common models occur in both sites; only the site composite is supported.,high
R1S0594,SCH0219,P18348,DS-P18348-IOT-ID,temporal,supported,Dec 2022 vs Dec 2023,13,13,yes,yes,yes,yes,EVD0990,"Same devices span repeated captures at both sites; month precision makes 12 months possible, not conservative-confirmed.",high
R1S0595,SCH0221,P18385,DS-P18385-IOT-LIGHT,client,not_documented,,2,,yes,unknown,unknown,unknown,EVD1793,The paper does not document a complete class-to-condition mapping for this dimension.,high
R1S0596,SCH0221,P18385,DS-P18385-IOT-LIGHT,network,not_documented,,2,,yes,unknown,unknown,unknown,EVD1793,The paper does not document a complete class-to-condition mapping for this dimension.,high
R1S0597,SCH0221,P18385,DS-P18385-IOT-LIGHT,temporal,not_documented,,2,,yes,unknown,unknown,unknown,EVD1793,The paper does not document a complete class-to-condition mapping for this dimension.,high
R1S0598,SCH0222,P18385,DS-P18385-MINESHARK-2023,client,not_documented,,2,,yes,unknown,unknown,unknown,EVD1793 | EVD1798 | EVD1800,The paper does not document a complete class-to-condition mapping for this dimension.,high
R1S0599,SCH0222,P18385,DS-P18385-MINESHARK-2023,network,documented_no_support,,2,,yes,yes,unknown,no,EVD1798,"Obfuscation and perturbation values are applied only to mining traffic, so the complete binary scheme is not present under both values.",high
R1S0600,SCH0222,P18385,DS-P18385-MINESHARK-2023,temporal,not_documented,,2,,yes,unknown,unknown,unknown,EVD1800,The paper does not document a complete class-to-condition mapping for this dimension.,high
R1S0601,SCH0223,P26148,DS-ANOSHIFT,client,not_documented,,2,,yes,unknown,unknown,unknown,EVD1802 | EVD1813 | EVD1812,The paper does not document a complete class-to-condition mapping for this dimension.,high
R1S0602,SCH0223,P26148,DS-ANOSHIFT,network,not_documented,,2,,yes,unknown,unknown,unknown,EVD1802 | EVD1813 | EVD1812,The paper does not document a complete class-to-condition mapping for this dimension.,high
R1S0603,SCH0223,P26148,DS-ANOSHIFT,temporal,supported,two documented yearly task units,2,2,yes,yes,yes,yes,EVD1803 | EVD1813,"Every label in the complete scheme occurs under both documented values using fresh, condition-addressable parent traffic.",high
R1S0604,SCH0224,P26148,DS-CIC-IDS-2017,client,not_documented,,2,,yes,unknown,unknown,unknown,EVD1802 | EVD1813 | EVD1812,The paper does not document a complete class-to-condition mapping for this dimension.,high
R1S0605,SCH0224,P26148,DS-CIC-IDS-2017,network,documented_no_support,single documented testbed or source network,2,,yes,yes,yes,no,EVD1802,The source lacks the complete evaluated scheme under two fresh values of this condition.,high
R1S0606,SCH0224,P26148,DS-CIC-IDS-2017,temporal,not_documented,,2,,yes,unknown,unknown,unknown,EVD1802 | EVD1813,The paper does not document a complete class-to-condition mapping for this dimension.,high
R1S0607,SCH0225,P26148,DS-CSE-CIC-IDS-2018,client,not_documented,,2,,yes,unknown,unknown,unknown,EVD1802 | EVD1813 | EVD1812,The paper does not document a complete class-to-condition mapping for this dimension.,high
R1S0608,SCH0225,P26148,DS-CSE-CIC-IDS-2018,network,documented_no_support,single documented testbed or source network,2,,yes,yes,yes,no,EVD1802,The source lacks the complete evaluated scheme under two fresh values of this condition.,high
R1S0609,SCH0225,P26148,DS-CSE-CIC-IDS-2018,temporal,supported,first CSE-CIC-IDS2018 collection day T1 | remaining collection days T2,2,2,yes,yes,yes,yes,EVD1802 | EVD1813,Table I gives both normal and malicious encrypted-flow counts in T1 and T2. The dated files preserve membership and the evaluated binary semantics are stable.,high
R1S0610,SCH0226,P26148,DS-CTU-13,client,not_documented,,2,,yes,unknown,unknown,unknown,EVD1802 | EVD1813 | EVD1812,The paper does not document a complete class-to-condition mapping for this dimension.,high
R1S0611,SCH0226,P26148,DS-CTU-13,network,documented_no_support,single documented testbed or source network,2,,yes,yes,yes,no,EVD1802,The source lacks the complete evaluated scheme under two fresh values of this condition.,high
R1S0612,SCH0226,P26148,DS-CTU-13,temporal,not_documented,,2,,yes,unknown,unknown,unknown,EVD1802 | EVD1813,The paper does not document a complete class-to-condition mapping for this dimension.,high
R1S0613,SCH0227,P26148,DS-KDDCUP-99,client,not_documented,,2,,yes,unknown,unknown,unknown,EVD1802 | EVD1813 | EVD1812,The paper does not document a complete class-to-condition mapping for this dimension.,high
R1S0614,SCH0227,P26148,DS-KDDCUP-99,network,documented_no_support,single documented testbed or source network,2,,yes,yes,yes,no,EVD1802,The source lacks the complete evaluated scheme under two fresh values of this condition.,high
R1S0615,SCH0227,P26148,DS-KDDCUP-99,temporal,supported,seven-week DARPA training capture versus two-week test capture,2,2,yes,yes,yes,yes,EVD1802 | EVD1813,"Every label in the complete scheme occurs under both documented values using fresh, condition-addressable parent traffic.",high
R1S0616,SCH0228,P26148,DS-KDDCUP-99,client,not_documented,,2,,yes,unknown,unknown,unknown,EVD1802 | EVD1813 | EVD1812,The paper does not document a complete class-to-condition mapping for this dimension.,high
R1S0617,SCH0228,P26148,DS-KDDCUP-99,network,documented_no_support,single documented testbed or source network,2,,yes,yes,yes,no,EVD1802,The source lacks the complete evaluated scheme under two fresh values of this condition.,high
R1S0618,SCH0228,P26148,DS-KDDCUP-99,temporal,not_documented,,2,,yes,unknown,unknown,unknown,EVD1802 | EVD1813,The paper does not document a complete class-to-condition mapping for this dimension.,high
R1S0619,SCH0229,P26148,DS-UNSW-NB15,client,not_documented,,2,,yes,unknown,unknown,unknown,EVD1802 | EVD1813 | EVD1812,The paper does not document a complete class-to-condition mapping for this dimension.,high
R1S0620,SCH0229,P26148,DS-UNSW-NB15,network,documented_no_support,single documented testbed or source network,2,,yes,yes,yes,no,EVD1802,The source lacks the complete evaluated scheme under two fresh values of this condition.,high
R1S0621,SCH0229,P26148,DS-UNSW-NB15,temporal,not_documented,,2,,yes,unknown,unknown,unknown,EVD1802 | EVD1813,The paper does not document a complete class-to-condition mapping for this dimension.,high
R1S0622,SCH0230,P35345,DS-CROSS-PLATFORM-2017,client,not_documented,,30,,yes,unknown,unknown,unknown,EVD0837,"Android/iOS diversity exists globally, but no common application-class mapping across the OS conditions is documented; the 31-app follow-up stack is also unreported.",high
R1S0623,SCH0230,P35345,DS-CROSS-PLATFORM-2017,network,not_documented,,30,,yes,unknown,unknown,unknown,EVD2033,Class-to-condition mapping was not reported clearly enough to establish coverage.,low
R1S0624,SCH0230,P35345,DS-CROSS-PLATFORM-2017,temporal,not_documented,,30,,yes,unknown,unknown,unknown,EVD2033,The original Cross-Platform corpus does not document a within-dataset class-overlapping temporal condition map; the later recapture is evaluated only as a cross-dataset protocol.,high
R1S0625,SCH0231,P35345,DS-MALWARE-TRAFFIC-ANALYSIS-NET,client,not_documented,,10,,yes,unknown,unknown,unknown,EVD2035,Class-to-condition mapping was not reported clearly enough to establish coverage.,low
R1S0626,SCH0231,P35345,DS-MALWARE-TRAFFIC-ANALYSIS-NET,network,not_documented,,10,,yes,unknown,unknown,unknown,EVD2035,Class-to-condition mapping was not reported clearly enough to establish coverage.,low
R1S0627,SCH0231,P35345,DS-MALWARE-TRAFFIC-ANALYSIS-NET,temporal,documented_no_support,<=2018-08-01 versus >=2019-02-01 (six-month-separated windows),10,18,yes,unknown,unknown,unknown,EVD1177 | EVD0832,"Temporal evaluation is feasible only for a subset: 38/80 families have any pair at least six months apart, while one common conservative early/late split covers 18/80. Client and network factors are not controlled.",high
R1S0628,SCH0232,P35345,DS-USTC-TFC-2016,client,not_documented,,20,,yes,unknown,unknown,unknown,EVD1129,"Client hardware, OS, application/malware versions, and within-class mappings are absent from the release manifest.",medium
R1S0629,SCH0232,P35345,DS-USTC-TFC-2016,network,not_documented,,20,,yes,unknown,unknown,unknown,EVD1129,"Capture provenance differs across parts of the corpus, but class-addressable site/access/provider conditions within every class are not documented.",medium
R1S0630,SCH0232,P35345,DS-USTC-TFC-2016,temporal,not_documented,,20,,yes,unknown,unknown,unknown,EVD1129,Class-named capture files lack a versioned timestamp/campaign manifest; file separation does not prove a single or multiple temporal condition within a class.,medium
R1S0631,SCH0233,P35345,DS-ISCX-VPN-2016,client,not_documented,,7,,yes,unknown,unknown,unknown,EVD2032,Class-to-condition mapping was not reported clearly enough to establish coverage.,low
R1S0632,SCH0233,P35345,DS-ISCX-VPN-2016,network,not_documented,,7,,yes,unknown,unknown,unknown,EVD2032,Class-to-condition mapping was not reported clearly enough to establish coverage.,low
R1S0633,SCH0233,P35345,DS-ISCX-VPN-2016,temporal,not_documented,,7,,yes,unknown,unknown,unknown,EVD2032,Class-to-condition mapping was not reported clearly enough to establish coverage.,low
R1S0634,SCH0234,P38630,DS-SIVANATHAN-IOT-2018,client,not_documented,,10,,yes,unknown,unknown,unknown,EVD2037 | EVD2038,"Multiple devices may map to a category, but the paper does not provide the device-to-category/condition map needed to establish within-class client variation.",low
R1S0635,SCH0234,P38630,DS-SIVANATHAN-IOT-2018,network,not_documented,,10,,yes,unknown,unknown,unknown,EVD2037 | EVD2038,The evaluated paper does not report a class-to-condition map for this paper-specific label view.,low
R1S0636,SCH0234,P38630,DS-SIVANATHAN-IOT-2018,temporal,not_documented,,10,,yes,unknown,unknown,unknown,EVD2037 | EVD2038,The evaluated paper does not report a class-to-condition map for this paper-specific label view.,low
R1S0637,SCH0235,P38761,DS-CIC-IOT-2022,client,not_documented,,3,,yes,unknown,unknown,unknown,EVD2040,Class-to-condition mapping was not reported clearly enough to establish coverage.,low
R1S0638,SCH0235,P38761,DS-CIC-IOT-2022,network,not_documented,,3,,yes,unknown,unknown,unknown,EVD2040,Class-to-condition mapping was not reported clearly enough to establish coverage.,low
R1S0639,SCH0235,P38761,DS-CIC-IOT-2022,temporal,not_documented,,3,,yes,unknown,unknown,unknown,EVD2040,Class-to-condition mapping was not reported clearly enough to establish coverage.,low
R1S0640,SCH0236,P38761,DS-BOT-IOT,client,not_documented,,4,,yes,unknown,unknown,unknown,EVD2039,Class-to-condition mapping was not reported clearly enough to establish coverage.,low
R1S0641,SCH0236,P38761,DS-BOT-IOT,network,documented_no_support,,4,0,yes,unknown,unknown,unknown,EVD1144,The four-class view contains one testbed environment; attack-category files are not independent network settings.,high
R1S0642,SCH0236,P38761,DS-BOT-IOT,temporal,not_documented,,4,,yes,unknown,unknown,unknown,EVD2039,Class-to-condition mapping was not reported clearly enough to establish coverage.,low
R1S0643,SCH0237,P38761,DS-ISCX-VPN-2016,client,not_documented,,7,,yes,unknown,unknown,unknown,EVD2041,Class-to-condition mapping was not reported clearly enough to establish coverage.,low
R1S0644,SCH0237,P38761,DS-ISCX-VPN-2016,network,documented_no_support,,7,0,yes,yes,yes,unknown,EVD0845,The documented contrast changes only a VPN overlay and does not establish two qualifying physical network values.,high
R1S0645,SCH0237,P38761,DS-ISCX-VPN-2016,temporal,not_documented,,7,,yes,unknown,unknown,unknown,EVD2041,Class-to-condition mapping was not reported clearly enough to establish coverage.,low
R1S0646,SCH0238,P38761,DS-PEERRUSH,client,documented_no_support,,3,,yes,unknown,unknown,unknown,EVD1099,The three client applications define the target classes; orthogonal hardware/OS/version variation is not reported.,high
R1S0647,SCH0238,P38761,DS-PEERRUSH,network,not_documented,,3,,yes,unknown,unknown,unknown,EVD2042,"Capture site, access network, provider, and class-to-network mappings are not reported.",low
R1S0648,SCH0238,P38761,DS-PEERRUSH,temporal,not_documented,,3,,yes,unknown,unknown,unknown,EVD2042,Collection dates/campaigns and per-application temporal mapping are not reported in the audited sources.,low
R1S0649,SCH0239,P38798,DS-UNSW-NB15,client,not_documented,,7,,yes,unknown,unknown,unknown,EVD1122,"The generation platform is known, but class coverage across distinct client configurations is not documented.",medium
R1S0650,SCH0239,P38798,DS-UNSW-NB15,network,documented_no_support,,7,0,yes,unknown,unknown,unknown,EVD1126,The documented version contains only the named single condition for this label view.,high
R1S0651,SCH0239,P38798,DS-UNSW-NB15,temporal,not_documented,,7,,yes,unknown,unknown,unknown,EVD1128,"The capture spans two days, but a common class-by-day matrix is not documented.",medium
R1S0652,SCH0240,P38798,DS-CIC-IDS-2017,client,not_documented,,7,,yes,unknown,unknown,unknown,EVD2043,Class-to-condition mapping was not reported clearly enough to establish coverage.,low
R1S0653,SCH0240,P38798,DS-CIC-IDS-2017,network,documented_no_support,,7,0,yes,unknown,unknown,unknown,EVD0878,"Multiple subnets and hosts form one testbed, not repeated operational network environments.",high
R1S0654,SCH0240,P38798,DS-CIC-IDS-2017,temporal,not_documented,two capture days (benign confirmed in both),7,1,yes,unknown,unknown,unknown,EVD0846,At least benign traffic spans days and at least one attack class is day-confounded; the exact seven-class merge leaves five class mappings unresolved.,medium
R1S0655,SCH0241,P38868,DS-SIVANATHAN-IOT-2018,client,documented_no_support,,28,,yes,unknown,unknown,unknown,EVD1107,Device type defines the target class; OS/firmware changes within device types are not reported.,high
R1S0656,SCH0241,P38868,DS-SIVANATHAN-IOT-2018,network,documented_no_support,,28,0,yes,unknown,unknown,unknown,EVD1108,The documented version contains only the named single condition for this label view.,high
R1S0657,SCH0241,P38868,DS-SIVANATHAN-IOT-2018,temporal,not_documented,,28,,yes,unknown,unknown,unknown,EVD1109,"The subset is timestamped over eight days, but reporting does not establish common early/late coverage for every device class.",medium
R1S0658,SCH0244,P39064,DS-USTC-TFC-2016,client,not_documented,,20,,yes,unknown,unknown,unknown,EVD1129,"Client hardware, OS, application/malware versions, and within-class mappings are absent from the release manifest.",medium
R1S0659,SCH0244,P39064,DS-USTC-TFC-2016,network,not_documented,,20,,yes,unknown,unknown,unknown,EVD1129,"Capture provenance differs across parts of the corpus, but class-addressable site/access/provider conditions within every class are not documented.",medium
R1S0660,SCH0244,P39064,DS-USTC-TFC-2016,temporal,not_documented,,20,,yes,unknown,unknown,unknown,EVD1129,Class-named capture files lack a versioned timestamp/campaign manifest; file separation does not prove a single or multiple temporal condition within a class.,medium
R1S0661,SCH0245,P39064,DS-ISCX-VPN-2016,client,not_documented,,12,,yes,unknown,unknown,unknown,EVD2055,Class-to-condition mapping was not reported clearly enough to establish coverage.,low
R1S0662,SCH0245,P39064,DS-ISCX-VPN-2016,network,not_documented,,12,,yes,unknown,unknown,unknown,EVD2055,Class-to-condition mapping was not reported clearly enough to establish coverage.,low
R1S0663,SCH0245,P39064,DS-ISCX-VPN-2016,temporal,not_documented,,12,,yes,unknown,unknown,unknown,EVD2055,Class-to-condition mapping was not reported clearly enough to establish coverage.,low
R1S0664,SCH0246,P39064,DS-CSE-CIC-IDS-2018,client,not_documented,,8,,yes,unknown,unknown,unknown,EVD2052,Class-to-condition mapping was not reported clearly enough to establish coverage.,low
R1S0665,SCH0246,P39064,DS-CSE-CIC-IDS-2018,network,documented_no_support,,8,0,yes,unknown,unknown,unknown,EVD1155,Host and subnet multiplicity inside one testbed does not establish a cross-site/access/provider contrast.,high
R1S0666,SCH0246,P39064,DS-CSE-CIC-IDS-2018,temporal,not_documented,,8,,yes,unknown,unknown,unknown,EVD2052,Class-to-condition mapping was not reported clearly enough to establish coverage.,low
R1S0667,SCH0247,P39064,DS-CROSS-PLATFORM-2017,client,not_documented,,71,,yes,unknown,unknown,unknown,EVD0837,"Android/iOS diversity exists globally, but no common application-class mapping across the OS conditions is documented; the 31-app follow-up stack is also unreported.",high
R1S0668,SCH0247,P39064,DS-CROSS-PLATFORM-2017,network,not_documented,,71,,yes,unknown,unknown,unknown,EVD2057,Class-to-condition mapping was not reported clearly enough to establish coverage.,low
R1S0669,SCH0247,P39064,DS-CROSS-PLATFORM-2017,temporal,not_documented,,71,,yes,unknown,unknown,unknown,EVD2057,The original Cross-Platform corpus does not document a within-dataset class-overlapping temporal condition map; the later recapture is evaluated only as a cross-dataset protocol.,high
R1S0670,SCH0248,P39064,DS-ISCX-VPN-2016,client,not_documented,,17,,yes,unknown,unknown,unknown,EVD2054,Class-to-condition mapping was not reported clearly enough to establish coverage.,low
R1S0671,SCH0248,P39064,DS-ISCX-VPN-2016,network,not_documented,,17,,yes,unknown,unknown,unknown,EVD2054,Class-to-condition mapping was not reported clearly enough to establish coverage.,low
R1S0672,SCH0248,P39064,DS-ISCX-VPN-2016,temporal,not_documented,,17,,yes,unknown,unknown,unknown,EVD2054,Class-to-condition mapping was not reported clearly enough to establish coverage.,low
R1S0673,SCH0249,P39064,DS-ISCX-TOR-2016,client,not_documented,,16,,yes,unknown,unknown,unknown,EVD2056,Class-to-condition mapping was not reported clearly enough to establish coverage.,low
R1S0674,SCH0249,P39064,DS-ISCX-TOR-2016,network,documented_no_support,,16,,yes,unknown,unknown,unknown,EVD2056,"In this 16-label view, anonymity status is part of the target label rather than an orthogonal network condition.",high
R1S0675,SCH0249,P39064,DS-ISCX-TOR-2016,temporal,not_documented,,16,,yes,unknown,unknown,unknown,EVD2056,Class-to-condition mapping was not reported clearly enough to establish coverage.,low
R1S0676,SCH0250,P39403,DS-P39403-IXP-BLACKHOLE-2019-2021,client,not_documented,,2,,yes,unknown,unknown,unknown,EVD1825 | EVD1829 | EVD1826,The paper does not document a complete class-to-condition mapping for this dimension.,high
R1S0677,SCH0250,P39403,DS-P39403-IXP-BLACKHOLE-2019-2021,network,supported,two of the five IXPs,2,2,yes,yes,yes,yes,EVD1825 | EVD1826,"Every label in the complete scheme occurs under both documented values using fresh, condition-addressable parent traffic.",high
R1S0678,SCH0250,P39403,DS-P39403-IXP-BLACKHOLE-2019-2021,temporal,supported,two dated collection intervals,2,2,yes,yes,yes,yes,EVD1825 | EVD1826,"Every label in the complete scheme occurs under both documented values using fresh, condition-addressable parent traffic.",high
R1S0679,SCH0252,P39497,DS-AUCKLAND-VI-2001,client,not_documented,,5,,yes,unknown,unknown,unknown,EVD2066,Class-to-condition mapping was not reported clearly enough to establish coverage.,low
R1S0680,SCH0252,P39497,DS-AUCKLAND-VI-2001,network,not_documented,,5,,yes,unknown,unknown,unknown,EVD2066,Class-to-condition mapping was not reported clearly enough to establish coverage.,low
R1S0681,SCH0252,P39497,DS-AUCKLAND-VI-2001,temporal,not_documented,,5,,yes,unknown,unknown,unknown,EVD2066,Class-to-condition mapping was not reported clearly enough to establish coverage.,low
R1S0682,SCH0253,P39497,DS-P39497-GGFAST-TRACE-E,client,not_documented,,3,,yes,unknown,unknown,unknown,EVD1011,"Client hardware, OS, and software class mappings are not reported.",low
R1S0683,SCH0253,P39497,DS-P39497-GGFAST-TRACE-E,network,documented_no_support,,3,0,yes,unknown,unknown,unknown,EVD1011,Only one capture site/access-network setting is documented within this independently counted trace.,medium
R1S0684,SCH0253,P39497,DS-P39497-GGFAST-TRACE-E,temporal,documented_no_support,,3,0,yes,unknown,unknown,unknown,EVD1011,The trace is a single capture campaign and cannot provide a separated multi-campaign temporal contrast.,high
R1S0685,SCH0254,P39497,DS-P39497-GGFAST-TRACE-A,client,not_documented,,15,,yes,unknown,unknown,unknown,EVD1007,"Client hardware, OS, and software class mappings are not reported.",low
R1S0686,SCH0254,P39497,DS-P39497-GGFAST-TRACE-A,network,documented_no_support,,15,0,yes,unknown,unknown,unknown,EVD1007,Only one capture site/access-network setting is documented within this independently counted trace.,medium
R1S0687,SCH0254,P39497,DS-P39497-GGFAST-TRACE-A,temporal,documented_no_support,,15,0,yes,unknown,unknown,unknown,EVD1007,The trace is a single capture campaign and cannot provide a separated multi-campaign temporal contrast.,high
R1S0688,SCH0255,P39497,DS-P39497-GGFAST-TRACE-G,client,not_documented,,17,,yes,unknown,unknown,unknown,EVD1012,"Client hardware, OS, and software class mappings are not reported.",low
R1S0689,SCH0255,P39497,DS-P39497-GGFAST-TRACE-G,network,documented_no_support,,17,0,yes,unknown,unknown,unknown,EVD1012,The only fresh source is the single enterprise-edge capture; replay through SSH does not create another environmental level.,medium
R1S0690,SCH0255,P39497,DS-P39497-GGFAST-TRACE-G,temporal,documented_no_support,,17,0,yes,unknown,unknown,unknown,EVD1012,The trace is a single capture campaign and cannot provide a separated multi-campaign temporal contrast.,high
R1S0691,SCH0256,P39497,DS-P39497-GGFAST-TRACE-B,client,not_documented,,4,,yes,unknown,unknown,unknown,EVD1008,"Client hardware, OS, and software class mappings are not reported.",low
R1S0692,SCH0256,P39497,DS-P39497-GGFAST-TRACE-B,network,documented_no_support,,4,0,yes,unknown,unknown,unknown,EVD1008,Only one capture site/access-network setting is documented within this independently counted trace.,medium
R1S0693,SCH0256,P39497,DS-P39497-GGFAST-TRACE-B,temporal,documented_no_support,,4,0,yes,unknown,unknown,unknown,EVD1008,The trace is a single capture campaign and cannot provide a separated multi-campaign temporal contrast.,high
R1S0694,SCH0257,P39497,DS-P39497-GGFAST-TRACE-D,client,not_documented,,3,,yes,unknown,unknown,unknown,EVD1010,"Client hardware, OS, and software class mappings are not reported.",low
R1S0695,SCH0257,P39497,DS-P39497-GGFAST-TRACE-D,network,documented_no_support,,3,0,yes,unknown,unknown,unknown,EVD1010,Only one capture site/access-network setting is documented within this independently counted trace.,medium
R1S0696,SCH0257,P39497,DS-P39497-GGFAST-TRACE-D,temporal,not_documented,not established,3,,yes,unknown,unknown,unknown,EVD1010,The source establishes one 20-hour timestamped capture but does not map all three authentication labels to the same two periods. Missing class-by-period evidence is not affirmative non-support.,high
R1S0697,SCH0258,P39771,DS-ISCX-VPN-2016,client,not_documented,,7,,yes,unknown,unknown,unknown,EVD2075,Class-to-condition mapping was not reported clearly enough to establish coverage.,low
R1S0698,SCH0258,P39771,DS-ISCX-VPN-2016,network,documented_no_support,,7,0,yes,yes,yes,unknown,EVD0845,The documented contrast changes only a VPN overlay and does not establish two qualifying physical network values.,high
R1S0699,SCH0258,P39771,DS-ISCX-VPN-2016,temporal,not_documented,,7,,yes,unknown,unknown,unknown,EVD2075,Class-to-condition mapping was not reported clearly enough to establish coverage.,low
R1S0700,SCH0259,P39771,DS-CIC-IOT-2022,client,supported,"any two documented devices with Power, Idle, and Interact captures",3,3,yes,yes,yes,yes,EVD0891,"The three state labels are represented for each documented IoT device, so client variation exists within every state class; inference is limited to the documented lab devices.",high
R1S0701,SCH0259,P39771,DS-CIC-IOT-2022,network,not_documented,,3,,yes,unknown,unknown,unknown,EVD2074,Class-to-condition mapping was not reported clearly enough to establish coverage.,low
R1S0702,SCH0259,P39771,DS-CIC-IOT-2022,temporal,not_documented,,3,,yes,unknown,unknown,unknown,EVD2074,Class-to-condition mapping was not reported clearly enough to establish coverage.,low
R1S0703,SCH0260,P39771,DS-PEERRUSH,client,documented_no_support,,3,,yes,unknown,unknown,unknown,EVD1099,The three client applications define the target classes; orthogonal hardware/OS/version variation is not reported.,high
R1S0704,SCH0260,P39771,DS-PEERRUSH,network,not_documented,,3,,yes,unknown,unknown,unknown,EVD2073,"Capture site, access network, provider, and class-to-network mappings are not reported.",low
R1S0705,SCH0260,P39771,DS-PEERRUSH,temporal,not_documented,,3,,yes,unknown,unknown,unknown,EVD2073,Collection dates/campaigns and per-application temporal mapping are not reported in the audited sources.,low
R1S0706,SCH0261,P39804,DS-USTC-TFC-2016,client,not_documented,,20,,yes,unknown,unknown,unknown,EVD1129,"Client hardware, OS, application/malware versions, and within-class mappings are absent from the release manifest.",medium
R1S0707,SCH0261,P39804,DS-USTC-TFC-2016,network,not_documented,,20,,yes,unknown,unknown,unknown,EVD1129,"Capture provenance differs across parts of the corpus, but class-addressable site/access/provider conditions within every class are not documented.",medium
R1S0708,SCH0261,P39804,DS-USTC-TFC-2016,temporal,not_documented,,20,,yes,unknown,unknown,unknown,EVD1129,Class-named capture files lack a versioned timestamp/campaign manifest; file separation does not prove a single or multiple temporal condition within a class.,medium
R1S0709,SCH0262,P39804,DS-ISCX-VPN-2016,client,not_documented,,6,,yes,unknown,unknown,unknown,EVD2079,Class-to-condition mapping was not reported clearly enough to establish coverage.,low
R1S0710,SCH0262,P39804,DS-ISCX-VPN-2016,network,not_documented,regular versus VPN session,6,7,yes,unknown,unknown,unknown,EVD0845,"The service task is structurally partitionable by VPN overlay; the contrast does not establish different access networks, sites, or upstream providers.",high
R1S0711,SCH0262,P39804,DS-ISCX-VPN-2016,temporal,not_documented,,6,,yes,unknown,unknown,unknown,EVD2079,Class-to-condition mapping was not reported clearly enough to establish coverage.,low
R1S0712,SCH0263,P39804,DS-ISCX-VPN-2016,client,not_documented,,16,,yes,unknown,unknown,unknown,EVD2083 | EVD2085 | EVD1832,Class-to-condition mapping was not reported clearly enough to establish coverage.,low
R1S0713,SCH0263,P39804,DS-ISCX-VPN-2016,network,not_documented,regular versus VPN session,16,7,yes,unknown,unknown,unknown,EVD0845,"The service task is structurally partitionable by VPN overlay; the contrast does not establish different access networks, sites, or upstream providers.",high
R1S0714,SCH0263,P39804,DS-ISCX-VPN-2016,temporal,not_documented,,16,,yes,unknown,unknown,unknown,EVD2083 | EVD2085 | EVD1832,Class-to-condition mapping was not reported clearly enough to establish coverage.,low
R1S0715,SCH0264,P39804,DS-ISCX-VPN-2016,client,not_documented,,16,,yes,unknown,unknown,unknown,EVD2080 | EVD1832,Class-to-condition mapping was not reported clearly enough to establish coverage.,low
R1S0716,SCH0264,P39804,DS-ISCX-VPN-2016,network,not_documented,regular versus VPN session,16,7,yes,unknown,unknown,unknown,EVD0845,"The service task is structurally partitionable by VPN overlay; the contrast does not establish different access networks, sites, or upstream providers.",high
R1S0717,SCH0264,P39804,DS-ISCX-VPN-2016,temporal,not_documented,,16,,yes,unknown,unknown,unknown,EVD2080 | EVD1832,Class-to-condition mapping was not reported clearly enough to establish coverage.,low
R1S0718,SCH0265,P40493,DS-P40493-HP-OWF,client,not_documented,,101,,yes,unknown,unknown,unknown,EVD2089 | EVD2090,The four active behaviours define four output classes rather than providing orthogonal within-class client levels across the 101-output view. Coverage for other client-stack conditions is unreported.,low
R1S0719,SCH0265,P40493,DS-P40493-HP-OWF,network,documented_no_support,single university access network | no second qualifying network,101,,yes,unknown,unknown,unknown,EVD2089 | EVD2090,"The corpus uses one university access network. Active-client behavior changes the workload, not the physical access network.",high
R1S0720,SCH0265,P40493,DS-P40493-HP-OWF,temporal,not_documented,,101,,yes,unknown,unknown,unknown,EVD2089 | EVD2090,Collection dates for the active-client component are not reported; do not inherit the main corpus's February–April 2019 dates.,low
R1S0721,SCH0266,P40493,DS-P40493-HP-OWF,client,documented_no_support,,101,0,yes,unknown,unknown,unknown,EVD1015,Only one documented client stack is used for the main view.,high
R1S0722,SCH0266,P40493,DS-P40493-HP-OWF,network,documented_no_support,single university access network | no second qualifying network,101,,yes,unknown,unknown,unknown,EVD1016,The complete corpus was collected on one machine on one university network. Tor circuit variability does not create another network condition.,high
R1S0723,SCH0266,P40493,DS-P40493-HP-OWF,temporal,documented_no_support,,101,0,yes,unknown,unknown,unknown,EVD1014,The main view is one campaign with a maximum span below three months.,medium
R1S0724,SCH0267,P40493,DS-P40493-HP-OWF,client,documented_no_support,,101,0,yes,unknown,unknown,unknown,EVD1015,Only one documented client stack is used for the main view.,high
R1S0725,SCH0267,P40493,DS-P40493-HP-OWF,network,not_documented,,101,,yes,unknown,unknown,unknown,EVD1016,Tor path variability is not condition-addressable in the reported dataset.,medium
R1S0726,SCH0267,P40493,DS-P40493-HP-OWF,temporal,documented_no_support,,101,0,yes,unknown,unknown,unknown,EVD1014,The main view is one campaign with a maximum span below three months.,medium
R1S0727,SCH0268,P40572,DS-P40572-RADWARE-BOT-2018-2019,client,not_documented,,2,,yes,unknown,unknown,unknown,EVD1835 | EVD1833 | EVD1838,The paper does not document a complete class-to-condition mapping for this dimension.,high
R1S0728,SCH0268,P40572,DS-P40572-RADWARE-BOT-2018-2019,network,not_documented,,2,,yes,unknown,unknown,unknown,EVD1835,Remote online services and customer logs do not establish distinct client observation sites or access networks.,high
R1S0729,SCH0268,P40572,DS-P40572-RADWARE-BOT-2018-2019,temporal,supported,August 2018 versus January or September 2019,2,2,yes,yes,yes,yes,EVD1835 | EVD1838,"Every label in the complete scheme occurs under both documented values using fresh, condition-addressable parent traffic.",high
R1S0730,SCH0273,P41557,DS-DF-2017,client,documented_no_support,,95,0,yes,unknown,unknown,unknown,EVD0897,"The paper documents replicated machines, not distinct hardware/OS/browser configurations.",high
R1S0731,SCH0273,P41557,DS-DF-2017,network,documented_no_support,,95,0,yes,yes,yes,unknown,EVD1202,The documented contrast changes only Tor routes or circuits and does not establish two qualifying physical network values.,high
R1S0732,SCH0273,P41557,DS-DF-2017,temporal,supported,early versus late round-robin chunk,95,95,yes,yes,yes,yes,EVD1161,"All 95 sites have time-ordered capture chunks, but the collection lasted days and does not meet the three-month threshold.",high
R1S0733,SCH0274,P41557,DS-MEI-2023-SINGLE-TAB,client,not_documented,,265,,yes,unknown,unknown,unknown,EVD2093,The available sources do not document class-to-condition membership well enough to establish dataset-level feasibility.,low
R1S0734,SCH0274,P41557,DS-MEI-2023-SINGLE-TAB,network,not_documented,,265,,yes,unknown,unknown,unknown,EVD2093,The available sources do not document class-to-condition membership well enough to establish dataset-level feasibility.,low
R1S0735,SCH0274,P41557,DS-MEI-2023-SINGLE-TAB,temporal,not_documented,,265,,yes,unknown,unknown,unknown,EVD2093,The available sources do not document class-to-condition membership well enough to establish dataset-level feasibility.,low
R1S0736,SCH0275,P41557,DS-WANG-WF-2014,client,not_documented,,100,,yes,unknown,unknown,unknown,EVD1134,"Hardware, OS, Tor Browser/version, and class-to-client mappings are not documented in the release index.",low
R1S0737,SCH0275,P41557,DS-WANG-WF-2014,network,not_documented,,100,,yes,unknown,unknown,unknown,EVD1134,"Tor circuits may vary across traces, but circuit/path identities and a common class-addressable network contrast are not documented.",low
R1S0738,SCH0275,P41557,DS-WANG-WF-2014,temporal,not_documented,,100,,yes,unknown,unknown,unknown,EVD1134,The release lacks an auditable class-to-date/campaign manifest.,low
R1S0739,SCH0277,P41766,DS-USTC-TFC-2016,client,not_documented,,14,,yes,unknown,unknown,unknown,EVD1129,"Client hardware, OS, application/malware versions, and within-class mappings are absent from the release manifest.",medium
R1S0740,SCH0277,P41766,DS-USTC-TFC-2016,network,not_documented,,14,,yes,unknown,unknown,unknown,EVD1129,"Capture provenance differs across parts of the corpus, but class-addressable site/access/provider conditions within every class are not documented.",medium
R1S0741,SCH0277,P41766,DS-USTC-TFC-2016,temporal,not_documented,,14,,yes,unknown,unknown,unknown,EVD1129,Class-named capture files lack a versioned timestamp/campaign manifest; file separation does not prove a single or multiple temporal condition within a class.,medium
R1S0742,SCH0278,P41766,DS-ISCX-VPN-2016,client,not_documented,,11,,yes,unknown,unknown,unknown,EVD2100,Class-to-condition mapping was not reported clearly enough to establish coverage.,low
R1S0743,SCH0278,P41766,DS-ISCX-VPN-2016,network,not_documented,,11,,yes,unknown,unknown,unknown,EVD2100,Class-to-condition mapping was not reported clearly enough to establish coverage.,low
R1S0744,SCH0278,P41766,DS-ISCX-VPN-2016,temporal,not_documented,,11,,yes,unknown,unknown,unknown,EVD2100,Class-to-condition mapping was not reported clearly enough to establish coverage.,low
R1S0745,SCH0279,P41766,DS-CROSS-PLATFORM-2017,client,not_documented,,197,,yes,unknown,unknown,unknown,EVD0837,"Android/iOS diversity exists globally, but no common application-class mapping across the OS conditions is documented; the 31-app follow-up stack is also unreported.",high
R1S0746,SCH0279,P41766,DS-CROSS-PLATFORM-2017,network,not_documented,,197,,yes,unknown,unknown,unknown,EVD2096,Class-to-condition mapping was not reported clearly enough to establish coverage.,low
R1S0747,SCH0279,P41766,DS-CROSS-PLATFORM-2017,temporal,not_documented,,197,,yes,unknown,unknown,unknown,EVD2096,The original Cross-Platform corpus does not document a within-dataset class-overlapping temporal condition map; the later recapture is evaluated only as a cross-dataset protocol.,high
R1S0748,SCH0280,P41766,DS-ISCX-VPN-2016,client,not_documented,,6,,yes,unknown,unknown,unknown,EVD2099,Class-to-condition mapping was not reported clearly enough to establish coverage.,low
R1S0749,SCH0280,P41766,DS-ISCX-VPN-2016,network,not_documented,,6,,yes,unknown,unknown,unknown,EVD2099,Class-to-condition mapping was not reported clearly enough to establish coverage.,low
R1S0750,SCH0280,P41766,DS-ISCX-VPN-2016,temporal,not_documented,,6,,yes,unknown,unknown,unknown,EVD2099,Class-to-condition mapping was not reported clearly enough to establish coverage.,low
R1S0751,SCH0281,P41766,DS-CROSS-PLATFORM-2017,client,not_documented,,190,,yes,unknown,unknown,unknown,EVD0837,"Android/iOS diversity exists globally, but no common application-class mapping across the OS conditions is documented; the 31-app follow-up stack is also unreported.",high
R1S0752,SCH0281,P41766,DS-CROSS-PLATFORM-2017,network,not_documented,,190,,yes,unknown,unknown,unknown,EVD2097,Class-to-condition mapping was not reported clearly enough to establish coverage.,low
R1S0753,SCH0281,P41766,DS-CROSS-PLATFORM-2017,temporal,not_documented,,190,,yes,unknown,unknown,unknown,EVD2097,The original Cross-Platform corpus does not document a within-dataset class-overlapping temporal condition map; the later recapture is evaluated only as a cross-dataset protocol.,high
R1S0754,SCH0282,P42020,DS-P42020-OWL-PUBLIC-WIFI-2019,client,documented_no_support,,410,,yes,unknown,unknown,unknown,EVD1059,Manufacturer/type/model is the target label and cannot itself be counted as nuisance client diversity.,high
R1S0755,SCH0282,P42020,DS-P42020-OWL-PUBLIC-WIFI-2019,network,not_documented,,410,,yes,unknown,unknown,unknown,EVD1061,"Aggregate network breadth is confirmed, but no common site/country pair can be shown for all 410 manufacturer-type-model classes.",medium
R1S0756,SCH0282,P42020,DS-P42020-OWL-PUBLIC-WIFI-2019,temporal,not_documented,,410,,yes,unknown,unknown,unknown,EVD1060,"The corpus spans multiple months and sessions, but per-label temporal coverage is unknown.",medium
R1S0757,SCH0283,P42020,DS-P42020-OWL-PUBLIC-WIFI-2019,client,not_documented,,34,,yes,unknown,unknown,unknown,EVD1058,"Client properties are closely tied to device-type labels, and orthogonal within-type OS/hardware condition mapping is not reported.",medium
R1S0758,SCH0283,P42020,DS-P42020-OWL-PUBLIC-WIFI-2019,network,not_documented,,34,,yes,unknown,unknown,unknown,EVD1019,"Aggregate network breadth is confirmed, but no common site/country pair can be shown for all 34 device-type classes.",medium
R1S0759,SCH0283,P42020,DS-P42020-OWL-PUBLIC-WIFI-2019,temporal,not_documented,,34,,yes,unknown,unknown,unknown,EVD1018,"The corpus spans multiple months and sessions, but per-label temporal coverage is unknown.",medium
R1S0760,SCH0284,P42427,DS-P42427-FOAP-AUTO,client,documented_no_support,single Google Pixel 2 automation client,2,0,yes,yes,yes,no,EVD1855,The automated corpus uses one documented device and automation environment.,high
R1S0761,SCH0284,P42427,DS-P42427-FOAP-AUTO,network,not_documented,,2,,yes,unknown,unknown,unknown,EVD1855,The paper does not map the complete scheme to two recoverable network conditions.,high
R1S0762,SCH0284,P42427,DS-P42427-FOAP-AUTO,temporal,not_documented,,2,,yes,unknown,unknown,unknown,EVD1855,The paper does not map the complete scheme to two collection-time values.,high
R1S0763,SCH0285,P42427,DS-P42427-FOAP-AUTO,client,documented_no_support,single Google Pixel 2 automation client,2,0,yes,yes,yes,no,EVD1855,The automated corpus uses one documented device and automation environment.,high
R1S0764,SCH0285,P42427,DS-P42427-FOAP-AUTO,network,not_documented,,2,,yes,unknown,unknown,unknown,EVD1855,The paper does not map the complete scheme to two recoverable network conditions.,high
R1S0765,SCH0285,P42427,DS-P42427-FOAP-AUTO,temporal,not_documented,,2,,yes,unknown,unknown,unknown,EVD1855,The paper does not map the complete scheme to two collection-time values.,high
R1S0766,SCH0286,P42427,DS-P42427-FOAP-HUMAN,client,not_documented,,2,,yes,unknown,unknown,unknown,EVD1856,The human corpus identifies five volunteers but does not document qualifying client-configuration differences among them.,high
R1S0767,SCH0286,P42427,DS-P42427-FOAP-HUMAN,network,not_documented,,2,,yes,unknown,unknown,unknown,EVD1856,The paper does not map the complete scheme to two recoverable network conditions.,high
R1S0768,SCH0286,P42427,DS-P42427-FOAP-HUMAN,temporal,not_documented,,2,,yes,unknown,unknown,unknown,EVD1856,The paper does not map the complete scheme to two collection-time values.,high
R1S0769,SCH0287,P42427,DS-P42427-FOAP-HUMAN,client,not_documented,,2,,yes,unknown,unknown,unknown,EVD1856,The human corpus identifies five volunteers but does not document qualifying client-configuration differences among them.,high
R1S0770,SCH0287,P42427,DS-P42427-FOAP-HUMAN,network,not_documented,,2,,yes,unknown,unknown,unknown,EVD1856,The paper does not map the complete scheme to two recoverable network conditions.,high
R1S0771,SCH0287,P42427,DS-P42427-FOAP-HUMAN,temporal,not_documented,,2,,yes,unknown,unknown,unknown,EVD1856,The paper does not map the complete scheme to two collection-time values.,high
R1S0772,SCH0291,P42485,DS-P42485-LUMOS,client,documented_no_support,camera hardware instance A | camera hardware instance B,9,,yes,unknown,unknown,unknown,EVD1021,The leave-one-camera-instance analysis covers a held-out camera class rather than all nine labels under one common hardware pair.,high
R1S0773,SCH0291,P42485,DS-P42485-LUMOS,network,supported,Training Setup vs Lab-High,9,9,yes,yes,yes,yes,EVD1022,"All nine device types are present in both fresh deployments; site, layout, device density, and background traffic may co-vary.",high
R1S0774,SCH0291,P42485,DS-P42485-LUMOS,temporal,not_documented,,9,,yes,unknown,unknown,unknown,EVD1020,Collection dates and campaign spacing are not reported.,low
R1S0775,SCH0292,P42485,DS-P42485-LUMOS,client,not_documented,No common absolute model pair spans all classes,9,,yes,unknown,unknown,unknown,EVD1021,"Every class has multiple hardware models, but model levels are class-specific; the corpus can support model-held-out subsets, not one common named model pair across the full label space.",medium
R1S0776,SCH0292,P42485,DS-P42485-LUMOS,network,supported,Training Setup vs Lab-High,9,9,yes,yes,yes,yes,EVD1022,"All nine device types are present in both fresh deployments; site, layout, device density, and background traffic may co-vary.",high
R1S0777,SCH0292,P42485,DS-P42485-LUMOS,temporal,not_documented,,9,,yes,unknown,unknown,unknown,EVD1020,Collection dates and campaign spacing are not reported.,low
R1S0778,SCH0293,P42512,DS-P42512-ONLINE-WF,client,documented_no_support,,750,0,yes,unknown,unknown,unknown,EVD1062,The paired-vantage subset uses one controlled crawler stack.,medium
R1S0779,SCH0293,P42512,DS-P42512-ONLINE-WF,network,not_documented,entry vs exit relay,750,922,yes,unknown,unknown,unknown,EVD1025,Every website has traffic observed at both relay positions from the same controlled crawl actions; action grouping is needed to avoid paired-trace leakage.,high
R1S0780,SCH0293,P42512,DS-P42512-ONLINE-WF,temporal,not_documented,,750,,yes,unknown,unknown,unknown,EVD2108,The paired crawl's collection dates and temporal spacing are not reported.,low
R1S0781,SCH0294,P42512,DS-P42512-ONLINE-WF,client,not_documented,,1001,,yes,unknown,unknown,unknown,EVD2107,The genuine client population is heterogeneous but not reported as assignable client-stack levels for every class.,low
R1S0782,SCH0294,P42512,DS-P42512-ONLINE-WF,network,not_documented,,1001,,yes,unknown,unknown,unknown,EVD2107,No second assignable network condition is documented for the sampled-1000 stream across the configured label view.,low
R1S0783,SCH0294,P42512,DS-P42512-ONLINE-WF,temporal,documented_no_support,synthetic pretraining campaign | live online campaign,1001,,yes,unknown,unknown,unknown,EVD1199,"Only 307 monitored labels appear in the live stream, not all 1000 monitored labels in the 1001-class scheme. The documented campaign pair therefore fails complete-scheme coverage.",high
R1S0784,SCH0295,P42512,DS-P42512-ONLINE-WF,client,not_documented,,101,,yes,unknown,unknown,unknown,EVD1026,"Synthetic/genuine provenance is assignable, but genuine client stacks and complete class overlap are not reported.",medium
R1S0785,SCH0295,P42512,DS-P42512-ONLINE-WF,network,not_documented,,101,,yes,unknown,unknown,unknown,EVD1063,"Paired vantage coverage is established for a separate 922-site subset, not necessarily the top-100-plus-unmonitored view.",medium
R1S0786,SCH0295,P42512,DS-P42512-ONLINE-WF,temporal,documented_no_support,synthetic pretraining campaign | live online campaign,101,,yes,unknown,unknown,unknown,EVD1024,"Only 95 monitored labels appear in the live stream, not all 100 monitored labels in the 101-class scheme. The documented campaign pair therefore fails complete-scheme coverage.",high
R1S0787,SCH0296,P42516,DS-P42516-MERIT-DEPLOYMENT,client,documented_no_support,one controlled VPN client station and ambient users,2,0,yes,yes,yes,no,EVD1860,Positive VPN and ambient negative traffic are tied to different client populations.,high
R1S0788,SCH0296,P42516,DS-P42516-MERIT-DEPLOYMENT,network,documented_no_support,single Merit observation network,2,0,yes,yes,yes,no,EVD1860,The complete deployment scheme is observed at one documented network site.,high
R1S0789,SCH0296,P42516,DS-P42516-MERIT-DEPLOYMENT,temporal,supported,early interval of 13-20 August 2021 deployment | later deployment interval,2,2,yes,yes,yes,yes,EVD1860,The one-week live deployment continuously recorded ordinary flows while the automated client repeated control VPN traffic. Timestamps recover both stable binary labels in early and later intervals.,high
R1S0790,SCH0299,P42624,DS-P42624-WTW-YOUTUBE100,client,not_documented,,3,,yes,unknown,unknown,unknown,EVD1035,"At least one title has multi-device/app traces, but complete 100-class client coverage is not documented.",medium
R1S0791,SCH0299,P42624,DS-P42624-WTW-YOUTUBE100,network,documented_no_support,mobile network operator A | mobile network operator B,3,100,yes,unknown,unknown,unknown,EVD1034,"The complete scheme has YouTube, Netflix, and Amazon service labels. Only the YouTube component is demonstrated across the MNO pair, so all three labels do not share one common network pair.",high
R1S0792,SCH0299,P42624,DS-P42624-WTW-YOUTUBE100,temporal,not_documented,,3,,yes,unknown,unknown,unknown,EVD2115,Collection dates and campaign spacing are not reported.,low
R1S0793,SCH0300,P42624,DS-P42624-WTW-YOUTUBE200,client,not_documented,,3,,yes,unknown,unknown,unknown,EVD1036,The paper does not report complete class-level allocation across the two handsets and app versions for this corpus.,medium
R1S0794,SCH0300,P42624,DS-P42624-WTW-YOUTUBE200,network,documented_no_support,,3,0,yes,unknown,unknown,unknown,EVD1037,Only MNO A is documented for the YouTube200 corpus.,high
R1S0795,SCH0300,P42624,DS-P42624-WTW-YOUTUBE200,temporal,not_documented,,3,,yes,unknown,unknown,unknown,EVD2115,Collection dates and campaign spacing are not reported.,low
R1S0796,SCH0302,P42624,DS-P42624-WTW-YOUTUBE100,client,not_documented,,100,,yes,unknown,unknown,unknown,EVD1035,"At least one title has multi-device/app traces, but complete 100-class client coverage is not documented.",medium
R1S0797,SCH0302,P42624,DS-P42624-WTW-YOUTUBE100,network,supported,MNO A vs MNO B,100,100,yes,yes,yes,yes,EVD1034,"Every video class is represented under each of three commercial MNOs; provider, cell, load, and possibly handset/app factors may co-vary.",high
R1S0798,SCH0302,P42624,DS-P42624-WTW-YOUTUBE100,temporal,not_documented,,100,,yes,unknown,unknown,unknown,EVD2109,Collection dates and campaign spacing are not reported.,low
R1S0799,SCH0303,P42624,DS-P42624-WTW-NETFLIXDT,client,not_documented,,3,,yes,unknown,unknown,unknown,EVD1030,The paper does not report complete class-level allocation across the two handsets and app versions for this corpus.,medium
R1S0800,SCH0303,P42624,DS-P42624-WTW-NETFLIXDT,network,not_documented,,3,,yes,unknown,unknown,unknown,EVD1030,The paper does not report a complete class-to-network-condition mapping for this independently counted corpus.,medium
R1S0801,SCH0303,P42624,DS-P42624-WTW-NETFLIXDT,temporal,not_documented,,3,,yes,unknown,unknown,unknown,EVD2115,Collection dates and campaign spacing are not reported.,low
R1S0802,SCH0304,P42624,DS-P42624-WTW-NETFLIX,client,not_documented,,3,,yes,unknown,unknown,unknown,EVD1029,The paper does not report complete class-level allocation across the two handsets and app versions for this corpus.,medium
R1S0803,SCH0304,P42624,DS-P42624-WTW-NETFLIX,network,not_documented,,3,,yes,unknown,unknown,unknown,EVD1029,The paper does not report a complete class-to-network-condition mapping for this independently counted corpus.,medium
R1S0804,SCH0304,P42624,DS-P42624-WTW-NETFLIX,temporal,not_documented,,3,,yes,unknown,unknown,unknown,EVD2115,Collection dates and campaign spacing are not reported.,low
R1S0805,SCH0308,P42624,DS-P42624-WTW-YOUTUBECA,client,not_documented,,100,,yes,unknown,unknown,unknown,EVD1038,The paper does not report complete class-level allocation across the two handsets and app versions for this corpus.,medium
R1S0806,SCH0308,P42624,DS-P42624-WTW-YOUTUBECA,network,not_documented,,100,,yes,unknown,unknown,unknown,EVD1039,"The corpus is condition-addressable as CA-enabled, but it does not itself contain a second fresh provider/overlay level for a within-dataset contrast.",medium
R1S0807,SCH0308,P42624,DS-P42624-WTW-YOUTUBECA,temporal,not_documented,,100,,yes,unknown,unknown,unknown,EVD2114,Collection dates and campaign spacing are not reported.,low
R1S0808,SCH0310,P42624,DS-P42624-WTW-AMAZON,client,not_documented,,3,,yes,unknown,unknown,unknown,EVD1027,The paper does not report complete class-level allocation across the two handsets and app versions for this corpus.,medium
R1S0809,SCH0310,P42624,DS-P42624-WTW-AMAZON,network,not_documented,,3,,yes,unknown,unknown,unknown,EVD1027,The paper does not report a complete class-to-network-condition mapping for this independently counted corpus.,medium
R1S0810,SCH0310,P42624,DS-P42624-WTW-AMAZON,temporal,not_documented,,3,,yes,unknown,unknown,unknown,EVD2115,Collection dates and campaign spacing are not reported.,low
R1S0811,SCH0311,P42624,DS-P42624-WTW-NETFLIX,client,not_documented,,22,,yes,unknown,unknown,unknown,EVD1029,The paper does not report complete class-level allocation across the two handsets and app versions for this corpus.,medium
R1S0812,SCH0311,P42624,DS-P42624-WTW-NETFLIX,network,not_documented,,22,,yes,unknown,unknown,unknown,EVD1029,The paper does not report a complete class-to-network-condition mapping for this independently counted corpus.,medium
R1S0813,SCH0311,P42624,DS-P42624-WTW-NETFLIX,temporal,not_documented,,22,,yes,unknown,unknown,unknown,EVD2110,Collection dates and campaign spacing are not reported.,low
R1S0814,SCH0312,P42624,DS-P42624-WTW-YOUTUBE100,client,not_documented,,100,,yes,unknown,unknown,unknown,EVD1035,"At least one title has multi-device/app traces, but complete 100-class client coverage is not documented.",medium
R1S0815,SCH0312,P42624,DS-P42624-WTW-YOUTUBE100,network,supported,MNO A vs MNO B,100,100,yes,yes,yes,yes,EVD1034,"Every video class is represented under each of three commercial MNOs; provider, cell, load, and possibly handset/app factors may co-vary.",high
R1S0816,SCH0312,P42624,DS-P42624-WTW-YOUTUBE100,temporal,not_documented,,100,,yes,unknown,unknown,unknown,EVD2113 | EVD2114,Collection dates and campaign spacing are not reported.,low
R1S0817,SCH0313,P42624,DS-P42624-WTW-AMAZONDT,client,not_documented,,3,,yes,unknown,unknown,unknown,EVD1028,The paper does not report complete class-level allocation across the two handsets and app versions for this corpus.,medium
R1S0818,SCH0313,P42624,DS-P42624-WTW-AMAZONDT,network,not_documented,,3,,yes,unknown,unknown,unknown,EVD1028,The paper does not report a complete class-to-network-condition mapping for this independently counted corpus.,medium
R1S0819,SCH0313,P42624,DS-P42624-WTW-AMAZONDT,temporal,not_documented,,3,,yes,unknown,unknown,unknown,EVD2115,Collection dates and campaign spacing are not reported.,low
R1S0820,SCH0315,P42624,DS-P42624-WTW-AMAZON,client,not_documented,,32,,yes,unknown,unknown,unknown,EVD1027,The paper does not report complete class-level allocation across the two handsets and app versions for this corpus.,medium
R1S0821,SCH0315,P42624,DS-P42624-WTW-AMAZON,network,not_documented,,32,,yes,unknown,unknown,unknown,EVD1027,The paper does not report a complete class-to-network-condition mapping for this independently counted corpus.,medium
R1S0822,SCH0315,P42624,DS-P42624-WTW-AMAZON,temporal,not_documented,,32,,yes,unknown,unknown,unknown,EVD2111,Collection dates and campaign spacing are not reported.,low
R1S0823,SCH0317,P42690,DS-UAV-ACTIVITY-LABAYEN-2020,client,not_documented,,4,,yes,unknown,unknown,unknown,EVD1121,"A single user is reported, but host hardware, OS, application, and class-to-client mappings are not sufficiently documented to prove one or multiple stacks.",medium
R1S0824,SCH0317,P42690,DS-UAV-ACTIVITY-LABAYEN-2020,network,not_documented,,4,,yes,unknown,unknown,unknown,EVD1121,"Capture site, access network, provider, and per-activity network mappings are not reported on the official dataset record.",medium
R1S0825,SCH0317,P42690,DS-UAV-ACTIVITY-LABAYEN-2020,temporal,not_documented,,4,,yes,unknown,unknown,unknown,EVD1121,"Trace files exist, but collection dates/campaigns and class-to-time mappings are not documented on the official record.",medium
R1S0826,SCH0318,P42690,DS-IOT-SENTINEL-2017,client,documented_no_support,,27,,yes,unknown,unknown,unknown,EVD2120,Device identity is the target class; independent instances or orthogonal stacks would be needed for a client-condition contrast.,high
R1S0827,SCH0318,P42690,DS-IOT-SENTINEL-2017,network,not_documented,,27,,yes,unknown,unknown,unknown,EVD2120,Class-to-condition mapping was not reported clearly enough to establish coverage.,low
R1S0828,SCH0318,P42690,DS-IOT-SENTINEL-2017,temporal,not_documented,,27,,yes,unknown,unknown,unknown,EVD2120,Class-to-condition mapping was not reported clearly enough to establish coverage.,low
R1S0829,SCH0319,P42690,DS-P42690-INPUT-AGNOSTIC-SWF-2020,client,documented_no_support,,24,0,yes,unknown,unknown,unknown,EVD1041,Only one client software/execution stack is documented.,high
R1S0830,SCH0319,P42690,DS-P42690-INPUT-AGNOSTIC-SWF-2020,network,not_documented,,24,,yes,unknown,unknown,unknown,EVD1041,"One Shadowsocks overlay is documented, but the underlying access network, upstream provider, and route are not reported; operational-network coverage is therefore unknown.",low
R1S0831,SCH0319,P42690,DS-P42690-INPUT-AGNOSTIC-SWF-2020,temporal,documented_no_support,,24,0,yes,unknown,unknown,unknown,EVD1041,The corpus is one short collection campaign and cannot satisfy any of the 3/6/12-month temporal thresholds.,high
R1S0832,SCH0320,P42933,DS-P42933-LBNL-SSH,client,not_documented,,2,,yes,unknown,unknown,unknown,EVD1863,"Client IPs and implementations are described, but complete label coverage under a common client pair is not established.",high
R1S0833,SCH0320,P42933,DS-P42933-LBNL-SSH,network,documented_no_support,single LBNL Internet-border capture | no second qualifying network,2,,yes,unknown,unknown,unknown,EVD1863,All evaluated SSH traffic is recorded at one institute Internet border. Artificial user mismatch negatives and congestion variation do not create another physical network.,high
R1S0834,SCH0320,P42933,DS-P42933-LBNL-SSH,temporal,supported,training months and subsequent test month,2,2,yes,yes,yes,yes,EVD1863,The same complete labels are constructed from separately timestamped interactive sessions across multiple months.,high
R1S0835,SCH0321,P42933,DS-P42933-LBNL-SSH,client,not_documented,,183,,yes,unknown,unknown,unknown,EVD1863,"Client IPs and implementations are described, but complete label coverage under a common client pair is not established.",high
R1S0836,SCH0321,P42933,DS-P42933-LBNL-SSH,network,not_documented,,183,,yes,unknown,unknown,unknown,EVD1863,The complete scheme is not mapped to two network conditions.,high
R1S0837,SCH0321,P42933,DS-P42933-LBNL-SSH,temporal,supported,training months and subsequent test month,183,183,yes,yes,yes,yes,EVD1863,The same complete labels are constructed from separately timestamped interactive sessions across multiple months.,high
R1S0838,SCH0322,P42933,DS-P42933-LBNL-TELNET,client,not_documented,,2,,yes,unknown,unknown,unknown,EVD1864,"Client IPs and implementations are described, but complete label coverage under a common client pair is not established.",high
R1S0839,SCH0322,P42933,DS-P42933-LBNL-TELNET,network,not_documented,,2,,yes,unknown,unknown,unknown,EVD1864,The complete scheme is not mapped to two network conditions.,high
R1S0840,SCH0322,P42933,DS-P42933-LBNL-TELNET,temporal,supported,training months and subsequent test month,2,2,yes,yes,yes,yes,EVD1864,The same complete labels are constructed from separately timestamped interactive sessions across multiple months.,high
R1S0841,SCH0323,P43021,DS-P43021-VA-FP,client,documented_no_support,,15,0,yes,unknown,unknown,unknown,EVD1065,The full 100-class mixed view has one documented assistant platform and collection device context.,medium
R1S0842,SCH0323,P43021,DS-P43021-VA-FP,network,documented_no_support,,15,0,yes,unknown,unknown,unknown,EVD1066,The full 100-class mixed view has one documented collection network; added background traffic is not a second network condition.,medium
R1S0843,SCH0323,P43021,DS-P43021-VA-FP,temporal,not_documented,,15,,yes,unknown,unknown,unknown,EVD1050,"Only a 15-class subset appears in the five-day user study, and common day-pair coverage is not reported for the 100-class view.",medium
R1S0844,SCH0324,P43021,DS-DEEPVC-ALEXA-2019,client,documented_no_support,,100,0,yes,unknown,unknown,unknown,EVD1165,"Human-speaker diversity does not establish hardware, OS, or client-software diversity.",high
R1S0845,SCH0324,P43021,DS-DEEPVC-ALEXA-2019,network,not_documented,,100,,yes,unknown,unknown,unknown,EVD2125,Class-to-condition mapping was not reported clearly enough to establish coverage.,low
R1S0846,SCH0324,P43021,DS-DEEPVC-ALEXA-2019,temporal,not_documented,,100,,yes,unknown,unknown,unknown,EVD2125,Class-to-condition mapping was not reported clearly enough to establish coverage.,low
R1S0847,SCH0325,P43021,DS-P43021-VA-FP,client,documented_no_support,,100,0,yes,unknown,unknown,unknown,EVD1065,The full 100-class mixed view has one documented assistant platform and collection device context.,medium
R1S0848,SCH0325,P43021,DS-P43021-VA-FP,network,documented_no_support,,100,0,yes,unknown,unknown,unknown,EVD1066,The full 100-class mixed view has one documented collection network; added background traffic is not a second network condition.,medium
R1S0849,SCH0325,P43021,DS-P43021-VA-FP,temporal,not_documented,,100,,yes,unknown,unknown,unknown,EVD1050,"Only a 15-class subset appears in the five-day user study, and common day-pair coverage is not reported for the 100-class view.",medium
R1S0850,SCH0326,P43021,DS-P43021-VA-FP,client,documented_no_support,,15,0,yes,unknown,unknown,unknown,EVD1065,The full 100-class mixed view has one documented assistant platform and collection device context.,medium
R1S0851,SCH0326,P43021,DS-P43021-VA-FP,network,documented_no_support,,15,0,yes,unknown,unknown,unknown,EVD1066,The full 100-class mixed view has one documented collection network; added background traffic is not a second network condition.,medium
R1S0852,SCH0326,P43021,DS-P43021-VA-FP,temporal,not_documented,,15,,yes,unknown,unknown,unknown,EVD1050,"Only a 15-class subset appears in the five-day user study, and common day-pair coverage is not reported for the 100-class view.",medium
R1S0853,SCH0327,P43021,DS-P43021-VA-FP,client,supported,original Alexa vs Echo Dot 3rd Gen,50,50,yes,yes,yes,yes,EVD1048,"All 50 commands are represented in the original and different-device recapture, but device and network/ISP change together.",high
R1S0854,SCH0327,P43021,DS-P43021-VA-FP,network,supported,original lab network vs different network/ISP,50,50,yes,yes,yes,yes,EVD1064,All 50 commands are represented on both sides of the named composite device/network contrast.,high
R1S0855,SCH0327,P43021,DS-P43021-VA-FP,temporal,not_documented,,50,,yes,unknown,unknown,unknown,EVD2129 | EVD2131,Dates of the original and recaptured 50-command sets are not reported.,low
R1S0856,SCH0328,P43021,DS-P43021-VA-FP,client,documented_no_support,,100,0,yes,unknown,unknown,unknown,EVD1065,The full 100-class mixed view has one documented assistant platform and collection device context.,medium
R1S0857,SCH0328,P43021,DS-P43021-VA-FP,network,documented_no_support,,100,0,yes,unknown,unknown,unknown,EVD1066,The full 100-class mixed view has one documented collection network; added background traffic is not a second network condition.,medium
R1S0858,SCH0328,P43021,DS-P43021-VA-FP,temporal,not_documented,,100,,yes,unknown,unknown,unknown,EVD1050,"Only a 15-class subset appears in the five-day user study, and common day-pair coverage is not reported for the 100-class view.",medium
R1S0859,SCH0329,P43026,DS-DF-2017,client,not_documented,not established,95,,yes,unknown,unknown,unknown,EVD0897,"The source reports ten collector machines but not differentiated hardware, OS, or browser configurations, and the release does not expose machine membership for the 95 classes.",high
R1S0860,SCH0329,P43026,DS-DF-2017,network,documented_no_support,,95,0,yes,yes,yes,unknown,EVD1202,The documented contrast changes only Tor routes or circuits and does not establish two qualifying physical network values.,high
R1S0861,SCH0329,P43026,DS-DF-2017,temporal,supported,early versus late round-robin chunk,95,95,yes,yes,yes,yes,EVD1161,"All 95 sites have time-ordered capture chunks, but the collection lasted days and does not meet the three-month threshold.",high
R1S0862,SCH0330,P43026,DS-DF-2017,client,documented_no_support,,95,0,yes,unknown,unknown,unknown,EVD0897,"The paper documents replicated machines, not distinct hardware/OS/browser configurations.",high
R1S0863,SCH0330,P43026,DS-DF-2017,network,documented_no_support,,95,0,yes,yes,yes,unknown,EVD1202,The documented contrast changes only Tor routes or circuits and does not establish two qualifying physical network values.,high
R1S0864,SCH0330,P43026,DS-DF-2017,temporal,supported,early versus late round-robin chunk,95,95,yes,yes,yes,yes,EVD1161,"All 95 sites have time-ordered capture chunks, but the collection lasted days and does not meet the three-month threshold.",high
R1S0865,SCH0331,P43026,DS-TIKTOK-LIVE-WALKIE-TALKIE-2019,client,not_documented,,100,,yes,unknown,unknown,unknown,EVD1116,"No distinct hardware, OS, browser, or client-version conditions are documented.",medium
R1S0866,SCH0331,P43026,DS-TIKTOK-LIVE-WALKIE-TALKIE-2019,network,not_documented,,100,,yes,unknown,unknown,unknown,EVD1117,"Every trace uses a fresh circuit, but no common named relay/path pair spans all classes and path membership is not publicly reconstructable from the reported evidence.",medium
R1S0867,SCH0331,P43026,DS-TIKTOK-LIVE-WALKIE-TALKIE-2019,temporal,not_documented,,100,,yes,unknown,unknown,unknown,EVD2134 | EVD2136,Collection dates and class-to-period groupings are not reported.,low
R1S0868,SCH0332,P43500,DS-P43500-P43500-ALEXA-WSC-HMM,client,documented_no_support,,100,0,yes,unknown,unknown,unknown,EVD1054,Only one Tor Browser version is used within this independently counted corpus.,high
R1S0869,SCH0332,P43500,DS-P43500-P43500-ALEXA-WSC-HMM,network,not_documented,,100,,yes,unknown,unknown,unknown,EVD1054,"Tor circuits may vary, but route/access conditions are not exposed as class-addressable metadata.",medium
R1S0870,SCH0332,P43500,DS-P43500-P43500-ALEXA-WSC-HMM,temporal,not_documented,,100,,yes,unknown,unknown,unknown,EVD2142,Collection dates and campaign separation are not reported.,low
R1S0871,SCH0333,P43500,DS-P43500-P43500-ALEXA-WSC-FG,client,documented_no_support,,100,0,yes,unknown,unknown,unknown,EVD1053,Only one Tor Browser version is used within this independently counted corpus.,high
R1S0872,SCH0333,P43500,DS-P43500-P43500-ALEXA-WSC-FG,network,not_documented,,100,,yes,unknown,unknown,unknown,EVD1053,"Tor circuits may vary, but route/access conditions are not exposed as class-addressable metadata.",medium
R1S0873,SCH0333,P43500,DS-P43500-P43500-ALEXA-WSC-FG,temporal,not_documented,,100,,yes,unknown,unknown,unknown,EVD2143,Collection dates and campaign separation are not reported.,low
R1S0874,SCH0335,P43500,DS-P43500-P43500-ALEXA-WSC-FG,client,documented_no_support,,100,0,yes,unknown,unknown,unknown,EVD1053,Only one Tor Browser version is used within this independently counted corpus.,high
R1S0875,SCH0335,P43500,DS-P43500-P43500-ALEXA-WSC-FG,network,not_documented,,100,,yes,unknown,unknown,unknown,EVD1053,"Tor circuits may vary, but route/access conditions are not exposed as class-addressable metadata.",medium
R1S0876,SCH0335,P43500,DS-P43500-P43500-ALEXA-WSC-FG,temporal,not_documented,,100,,yes,unknown,unknown,unknown,EVD2142,Collection dates and campaign separation are not reported.,low
R1S0877,SCH0336,P43500,DS-P43500-P43500-TRANCO-WSC-FG,client,documented_no_support,,100,0,yes,unknown,unknown,unknown,EVD1055,Only one Tor Browser version is used within this independently counted corpus.,high
R1S0878,SCH0336,P43500,DS-P43500-P43500-TRANCO-WSC-FG,network,not_documented,,100,,yes,unknown,unknown,unknown,EVD1055,"Tor circuits may vary, but route/access conditions are not exposed as class-addressable metadata.",medium
R1S0879,SCH0336,P43500,DS-P43500-P43500-TRANCO-WSC-FG,temporal,not_documented,,100,,yes,unknown,unknown,unknown,EVD2141,Collection dates and campaign separation are not reported.,low
R1S0880,SCH0337,P43500,DS-P43500-P43500-ALEXA-WSC-FG,client,documented_no_support,,100,0,yes,unknown,unknown,unknown,EVD1053,Only one Tor Browser version is used within this independently counted corpus.,high
R1S0881,SCH0337,P43500,DS-P43500-P43500-ALEXA-WSC-FG,network,not_documented,,100,,yes,unknown,unknown,unknown,EVD1053,"Tor circuits may vary, but route/access conditions are not exposed as class-addressable metadata.",medium
R1S0882,SCH0337,P43500,DS-P43500-P43500-ALEXA-WSC-FG,temporal,not_documented,,100,,yes,unknown,unknown,unknown,EVD2140,Collection dates and campaign separation are not reported.,low
R1S0883,SCH0338,P43680,DS-CIRA-CIC-DOHBRW-2020,client,documented_no_support,,4,,yes,yes,no,unknown,EVD1869 | EVD1865,"Software and tunnel-tool identities are the class labels, so they cannot also provide an independent client pair within every class.",high
R1S0884,SCH0338,P43680,DS-CIRA-CIC-DOHBRW-2020,network,documented_no_support,,4,,yes,yes,unknown,unknown,EVD1869 | EVD1865,"All four labels were generated in the one defined 192.168.20.* capture topology. Every browser or tunnel tool uses the four public DoH servers, but resolver choice is a remote service change and does not count as a network condition. The one-network documentation affirmatively rules out a qualifying pair.",high
R1S0885,SCH0338,P43680,DS-CIRA-CIC-DOHBRW-2020,temporal,not_documented,,4,,yes,yes,unknown,unknown,EVD1869 | EVD1865,The available evidence does not map every complete label to two recoverable temporal values with fresh parent traffic.,medium
R1S0886,SCH0339,P43680,DS-TII-SSRC-23,client,documented_no_support,,5,,yes,yes,unknown,unknown,EVD1869 | EVD1865,"P43680 fixes the five labels and counts. The TII source maps audio to Mumble, video to VLC, HTTP and Telnet brute force to Patator service setups, and Mirai to CM4 bot execution. These are label-specific application and execution environments, which affirmatively rule out a common client pair for all five labels.",high
R1S0887,SCH0339,P43680,DS-TII-SSRC-23,network,documented_no_support,,5,,yes,yes,unknown,unknown,EVD1869 | EVD1865,"Low, mid, and high denote device placement and interference within one BATMAN mesh, which the codebook excludes as distinct networks. Only Mirai uses the modified centralized topology. Four labels therefore have one qualifying network and Mirai has a label-specific alternative, affirmatively ruling out a common pair.",high
R1S0888,SCH0339,P43680,DS-TII-SSRC-23,temporal,documented_no_support,,5,,yes,yes,unknown,unknown,EVD1869 | EVD1865,"Audio and video are separate sessions, brute-force and Mirai are distinct attack campaigns, and malicious PCAPs are manually purged of benign background traffic. File paths recover these label-specific memberships. This affirmatively shows that no two campaigns contain all five labels.",high
R1S0889,SCH0340,P43793,DS-P43793-FBSAD,client,not_documented,,2,,yes,unknown,unknown,unknown,EVD1870,UE identities are not mapped to complete label coverage under a common pair.,high
R1S0890,SCH0340,P43793,DS-P43793-FBSAD,network,not_documented,,2,,yes,unknown,unknown,unknown,EVD1870,The paper describes multiple cellular scenarios but does not establish full label coverage under a common network pair.,high
R1S0891,SCH0340,P43793,DS-P43793-FBSAD,temporal,not_documented,,2,,yes,unknown,unknown,unknown,EVD1870,Complete labels are not mapped to two collection-time values.,high
R1S0892,SCH0341,P43793,DS-P43793-FBSAD,client,not_documented,,2,,yes,unknown,unknown,unknown,EVD1870,UE identities are not mapped to complete label coverage under a common pair.,high
R1S0893,SCH0341,P43793,DS-P43793-FBSAD,network,not_documented,,2,,yes,unknown,unknown,unknown,EVD1870,The paper describes multiple cellular scenarios but does not establish full label coverage under a common network pair.,high
R1S0894,SCH0341,P43793,DS-P43793-FBSAD,temporal,not_documented,,2,,yes,unknown,unknown,unknown,EVD1870,Complete labels are not mapped to two collection-time values.,high
R1S0895,SCH0342,P43793,DS-P43793-LAB-VALIDATION,client,documented_no_support,single validation smartphone,2,0,yes,yes,yes,no,EVD1871,The deployment corpus uses one documented smartphone client.,high
R1S0896,SCH0342,P43793,DS-P43793-LAB-VALIDATION,network,not_documented,,2,,yes,unknown,unknown,unknown,EVD1871,The paper describes multiple cellular scenarios but does not establish full label coverage under a common network pair.,high
R1S0897,SCH0342,P43793,DS-P43793-LAB-VALIDATION,temporal,not_documented,,2,,yes,unknown,unknown,unknown,EVD1871,Complete labels are not mapped to two collection-time values.,high
R1S0898,SCH0343,P43793,DS-P43793-LAB-VALIDATION,client,documented_no_support,single validation smartphone,22,0,yes,yes,yes,no,EVD1871,The deployment corpus uses one documented smartphone client.,high
R1S0899,SCH0343,P43793,DS-P43793-LAB-VALIDATION,network,not_documented,,22,,yes,unknown,unknown,unknown,EVD1871,The paper describes multiple cellular scenarios but does not establish full label coverage under a common network pair.,high
R1S0900,SCH0343,P43793,DS-P43793-LAB-VALIDATION,temporal,not_documented,,22,,yes,unknown,unknown,unknown,EVD1871,Complete labels are not mapped to two collection-time values.,high
R1S0901,SCH0344,P43793,DS-P43793-MSAD,client,not_documented,,22,,yes,unknown,unknown,unknown,EVD1872,UE identities are not mapped to complete label coverage under a common pair.,high
R1S0902,SCH0344,P43793,DS-P43793-MSAD,network,not_documented,,22,,yes,unknown,unknown,unknown,EVD1872,The paper describes multiple cellular scenarios but does not establish full label coverage under a common network pair.,high
R1S0903,SCH0344,P43793,DS-P43793-MSAD,temporal,not_documented,,22,,yes,unknown,unknown,unknown,EVD1872,Complete labels are not mapped to two collection-time values.,high
R1S0904,SCH0345,P43907,DS-P43907-SMS-AIT,client,not_documented,,2,,yes,unknown,unknown,unknown,EVD1873,"The channel-specific scheme is not mapped to a common pair of browser, device, or client-version values.",high
R1S0905,SCH0345,P43907,DS-P43907-SMS-AIT,network,not_documented,,2,,yes,unknown,unknown,unknown,EVD1873,The reported country is the remote SMS destination rather than the client observation site or access network.,high
R1S0906,SCH0345,P43907,DS-P43907-SMS-AIT,temporal,supported,first two months and final month,2,2,yes,yes,yes,yes,EVD1873,"Both labels have reported counts in the training, validation, and test periods.",high
R1S0907,SCH0346,P43907,DS-P43907-SMS-AIT,client,not_documented,,2,,yes,unknown,unknown,unknown,EVD1873,"The channel-specific scheme is not mapped to a common pair of browser, device, or client-version values.",high
R1S0908,SCH0346,P43907,DS-P43907-SMS-AIT,network,not_documented,,2,,yes,unknown,unknown,unknown,EVD1873,The reported country is the remote SMS destination rather than the client observation site or access network.,high
R1S0909,SCH0346,P43907,DS-P43907-SMS-AIT,temporal,supported,first two months and final month,2,2,yes,yes,yes,yes,EVD1873,"Both labels have reported counts in the training, validation, and test periods.",high
R1S0910,SCH0347,P44356,DS-ISCX-IDS-2012,client,not_documented,,5,,yes,unknown,unknown,unknown,EVD2144,Class-to-condition mapping was not reported clearly enough to establish coverage.,low
R1S0911,SCH0347,P44356,DS-ISCX-IDS-2012,network,documented_no_support,,5,0,yes,unknown,unknown,unknown,EVD0833,"The dataset does not document multiple independent sites, access networks, or providers.",high
R1S0912,SCH0347,P44356,DS-ISCX-IDS-2012,temporal,not_documented,,5,,yes,unknown,unknown,unknown,EVD0833,The total span is below three months; exact within-class day coverage for the paper's five-class merge remains unresolved.,medium
R1S0913,SCH0348,P44356,DS-ISCX-VPN-2016,client,not_documented,,15,,yes,unknown,unknown,unknown,EVD2145 | EVD2146 | EVD2147,Class-to-condition mapping was not reported clearly enough to establish coverage.,low
R1S0914,SCH0348,P44356,DS-ISCX-VPN-2016,network,not_documented,,15,,yes,unknown,unknown,unknown,EVD2145 | EVD2146 | EVD2147,Class-to-condition mapping was not reported clearly enough to establish coverage.,low
R1S0915,SCH0348,P44356,DS-ISCX-VPN-2016,temporal,not_documented,,15,,yes,unknown,unknown,unknown,EVD2145 | EVD2146 | EVD2147,Class-to-condition mapping was not reported clearly enough to establish coverage.,low
R1S0916,SCH0349,P44828,DS-P44828-INTRADOMAIN-WPF,client,not_documented,,50,,yes,unknown,unknown,unknown,EVD2151,"Client hardware, OS, and browser/application configurations are not mapped to page classes.",low
R1S0917,SCH0349,P44828,DS-P44828-INTRADOMAIN-WPF,network,not_documented,,50,,yes,unknown,unknown,unknown,EVD1068,"The corpus has two named campuses, but class overlap between their unequal page sets is not demonstrated.",medium
R1S0918,SCH0349,P44828,DS-P44828-INTRADOMAIN-WPF,temporal,not_documented,,50,,yes,unknown,unknown,unknown,EVD1067,"A two-week D1 campaign is documented, but dates and class-to-period mappings across D1-D5 are insufficient.",medium
R1S0919,SCH0350,P44828,DS-P44828-INTRADOMAIN-WPF,client,supported,ordinary Firefox browser in D4 | Tor Browser in D5,50,50,yes,yes,yes,yes,EVD2152,"The same 50 webpage-profile labels occur in ordinary Firefox D4 and Tor Browser D5, which are distinct documented browser configurations with recoverable dataset membership.",high
R1S0920,SCH0350,P44828,DS-P44828-INTRADOMAIN-WPF,network,not_documented,,50,,yes,unknown,unknown,unknown,EVD1068,"The corpus has two named campuses, but class overlap between their unequal page sets is not demonstrated.",medium
R1S0921,SCH0350,P44828,DS-P44828-INTRADOMAIN-WPF,temporal,supported,D4 collection campaign | D5 collection campaign,50,50,yes,yes,yes,yes,EVD1067,"D4 contains 50 profiles selected from the earlier D2 campaign, and D5 freshly recollects Tor traces for the same 50 profiles. The two files recover identical labels across separate campaigns.",high
R1S0922,SCH0351,P45261,DS-ISCX-VPN-2016,client,not_documented,,12,,yes,unknown,unknown,unknown,EVD2157 | EVD2158,The evaluated paper does not report a class-to-condition map for this paper-specific label view.,low
R1S0923,SCH0351,P45261,DS-ISCX-VPN-2016,network,documented_no_support,,12,,yes,unknown,unknown,unknown,EVD2157 | EVD2158,"VPN/non-VPN status is folded into the 12 class labels, so the canonical seven-service view's within-class VPN-overlay contrast cannot be inherited. Other network conditions remain unreported.",high
R1S0924,SCH0351,P45261,DS-ISCX-VPN-2016,temporal,not_documented,,12,,yes,unknown,unknown,unknown,EVD2157 | EVD2158,The evaluated paper does not report a class-to-condition map for this paper-specific label view.,low
R1S0925,SCH0352,P45261,DS-ISCX-VPN-2016,client,not_documented,,17,,yes,unknown,unknown,unknown,EVD2156,Class-to-condition mapping was not reported clearly enough to establish coverage.,low
R1S0926,SCH0352,P45261,DS-ISCX-VPN-2016,network,not_documented,,17,,yes,unknown,unknown,unknown,EVD2156,Class-to-condition mapping was not reported clearly enough to establish coverage.,low
R1S0927,SCH0352,P45261,DS-ISCX-VPN-2016,temporal,not_documented,,17,,yes,unknown,unknown,unknown,EVD2156,Class-to-condition mapping was not reported clearly enough to establish coverage.,low
R1S0928,SCH0353,P45261,DS-ISCX-TOR-2016,client,not_documented,,16,,yes,unknown,unknown,unknown,EVD2155,Class-to-condition mapping was not reported clearly enough to establish coverage.,low
R1S0929,SCH0353,P45261,DS-ISCX-TOR-2016,network,documented_no_support,,16,,yes,unknown,unknown,unknown,EVD2155,"In this 16-label view, anonymity status is part of the target label rather than an orthogonal network condition.",high
R1S0930,SCH0353,P45261,DS-ISCX-TOR-2016,temporal,not_documented,,16,,yes,unknown,unknown,unknown,EVD2155,Class-to-condition mapping was not reported clearly enough to establish coverage.,low
R1S0931,SCH0354,P45261,DS-CROSS-PLATFORM-2017,client,not_documented,,411,,yes,unknown,unknown,unknown,EVD0837,"Android/iOS diversity exists globally, but no common application-class mapping across the OS conditions is documented; the 31-app follow-up stack is also unreported.",high
R1S0932,SCH0354,P45261,DS-CROSS-PLATFORM-2017,network,not_documented,,411,,yes,unknown,unknown,unknown,EVD2153,Class-to-condition mapping was not reported clearly enough to establish coverage.,low
R1S0933,SCH0354,P45261,DS-CROSS-PLATFORM-2017,temporal,not_documented,,411,,yes,unknown,unknown,unknown,EVD2153,The original Cross-Platform corpus does not document a within-dataset class-overlapping temporal condition map; the later recapture is evaluated only as a cross-dataset protocol.,high
R1S0934,SCH0355,P45261,DS-USTC-TFC-2016,client,not_documented,,20,,yes,unknown,unknown,unknown,EVD1129,"Client hardware, OS, application/malware versions, and within-class mappings are absent from the release manifest.",medium
R1S0935,SCH0355,P45261,DS-USTC-TFC-2016,network,not_documented,,20,,yes,unknown,unknown,unknown,EVD1129,"Capture provenance differs across parts of the corpus, but class-addressable site/access/provider conditions within every class are not documented.",medium
R1S0936,SCH0355,P45261,DS-USTC-TFC-2016,temporal,not_documented,,20,,yes,unknown,unknown,unknown,EVD1129,Class-named capture files lack a versioned timestamp/campaign manifest; file separation does not prove a single or multiple temporal condition within a class.,medium
R1S0937,SCH0356,P45721,DS-P45721-APPSNIFFER,client,not_documented,,100,,yes,unknown,unknown,unknown,EVD1069,"Interaction modes are not distinct client-stack configurations; hardware, OS, and app-version mappings remain unreported.",medium
R1S0938,SCH0356,P45721,DS-P45721-APPSNIFFER,network,documented_no_support,,100,0,yes,yes,yes,unknown,EVD1070,The documented contrast changes only VPN providers or gateways and does not establish two qualifying client access networks.,high
R1S0939,SCH0356,P45721,DS-P45721-APPSNIFFER,temporal,supported,Fold 1 vs Fold 5,100,100,yes,yes,yes,yes,EVD1200,"Every one of the 100 application classes is explicitly split into five chronological folds, so a full-label within-corpus temporal contrast is constructible. Collection dates and elapsed duration are unreported, so no 3/6/12-month claim is supportable.",high
R1S0940,SCH0357,P45879,DS-P45879-LOW-OVERHEAD-WF,client,supported,Google Chrome vs Mozilla Firefox,100,100,yes,yes,yes,yes,EVD1071,All 100 monitored URLs are reported under three browsers; the contrast cannot isolate browser family from unreported versions or collection time.,high
R1S0941,SCH0357,P45879,DS-P45879-LOW-OVERHEAD-WF,network,not_documented,,100,,yes,unknown,unknown,unknown,EVD2164,"No class-addressable site, access-network, provider, or network-condition mapping is reported.",low
R1S0942,SCH0357,P45879,DS-P45879-LOW-OVERHEAD-WF,temporal,not_documented,,100,,yes,unknown,unknown,unknown,EVD2164,Collection dates and class-to-period mappings are not reported.,low
R1S0943,SCH0358,P45879,DS-P45879-LOW-OVERHEAD-WF,client,supported,Google Chrome vs Mozilla Firefox,100,100,yes,yes,yes,yes,EVD1071,All 100 monitored URLs are reported under three browsers; the contrast cannot isolate browser family from unreported versions or collection time.,high
R1S0944,SCH0358,P45879,DS-P45879-LOW-OVERHEAD-WF,network,not_documented,,100,,yes,unknown,unknown,unknown,EVD2165,"No class-addressable site, access-network, provider, or network-condition mapping is reported.",low
R1S0945,SCH0358,P45879,DS-P45879-LOW-OVERHEAD-WF,temporal,not_documented,,100,,yes,unknown,unknown,unknown,EVD2165,Collection dates and class-to-period mappings are not reported.,low
R1S0946,SCH0359,P46126,DS-P46126-NETTRACK,client,documented_no_support,single Selenium Chrome client,2,0,yes,yes,yes,no,EVD1874,All traffic is collected with one documented browser automation environment.,high
R1S0947,SCH0359,P46126,DS-P46126-NETTRACK,network,documented_no_support,single local collection network,2,0,yes,yes,yes,no,EVD1874,The paper describes one local network collection environment.,high
R1S0948,SCH0359,P46126,DS-P46126-NETTRACK,temporal,not_documented,,2,,yes,unknown,unknown,unknown,EVD1874,The four-week collection is aggregated without label counts for two time values.,high
R1S0949,SCH0360,P46215,DS-P46215-SCANNERSCOPE,client,documented_no_support,scanner software and human browser,2,0,yes,yes,yes,no,EVD1875,Client type defines the class label rather than providing both labels under each client value.,high
R1S0950,SCH0360,P46215,DS-P46215-SCANNERSCOPE,network,documented_no_support,single controlled testbed,2,0,yes,yes,yes,no,EVD1875,Both labels are collected against the same documented testbed network.,high
R1S0951,SCH0360,P46215,DS-P46215-SCANNERSCOPE,temporal,not_documented,,2,,yes,unknown,unknown,unknown,EVD1875,Collection time is not mapped to complete label coverage under two values.,high
R1S0952,SCH0361,P46215,DS-P46215-SCANNERSCOPE,client,documented_no_support,scanner software and human browser,2,0,yes,yes,yes,no,EVD1875,Client type defines the class label rather than providing both labels under each client value.,high
R1S0953,SCH0361,P46215,DS-P46215-SCANNERSCOPE,network,documented_no_support,single controlled testbed,2,0,yes,yes,yes,no,EVD1875,Both labels are collected against the same documented testbed network.,high
R1S0954,SCH0361,P46215,DS-P46215-SCANNERSCOPE,temporal,documented_no_support,automated WVS scanner campaign | human user campaign,2,,yes,unknown,unknown,unknown,EVD1875,"The two binary labels are tied to separate automated and human campaigns. No two documented temporal values each contain both labels, so the complete scheme fails.",high
R1S0955,SCH0362,P46267,DS-ISCX-TOR-2016,client,not_documented,,8,,yes,unknown,unknown,unknown,EVD2172,Class-to-condition mapping was not reported clearly enough to establish coverage.,low
R1S0956,SCH0362,P46267,DS-ISCX-TOR-2016,network,documented_no_support,,8,,yes,unknown,unknown,unknown,EVD2172,"In this 16-label view, anonymity status is part of the target label rather than an orthogonal network condition.",high
R1S0957,SCH0362,P46267,DS-ISCX-TOR-2016,temporal,not_documented,,8,,yes,unknown,unknown,unknown,EVD2172,Class-to-condition mapping was not reported clearly enough to establish coverage.,low
R1S0958,SCH0363,P46267,DS-P46267-TFE-GNN-WWT,client,not_documented,,9,,yes,unknown,unknown,unknown,EVD2167,"Hardware, OS, app version, and execution configuration are not mapped to the 27 classes.",low
R1S0959,SCH0363,P46267,DS-P46267-TFE-GNN-WWT,network,not_documented,,9,,yes,unknown,unknown,unknown,EVD2167,"Capture site, access network, provider, and per-class network conditions are not reported.",low
R1S0960,SCH0363,P46267,DS-P46267-TFE-GNN-WWT,temporal,not_documented,,9,,yes,unknown,unknown,unknown,EVD2167,"No collection dates, campaigns, or class-to-time mapping are reported.",low
R1S0961,SCH0364,P46267,DS-P46267-TFE-GNN-WWT,client,not_documented,,6,,yes,unknown,unknown,unknown,EVD2168,"Hardware, OS, app version, and execution configuration are not mapped to the 27 classes.",low
R1S0962,SCH0364,P46267,DS-P46267-TFE-GNN-WWT,network,not_documented,,6,,yes,unknown,unknown,unknown,EVD2168,"Capture site, access network, provider, and per-class network conditions are not reported.",low
R1S0963,SCH0364,P46267,DS-P46267-TFE-GNN-WWT,temporal,not_documented,,6,,yes,unknown,unknown,unknown,EVD2168,"No collection dates, campaigns, or class-to-time mapping are reported.",low
R1S0964,SCH0365,P46267,DS-ISCX-VPN-2016,client,not_documented,,6,,yes,unknown,unknown,unknown,EVD2170,Class-to-condition mapping was not reported clearly enough to establish coverage.,low
R1S0965,SCH0365,P46267,DS-ISCX-VPN-2016,network,not_documented,,6,,yes,unknown,unknown,unknown,EVD2170,Class-to-condition mapping was not reported clearly enough to establish coverage.,low
R1S0966,SCH0365,P46267,DS-ISCX-VPN-2016,temporal,not_documented,,6,,yes,unknown,unknown,unknown,EVD2170,Class-to-condition mapping was not reported clearly enough to establish coverage.,low
R1S0967,SCH0366,P46267,DS-ISCX-TOR-2016,client,not_documented,,8,,yes,unknown,unknown,unknown,EVD2171,Class-to-condition mapping was not reported clearly enough to establish coverage.,low
R1S0968,SCH0366,P46267,DS-ISCX-TOR-2016,network,documented_no_support,,8,,yes,unknown,unknown,unknown,EVD2171,"In this 16-label view, anonymity status is part of the target label rather than an orthogonal network condition.",high
R1S0969,SCH0366,P46267,DS-ISCX-TOR-2016,temporal,not_documented,,8,,yes,unknown,unknown,unknown,EVD2171,Class-to-condition mapping was not reported clearly enough to establish coverage.,low
R1S0970,SCH0367,P46267,DS-P46267-TFE-GNN-WWT,client,not_documented,,12,,yes,unknown,unknown,unknown,EVD2166,"Hardware, OS, app version, and execution configuration are not mapped to the 27 classes.",low
R1S0971,SCH0367,P46267,DS-P46267-TFE-GNN-WWT,network,not_documented,,12,,yes,unknown,unknown,unknown,EVD2166,"Capture site, access network, provider, and per-class network conditions are not reported.",low
R1S0972,SCH0367,P46267,DS-P46267-TFE-GNN-WWT,temporal,not_documented,,12,,yes,unknown,unknown,unknown,EVD2166,"No collection dates, campaigns, or class-to-time mapping are reported.",low
R1S0973,SCH0368,P46267,DS-ISCX-VPN-2016,client,not_documented,,6,,yes,unknown,unknown,unknown,EVD2169,Class-to-condition mapping was not reported clearly enough to establish coverage.,low
R1S0974,SCH0368,P46267,DS-ISCX-VPN-2016,network,not_documented,,6,,yes,unknown,unknown,unknown,EVD2169,Class-to-condition mapping was not reported clearly enough to establish coverage.,low
R1S0975,SCH0368,P46267,DS-ISCX-VPN-2016,temporal,not_documented,,6,,yes,unknown,unknown,unknown,EVD2169,Class-to-condition mapping was not reported clearly enough to establish coverage.,low
R1S0976,SCH0369,P46427,DS-USTC-TFC-2016,client,not_documented,,20,,yes,unknown,unknown,unknown,EVD1129,"Client hardware, OS, application/malware versions, and within-class mappings are absent from the release manifest.",medium
R1S0977,SCH0369,P46427,DS-USTC-TFC-2016,network,not_documented,,20,,yes,unknown,unknown,unknown,EVD1129,"Capture provenance differs across parts of the corpus, but class-addressable site/access/provider conditions within every class are not documented.",medium
R1S0978,SCH0369,P46427,DS-USTC-TFC-2016,temporal,not_documented,,20,,yes,unknown,unknown,unknown,EVD1129,Class-named capture files lack a versioned timestamp/campaign manifest; file separation does not prove a single or multiple temporal condition within a class.,medium
R1S0979,SCH0370,P46427,DS-CROSS-PLATFORM-2017,client,not_documented,,411,,yes,unknown,unknown,unknown,EVD0837,"Android/iOS diversity exists globally, but no common application-class mapping across the OS conditions is documented; the 31-app follow-up stack is also unreported.",high
R1S0980,SCH0370,P46427,DS-CROSS-PLATFORM-2017,network,not_documented,,411,,yes,unknown,unknown,unknown,EVD2177,Class-to-condition mapping was not reported clearly enough to establish coverage.,low
R1S0981,SCH0370,P46427,DS-CROSS-PLATFORM-2017,temporal,not_documented,,411,,yes,unknown,unknown,unknown,EVD2177,The original Cross-Platform corpus does not document a within-dataset class-overlapping temporal condition map; the later recapture is evaluated only as a cross-dataset protocol.,high
R1S0982,SCH0371,P46427,DS-SJTU-AN21,client,not_documented,,10,,yes,unknown,unknown,unknown,EVD2173,"Client hardware, OS, application versions, and per-class mappings are not documented.",low
R1S0983,SCH0371,P46427,DS-SJTU-AN21,network,not_documented,,10,,yes,unknown,unknown,unknown,EVD1111 | EVD1110,The source calls the captures different network environments but does not identify a qualifying site access network technology ISP or upstream provider.,high
R1S0984,SCH0371,P46427,DS-SJTU-AN21,temporal,not_documented,,10,,yes,unknown,unknown,unknown,EVD2173,Collection dates and temporal relation between the official train and test captures are not reported in the audited sources.,low
R1S0985,SCH0372,P46427,DS-ISCX-TOR-2016,client,not_documented,,16,,yes,unknown,unknown,unknown,EVD2174,Class-to-condition mapping was not reported clearly enough to establish coverage.,low
R1S0986,SCH0372,P46427,DS-ISCX-TOR-2016,network,documented_no_support,,16,,yes,unknown,unknown,unknown,EVD2174,"In this 16-label view, anonymity status is part of the target label rather than an orthogonal network condition.",high
R1S0987,SCH0372,P46427,DS-ISCX-TOR-2016,temporal,not_documented,,16,,yes,unknown,unknown,unknown,EVD2174,Class-to-condition mapping was not reported clearly enough to establish coverage.,low
R1S0988,SCH0373,P46427,DS-ISCX-VPN-2016,client,not_documented,,17,,yes,unknown,unknown,unknown,EVD2175,Class-to-condition mapping was not reported clearly enough to establish coverage.,low
R1S0989,SCH0373,P46427,DS-ISCX-VPN-2016,network,not_documented,,17,,yes,unknown,unknown,unknown,EVD2175,Class-to-condition mapping was not reported clearly enough to establish coverage.,low
R1S0990,SCH0373,P46427,DS-ISCX-VPN-2016,temporal,not_documented,,17,,yes,unknown,unknown,unknown,EVD2175,Class-to-condition mapping was not reported clearly enough to establish coverage.,low
R1S0991,SCH0374,P46522,DS-DF-2017,client,documented_no_support,,95,0,yes,unknown,unknown,unknown,EVD0897,"The paper documents replicated machines, not distinct hardware/OS/browser configurations.",high
R1S0992,SCH0374,P46522,DS-DF-2017,network,documented_no_support,,95,0,yes,yes,yes,unknown,EVD1202,The documented contrast changes only Tor routes or circuits and does not establish two qualifying physical network values.,high
R1S0993,SCH0374,P46522,DS-DF-2017,temporal,supported,early versus late round-robin chunk,95,95,yes,yes,yes,yes,EVD1161,"All 95 sites have time-ordered capture chunks, but the collection lasted days and does not meet the three-month threshold.",high
R1S0994,SCH0375,P46522,DS-DF-2017,client,documented_no_support,,95,0,yes,unknown,unknown,unknown,EVD0897,"The paper documents replicated machines, not distinct hardware/OS/browser configurations.",high
R1S0995,SCH0375,P46522,DS-DF-2017,network,documented_no_support,,95,0,yes,yes,yes,unknown,EVD1202,The documented contrast changes only Tor routes or circuits and does not establish two qualifying physical network values.,high
R1S0996,SCH0375,P46522,DS-DF-2017,temporal,supported,early versus late round-robin chunk,95,95,yes,yes,yes,yes,EVD1161,"All 95 sites have time-ordered capture chunks, but the collection lasted days and does not meet the three-month threshold.",high
R1S0997,SCH0376,P46522,DS-P46522-CF-2022-2023,client,not_documented,,100,,yes,unknown,unknown,unknown,EVD1074,"Tor Browser 12.x is reported, but exact builds and class-to-client mappings are insufficient to establish or exclude multiple client configurations.",medium
R1S0998,SCH0376,P46522,DS-P46522-CF-2022-2023,network,not_documented,,100,,yes,unknown,unknown,unknown,EVD2178,"Tor use implies varying circuits, but circuit/path identities and per-class condition mappings are not reported.",low
R1S0999,SCH0376,P46522,DS-P46522-CF-2022-2023,temporal,not_documented,,100,,yes,unknown,unknown,unknown,EVD1075,"The overall interval spans at least three months, but the paper does not map each website class to separable dates.",medium
R1S1000,SCH0377,P46522,DS-P46522-CF-2022-2023,client,not_documented,,95,,yes,unknown,unknown,unknown,EVD1074,"Tor Browser 12.x is reported, but exact builds and class-to-client mappings are insufficient to establish or exclude multiple client configurations.",medium
R1S1001,SCH0377,P46522,DS-P46522-CF-2022-2023,network,not_documented,,95,,yes,unknown,unknown,unknown,EVD2183,"Tor use implies varying circuits, but circuit/path identities and per-class condition mappings are not reported.",low
R1S1002,SCH0377,P46522,DS-P46522-CF-2022-2023,temporal,not_documented,,95,,yes,unknown,unknown,unknown,EVD1075,"The overall interval spans at least three months, but the paper does not map each website class to separable dates.",medium
R1S1003,SCH0378,P46522,DS-P46522-CF-2022-2023,client,not_documented,,100,,yes,unknown,unknown,unknown,EVD1074,"Tor Browser 12.x is reported, but exact builds and class-to-client mappings are insufficient to establish or exclude multiple client configurations.",medium
R1S1004,SCH0378,P46522,DS-P46522-CF-2022-2023,network,not_documented,,100,,yes,unknown,unknown,unknown,EVD2180,"Tor use implies varying circuits, but circuit/path identities and per-class condition mappings are not reported.",low
R1S1005,SCH0378,P46522,DS-P46522-CF-2022-2023,temporal,not_documented,,100,,yes,unknown,unknown,unknown,EVD1075,"The overall interval spans at least three months, but the paper does not map each website class to separable dates.",medium
R1S1006,SCH0379,P46522,DS-AWF-2017,client,documented_no_support,,100,0,yes,unknown,unknown,unknown,EVD1145,The corpus varies worker instances but documents one client software/VM configuration.,high
R1S1007,SCH0379,P46522,DS-AWF-2017,network,not_documented,NCM superior vs NCM inferior,100,69,yes,unknown,unknown,unknown,EVD1195,"A paper-selected 69-site subset can be partitioned into superior and inferior NCM groups for every class. NCM is an outcome-derived network-quality composite, not an isolated or operational access-network factor.",high
R1S1008,SCH0379,P46522,DS-AWF-2017,temporal,not_documented,early versus late batch within each 14-day group,100,900,yes,unknown,unknown,unknown,EVD1176,"CW900 is partitionable into class-overlapping early/late samples, but the documented span is far below 3, 6, or 12 months.",high
R1S1009,SCH0380,P46522,DS-P46522-CF-2022-2023,client,not_documented,,95,,yes,unknown,unknown,unknown,EVD1074,"Tor Browser 12.x is reported, but exact builds and class-to-client mappings are insufficient to establish or exclude multiple client configurations.",medium
R1S1010,SCH0380,P46522,DS-P46522-CF-2022-2023,network,not_documented,,95,,yes,unknown,unknown,unknown,EVD2184,"Tor use implies varying circuits, but circuit/path identities and per-class condition mappings are not reported.",low
R1S1011,SCH0380,P46522,DS-P46522-CF-2022-2023,temporal,not_documented,,95,,yes,unknown,unknown,unknown,EVD1075,"The overall interval spans at least three months, but the paper does not map each website class to separable dates.",medium
R1S1012,SCH0381,P46522,DS-AWF-2017,client,documented_no_support,,100,0,yes,unknown,unknown,unknown,EVD1145,The corpus varies worker instances but documents one client software/VM configuration.,high
R1S1013,SCH0381,P46522,DS-AWF-2017,network,not_documented,NCM superior vs NCM inferior,100,69,yes,unknown,unknown,unknown,EVD1195,"A paper-selected 69-site subset can be partitioned into superior and inferior NCM groups for every class. NCM is an outcome-derived network-quality composite, not an isolated or operational access-network factor.",high
R1S1014,SCH0381,P46522,DS-AWF-2017,temporal,not_documented,early versus late batch within each 14-day group,100,900,yes,unknown,unknown,unknown,EVD1176,"CW900 is partitionable into class-overlapping early/late samples, but the documented span is far below 3, 6, or 12 months.",high
R1S1015,SCH0382,P46522,DS-P46522-CF-2022-2023,client,not_documented,,100,,yes,unknown,unknown,unknown,EVD1074,"Tor Browser 12.x is reported, but exact builds and class-to-client mappings are insufficient to establish or exclude multiple client configurations.",medium
R1S1016,SCH0382,P46522,DS-P46522-CF-2022-2023,network,not_documented,,100,,yes,unknown,unknown,unknown,EVD2182,"Tor use implies varying circuits, but circuit/path identities and per-class condition mappings are not reported.",low
R1S1017,SCH0382,P46522,DS-P46522-CF-2022-2023,temporal,not_documented,,100,,yes,unknown,unknown,unknown,EVD1075,"The overall interval spans at least three months, but the paper does not map each website class to separable dates.",medium
R1S1018,SCH0383,P46522,DS-WANG-WF-2014,client,not_documented,,100,,yes,unknown,unknown,unknown,EVD1134,"Hardware, OS, Tor Browser/version, and class-to-client mappings are not documented in the release index.",low
R1S1019,SCH0383,P46522,DS-WANG-WF-2014,network,not_documented,,100,,yes,unknown,unknown,unknown,EVD1134,"Tor circuits may vary across traces, but circuit/path identities and a common class-addressable network contrast are not documented.",low
R1S1020,SCH0383,P46522,DS-WANG-WF-2014,temporal,not_documented,,100,,yes,unknown,unknown,unknown,EVD1134,The release lacks an auditable class-to-date/campaign manifest.,low
R1S1021,SCH0384,P46522,DS-DF-2017,client,documented_no_support,,95,0,yes,unknown,unknown,unknown,EVD0897,"The paper documents replicated machines, not distinct hardware/OS/browser configurations.",high
R1S1022,SCH0384,P46522,DS-DF-2017,network,documented_no_support,,95,0,yes,yes,yes,unknown,EVD1202,The documented contrast changes only Tor routes or circuits and does not establish two qualifying physical network values.,high
R1S1023,SCH0384,P46522,DS-DF-2017,temporal,supported,early versus late round-robin chunk,95,95,yes,yes,yes,yes,EVD1161,"All 95 sites have time-ordered capture chunks, but the collection lasted days and does not meet the three-month threshold.",high
R1S1024,SCH0385,P46522,DS-P46522-CF-2022-2023,client,not_documented,,95,,yes,unknown,unknown,unknown,EVD1074,"Tor Browser 12.x is reported, but exact builds and class-to-client mappings are insufficient to establish or exclude multiple client configurations.",medium
R1S1025,SCH0385,P46522,DS-P46522-CF-2022-2023,network,not_documented,,95,,yes,unknown,unknown,unknown,EVD2179,"Tor use implies varying circuits, but circuit/path identities and per-class condition mappings are not reported.",low
R1S1026,SCH0385,P46522,DS-P46522-CF-2022-2023,temporal,not_documented,,95,,yes,unknown,unknown,unknown,EVD1075,"The overall interval spans at least three months, but the paper does not map each website class to separable dates.",medium
R1S1027,SCH0386,P46578,DS-CSE-CIC-IDS-2018,client,not_documented,,7,,yes,unknown,unknown,unknown,EVD2186,Class-to-condition mapping was not reported clearly enough to establish coverage.,low
R1S1028,SCH0386,P46578,DS-CSE-CIC-IDS-2018,network,documented_no_support,,7,0,yes,unknown,unknown,unknown,EVD1155,Host and subnet multiplicity inside one testbed does not establish a cross-site/access/provider contrast.,high
R1S1029,SCH0386,P46578,DS-CSE-CIC-IDS-2018,temporal,not_documented,,7,,yes,unknown,unknown,unknown,EVD2186,Class-to-condition mapping was not reported clearly enough to establish coverage.,low
R1S1030,SCH0387,P46578,DS-TON-IOT,client,not_documented,,10,,yes,unknown,unknown,unknown,EVD1119,"The testbed includes heterogeneous hosts, but attack-class coverage across client configurations is not documented.",medium
R1S1031,SCH0387,P46578,DS-TON-IOT,network,documented_no_support,,10,0,yes,unknown,unknown,unknown,EVD1119,Multiple hosts and layers occur inside one designed testbed; no second site/access network/provider condition is documented for the same ten-class task.,high
R1S1032,SCH0387,P46578,DS-TON-IOT,temporal,not_documented,,10,,yes,unknown,unknown,unknown,EVD1119,"Ground-truth timestamps exist, but the audited sources do not establish a common temporal pair for all ten classes.",medium
R1S1033,SCH0388,P47085,DS-ISCX-TOR-2016,client,not_documented,,8,,yes,unknown,unknown,unknown,EVD2192,Class-to-condition mapping was not reported clearly enough to establish coverage.,low
R1S1034,SCH0388,P47085,DS-ISCX-TOR-2016,network,documented_no_support,,8,,yes,unknown,unknown,unknown,EVD2192,"In this 16-label view, anonymity status is part of the target label rather than an orthogonal network condition.",high
R1S1035,SCH0388,P47085,DS-ISCX-TOR-2016,temporal,not_documented,,8,,yes,unknown,unknown,unknown,EVD2192,Class-to-condition mapping was not reported clearly enough to establish coverage.,low
R1S1036,SCH0389,P47085,DS-CIC-IDS-2017,client,not_documented,,8,,yes,unknown,unknown,unknown,EVD2193,No per-class client-condition mapping is reported for the selected eight-class view.,low
R1S1037,SCH0389,P47085,DS-CIC-IDS-2017,network,not_documented,,8,,yes,unknown,unknown,unknown,EVD2193,No per-class operational network-condition mapping is reported for the selected eight-class view.,low
R1S1038,SCH0389,P47085,DS-CIC-IDS-2017,temporal,not_documented,,8,,yes,unknown,unknown,unknown,EVD2193,"The selected source label view is eight-class, but within-CIC-IDS2017 per-class time coverage is not reported by P47085. The separate IDS2018 target does not establish within-dataset capability.",low
R1S1039,SCH0390,P47085,DS-CROSSNET-2021,client,not_documented,,20,,yes,unknown,unknown,unknown,EVD2197,Class-to-condition mapping was not reported clearly enough to establish coverage.,low
R1S1040,SCH0390,P47085,DS-CROSSNET-2021,network,documented_no_support,,20,0,yes,yes,yes,unknown,EVD0835,The documented contrast changes only software-controlled QoS settings and does not establish two qualifying physical network values.,high
R1S1041,SCH0390,P47085,DS-CROSSNET-2021,temporal,supported,CrossNet2021 Scenario A campaign | CrossNet2021 Scenario B campaign,20,20,yes,yes,yes,yes,EVD2197,"CrossNet2021 contains the same 20 application categories in two distinct collection scenarios. Section 7.5 uses all Scenario A traffic for training and Scenario B traffic for testing, so membership is recoverable.",high
R1S1042,SCH0391,P47085,DS-CROSSNET-2021,client,not_documented,,20,,yes,unknown,unknown,unknown,EVD2194,Class-to-condition mapping was not reported clearly enough to establish coverage.,low
R1S1043,SCH0391,P47085,DS-CROSSNET-2021,network,documented_no_support,,20,0,yes,yes,yes,unknown,EVD0835,The documented contrast changes only software-controlled QoS settings and does not establish two qualifying physical network values.,high
R1S1044,SCH0391,P47085,DS-CROSSNET-2021,temporal,not_documented,,20,,yes,unknown,unknown,unknown,EVD2194,Class-to-condition mapping was not reported clearly enough to establish coverage.,low
R1S1045,SCH0392,P47085,DS-CIC-IDS-2017,client,not_documented,,8,,yes,unknown,unknown,unknown,EVD2189,No per-class client-condition mapping is reported for the selected eight-class view.,low
R1S1046,SCH0392,P47085,DS-CIC-IDS-2017,network,not_documented,,8,,yes,unknown,unknown,unknown,EVD2189,No per-class operational network-condition mapping is reported for the selected eight-class view.,low
R1S1047,SCH0392,P47085,DS-CIC-IDS-2017,temporal,not_documented,,8,,yes,unknown,unknown,unknown,EVD2189,"The selected source label view is eight-class, but within-CIC-IDS2017 per-class time coverage is not reported by P47085. The separate IDS2018 target does not establish within-dataset capability.",low
R1S1048,SCH0393,P47085,DS-CIC-IDS-2017,client,not_documented,,8,,yes,unknown,unknown,unknown,EVD2195 | EVD2196 | EVD2198,No per-class client-condition mapping is reported for the selected eight-class view.,low
R1S1049,SCH0393,P47085,DS-CIC-IDS-2017,network,not_documented,,8,,yes,unknown,unknown,unknown,EVD2195 | EVD2196 | EVD2198,No per-class operational network-condition mapping is reported for the selected eight-class view.,low
R1S1050,SCH0393,P47085,DS-CIC-IDS-2017,temporal,not_documented,,8,,yes,unknown,unknown,unknown,EVD2195 | EVD2196 | EVD2198,"The selected source label view is eight-class, but within-CIC-IDS2017 per-class time coverage is not reported by P47085. The separate IDS2018 target does not establish within-dataset capability.",low
R1S1051,SCH0394,P47085,DS-CROSSNET-2021,client,not_documented,,20,,yes,unknown,unknown,unknown,EVD2190,Class-to-condition mapping was not reported clearly enough to establish coverage.,low
R1S1052,SCH0394,P47085,DS-CROSSNET-2021,network,documented_no_support,,20,0,yes,yes,yes,unknown,EVD0835,The documented contrast changes only software-controlled QoS settings and does not establish two qualifying physical network values.,high
R1S1053,SCH0394,P47085,DS-CROSSNET-2021,temporal,not_documented,,20,,yes,unknown,unknown,unknown,EVD2190,Class-to-condition mapping was not reported clearly enough to establish coverage.,low
R1S1054,SCH0395,P47085,DS-CSE-CIC-IDS-2018,client,not_documented,,8,,yes,unknown,unknown,unknown,EVD2195 | EVD2196 | EVD2198,Class-to-condition mapping was not reported clearly enough to establish coverage.,low
R1S1055,SCH0395,P47085,DS-CSE-CIC-IDS-2018,network,documented_no_support,,8,0,yes,unknown,unknown,unknown,EVD1155,Host and subnet multiplicity inside one testbed does not establish a cross-site/access/provider contrast.,high
R1S1056,SCH0395,P47085,DS-CSE-CIC-IDS-2018,temporal,not_documented,,8,,yes,unknown,unknown,unknown,EVD2195 | EVD2196 | EVD2198,Class-to-condition mapping was not reported clearly enough to establish coverage.,low
R1S1057,SCH0396,P47085,DS-USTC-TFC-2016,client,not_documented,,20,,yes,unknown,unknown,unknown,EVD1129,"Client hardware, OS, application/malware versions, and within-class mappings are absent from the release manifest.",medium
R1S1058,SCH0396,P47085,DS-USTC-TFC-2016,network,not_documented,,20,,yes,unknown,unknown,unknown,EVD1129,"Capture provenance differs across parts of the corpus, but class-addressable site/access/provider conditions within every class are not documented.",medium
R1S1059,SCH0396,P47085,DS-USTC-TFC-2016,temporal,not_documented,,20,,yes,unknown,unknown,unknown,EVD1129,Class-named capture files lack a versioned timestamp/campaign manifest; file separation does not prove a single or multiple temporal condition within a class.,medium
R1S1060,SCH0397,P47085,DS-ISCX-TOR-2016,client,not_documented,,8,,yes,unknown,unknown,unknown,EVD2188,Class-to-condition mapping was not reported clearly enough to establish coverage.,low
R1S1061,SCH0397,P47085,DS-ISCX-TOR-2016,network,documented_no_support,,8,,yes,unknown,unknown,unknown,EVD2188,"In this 16-label view, anonymity status is part of the target label rather than an orthogonal network condition.",high
R1S1062,SCH0397,P47085,DS-ISCX-TOR-2016,temporal,not_documented,,8,,yes,unknown,unknown,unknown,EVD2188,Class-to-condition mapping was not reported clearly enough to establish coverage.,low
R1S1063,SCH0398,P47085,DS-USTC-TFC-2016,client,not_documented,,20,,yes,unknown,unknown,unknown,EVD1129,"Client hardware, OS, application/malware versions, and within-class mappings are absent from the release manifest.",medium
R1S1064,SCH0398,P47085,DS-USTC-TFC-2016,network,not_documented,,20,,yes,unknown,unknown,unknown,EVD1129,"Capture provenance differs across parts of the corpus, but class-addressable site/access/provider conditions within every class are not documented.",medium
R1S1065,SCH0398,P47085,DS-USTC-TFC-2016,temporal,not_documented,,20,,yes,unknown,unknown,unknown,EVD1129,Class-named capture files lack a versioned timestamp/campaign manifest; file separation does not prove a single or multiple temporal condition within a class.,medium
R1S1066,SCH0399,P47353,DS-P47353-DECETT,client,not_documented,,54,,yes,unknown,unknown,unknown,EVD1077,"Several volunteers participated, but device, OS, app-version, and per-class mappings are not reported.",medium
R1S1067,SCH0399,P47353,DS-P47353-DECETT,network,documented_no_support,,54,0,yes,yes,yes,unknown,EVD1077,The documented contrast changes only tunnel implementations and does not establish two qualifying physical network values.,high
R1S1068,SCH0399,P47353,DS-P47353-DECETT,temporal,not_documented,,54,,yes,unknown,unknown,unknown,EVD2199 | EVD2200 | EVD2201 | EVD2202 | EVD2203 | EVD2204,Collection dates and repeated campaigns are not reported.,low
R1S1069,SCH0400,P47584,DS-P47584-HOLMES-WATSON,client,not_documented,Chrome v126 vs Firefox v129,1600,200,yes,unknown,unknown,unknown,EVD1078,The same 200 websites have condition-addressable captures across two Chrome versions and Firefox; Chrome-vs-Firefox remains a composite browser-family/engine contrast.,high
R1S1070,SCH0400,P47584,DS-P47584-HOLMES-WATSON,network,not_documented,unconstrained vs slow,1600,200,yes,unknown,unknown,unknown,EVD1080,"The same 200 websites are captured under three explicitly controlled performance profiles; this is synthetic condition feasibility, not natural access-network diversity.",high
R1S1071,SCH0400,P47584,DS-P47584-HOLMES-WATSON,temporal,documented_no_support,day 0 collection | day 18 or day 30 collection,1600,200,yes,unknown,unknown,unknown,EVD1081,"Appendix F repeats only the same 200-site subset over time. The exact evaluated scheme has 1600 sites, so no documented repeated condition pair covers every scheme label.",high
R1S1072,SCH0401,P47584,DS-P47584-HOLMES-WATSON,client,supported,Chrome v126 vs Firefox v129,200,200,yes,yes,yes,yes,EVD1078,The same 200 websites have condition-addressable captures across two Chrome versions and Firefox; Chrome-vs-Firefox remains a composite browser-family/engine contrast.,high
R1S1073,SCH0401,P47584,DS-P47584-HOLMES-WATSON,network,documented_no_support,,200,0,yes,yes,yes,unknown,EVD1080,The documented contrast changes only traffic shaping and does not establish two qualifying physical network values.,high
R1S1074,SCH0401,P47584,DS-P47584-HOLMES-WATSON,temporal,supported,day 0 vs day 30,200,200,yes,yes,yes,yes,EVD1081,"The same 200 websites have fresh captures at 0, 18, and 30 days under a reported consistent collection environment.",high
R1S1075,SCH0402,P47584,DS-P47584-HOLMES-WATSON,client,not_documented,,321,,yes,unknown,unknown,unknown,EVD2211 | EVD1876 | EVD1877,The available evidence does not establish the complete scheme under one common condition pair.,medium
R1S1076,SCH0402,P47584,DS-P47584-HOLMES-WATSON,network,not_documented,,321,,yes,unknown,unknown,unknown,EVD2211 | EVD1876 | EVD1877,The available evidence does not establish the complete scheme under one common condition pair.,medium
R1S1077,SCH0402,P47584,DS-P47584-HOLMES-WATSON,temporal,not_documented,,321,,yes,unknown,unknown,unknown,EVD2211 | EVD1876 | EVD1877,The available evidence does not establish the complete scheme under one common condition pair.,medium
R1S1078,SCH0403,P47584,DS-P47584-HOLMES-WATSON,client,not_documented,Chrome v126 vs Firefox v129,320,200,yes,unknown,unknown,unknown,EVD1078,The same 200 websites have condition-addressable captures across two Chrome versions and Firefox; Chrome-vs-Firefox remains a composite browser-family/engine contrast.,high
R1S1079,SCH0403,P47584,DS-P47584-HOLMES-WATSON,network,not_documented,unconstrained vs slow,320,200,yes,unknown,unknown,unknown,EVD1080,"The same 200 websites are captured under three explicitly controlled performance profiles; this is synthetic condition feasibility, not natural access-network diversity.",high
R1S1080,SCH0403,P47584,DS-P47584-HOLMES-WATSON,temporal,not_documented,day 0 vs day 30,320,200,yes,unknown,unknown,unknown,EVD1081,"The same 200 websites have fresh captures at 0, 18, and 30 days under a reported consistent collection environment.",high
R1S1081,SCH0404,P47584,DS-P47584-HOLMES-WATSON,client,not_documented,Chrome v126 vs Firefox v129,320,200,yes,unknown,unknown,unknown,EVD1078,The same 200 websites have condition-addressable captures across two Chrome versions and Firefox; Chrome-vs-Firefox remains a composite browser-family/engine contrast.,high
R1S1082,SCH0404,P47584,DS-P47584-HOLMES-WATSON,network,not_documented,unconstrained vs slow,320,200,yes,unknown,unknown,unknown,EVD1080,"The same 200 websites are captured under three explicitly controlled performance profiles; this is synthetic condition feasibility, not natural access-network diversity.",high
R1S1083,SCH0404,P47584,DS-P47584-HOLMES-WATSON,temporal,not_documented,day 0 vs day 30,320,200,yes,unknown,unknown,unknown,EVD1081,"The same 200 websites have fresh captures at 0, 18, and 30 days under a reported consistent collection environment.",high
R1S1084,SCH0405,P48170,DS-P48170-NOMOATS,client,supported,two of the 128 qualifying apps,2,2,yes,yes,yes,yes,EVD1878,At least 128 app identities each contain ten or more requests from both fixed labels and app membership is recoverable.,high
R1S1085,SCH0405,P48170,DS-P48170-NOMOATS,network,not_documented,,2,,yes,unknown,unknown,unknown,EVD1878,The collection does not document complete label coverage under two network conditions.,high
R1S1086,SCH0405,P48170,DS-P48170-NOMOATS,temporal,not_documented,,2,,yes,unknown,unknown,unknown,EVD1878,Request timestamps are not used to document complete label coverage under two time values.,high
R1S1087,SCH0406,P48170,DS-P48170-NOMOATS,client,supported,two of the 128 qualifying apps,2,2,yes,yes,yes,yes,EVD1878,"Every reported per-app classifier has at least ten samples of both labels, so the stable scheme is recoverable under multiple app-client values.",high
R1S1088,SCH0406,P48170,DS-P48170-NOMOATS,network,not_documented,,2,,yes,unknown,unknown,unknown,EVD1878,The collection does not document complete label coverage under two network conditions.,high
R1S1089,SCH0406,P48170,DS-P48170-NOMOATS,temporal,not_documented,,2,,yes,unknown,unknown,unknown,EVD1878,Request timestamps are not used to document complete label coverage under two time values.,high
R1S1090,SCH0407,P48205,DS-ONION-SITES-2016,client,not_documented,,538,,yes,unknown,unknown,unknown,EVD2220,The available sources do not document class-to-condition membership well enough to establish dataset-level feasibility.,low
R1S1091,SCH0407,P48205,DS-ONION-SITES-2016,network,not_documented,,538,,yes,unknown,unknown,unknown,EVD2220,The available sources do not document class-to-condition membership well enough to establish dataset-level feasibility.,low
R1S1092,SCH0407,P48205,DS-ONION-SITES-2016,temporal,not_documented,,538,,yes,unknown,unknown,unknown,EVD2220,The available sources do not document class-to-condition membership well enough to establish dataset-level feasibility.,low
R1S1093,SCH0408,P48205,DS-TIKTOK-LIVE-WALKIE-TALKIE-2019,client,not_documented,,100,,yes,unknown,unknown,unknown,EVD1116,"No distinct hardware, OS, browser, or client-version conditions are documented.",medium
R1S1094,SCH0408,P48205,DS-TIKTOK-LIVE-WALKIE-TALKIE-2019,network,not_documented,,100,,yes,unknown,unknown,unknown,EVD1117,"Every trace uses a fresh circuit, but no common named relay/path pair spans all classes and path membership is not publicly reconstructable from the reported evidence.",medium
R1S1095,SCH0408,P48205,DS-TIKTOK-LIVE-WALKIE-TALKIE-2019,temporal,not_documented,,100,,yes,unknown,unknown,unknown,EVD2221,Collection dates and class-to-period groupings are not reported.,low
R1S1096,SCH0409,P48205,DS-DF-2017,client,documented_no_support,,95,0,yes,unknown,unknown,unknown,EVD0897,"The paper documents replicated machines, not distinct hardware/OS/browser configurations.",high
R1S1097,SCH0409,P48205,DS-DF-2017,network,documented_no_support,,95,0,yes,yes,yes,unknown,EVD1202,The documented contrast changes only Tor routes or circuits and does not establish two qualifying physical network values.,high
R1S1098,SCH0409,P48205,DS-DF-2017,temporal,supported,early versus late round-robin chunk,95,95,yes,yes,yes,yes,EVD1161,"All 95 sites have time-ordered capture chunks, but the collection lasted days and does not meet the three-month threshold.",high
R1S1099,SCH0410,P48207,DS-WANG-WF-2014,client,not_documented,,100,,yes,unknown,unknown,unknown,EVD1134,"Hardware, OS, Tor Browser/version, and class-to-client mappings are not documented in the release index.",low
R1S1100,SCH0410,P48207,DS-WANG-WF-2014,network,not_documented,,100,,yes,unknown,unknown,unknown,EVD1134,"Tor circuits may vary across traces, but circuit/path identities and a common class-addressable network contrast are not documented.",low
R1S1101,SCH0410,P48207,DS-WANG-WF-2014,temporal,not_documented,,100,,yes,unknown,unknown,unknown,EVD1134,The release lacks an auditable class-to-date/campaign manifest.,low
R1S1102,SCH0411,P48207,DS-DF-2017,client,documented_no_support,,95,0,yes,unknown,unknown,unknown,EVD0897,"The paper documents replicated machines, not distinct hardware/OS/browser configurations.",high
R1S1103,SCH0411,P48207,DS-DF-2017,network,documented_no_support,,95,0,yes,yes,yes,unknown,EVD1202,The documented contrast changes only Tor routes or circuits and does not establish two qualifying physical network values.,high
R1S1104,SCH0411,P48207,DS-DF-2017,temporal,supported,early versus late round-robin chunk,95,95,yes,yes,yes,yes,EVD1161,"All 95 sites have time-ordered capture chunks, but the collection lasted days and does not meet the three-month threshold.",high
R1S1105,SCH0412,P48207,DS-GRESCHBACH-DNS-TOR-UNMONITORED,client,not_documented,,101,,yes,unknown,unknown,unknown,EVD2226 | EVD1879,The available evidence does not establish the complete scheme under one common condition pair.,medium
R1S1106,SCH0412,P48207,DS-GRESCHBACH-DNS-TOR-UNMONITORED,network,not_documented,,101,,yes,unknown,unknown,unknown,EVD2226 | EVD1879,The available evidence does not establish the complete scheme under one common condition pair.,medium
R1S1107,SCH0412,P48207,DS-GRESCHBACH-DNS-TOR-UNMONITORED,temporal,not_documented,,101,,yes,unknown,unknown,unknown,EVD2226 | EVD1879,The available evidence does not establish the complete scheme under one common condition pair.,medium
R1S1108,SCH0413,P48207,DS-DYNAFLOW-LU-2018-SOURCE,client,not_documented,,100,,yes,unknown,unknown,unknown,EVD2225,Class-to-condition mapping was not reported clearly enough to establish coverage.,low
R1S1109,SCH0413,P48207,DS-DYNAFLOW-LU-2018-SOURCE,network,not_documented,,100,,yes,unknown,unknown,unknown,EVD2225,Class-to-condition mapping was not reported clearly enough to establish coverage.,low
R1S1110,SCH0413,P48207,DS-DYNAFLOW-LU-2018-SOURCE,temporal,not_documented,,100,,yes,unknown,unknown,unknown,EVD2225,Class-to-condition mapping was not reported clearly enough to establish coverage.,low
R1S1111,SCH0414,P48246,DS-DF-2017,client,documented_no_support,,95,0,yes,unknown,unknown,unknown,EVD0897,"The paper documents replicated machines, not distinct hardware/OS/browser configurations.",high
R1S1112,SCH0414,P48246,DS-DF-2017,network,documented_no_support,,95,0,yes,yes,yes,unknown,EVD1202,The documented contrast changes only Tor routes or circuits and does not establish two qualifying physical network values.,high
R1S1113,SCH0414,P48246,DS-DF-2017,temporal,supported,early versus late round-robin chunk,95,95,yes,yes,yes,yes,EVD1161,"All 95 sites have time-ordered capture chunks, but the collection lasted days and does not meet the three-month threshold.",high
R1S1114,SCH0415,P48246,DS-AWF-2017,client,documented_no_support,,900,0,yes,unknown,unknown,unknown,EVD1145,The corpus varies worker instances but documents one client software/VM configuration.,high
R1S1115,SCH0415,P48246,DS-AWF-2017,network,not_documented,NCM superior vs NCM inferior,900,69,yes,unknown,unknown,unknown,EVD1195,"A paper-selected 69-site subset can be partitioned into superior and inferior NCM groups for every class. NCM is an outcome-derived network-quality composite, not an isolated or operational access-network factor.",high
R1S1116,SCH0415,P48246,DS-AWF-2017,temporal,supported,early versus late batch within each 14-day group,900,900,yes,yes,yes,yes,EVD1176,"CW900 is partitionable into class-overlapping early/late samples, but the documented span is far below 3, 6, or 12 months.",high
R1S1117,SCH0416,P48246,DS-P48246-GANDALF,client,not_documented,,25,,yes,unknown,unknown,unknown,EVD2228,"Client hardware, OS, Tor Browser, and exact tool/version mappings to monitored classes are not reported.",low
R1S1118,SCH0416,P48246,DS-P48246-GANDALF,network,not_documented,,25,,yes,unknown,unknown,unknown,EVD2228,Tor circuit/path or access-network condition identities are not reported at a class-addressable level.,low
R1S1119,SCH0416,P48246,DS-P48246-GANDALF,temporal,not_documented,,25,,yes,unknown,unknown,unknown,EVD1083,"The older capture contains unmonitored/background pages, so it does not create within-class temporal coverage for the monitored label view.",medium
R1S1120,SCH0417,P48290,DS-P48290-QUIC-TCP-WF-2021,client,documented_no_support,,101,0,yes,unknown,unknown,unknown,EVD1084,Fifteen containerized browser instances replicate one documented Chromium/RedHat client stack; physical instances do not constitute platform diversity.,high
R1S1121,SCH0417,P48290,DS-P48290-QUIC-TCP-WF-2021,network,documented_no_support,,101,0,yes,yes,yes,unknown,EVD1086 | EVD1880,The documented contrast changes only tunnel or transport settings and does not establish two qualifying physical network values.,high
R1S1122,SCH0417,P48290,DS-P48290-QUIC-TCP-WF-2021,temporal,not_documented,,101,,yes,unknown,unknown,unknown,EVD2230 | EVD2231 | EVD1880,"The two reported phases are URL identification and traffic recording, not repeated traffic campaigns; dates/class-to-time mappings are unavailable.",medium
R1S1123,SCH0418,P48305,DS-YOURTHINGS-2019,client,documented_no_support,,5,,yes,unknown,unknown,unknown,EVD1136,Device identity is the target class; orthogonal firmware/OS variation is not documented.,high
R1S1124,SCH0418,P48305,DS-YOURTHINGS-2019,network,documented_no_support,,5,0,yes,unknown,unknown,unknown,EVD1137,The documented version contains only the named single condition for this label view.,high
R1S1125,SCH0418,P48305,DS-YOURTHINGS-2019,temporal,not_documented,,5,,yes,unknown,unknown,unknown,EVD1136,"The 11-day interval is public as daily archives, but per-device common day-pair coverage has not been verified.",medium
R1S1126,SCH0419,P48305,DS-P48305-IOT-GENERALIZABILITY-OWN-NC-2021-RECAPTURE,client,documented_no_support,,8,,yes,unknown,unknown,unknown,EVD0894,Device make/model is the target class; no orthogonal within-class client-stack contrast is documented for the 2021 recapture.,high
R1S1127,SCH0419,P48305,DS-P48305-IOT-GENERALIZABILITY-OWN-NC-2021-RECAPTURE,network,documented_no_support,,8,0,yes,unknown,unknown,unknown,EVD0895,The new collection remains in the authors' one laboratory setup; no second access/site/provider condition is documented within the recapture.,high
R1S1128,SCH0419,P48305,DS-P48305-IOT-GENERALIZABILITY-OWN-NC-2021-RECAPTURE,temporal,not_documented,,8,,yes,unknown,unknown,unknown,EVD0896,"The recapture supplies one side of a valid cross-dataset 2020-to-2021 evaluation. Within this independently counted 2021 corpus, however, the paper does not document two separable time conditions for every class.",high
R1S1129,SCH0420,P48305,DS-P48305-HOMESNITCH-FLORIDA-2020,client,documented_no_support,,24,,yes,unknown,unknown,unknown,EVD1087,"Device make/model is the target class. Multiple instances of a model are replication, not an orthogonal client-platform contrast; OS/firmware variation is unreported.",high
R1S1130,SCH0420,P48305,DS-P48305-HOMESNITCH-FLORIDA-2020,network,documented_no_support,,24,0,yes,unknown,unknown,unknown,EVD1088,The documented version contains only the named single condition for this label view.,high
R1S1131,SCH0420,P48305,DS-P48305-HOMESNITCH-FLORIDA-2020,temporal,not_documented,,24,,yes,unknown,unknown,unknown,EVD1087,"A 12-day continuous interval is reported, but per-device coverage across separable dates is not documented.",medium
R1S1132,SCH0421,P48305,DS-P48305-HOMESNITCH-FLORIDA-2020,client,documented_no_support,,4,,yes,unknown,unknown,unknown,EVD1087,"Device make/model is the target class. Multiple instances of a model are replication, not an orthogonal client-platform contrast; OS/firmware variation is unreported.",high
R1S1133,SCH0421,P48305,DS-P48305-HOMESNITCH-FLORIDA-2020,network,documented_no_support,,4,0,yes,unknown,unknown,unknown,EVD1088,The documented version contains only the named single condition for this label view.,high
R1S1134,SCH0421,P48305,DS-P48305-HOMESNITCH-FLORIDA-2020,temporal,not_documented,,4,,yes,unknown,unknown,unknown,EVD1087,"A 12-day continuous interval is reported, but per-device coverage across separable dates is not documented.",medium
R1S1135,SCH0422,P48305,DS-YOURTHINGS-2019,client,documented_no_support,,4,,yes,unknown,unknown,unknown,EVD1136,Device identity is the target class; orthogonal firmware/OS variation is not documented.,high
R1S1136,SCH0422,P48305,DS-YOURTHINGS-2019,network,documented_no_support,,4,0,yes,unknown,unknown,unknown,EVD1137,The documented version contains only the named single condition for this label view.,high
R1S1137,SCH0422,P48305,DS-YOURTHINGS-2019,temporal,not_documented,,4,,yes,unknown,unknown,unknown,EVD1136,"The 11-day interval is public as daily archives, but per-device common day-pair coverage has not been verified.",medium
R1S1138,SCH0423,P48305,DS-P48305-HOMESNITCH-FLORIDA-2021-RECAPTURE,client,documented_no_support,,15,,yes,unknown,unknown,unknown,EVD0892,Device make/model is the target class; no orthogonal within-class client-stack contrast is documented for the 2021 recapture.,high
R1S1139,SCH0423,P48305,DS-P48305-HOMESNITCH-FLORIDA-2021-RECAPTURE,network,not_documented,,15,,yes,unknown,unknown,unknown,EVD0893,The paper identifies the source team but does not document two separable operational network conditions within the 2021 recapture for every class.,medium
R1S1140,SCH0423,P48305,DS-P48305-HOMESNITCH-FLORIDA-2021-RECAPTURE,temporal,not_documented,,15,,yes,unknown,unknown,unknown,EVD0893,"The recapture supplies one side of a valid cross-dataset 2020-to-2021 evaluation. Within this independently counted 2021 corpus, however, the paper does not document two separable time conditions for every class.",high
R1S1141,SCH0424,P48305,DS-P48305-IOT-GENERALIZABILITY-OWN-NC-2020,client,documented_no_support,,8,,yes,unknown,unknown,unknown,EVD1089,Device identity is the target label; orthogonal OS/firmware/client-stack variation is not reported.,high
R1S1142,SCH0424,P48305,DS-P48305-IOT-GENERALIZABILITY-OWN-NC-2020,network,documented_no_support,,8,0,yes,unknown,unknown,unknown,EVD1090,The documented version contains only the named single condition for this label view.,high
R1S1143,SCH0424,P48305,DS-P48305-IOT-GENERALIZABILITY-OWN-NC-2020,temporal,not_documented,,8,,yes,unknown,unknown,unknown,EVD1089,"An 11-day interval is reported, but per-device coverage across separable dates is not documented.",medium
R1S1144,SCH0425,P48305,DS-P48305-IOT-GENERALIZABILITY-OWN-NC-2020,client,documented_no_support,,8,,yes,unknown,unknown,unknown,EVD1089,Device identity is the target label; orthogonal OS/firmware/client-stack variation is not reported.,high
R1S1145,SCH0425,P48305,DS-P48305-IOT-GENERALIZABILITY-OWN-NC-2020,network,documented_no_support,,8,0,yes,unknown,unknown,unknown,EVD1090,The documented version contains only the named single condition for this label view.,high
R1S1146,SCH0425,P48305,DS-P48305-IOT-GENERALIZABILITY-OWN-NC-2020,temporal,not_documented,,8,,yes,unknown,unknown,unknown,EVD1089,"An 11-day interval is reported, but per-device coverage across separable dates is not documented.",medium
R1S1147,SCH0426,P48305,DS-SIVANATHAN-IOT-2018,client,documented_no_support,,19,,yes,unknown,unknown,unknown,EVD1107,Device type defines the target class; OS/firmware changes within device types are not reported.,high
R1S1148,SCH0426,P48305,DS-SIVANATHAN-IOT-2018,network,documented_no_support,,19,0,yes,unknown,unknown,unknown,EVD1108,The documented version contains only the named single condition for this label view.,high
R1S1149,SCH0426,P48305,DS-SIVANATHAN-IOT-2018,temporal,not_documented,,19,,yes,unknown,unknown,unknown,EVD1109,"The subset is timestamped over eight days, but reporting does not establish common early/late coverage for every device class.",medium
R1S1150,SCH0427,P48305,DS-YOURTHINGS-2019,client,documented_no_support,,7,,yes,unknown,unknown,unknown,EVD1136,Device identity is the target class; orthogonal firmware/OS variation is not documented.,high
R1S1151,SCH0427,P48305,DS-YOURTHINGS-2019,network,documented_no_support,,7,0,yes,unknown,unknown,unknown,EVD1137,The documented version contains only the named single condition for this label view.,high
R1S1152,SCH0427,P48305,DS-YOURTHINGS-2019,temporal,not_documented,,7,,yes,unknown,unknown,unknown,EVD1136,"The 11-day interval is public as daily archives, but per-device common day-pair coverage has not been verified.",medium
R1S1153,SCH0428,P48305,DS-YOURTHINGS-2019,client,documented_no_support,,45,,yes,unknown,unknown,unknown,EVD1136,Device identity is the target class; orthogonal firmware/OS variation is not documented.,high
R1S1154,SCH0428,P48305,DS-YOURTHINGS-2019,network,documented_no_support,,45,0,yes,unknown,unknown,unknown,EVD1137,The documented version contains only the named single condition for this label view.,high
R1S1155,SCH0428,P48305,DS-YOURTHINGS-2019,temporal,not_documented,,45,,yes,unknown,unknown,unknown,EVD1136,"The 11-day interval is public as daily archives, but per-device common day-pair coverage has not been verified.",medium
R1S1156,SCH0429,P48305,DS-MONIOT-2019,client,documented_no_support,,21,,yes,unknown,unknown,unknown,EVD2232,Device make/model is the target; regional specimens are replication.,high
R1S1157,SCH0429,P48305,DS-MONIOT-2019,network,supported,US laboratory vs UK laboratory,21,21,yes,yes,yes,yes,EVD0902,All 21 retained classes occur in both lab captures; inference is limited to the US-lab/UK-lab composite.,high
R1S1158,SCH0429,P48305,DS-MONIOT-2019,temporal,not_documented,,21,,yes,unknown,unknown,unknown,EVD0904,Both site captures are only dated early 2019; no independently separated temporal pair is established.,medium
R1S1159,SCH0430,P48305,DS-P48305-IOT-GENERALIZABILITY-OWN-NC-2020,client,documented_no_support,,4,,yes,unknown,unknown,unknown,EVD1089,Device identity is the target label; orthogonal OS/firmware/client-stack variation is not reported.,high
R1S1160,SCH0430,P48305,DS-P48305-IOT-GENERALIZABILITY-OWN-NC-2020,network,documented_no_support,,4,0,yes,unknown,unknown,unknown,EVD1090,The documented version contains only the named single condition for this label view.,high
R1S1161,SCH0430,P48305,DS-P48305-IOT-GENERALIZABILITY-OWN-NC-2020,temporal,not_documented,,4,,yes,unknown,unknown,unknown,EVD1089,"An 11-day interval is reported, but per-device coverage across separable dates is not documented.",medium
R1S1162,SCH0431,P48305,DS-P48305-IOT-GENERALIZABILITY-OWN-NC-2020,client,documented_no_support,,5,,yes,unknown,unknown,unknown,EVD1089,Device identity is the target label; orthogonal OS/firmware/client-stack variation is not reported.,high
R1S1163,SCH0431,P48305,DS-P48305-IOT-GENERALIZABILITY-OWN-NC-2020,network,documented_no_support,,5,0,yes,unknown,unknown,unknown,EVD1090,The documented version contains only the named single condition for this label view.,high
R1S1164,SCH0431,P48305,DS-P48305-IOT-GENERALIZABILITY-OWN-NC-2020,temporal,not_documented,,5,,yes,unknown,unknown,unknown,EVD1089,"An 11-day interval is reported, but per-device coverage across separable dates is not documented.",medium
R1S1165,SCH0432,P48305,DS-P48305-IOT-GENERALIZABILITY-OWN-NC-2020,client,documented_no_support,,7,,yes,unknown,unknown,unknown,EVD1089,Device identity is the target label; orthogonal OS/firmware/client-stack variation is not reported.,high
R1S1166,SCH0432,P48305,DS-P48305-IOT-GENERALIZABILITY-OWN-NC-2020,network,documented_no_support,,7,0,yes,unknown,unknown,unknown,EVD1090,The documented version contains only the named single condition for this label view.,high
R1S1167,SCH0432,P48305,DS-P48305-IOT-GENERALIZABILITY-OWN-NC-2020,temporal,not_documented,,7,,yes,unknown,unknown,unknown,EVD1089,"An 11-day interval is reported, but per-device coverage across separable dates is not documented.",medium
R1S1168,SCH0433,P48305,DS-YOURTHINGS-2019,client,documented_no_support,,13,,yes,unknown,unknown,unknown,EVD1136,Device identity is the target class; orthogonal firmware/OS variation is not documented.,high
R1S1169,SCH0433,P48305,DS-YOURTHINGS-2019,network,documented_no_support,,13,0,yes,unknown,unknown,unknown,EVD1137,The documented version contains only the named single condition for this label view.,high
R1S1170,SCH0433,P48305,DS-YOURTHINGS-2019,temporal,not_documented,,13,,yes,unknown,unknown,unknown,EVD1136,"The 11-day interval is public as daily archives, but per-device common day-pair coverage has not been verified.",medium
R1S1171,SCH0434,P48305,DS-P48305-HOMESNITCH-FLORIDA-2020,client,documented_no_support,,15,,yes,unknown,unknown,unknown,EVD1087,"Device make/model is the target class. Multiple instances of a model are replication, not an orthogonal client-platform contrast; OS/firmware variation is unreported.",high
R1S1172,SCH0434,P48305,DS-P48305-HOMESNITCH-FLORIDA-2020,network,documented_no_support,,15,0,yes,unknown,unknown,unknown,EVD1088,The documented version contains only the named single condition for this label view.,high
R1S1173,SCH0434,P48305,DS-P48305-HOMESNITCH-FLORIDA-2020,temporal,not_documented,,15,,yes,unknown,unknown,unknown,EVD1087,"A 12-day continuous interval is reported, but per-device coverage across separable dates is not documented.",medium
R1S1174,SCH0435,P48305,DS-YOURTHINGS-2019,client,documented_no_support,,5,,yes,unknown,unknown,unknown,EVD1136,Device identity is the target class; orthogonal firmware/OS variation is not documented.,high
R1S1175,SCH0435,P48305,DS-YOURTHINGS-2019,network,documented_no_support,,5,0,yes,unknown,unknown,unknown,EVD1137,The documented version contains only the named single condition for this label view.,high
R1S1176,SCH0435,P48305,DS-YOURTHINGS-2019,temporal,not_documented,,5,,yes,unknown,unknown,unknown,EVD1136,"The 11-day interval is public as daily archives, but per-device common day-pair coverage has not been verified.",medium
R1S1177,SCH0436,P48305,DS-MONIOT-2019,client,documented_no_support,,13,,yes,unknown,unknown,unknown,EVD2243 | EVD2258 | EVD2259 | EVD2260,Device make/model is the target; regional specimens are replication.,high
R1S1178,SCH0436,P48305,DS-MONIOT-2019,network,not_documented,US laboratory vs UK laboratory,13,21,yes,unknown,unknown,unknown,EVD0902,All 21 retained classes occur in both lab captures; inference is limited to the US-lab/UK-lab composite.,high
R1S1179,SCH0436,P48305,DS-MONIOT-2019,temporal,not_documented,,13,,yes,unknown,unknown,unknown,EVD0904,Both site captures are only dated early 2019; no independently separated temporal pair is established.,medium
R1S1180,SCH0437,P48305,DS-P48305-HOMESNITCH-FLORIDA-2020,client,documented_no_support,,5,,yes,unknown,unknown,unknown,EVD1087,"Device make/model is the target class. Multiple instances of a model are replication, not an orthogonal client-platform contrast; OS/firmware variation is unreported.",high
R1S1181,SCH0437,P48305,DS-P48305-HOMESNITCH-FLORIDA-2020,network,documented_no_support,,5,0,yes,unknown,unknown,unknown,EVD1088,The documented version contains only the named single condition for this label view.,high
R1S1182,SCH0437,P48305,DS-P48305-HOMESNITCH-FLORIDA-2020,temporal,not_documented,,5,,yes,unknown,unknown,unknown,EVD1087,"A 12-day continuous interval is reported, but per-device coverage across separable dates is not documented.",medium
R1S1183,SCH0438,P48305,DS-P48305-IOT-GENERALIZABILITY-OWN-NC-2020,client,documented_no_support,,4,,yes,unknown,unknown,unknown,EVD1089,Device identity is the target label; orthogonal OS/firmware/client-stack variation is not reported.,high
R1S1184,SCH0438,P48305,DS-P48305-IOT-GENERALIZABILITY-OWN-NC-2020,network,documented_no_support,,4,0,yes,unknown,unknown,unknown,EVD1090,The documented version contains only the named single condition for this label view.,high
R1S1185,SCH0438,P48305,DS-P48305-IOT-GENERALIZABILITY-OWN-NC-2020,temporal,not_documented,,4,,yes,unknown,unknown,unknown,EVD1089,"An 11-day interval is reported, but per-device coverage across separable dates is not documented.",medium
R1S1186,SCH0439,P48305,DS-PINGPONG-IOT,client,documented_no_support,,17,,yes,unknown,unknown,unknown,EVD1100,Device type is the target class; orthogonal OS/firmware variation is not documented.,high
R1S1187,SCH0439,P48305,DS-PINGPONG-IOT,network,documented_no_support,,17,0,yes,unknown,unknown,unknown,EVD1101,The documented version contains only the named single condition for this label view.,high
R1S1188,SCH0439,P48305,DS-PINGPONG-IOT,temporal,not_documented,,17,,yes,unknown,unknown,unknown,EVD1100,"The campaign spans 51 days, but reporting does not establish that every device class appears in a common pair of dates.",medium
R1S1189,SCH0440,P48305,DS-P48305-HOMESNITCH-FLORIDA-2020,client,documented_no_support,,5,,yes,unknown,unknown,unknown,EVD1087,"Device make/model is the target class. Multiple instances of a model are replication, not an orthogonal client-platform contrast; OS/firmware variation is unreported.",high
R1S1190,SCH0440,P48305,DS-P48305-HOMESNITCH-FLORIDA-2020,network,documented_no_support,,5,0,yes,unknown,unknown,unknown,EVD1088,The documented version contains only the named single condition for this label view.,high
R1S1191,SCH0440,P48305,DS-P48305-HOMESNITCH-FLORIDA-2020,temporal,not_documented,,5,,yes,unknown,unknown,unknown,EVD1087,"A 12-day continuous interval is reported, but per-device coverage across separable dates is not documented.",medium
R1S1192,SCH0441,P48305,DS-YOURTHINGS-2019,client,documented_no_support,,4,,yes,unknown,unknown,unknown,EVD1136,Device identity is the target class; orthogonal firmware/OS variation is not documented.,high
R1S1193,SCH0441,P48305,DS-YOURTHINGS-2019,network,documented_no_support,,4,0,yes,unknown,unknown,unknown,EVD1137,The documented version contains only the named single condition for this label view.,high
R1S1194,SCH0441,P48305,DS-YOURTHINGS-2019,temporal,not_documented,,4,,yes,unknown,unknown,unknown,EVD1136,"The 11-day interval is public as daily archives, but per-device common day-pair coverage has not been verified.",medium
R1S1195,SCH0442,P48305,DS-P48305-HOMESNITCH-FLORIDA-2021-RECAPTURE,client,documented_no_support,,15,,yes,unknown,unknown,unknown,EVD0892,Device make/model is the target class; no orthogonal within-class client-stack contrast is documented for the 2021 recapture.,high
R1S1196,SCH0442,P48305,DS-P48305-HOMESNITCH-FLORIDA-2021-RECAPTURE,network,not_documented,,15,,yes,unknown,unknown,unknown,EVD0893,The paper identifies the source team but does not document two separable operational network conditions within the 2021 recapture for every class.,medium
R1S1197,SCH0442,P48305,DS-P48305-HOMESNITCH-FLORIDA-2021-RECAPTURE,temporal,not_documented,,15,,yes,unknown,unknown,unknown,EVD0893,"The recapture supplies one side of a valid cross-dataset 2020-to-2021 evaluation. Within this independently counted 2021 corpus, however, the paper does not document two separable time conditions for every class.",high
R1S1198,SCH0443,P48305,DS-P48305-HOMESNITCH-FLORIDA-2020,client,documented_no_support,,7,,yes,unknown,unknown,unknown,EVD1087,"Device make/model is the target class. Multiple instances of a model are replication, not an orthogonal client-platform contrast; OS/firmware variation is unreported.",high
R1S1199,SCH0443,P48305,DS-P48305-HOMESNITCH-FLORIDA-2020,network,documented_no_support,,7,0,yes,unknown,unknown,unknown,EVD1088,The documented version contains only the named single condition for this label view.,high
R1S1200,SCH0443,P48305,DS-P48305-HOMESNITCH-FLORIDA-2020,temporal,not_documented,,7,,yes,unknown,unknown,unknown,EVD1087,"A 12-day continuous interval is reported, but per-device coverage across separable dates is not documented.",medium
R1S1201,SCH0444,P48305,DS-P48305-HOMESNITCH-FLORIDA-2020,client,documented_no_support,,15,,yes,unknown,unknown,unknown,EVD1087,"Device make/model is the target class. Multiple instances of a model are replication, not an orthogonal client-platform contrast; OS/firmware variation is unreported.",high
R1S1202,SCH0444,P48305,DS-P48305-HOMESNITCH-FLORIDA-2020,network,documented_no_support,,15,0,yes,unknown,unknown,unknown,EVD1088,The documented version contains only the named single condition for this label view.,high
R1S1203,SCH0444,P48305,DS-P48305-HOMESNITCH-FLORIDA-2020,temporal,not_documented,,15,,yes,unknown,unknown,unknown,EVD1087,"A 12-day continuous interval is reported, but per-device coverage across separable dates is not documented.",medium
R1S1204,SCH0445,P48305,DS-MONIOT-2019,client,documented_no_support,,21,,yes,unknown,unknown,unknown,EVD2242,Device make/model is the target; regional specimens are replication.,high
R1S1205,SCH0445,P48305,DS-MONIOT-2019,network,supported,US laboratory vs UK laboratory,21,21,yes,yes,yes,yes,EVD0902,All 21 retained classes occur in both lab captures; inference is limited to the US-lab/UK-lab composite.,high
R1S1206,SCH0445,P48305,DS-MONIOT-2019,temporal,not_documented,,21,,yes,unknown,unknown,unknown,EVD0904,Both site captures are only dated early 2019; no independently separated temporal pair is established.,medium
R1S1207,SCH0446,P48443,DS-P48443-EXPLAINWF-SHADOW,client,documented_no_support,,98,0,yes,unknown,unknown,unknown,EVD1092,The documented version contains only the named single condition for this label view.,high
R1S1208,SCH0446,P48443,DS-P48443-EXPLAINWF-SHADOW,network,documented_no_support,,98,0,yes,yes,yes,unknown,EVD1094,The documented contrast changes only simulated network parameters and does not establish two qualifying physical network values.,high
R1S1209,SCH0446,P48443,DS-P48443-EXPLAINWF-SHADOW,temporal,documented_no_support,,98,0,yes,unknown,unknown,unknown,EVD1095,Simulation runs do not constitute fresh real-world temporal campaigns; no documented temporal-drift contrast exists.,high
R1S1210,SCH0447,P48443,DS-P48443-EXPLAINWF-LIVE-TOR,client,not_documented,,98,,yes,unknown,unknown,unknown,EVD1091,One named client tool is used; hardware/OS/version variation is not documented sufficiently to establish or exclude multiple stacks.,medium
R1S1211,SCH0447,P48443,DS-P48443-EXPLAINWF-LIVE-TOR,network,not_documented,,98,,yes,unknown,unknown,unknown,EVD1091,"Live Tor introduces path variability, but circuit identities and a common class-addressable path contrast are not available.",medium
R1S1212,SCH0447,P48443,DS-P48443-EXPLAINWF-LIVE-TOR,temporal,not_documented,,98,,yes,unknown,unknown,unknown,EVD1091,Collection dates and per-page temporal grouping are not reported.,medium
R1S1213,SCH0448,P48659,DS-P48659-LONGENOUGH,client,documented_no_support,,100,0,yes,unknown,unknown,unknown,EVD1096,"Parallel namespaces are replications of one client-stack configuration, not distinct platforms.",high
R1S1214,SCH0448,P48659,DS-P48659-LONGENOUGH,network,documented_no_support,,100,0,yes,yes,yes,unknown,EVD1098,The documented contrast changes only synthetic bandwidth settings and does not establish two qualifying physical network values.,high
R1S1215,SCH0448,P48659,DS-P48659-LONGENOUGH,temporal,not_documented,,100,,yes,unknown,unknown,unknown,EVD2271 | EVD2272 | EVD2273,Collection dates and repeated real-world campaigns are not reported.,low
R1S1216,SCH0449,P48723,DS-P48723-TEX-2022,client,supported,Chrome and Firefox or Brave,2,2,yes,yes,yes,yes,EVD1881,"Every browser subset contains both fixed labels, browser membership is recoverable, and each crawl uses separate parent traffic.",high
R1S1217,SCH0449,P48723,DS-P48723-TEX-2022,network,documented_no_support,single Frankfurt AWS region,2,0,yes,yes,yes,no,EVD1881,All 2022 crawls use AWS instances in one documented region.,high
R1S1218,SCH0449,P48723,DS-P48723-TEX-2022,temporal,documented_no_support,"August 12, 2022",2,0,yes,yes,yes,no,EVD1881,The coordinated corpus is collected on one documented day.,high
R1S1219,SCH0450,P48723,DS-P48723-TEX-2023,client,documented_no_support,Chrome only,2,0,yes,yes,yes,no,EVD1882,Only Chrome is collected in the 2023 corpus.,high
R1S1220,SCH0450,P48723,DS-P48723-TEX-2023,network,not_documented,,2,,yes,unknown,unknown,unknown,EVD1882,A second network condition is not documented for the 2023 crawl.,high
R1S1221,SCH0450,P48723,DS-P48723-TEX-2023,temporal,documented_no_support,single 2023 crawl,2,0,yes,yes,yes,no,EVD1882,The dataset represents one documented crawl campaign.,high
R1S1222,SCH0451,P48758,DS-WALSH-VIDEO-2024,client,not_documented,,60,,yes,unknown,unknown,unknown,EVD2275 | EVD2279,"Client hardware, OS, player/browser, and version mappings are not reported across video classes.",low
R1S1223,SCH0451,P48758,DS-WALSH-VIDEO-2024,network,supported,any two named AWS vantage points,60,60,yes,yes,yes,yes,EVD1132 | EVD1133,"All 60 monitored videos are represented at each of ten geographic cloud vantages; the contrast is composite across geography, cloud endpoint, and path.",high
R1S1224,SCH0451,P48758,DS-WALSH-VIDEO-2024,temporal,not_documented,,60,,yes,unknown,unknown,unknown,EVD2275 | EVD2279,Collection dates and repeated temporal campaigns are not reported in the evaluated paper.,low
R1S1225,SCH0452,P48758,DS-WALSH-VIDEO-2024,client,not_documented,,60,,yes,unknown,unknown,unknown,EVD2277,"Client hardware, OS, player/browser, and version mappings are not reported across video classes.",low
R1S1226,SCH0452,P48758,DS-WALSH-VIDEO-2024,network,supported,any two named AWS vantage points,60,60,yes,yes,yes,yes,EVD1132 | EVD1133,"All 60 monitored videos are represented at each of ten geographic cloud vantages; the contrast is composite across geography, cloud endpoint, and path.",high
R1S1227,SCH0452,P48758,DS-WALSH-VIDEO-2024,temporal,not_documented,,60,,yes,unknown,unknown,unknown,EVD2277,Collection dates and repeated temporal campaigns are not reported in the evaluated paper.,low
R1S1228,SCH0453,P16247,DS-P16247-DOHBRW-ALL-2024,client,documented_no_support,unchanged replay client | unchanged replay client,4,,yes,unknown,unknown,unknown,EVD2280 | EVD2281 | EVD2282 | EVD2283 | EVD2284 | EVD2285 | EVD2292 | EVD2293 | EVD2294 | EVD2295 | EVD2296 | EVD2297,"AdGuard, Cloudflare, Google, and Quad9 are remote resolver services, while the replay client configuration is unchanged. No qualifying client pair covers the scheme.",high
R1S1229,SCH0453,P16247,DS-P16247-DOHBRW-ALL-2024,network,documented_no_support,,4,,yes,unknown,unknown,unknown,EVD2285,"The reported cloud-path variation replays the same underlying captures, and resolver identity is not a qualifying network-environment distinction under the locked definition.",high
R1S1230,SCH0453,P16247,DS-P16247-DOHBRW-ALL-2024,temporal,not_documented,,4,,yes,unknown,unknown,unknown,EVD0950,No fresh temporal levels are reported for this replayed version.,high
R1S1231,SCH0454,P16247,DS-CIRA-CIC-DOHBRW-2020,client,documented_no_support,browser-generated benign DoH | tunnelling-tool malicious DoH,2,0,yes,unknown,unknown,unknown,EVD1156,Client software is confounded with the binary label.,high
R1S1232,SCH0454,P16247,DS-CIRA-CIC-DOHBRW-2020,network,not_documented,,2,,yes,unknown,unknown,unknown,EVD1169,"Seven replay settings are documented, but the strict fresh-capture criterion prevents treating them as natural operational network diversity.",high
R1S1233,SCH0454,P16247,DS-CIRA-CIC-DOHBRW-2020,temporal,supported,first collection day (T1) | remaining collection days (T2),2,2,yes,yes,yes,yes,EVD2416,Both benign and malicious labels occur in the first-day and later-day partitions documented for the same canonical corpus.,high
R1S1234,SCH0455,P16931,DS-P16931-WIKI19000,client,documented_no_support,,500,,yes,unknown,unknown,unknown,EVD0962,One hundred instances are same-config replication.,high
R1S1235,SCH0455,P16931,DS-P16931-WIKI19000,network,supported,any two EC2 regions,500,500,yes,yes,yes,yes,EVD0963,Twenty same-config instances per region visit every class.,high
R1S1236,SCH0455,P16931,DS-P16931-WIKI19000,temporal,not_documented,not established,500,,yes,unknown,unknown,unknown,EVD0965,"The roughly three-day campaign used shuffled crawler lists, but the paper does not recover every one of the 500 labels in the same two non-overlapping periods. A short single campaign is not itself negative evidence.",high
R1S1237,SCH0456,P16931,DS-P16931-WIKI19000,client,documented_no_support,,6000,,yes,unknown,unknown,unknown,EVD0962,One hundred instances are same-config replication.,high
R1S1238,SCH0456,P16931,DS-P16931-WIKI19000,network,supported,any two EC2 regions,6000,6000,yes,yes,yes,yes,EVD0963,Twenty same-config instances per region visit every class.,high
R1S1239,SCH0456,P16931,DS-P16931-WIKI19000,temporal,not_documented,not established,6000,,yes,unknown,unknown,unknown,EVD0965,"The roughly three-day campaign used shuffled crawler lists, but the paper does not recover every one of the 6000 labels in the same two non-overlapping periods. A short single campaign is not itself negative evidence.",high
R1S1240,SCH0457,P16931,DS-P16931-WIKI19000,client,documented_no_support,,13000,,yes,unknown,unknown,unknown,EVD0962,One hundred instances are same-config replication.,high
R1S1241,SCH0457,P16931,DS-P16931-WIKI19000,network,supported,any two EC2 regions,13000,13000,yes,yes,yes,yes,EVD0963,Twenty same-config instances per region visit every class.,high
R1S1242,SCH0457,P16931,DS-P16931-WIKI19000,temporal,documented_no_support,,13000,,yes,unknown,unknown,unknown,EVD0965,One short campaign provides no recollection.,high
R1S1243,SCH0458,P16931,DS-P16931-GITHUB500,client,documented_no_support,,500,,yes,unknown,unknown,unknown,EVD0958,One hundred instances are same-config replication.,high
R1S1244,SCH0458,P16931,DS-P16931-GITHUB500,network,supported,any two EC2 regions,500,500,yes,yes,yes,yes,EVD0959,Twenty same-config instances per region visit every class.,high
R1S1245,SCH0458,P16931,DS-P16931-GITHUB500,temporal,documented_no_support,,500,,yes,unknown,unknown,unknown,EVD0961,One short campaign provides no recollection.,high
R1S1246,SCH0460,P17290,DS-P17290-ODOH,client,documented_no_support,,100,,yes,unknown,unknown,unknown,EVD0973,Ten instances share one stack.,high
R1S1247,SCH0460,P17290,DS-P17290-ODOH,network,supported,any two sites,100,100,yes,yes,yes,yes,EVD0974,Every client visits every site; site/ISP/geography vary together.,high
R1S1248,SCH0460,P17290,DS-P17290-ODOH,temporal,supported,phase one vs phase two,100,100,yes,yes,yes,yes,EVD0976,"Same 100 sites are recollected after six weeks, below three months.",high
R1S1249,SCH0461,P17610,DS-P17610-CHLO,client,supported,laboratory OS and software-agent versions and home OS and software-agent versions,12,12,yes,yes,yes,yes,EVD2377,Each complete provider-specific platform scheme is represented in laboratory and home captures whose operating-system and software-agent versions differ.,high
R1S1250,SCH0461,P17610,DS-P17610-CHLO,network,supported,laboratory network and independent home network,12,12,yes,yes,yes,yes,EVD2377,Each complete provider-specific platform scheme is represented in the laboratory and independent home network captures.,high
R1S1251,SCH0461,P17610,DS-P17610-CHLO,temporal,not_documented,,12,,yes,unknown,unknown,unknown,EVD2346 | EVD2347 | EVD2348 | EVD2349 | EVD2350 | EVD2351 | EVD2371 | EVD2372 | EVD2373 | EVD2374 | EVD2375 | EVD2376 | EVD2377,The complete provider-specific class schemes are not mapped to two separately identifiable collection periods.,high
R1S1252,SCH0462,P17610,DS-P17610-CHLO,client,supported,laboratory OS and software-agent versions and home OS and software-agent versions,12,12,yes,yes,yes,yes,EVD2384,Each complete provider-specific platform scheme is represented in laboratory and home captures whose operating-system and software-agent versions differ.,high
R1S1253,SCH0462,P17610,DS-P17610-CHLO,network,supported,laboratory network and independent home network,12,12,yes,yes,yes,yes,EVD2384,Each complete provider-specific platform scheme is represented in the laboratory and independent home network captures.,high
R1S1254,SCH0462,P17610,DS-P17610-CHLO,temporal,not_documented,,12,,yes,unknown,unknown,unknown,EVD2352 | EVD2353 | EVD2354 | EVD2355 | EVD2356 | EVD2357 | EVD2378 | EVD2379 | EVD2380 | EVD2381 | EVD2382 | EVD2383 | EVD2384,The complete provider-specific class schemes are not mapped to two separately identifiable collection periods.,high
R1S1255,SCH0463,P17610,DS-P17610-CHLO,client,supported,laboratory OS and software-agent versions and home OS and software-agent versions,13,13,yes,yes,yes,yes,EVD2391,Each complete provider-specific platform scheme is represented in laboratory and home captures whose operating-system and software-agent versions differ.,high
R1S1256,SCH0463,P17610,DS-P17610-CHLO,network,supported,laboratory network and independent home network,13,13,yes,yes,yes,yes,EVD2391,Each complete provider-specific platform scheme is represented in the laboratory and independent home network captures.,high
R1S1257,SCH0463,P17610,DS-P17610-CHLO,temporal,not_documented,,13,,yes,unknown,unknown,unknown,EVD2358 | EVD2359 | EVD2360 | EVD2361 | EVD2362 | EVD2363 | EVD2385 | EVD2386 | EVD2387 | EVD2388 | EVD2389 | EVD2390 | EVD2391,The complete provider-specific class schemes are not mapped to two separately identifiable collection periods.,high
R1S1258,SCH0464,P17610,DS-P17610-CHLO,client,supported,laboratory OS and software-agent versions and home OS and software-agent versions,15,15,yes,yes,yes,yes,EVD2370,Each complete provider-specific platform scheme is represented in laboratory and home captures whose operating-system and software-agent versions differ.,high
R1S1259,SCH0464,P17610,DS-P17610-CHLO,network,supported,laboratory network and independent home network,15,15,yes,yes,yes,yes,EVD2370,Each complete provider-specific platform scheme is represented in the laboratory and independent home network captures.,high
R1S1260,SCH0464,P17610,DS-P17610-CHLO,temporal,not_documented,,15,,yes,unknown,unknown,unknown,EVD2340 | EVD2341 | EVD2342 | EVD2343 | EVD2344 | EVD2345 | EVD2364 | EVD2365 | EVD2366 | EVD2367 | EVD2368 | EVD2369 | EVD2370,The complete provider-specific class schemes are not mapped to two separately identifiable collection periods.,high
R1S1261,SCH0465,P17815,DS-P17815-ENCRYPTED-DNS,client,supported,desktop vs RPI,700,700,yes,yes,yes,yes,EVD0982,The same 700 sites span desktop and RPI; other client comparisons may also alter software/resolver.,high
R1S1262,SCH0465,P17815,DS-P17815-ENCRYPTED-DNS,network,supported,any two LOC1/LOC2/LOC3,700,700,yes,yes,yes,yes,EVD0983,"The common 700-site subset spans three locations, with contextual factors aliased.",high
R1S1263,SCH0465,P17815,DS-P17815-ENCRYPTED-DNS,temporal,supported,0 weeks old vs 8 weeks old,700,700,yes,yes,yes,yes,EVD1198,The common 700-site view can be partitioned into five class-overlapping two-week intervals and supports held-out temporal comparison up to an eight-week separation; it does not meet the prespecified three-month threshold.,high
R1S1264,SCH0466,P17815,DS-P17815-ENCRYPTED-DNS,client,not_documented,,1500,,yes,unknown,unknown,unknown,EVD2392 | EVD2393 | EVD2394 | EVD2395 | EVD2396 | EVD2397 | EVD2398 | EVD2399 | EVD2400 | EVD2401 | EVD2402 | EVD2403,The evaluated paper does not report a class-to-condition map for this paper-specific label view.,low
R1S1265,SCH0466,P17815,DS-P17815-ENCRYPTED-DNS,network,not_documented,,1500,,yes,unknown,unknown,unknown,EVD2392 | EVD2393 | EVD2394 | EVD2395 | EVD2396 | EVD2397 | EVD2398 | EVD2399 | EVD2400 | EVD2401 | EVD2402 | EVD2403,The evaluated paper does not report a class-to-condition map for this paper-specific label view.,low
R1S1266,SCH0466,P17815,DS-P17815-ENCRYPTED-DNS,temporal,supported,0 weeks old vs 8 weeks old,1500,1500,yes,yes,yes,yes,EVD1190 | EVD1191,"The full 1,500-site LOC1 task is partitioned into five class-overlapping two-week intervals and supports held-out temporal comparison up to an eight-week separation; it does not meet the prespecified three-month threshold.",high
R1S1267,SCH0468,P18222,DS-CIRA-CIC-DOHBRW-2020,client,documented_no_support,browser-generated benign DoH | tunnelling-tool malicious DoH,2,0,yes,unknown,unknown,unknown,EVD1156,Client software is confounded with the binary label.,high
R1S1268,SCH0468,P18222,DS-CIRA-CIC-DOHBRW-2020,network,not_documented,,2,,yes,unknown,unknown,unknown,EVD1169,"Seven replay settings are documented, but the strict fresh-capture criterion prevents treating them as natural operational network diversity.",high
R1S1269,SCH0468,P18222,DS-CIRA-CIC-DOHBRW-2020,temporal,supported,first collection day (T1) | remaining collection days (T2),2,2,yes,yes,yes,yes,EVD2416,Both benign and malicious labels occur in the first-day and later-day partitions.,high
R1S1270,SCH0469,P18222,DS-CSE-CIC-IDS-2018,client,not_documented,,2,,yes,unknown,unknown,unknown,EVD2417 | EVD2418 | EVD2419 | EVD2420 | EVD2421 | EVD2422 | EVD2423 | EVD2424 | EVD2425 | EVD2426 | EVD2427 | EVD2428 | EVD2429 | EVD2430,The documentation does not establish support or non-support for the complete scheme.,medium
R1S1271,SCH0469,P18222,DS-CSE-CIC-IDS-2018,network,not_documented,,2,,yes,unknown,unknown,unknown,EVD2417 | EVD2418 | EVD2419 | EVD2420 | EVD2421 | EVD2422 | EVD2423 | EVD2424 | EVD2425 | EVD2426 | EVD2427 | EVD2428 | EVD2429 | EVD2430,The documentation does not establish support or non-support for the complete scheme.,medium
R1S1272,SCH0469,P18222,DS-CSE-CIC-IDS-2018,temporal,not_documented,,2,,yes,unknown,unknown,unknown,EVD2417 | EVD2418 | EVD2419 | EVD2420 | EVD2421 | EVD2422 | EVD2423 | EVD2424 | EVD2425 | EVD2426 | EVD2427 | EVD2428 | EVD2429 | EVD2430,The documentation does not establish support or non-support for the complete scheme.,medium
R1S1273,SCH0470,P38868,DS-P38868-CATO-CAMPUS-APP-TRAFFIC,client,not_documented,,7,,yes,unknown,unknown,unknown,EVD2431 | EVD2432 | EVD2433 | EVD2434 | EVD2435 | EVD2436,Class-to-condition evidence is insufficient for a feasibility conclusion.,low
R1S1274,SCH0470,P38868,DS-P38868-CATO-CAMPUS-APP-TRAFFIC,network,documented_no_support,,7,,yes,unknown,unknown,unknown,EVD0991,All labels come from one campus network.,high
R1S1275,SCH0470,P38868,DS-P38868-CATO-CAMPUS-APP-TRAFFIC,temporal,documented_no_support,,7,,yes,unknown,unknown,unknown,EVD0993,One short collection provides no recollection.,high
R1S1276,SCH0471,P39015,DS-P39015-ENCMAL2021,client,not_documented,,2,,yes,unknown,unknown,unknown,EVD2449 | EVD2450 | EVD2451 | EVD2452 | EVD2453 | EVD2454,The binary label view lacks a complete class-to-client mapping.,high
R1S1277,SCH0471,P39015,DS-P39015-ENCMAL2021,network,documented_no_support,campus capture | sandbox capture,2,1,yes,unknown,unknown,unknown,EVD1194,Only the benign label occurs in both documented settings.,high
R1S1278,SCH0471,P39015,DS-P39015-ENCMAL2021,temporal,not_documented,,2,,yes,unknown,unknown,unknown,EVD2449 | EVD2450 | EVD2451 | EVD2452 | EVD2453 | EVD2454,The binary label view lacks a complete class-to-time mapping.,high
R1S1279,SCH0472,P39015,DS-CIC-INVES-ANDMAL-2019,client,not_documented,,2,,yes,unknown,unknown,unknown,EVD2455 | EVD2456 | EVD2457 | EVD2458 | EVD2459 | EVD2460,The binary label view lacks a complete class-to-client mapping.,high
R1S1280,SCH0472,P39015,DS-CIC-INVES-ANDMAL-2019,network,not_documented,,2,,yes,unknown,unknown,unknown,EVD2455 | EVD2456 | EVD2457 | EVD2458 | EVD2459 | EVD2460,The binary label view lacks a complete class-to-network mapping.,high
R1S1281,SCH0472,P39015,DS-CIC-INVES-ANDMAL-2019,temporal,not_documented,,2,,yes,unknown,unknown,unknown,EVD2455 | EVD2456 | EVD2457 | EVD2458 | EVD2459 | EVD2460,The binary label view lacks a complete class-to-time mapping.,high
R1S1282,SCH0473,P39015,DS-CIC-INVES-ANDMAL-2019,client,not_documented,,42,,yes,unknown,unknown,unknown,EVD2443 | EVD2444 | EVD2445 | EVD2446 | EVD2447 | EVD2448,Class-to-condition mapping was not reported clearly enough to establish coverage.,low
R1S1283,SCH0473,P39015,DS-CIC-INVES-ANDMAL-2019,network,not_documented,,42,,yes,unknown,unknown,unknown,EVD2443 | EVD2444 | EVD2445 | EVD2446 | EVD2447 | EVD2448,Class-to-condition mapping was not reported clearly enough to establish coverage.,low
R1S1284,SCH0473,P39015,DS-CIC-INVES-ANDMAL-2019,temporal,not_documented,,42,,yes,unknown,unknown,unknown,EVD2443 | EVD2444 | EVD2445 | EVD2446 | EVD2447 | EVD2448,Class-to-condition mapping was not reported clearly enough to establish coverage.,low
R1S1285,SCH0474,P39015,DS-P39015-ENCMAL2021,client,not_documented,,20,,yes,unknown,unknown,unknown,EVD1001,"Windows 7/10 aggregate coverage is reported, but family-to-OS allocation is not.",medium
R1S1286,SCH0474,P39015,DS-P39015-ENCMAL2021,network,not_documented,,20,,yes,unknown,unknown,unknown,EVD1002,No condition-addressable network contrast is documented for the malware-family samples.,medium
R1S1287,SCH0474,P39015,DS-P39015-ENCMAL2021,temporal,not_documented,,20,,yes,unknown,unknown,unknown,EVD1000,The family-level temporal feasibility is unknown; the multi-month campus benign component does not establish repeated captures for each malware family.,medium
R1S1288,SCH0476,P39111,DS-MALWARE-TRAFFIC-ANALYSIS-NET,client,not_documented,,2,,yes,unknown,unknown,unknown,EVD2461 | EVD2462 | EVD2463 | EVD2464 | EVD2465 | EVD2466 | EVD2467 | EVD2468 | EVD2469 | EVD2470 | EVD2471 | EVD2472,A complete class-to-client mapping is not reported.,high
R1S1289,SCH0476,P39111,DS-MALWARE-TRAFFIC-ANALYSIS-NET,network,not_documented,,2,,yes,unknown,unknown,unknown,EVD2461 | EVD2462 | EVD2463 | EVD2464 | EVD2465 | EVD2466 | EVD2467 | EVD2468 | EVD2469 | EVD2470 | EVD2471 | EVD2472,A complete class-to-network mapping is not reported.,high
R1S1290,SCH0476,P39111,DS-MALWARE-TRAFFIC-ANALYSIS-NET,temporal,not_documented,,2,,yes,unknown,unknown,unknown,EVD2461 | EVD2462 | EVD2463 | EVD2464 | EVD2465 | EVD2466 | EVD2467 | EVD2468 | EVD2469 | EVD2470 | EVD2471 | EVD2472,"Capture years span 2013 to 2020, but the paper does not establish the complete benign and C2 scheme under the same pair of periods.",high
R1S1291,SCH0479,P39132,DS-P39132-PROTOCOL-WF,client,documented_no_support,,2326,0,yes,yes,yes,unknown,EVD1006,"The documented contrast changes HTTP cache state within the same Chrome, Linux, and Docker browsing environment rather than the client configuration.",high
R1S1292,SCH0479,P39132,DS-P39132-PROTOCOL-WF,network,not_documented,,2326,,yes,unknown,unknown,unknown,EVD2485 | EVD2486 | EVD2487 | EVD2488 | EVD2489 | EVD2490 | EVD2509 | EVD2510 | EVD2511 | EVD2512 | EVD2513 | EVD2514 | EVD2515 | EVD2516 | EVD2517 | EVD2518 | EVD2519 | EVD2520,"The collection setup does not document class-addressable site, provider, or access-network levels.",low
R1S1293,SCH0479,P39132,DS-P39132-PROTOCOL-WF,temporal,not_documented,,2326,,yes,unknown,unknown,unknown,EVD2485 | EVD2486 | EVD2487 | EVD2488 | EVD2489 | EVD2490 | EVD2509 | EVD2510 | EVD2511 | EVD2512 | EVD2513 | EVD2514 | EVD2515 | EVD2516 | EVD2517 | EVD2518 | EVD2519 | EVD2520,Collection dates and class-to-time allocation are not reported.,low
R1S1294,SCH0480,P39132,DS-P39132-PROTOCOL-WF,client,documented_no_support,,6472,0,yes,yes,yes,unknown,EVD1005,"The documented contrast changes a custom User Agent within the same Chrome, Linux, and Docker browsing environment rather than the client configuration.",high
R1S1295,SCH0480,P39132,DS-P39132-PROTOCOL-WF,network,not_documented,,6472,,yes,unknown,unknown,unknown,EVD2473 | EVD2474 | EVD2475 | EVD2476 | EVD2477 | EVD2478 | EVD2497 | EVD2498 | EVD2499 | EVD2500 | EVD2501 | EVD2502 | EVD2503 | EVD2504 | EVD2505 | EVD2506 | EVD2507 | EVD2508,"The collection setup does not document class-addressable site, provider, or access-network levels.",low
R1S1296,SCH0480,P39132,DS-P39132-PROTOCOL-WF,temporal,not_documented,,6472,,yes,unknown,unknown,unknown,EVD2473 | EVD2474 | EVD2475 | EVD2476 | EVD2477 | EVD2478 | EVD2497 | EVD2498 | EVD2499 | EVD2500 | EVD2501 | EVD2502 | EVD2503 | EVD2504 | EVD2505 | EVD2506 | EVD2507 | EVD2508,Collection dates and class-to-time allocation are not reported.,low
R1S1297,SCH0481,P39132,DS-P39132-PROTOCOL-WF,client,documented_no_support,,1592,0,yes,unknown,unknown,unknown,EVD1057,Only one documented client software stack is available for this label view.,medium
R1S1298,SCH0481,P39132,DS-P39132-PROTOCOL-WF,network,not_documented,,1592,,yes,unknown,unknown,unknown,EVD2491 | EVD2492 | EVD2493 | EVD2494 | EVD2495 | EVD2496,"The collection setup does not document class-addressable site, provider, or access-network levels.",low
R1S1299,SCH0481,P39132,DS-P39132-PROTOCOL-WF,temporal,not_documented,,1592,,yes,unknown,unknown,unknown,EVD2491 | EVD2492 | EVD2493 | EVD2494 | EVD2495 | EVD2496,Collection dates and class-to-time allocation are not reported.,low
R1S1300,SCH0482,P39132,DS-P39132-PROTOCOL-WF,client,documented_no_support,,1455,0,yes,unknown,unknown,unknown,EVD1056,Only one documented client software stack is available for this label view.,medium
R1S1301,SCH0482,P39132,DS-P39132-PROTOCOL-WF,network,not_documented,,1455,,yes,unknown,unknown,unknown,EVD2479 | EVD2480 | EVD2481 | EVD2482 | EVD2483 | EVD2484,"The collection setup does not document class-addressable site, provider, or access-network levels.",low
R1S1302,SCH0482,P39132,DS-P39132-PROTOCOL-WF,temporal,not_documented,,1455,,yes,unknown,unknown,unknown,EVD2479 | EVD2480 | EVD2481 | EVD2482 | EVD2483 | EVD2484,Collection dates and class-to-time allocation are not reported.,low
R1S1303,SCH0483,P39497,DS-P39497-GGFAST-TRACE-C,client,not_documented,,2,,yes,unknown,unknown,unknown,EVD1009,"Client hardware, OS, and software class mappings are not reported.",low
R1S1304,SCH0483,P39497,DS-P39497-GGFAST-TRACE-C,network,documented_no_support,,2,0,yes,unknown,unknown,unknown,EVD1009,Only one capture site/access-network setting is documented within this independently counted trace.,medium
R1S1305,SCH0483,P39497,DS-P39497-GGFAST-TRACE-C,temporal,not_documented,not established,2,,yes,unknown,unknown,unknown,EVD1009,The source establishes a two-month timestamped capture but does not map both DoH and non-DoH labels to the same two periods. Missing class-by-period evidence is not affirmative non-support.,high
R1S1306,SCH0484,P39804,DS-CSTNET-TLS13-2021,client,not_documented,,120,,yes,unknown,unknown,unknown,EVD2527 | EVD2528 | EVD2529 | EVD2530 | EVD2531 | EVD2532 | EVD2533 | EVD2534 | EVD2535 | EVD2536 | EVD2537 | EVD2538 | EVD2539 | EVD2540 | EVD2541 | EVD2542 | EVD2543 | EVD2544,Class-to-condition mapping was not reported clearly enough to establish coverage.,low
R1S1307,SCH0484,P39804,DS-CSTNET-TLS13-2021,network,documented_no_support,,120,0,yes,unknown,unknown,unknown,EVD0873,"No second site, access technology, or provider is documented for the 120 classes.",high
R1S1308,SCH0484,P39804,DS-CSTNET-TLS13-2021,temporal,not_documented,,120,,yes,unknown,unknown,unknown,EVD0873,"The aggregate collection interval may exceed three months, but the paper does not map every class to repeated dates.",medium
R1S1309,SCH0485,P41766,DS-CSTNET-TLS13-2021,client,not_documented,,120,,yes,unknown,unknown,unknown,EVD2545 | EVD2546 | EVD2547 | EVD2548 | EVD2549 | EVD2550,Class-to-condition mapping was not reported clearly enough to establish coverage.,low
R1S1310,SCH0485,P41766,DS-CSTNET-TLS13-2021,network,documented_no_support,,120,0,yes,unknown,unknown,unknown,EVD0873,"No second site, access technology, or provider is documented for the 120 classes.",high
R1S1311,SCH0485,P41766,DS-CSTNET-TLS13-2021,temporal,not_documented,,120,,yes,unknown,unknown,unknown,EVD0873,"The aggregate collection interval may exceed three months, but the paper does not map every class to repeated dates.",medium
R1S1312,SCH0486,P42690,DS-P42690-INPUT-AGNOSTIC-KWS-2021,client,documented_no_support,,50,0,yes,unknown,unknown,unknown,EVD1040,Only one client software/execution stack is documented.,high
R1S1313,SCH0486,P42690,DS-P42690-INPUT-AGNOSTIC-KWS-2021,network,not_documented,,50,,yes,unknown,unknown,unknown,EVD2551 | EVD2552 | EVD2553 | EVD2554 | EVD2555 | EVD2556,"The access network, upstream provider, and route are not reported for the Android-simulator collection.",low
R1S1314,SCH0486,P42690,DS-P42690-INPUT-AGNOSTIC-KWS-2021,temporal,documented_no_support,,50,0,yes,unknown,unknown,unknown,EVD1040,The corpus is one short collection campaign and cannot satisfy any of the 3/6/12-month temporal thresholds.,high
R1S1315,SCH0487,P43001,DS-CIRA-CIC-DOHBRW-2020,client,documented_no_support,browser-generated benign DoH | tunnelling-tool malicious DoH,2,0,yes,unknown,unknown,unknown,EVD1156,Client software is confounded with the binary label.,high
R1S1316,SCH0487,P43001,DS-CIRA-CIC-DOHBRW-2020,network,not_documented,,2,,yes,unknown,unknown,unknown,EVD1169,"Seven replay settings are documented, but the strict fresh-capture criterion prevents treating them as natural operational network diversity.",high
R1S1317,SCH0487,P43001,DS-CIRA-CIC-DOHBRW-2020,temporal,supported,first collection day (T1) | remaining collection days (T2),2,2,yes,yes,yes,yes,EVD2416,Both benign and malicious labels occur in the first-day and later-day partitions documented for the same canonical corpus.,high
R1S1318,SCH0488,P43001,DS-P43001-ROSETTA-APPLICATION,client,not_documented,,6,,yes,unknown,unknown,unknown,EVD1042,"The hardware, OS, and application-stack identities behind τ1-τ6 are not reported, so an orthogonal client-stack contrast cannot be established.",medium
R1S1319,SCH0488,P43001,DS-P43001-ROSETTA-APPLICATION,network,supported,China wired vs Korea wired (or any τ pair),6,6,yes,yes,yes,yes,EVD1043,"Every class is captured in all six fresh environments and public files retain τ membership; geography, path, and access technology are partly aliased.",high
R1S1320,SCH0488,P43001,DS-P43001-ROSETTA-APPLICATION,temporal,not_documented,,6,,yes,unknown,unknown,unknown,EVD1042,The application collection duration and dates are not reported.,low
R1S1321,SCH0489,P43001,DS-P43001-ROSETTA-WEBSITE,client,not_documented,,12,,yes,unknown,unknown,unknown,EVD1044,"The hardware, OS, and browser-stack identities behind τ1-τ6 are not reported, so an orthogonal client-stack contrast cannot be established.",medium
R1S1322,SCH0489,P43001,DS-P43001-ROSETTA-WEBSITE,network,supported,China wired vs Korea wired (or any τ pair),12,12,yes,yes,yes,yes,EVD1045,"Every class is captured in all six fresh environments and public files retain τ membership; geography, path, and access technology are partly aliased.",high
R1S1323,SCH0489,P43001,DS-P43001-ROSETTA-WEBSITE,temporal,documented_no_support,,12,0,yes,unknown,unknown,unknown,EVD1046,The website corpus is one short campaign and does not meet the 3/6/12-month thresholds.,high
R1S1324,SCH0490,P44828,DS-P44828-INTRADOMAIN-WPF,client,not_documented,,1000,,yes,unknown,unknown,unknown,EVD2575 | EVD2576 | EVD2577 | EVD2578 | EVD2579 | EVD2580,"Client hardware, OS, and browser/application configurations are not mapped to page classes.",low
R1S1325,SCH0490,P44828,DS-P44828-INTRADOMAIN-WPF,network,not_documented,,1000,,yes,unknown,unknown,unknown,EVD1068,"The corpus has two named campuses, but class overlap between their unequal page sets is not demonstrated.",medium
R1S1326,SCH0490,P44828,DS-P44828-INTRADOMAIN-WPF,temporal,not_documented,,1000,,yes,unknown,unknown,unknown,EVD1067,"A two-week D1 campaign is documented, but dates and class-to-period mappings across D1-D5 are insufficient.",medium
R1S1327,SCH0491,P44828,DS-P44828-INTRADOMAIN-WPF,client,not_documented,,300,,yes,unknown,unknown,unknown,EVD2581 | EVD2582 | EVD2583 | EVD2584 | EVD2585 | EVD2586,"Client hardware, OS, and browser/application configurations are not mapped to page classes.",low
R1S1328,SCH0491,P44828,DS-P44828-INTRADOMAIN-WPF,network,not_documented,,300,,yes,unknown,unknown,unknown,EVD1068,"The corpus has two named campuses, but class overlap between their unequal page sets is not demonstrated.",medium
R1S1329,SCH0491,P44828,DS-P44828-INTRADOMAIN-WPF,temporal,not_documented,,300,,yes,unknown,unknown,unknown,EVD1067,"A two-week D1 campaign is documented, but dates and class-to-period mappings across D1-D5 are insufficient.",medium
R1S1330,SCH0492,P44828,DS-P44828-INTRADOMAIN-WPF,client,not_documented,,301,,yes,unknown,unknown,unknown,EVD2587 | EVD2588 | EVD2589 | EVD2590 | EVD2591 | EVD2592,"Client hardware, OS, and browser/application configurations are not mapped to page classes.",low
R1S1331,SCH0492,P44828,DS-P44828-INTRADOMAIN-WPF,network,not_documented,,301,,yes,unknown,unknown,unknown,EVD1068,"The corpus has two named campuses, but class overlap between their unequal page sets is not demonstrated.",medium
R1S1332,SCH0492,P44828,DS-P44828-INTRADOMAIN-WPF,temporal,not_documented,,301,,yes,unknown,unknown,unknown,EVD1067,"A two-week D1 campaign is documented, but dates and class-to-period mappings across D1-D5 are insufficient.",medium
R1S1333,SCH0493,P45261,DS-CSTNET-TLS13-2021,client,not_documented,,120,,yes,unknown,unknown,unknown,EVD2593 | EVD2594 | EVD2595 | EVD2596 | EVD2597 | EVD2598,Class-to-condition mapping was not reported clearly enough to establish coverage.,low
R1S1334,SCH0493,P45261,DS-CSTNET-TLS13-2021,network,documented_no_support,,120,0,yes,unknown,unknown,unknown,EVD0873,"No second site, access technology, or provider is documented for the 120 classes.",high
R1S1335,SCH0493,P45261,DS-CSTNET-TLS13-2021,temporal,not_documented,,120,,yes,unknown,unknown,unknown,EVD0873,"The aggregate collection interval may exceed three months, but the paper does not map every class to repeated dates.",medium
R1S1336,SCH0494,P48758,DS-WALSH-VIDEO-2024,client,not_documented,,60,,yes,unknown,unknown,unknown,EVD2605 | EVD2606 | EVD2607 | EVD2608 | EVD2609 | EVD2610,"Client hardware, OS, player/browser, and version mappings are not reported across video classes.",low
R1S1337,SCH0494,P48758,DS-WALSH-VIDEO-2024,network,supported,any two named AWS vantage points,60,60,yes,yes,yes,yes,EVD1132 | EVD1133,"All 60 monitored videos are represented at each of ten geographic cloud vantages; the contrast is composite across geography, cloud endpoint, and path.",high
R1S1338,SCH0494,P48758,DS-WALSH-VIDEO-2024,temporal,not_documented,,60,,yes,unknown,unknown,unknown,EVD2605 | EVD2606 | EVD2607 | EVD2608 | EVD2609 | EVD2610,Collection dates and repeated temporal campaigns are not reported in the evaluated paper.,low
R1S1339,SCH0495,P48758,DS-WALSH-VIDEO-2024,client,not_documented,,61,,yes,unknown,unknown,unknown,EVD2599 | EVD2600 | EVD2601 | EVD2602 | EVD2603 | EVD2604 | EVD2611 | EVD2612 | EVD2613 | EVD2614 | EVD2615 | EVD2616,"Client hardware, OS, player/browser, and version mappings are not reported across video classes.",low
R1S1340,SCH0495,P48758,DS-WALSH-VIDEO-2024,network,documented_no_support,us-west-2 | any other named AWS vantage,61,60,yes,unknown,unknown,unknown,EVD1132 | EVD1133 | EVD2616,The 60 monitored labels span all vantages but the unmonitored output class occurs only at us-west-2.,high
R1S1341,SCH0495,P48758,DS-WALSH-VIDEO-2024,temporal,not_documented,,61,,yes,unknown,unknown,unknown,EVD2599 | EVD2600 | EVD2601 | EVD2602 | EVD2603 | EVD2604 | EVD2611 | EVD2612 | EVD2613 | EVD2614 | EVD2615 | EVD2616,Collection dates and repeated temporal campaigns are not reported in the evaluated paper.,low
