rq2_design_decision_id,design_id,paper_id,scheme_ids,dimension,outcome,condition_pair,complete_scheme_verified,condition_grouping_before_sample_split,parent_captures_disjoint,condition_status,evidence_ids,decision_basis,confidence
R2D0001,DES0001,P05927,SCH0001,client,documented_no_holdout,,yes,no,unknown,not_a_client_holdout,EVD1687,The reported design partitions pooled samples or label groups without using client membership to define training and testing.,high
R2D0002,DES0001,P05927,SCH0001,network,documented_no_holdout,,yes,no,unknown,not_a_network_holdout,EVD1687,The reported design partitions pooled samples or label groups without using network membership to define training and testing.,high
R2D0003,DES0001,P05927,SCH0001,temporal,documented_no_holdout,,yes,no,unknown,not_a_temporal_holdout,EVD1687,The reported design partitions pooled samples or label groups without using temporal membership to define training and testing.,high
R2D0004,DES0002,P11328,SCH0007,client,not_documented,,yes,unknown,unknown,unknown_not_reported,EVD1690,Training and test construction does not document whether client membership determines the partition.,medium
R2D0005,DES0002,P11328,SCH0007,network,not_documented,,yes,unknown,unknown,unknown_not_reported,EVD1690,Training and test construction does not document whether network membership determines the partition.,medium
R2D0006,DES0002,P11328,SCH0007,temporal,not_documented,,yes,unknown,unknown,unknown_not_reported,EVD1690,Training and test construction does not document whether temporal membership determines the partition.,medium
R2D0007,DES0003,P11328,SCH0008,client,not_documented,,yes,unknown,unknown,unknown_not_reported,EVD1690,Training and test construction does not document whether client membership determines the partition.,medium
R2D0008,DES0003,P11328,SCH0008,network,not_documented,,yes,unknown,unknown,unknown_not_reported,EVD1690,Training and test construction does not document whether network membership determines the partition.,medium
R2D0009,DES0003,P11328,SCH0008,temporal,not_documented,,yes,unknown,unknown,unknown_not_reported,EVD1690,Training and test construction does not document whether temporal membership determines the partition.,medium
R2D0010,DES0004,P11328,SCH0009,client,not_documented,,yes,unknown,unknown,unknown_not_reported,EVD1690,Training and test construction does not document whether client membership determines the partition.,medium
R2D0011,DES0004,P11328,SCH0009,network,not_documented,,yes,unknown,unknown,unknown_not_reported,EVD1690,Training and test construction does not document whether network membership determines the partition.,medium
R2D0012,DES0004,P11328,SCH0009,temporal,not_documented,,yes,unknown,unknown,unknown_not_reported,EVD1690,Training and test construction does not document whether temporal membership determines the partition.,medium
R2D0013,DES0005,P11328,SCH0010,client,not_documented,,yes,unknown,unknown,unknown_not_reported,EVD1690,Training and test construction does not document whether client membership determines the partition.,medium
R2D0014,DES0005,P11328,SCH0010,network,not_documented,,yes,unknown,unknown,unknown_not_reported,EVD1690,Training and test construction does not document whether network membership determines the partition.,medium
R2D0015,DES0005,P11328,SCH0010,temporal,not_documented,,yes,unknown,unknown,unknown_not_reported,EVD1690,Training and test construction does not document whether temporal membership determines the partition.,medium
R2D0016,DES0006,P12361,SCH0011,client,documented_no_holdout,,yes,no,unknown,not_a_client_holdout,EVD1694 | EVD1693,The reported design partitions pooled samples or label groups without using client membership to define training and testing.,high
R2D0017,DES0006,P12361,SCH0011,network,documented_no_holdout,,yes,no,unknown,not_a_network_holdout,EVD1694 | EVD1693,The reported design partitions pooled samples or label groups without using network membership to define training and testing.,high
R2D0018,DES0006,P12361,SCH0011,temporal,documented_no_holdout,,yes,no,unknown,not_a_temporal_holdout,EVD1694 | EVD1693,The reported design partitions pooled samples or label groups without using temporal membership to define training and testing.,high
R2D0019,DES0007,P12361,SCH0012,client,documented_no_holdout,,yes,no,unknown,not_a_client_holdout,EVD1694 | EVD1693,The reported design partitions pooled samples or label groups without using client membership to define training and testing.,high
R2D0020,DES0007,P12361,SCH0012,network,documented_no_holdout,,yes,no,unknown,not_a_network_holdout,EVD1694 | EVD1693,The reported design partitions pooled samples or label groups without using network membership to define training and testing.,high
R2D0021,DES0007,P12361,SCH0012,temporal,documented_no_holdout,,yes,no,unknown,not_a_temporal_holdout,EVD1694 | EVD1693,The reported design partitions pooled samples or label groups without using temporal membership to define training and testing.,high
R2D0022,DES0008,P12361,SCH0013,client,documented_no_holdout,,yes,no,unknown,not_a_client_holdout,EVD1694 | EVD1693,The reported design partitions pooled samples or label groups without using client membership to define training and testing.,high
R2D0023,DES0008,P12361,SCH0013,network,documented_no_holdout,,yes,no,unknown,not_a_network_holdout,EVD1694 | EVD1693,The reported design partitions pooled samples or label groups without using network membership to define training and testing.,high
R2D0024,DES0008,P12361,SCH0013,temporal,documented_no_holdout,,yes,no,unknown,not_a_temporal_holdout,EVD1694 | EVD1693,The reported design partitions pooled samples or label groups without using temporal membership to define training and testing.,high
R2D0025,DES0009,P12361,SCH0014,client,documented_no_holdout,,yes,no,unknown,not_a_client_holdout,EVD1694 | EVD1693,The reported design partitions pooled samples or label groups without using client membership to define training and testing.,high
R2D0026,DES0009,P12361,SCH0014,network,documented_no_holdout,,yes,no,unknown,not_a_network_holdout,EVD1694 | EVD1693,The reported design partitions pooled samples or label groups without using network membership to define training and testing.,high
R2D0027,DES0009,P12361,SCH0014,temporal,documented_no_holdout,,yes,no,unknown,not_a_temporal_holdout,EVD1694 | EVD1693,The reported design partitions pooled samples or label groups without using temporal membership to define training and testing.,high
R2D0028,DES0010,P12361,SCH0015,client,documented_no_holdout,,yes,no,unknown,not_a_client_holdout,EVD1694 | EVD1693,The reported design partitions pooled samples or label groups without using client membership to define training and testing.,high
R2D0029,DES0010,P12361,SCH0015,network,documented_no_holdout,,yes,no,unknown,not_a_network_holdout,EVD1694 | EVD1693,The reported design partitions pooled samples or label groups without using network membership to define training and testing.,high
R2D0030,DES0010,P12361,SCH0015,temporal,documented_no_holdout,,yes,no,unknown,not_a_temporal_holdout,EVD1694 | EVD1693,The reported design partitions pooled samples or label groups without using temporal membership to define training and testing.,high
R2D0031,DES0011,P12361,SCH0016,client,documented_no_holdout,,yes,no,unknown,not_a_client_holdout,EVD1694 | EVD1693,The reported design partitions pooled samples or label groups without using client membership to define training and testing.,high
R2D0032,DES0011,P12361,SCH0016,network,documented_no_holdout,,yes,no,unknown,not_a_network_holdout,EVD1694 | EVD1693,The reported design partitions pooled samples or label groups without using network membership to define training and testing.,high
R2D0033,DES0011,P12361,SCH0016,temporal,documented_no_holdout,,yes,no,unknown,not_a_temporal_holdout,EVD1694 | EVD1693,The reported design partitions pooled samples or label groups without using temporal membership to define training and testing.,high
R2D0034,DES0012,P12361,SCH0017,client,documented_no_holdout,,yes,no,unknown,not_a_client_holdout,EVD1694 | EVD1693,The reported design partitions pooled samples or label groups without using client membership to define training and testing.,high
R2D0035,DES0012,P12361,SCH0017,network,documented_no_holdout,,yes,no,unknown,not_a_network_holdout,EVD1694 | EVD1693,The reported design partitions pooled samples or label groups without using network membership to define training and testing.,high
R2D0036,DES0012,P12361,SCH0017,temporal,documented_no_holdout,,yes,no,unknown,not_a_temporal_holdout,EVD1694 | EVD1693,The reported design partitions pooled samples or label groups without using temporal membership to define training and testing.,high
R2D0037,DES0013,P12361,SCH0018,client,documented_no_holdout,,yes,no,unknown,not_a_client_holdout,EVD1694 | EVD1693,The reported design partitions pooled samples or label groups without using client membership to define training and testing.,high
R2D0038,DES0013,P12361,SCH0018,network,documented_no_holdout,,yes,no,unknown,not_a_network_holdout,EVD1694 | EVD1693,The reported design partitions pooled samples or label groups without using network membership to define training and testing.,high
R2D0039,DES0013,P12361,SCH0018,temporal,documented_no_holdout,,yes,no,unknown,not_a_temporal_holdout,EVD1694 | EVD1693,The reported design partitions pooled samples or label groups without using temporal membership to define training and testing.,high
R2D0040,DES0014,P13937,SCH0031 | SCH0032,client,documented_no_holdout,,yes,no,unknown,not_a_client_holdout,EVD1699,The reported design partitions pooled samples or label groups without using client membership to define training and testing.,high
R2D0041,DES0014,P13937,SCH0031 | SCH0032,network,documented_no_holdout,,yes,no,unknown,not_a_network_holdout,EVD1699,The reported design partitions pooled samples or label groups without using network membership to define training and testing.,high
R2D0042,DES0014,P13937,SCH0031 | SCH0032,temporal,documented_no_holdout,,yes,no,unknown,not_a_temporal_holdout,EVD1699,The reported design partitions pooled samples or label groups without using temporal membership to define training and testing.,high
R2D0043,DES0015,P13937,SCH0033,client,documented_no_holdout,,yes,no,unknown,not_a_client_holdout,EVD1698,The reported design partitions pooled samples or label groups without using client membership to define training and testing.,high
R2D0044,DES0015,P13937,SCH0033,network,documented_no_holdout,,yes,no,unknown,not_a_network_holdout,EVD1698,The reported design partitions pooled samples or label groups without using network membership to define training and testing.,high
R2D0045,DES0015,P13937,SCH0033,temporal,documented_no_holdout,,yes,no,unknown,not_a_temporal_holdout,EVD1698,The reported design partitions pooled samples or label groups without using temporal membership to define training and testing.,high
R2D0046,DES0016,P13937,SCH0034,client,documented_no_holdout,,yes,no,unknown,not_a_client_holdout,EVD1698,The reported design partitions pooled samples or label groups without using client membership to define training and testing.,high
R2D0047,DES0016,P13937,SCH0034,network,documented_no_holdout,,yes,no,unknown,not_a_network_holdout,EVD1698,The reported design partitions pooled samples or label groups without using network membership to define training and testing.,high
R2D0048,DES0016,P13937,SCH0034,temporal,documented_no_holdout,,yes,no,unknown,not_a_temporal_holdout,EVD1698,The reported design partitions pooled samples or label groups without using temporal membership to define training and testing.,high
R2D0049,DES0017,P13937,SCH0035,client,documented_no_holdout,,yes,no,unknown,not_a_client_holdout,EVD1698,The reported design partitions pooled samples or label groups without using client membership to define training and testing.,high
R2D0050,DES0017,P13937,SCH0035,network,documented_no_holdout,,yes,no,unknown,not_a_network_holdout,EVD1698,The reported design partitions pooled samples or label groups without using network membership to define training and testing.,high
R2D0051,DES0017,P13937,SCH0035,temporal,documented_no_holdout,,yes,no,unknown,not_a_temporal_holdout,EVD1698,The reported design partitions pooled samples or label groups without using temporal membership to define training and testing.,high
R2D0052,DES0018,P14441,SCH0076,client,documented_no_holdout,,yes,no,unknown,not_a_client_holdout,EVD1703 | EVD1702,The reported design partitions pooled samples or label groups without using client membership to define training and testing.,high
R2D0053,DES0018,P14441,SCH0076,network,documented_no_holdout,,yes,no,unknown,not_a_network_holdout,EVD1703 | EVD1702,The reported design partitions pooled samples or label groups without using network membership to define training and testing.,high
R2D0054,DES0018,P14441,SCH0076,temporal,documented_no_holdout,,yes,no,unknown,not_a_temporal_holdout,EVD1703 | EVD1702,The reported design partitions pooled samples or label groups without using temporal membership to define training and testing.,high
R2D0055,DES0019,P14441,SCH0077,client,documented_no_holdout,,yes,no,unknown,not_a_client_holdout,EVD1703 | EVD1702,The reported design partitions pooled samples or label groups without using client membership to define training and testing.,high
R2D0056,DES0019,P14441,SCH0077,network,documented_no_holdout,,yes,no,unknown,not_a_network_holdout,EVD1703 | EVD1702,The reported design partitions pooled samples or label groups without using network membership to define training and testing.,high
R2D0057,DES0019,P14441,SCH0077,temporal,documented_no_holdout,,yes,no,unknown,not_a_temporal_holdout,EVD1703 | EVD1702,The reported design partitions pooled samples or label groups without using temporal membership to define training and testing.,high
R2D0058,DES0020,P14955,SCH0088 | SCH0089,client,documented_no_holdout,,yes,no,unknown,not_a_client_holdout,EVD1707,The reported design partitions pooled samples or label groups without using client membership to define training and testing.,high
R2D0059,DES0020,P14955,SCH0088 | SCH0089,network,documented_no_holdout,,yes,no,unknown,not_a_network_holdout,EVD1707,The reported design partitions pooled samples or label groups without using network membership to define training and testing.,high
R2D0060,DES0020,P14955,SCH0088 | SCH0089,temporal,documented_no_holdout,,yes,no,unknown,not_a_temporal_holdout,EVD1707,The reported design partitions pooled samples or label groups without using temporal membership to define training and testing.,high
R2D0061,DES0021,P14955,SCH0088 | SCH0089,client,documented_no_holdout,,yes,no,unknown,not_a_client_holdout,EVD1707,The reported design partitions pooled samples or label groups without using client membership to define training and testing.,high
R2D0062,DES0021,P14955,SCH0088 | SCH0089,network,documented_no_holdout,,yes,no,unknown,not_a_network_holdout,EVD1707,The reported design partitions pooled samples or label groups without using network membership to define training and testing.,high
R2D0063,DES0021,P14955,SCH0088 | SCH0089,temporal,documented_no_holdout,,yes,no,unknown,not_a_temporal_holdout,EVD1707,The reported design partitions pooled samples or label groups without using temporal membership to define training and testing.,high
R2D0064,DES0022,P14955,SCH0088 | SCH0090,client,documented_no_holdout,,yes,no,unknown,not_a_client_holdout,EVD1708,The reported design partitions pooled samples or label groups without using client membership to define training and testing.,high
R2D0065,DES0022,P14955,SCH0088 | SCH0090,network,documented_no_holdout,,yes,no,unknown,not_a_network_holdout,EVD1708,The reported design partitions pooled samples or label groups without using network membership to define training and testing.,high
R2D0066,DES0022,P14955,SCH0088 | SCH0090,temporal,documented_holdout,June through September 2021 versus December 2021,yes,yes,yes,documented_campaign_holdout,EVD1708,The complete binary scheme is trained on the initial campaign and tested on a fresh later campaign with disjoint parent captures.,high
R2D0067,DES0023,P15558,SCH0096,client,documented_no_holdout,,yes,no,unknown,not_a_client_holdout,EVD1712 | EVD1711,The reported design partitions pooled samples or label groups without using client membership to define training and testing.,high
R2D0068,DES0023,P15558,SCH0096,network,documented_no_holdout,,yes,no,unknown,not_a_network_holdout,EVD1712 | EVD1711,The reported design partitions pooled samples or label groups without using network membership to define training and testing.,high
R2D0069,DES0023,P15558,SCH0096,temporal,documented_no_holdout,,yes,no,unknown,not_a_temporal_holdout,EVD1712 | EVD1711,The reported design partitions pooled samples or label groups without using temporal membership to define training and testing.,high
R2D0070,DES0024,P15558,SCH0097,client,documented_no_holdout,,yes,no,unknown,not_a_client_holdout,EVD1712 | EVD1711,The reported design partitions pooled samples or label groups without using client membership to define training and testing.,high
R2D0071,DES0024,P15558,SCH0097,network,documented_no_holdout,,yes,no,unknown,not_a_network_holdout,EVD1712 | EVD1711,The reported design partitions pooled samples or label groups without using network membership to define training and testing.,high
R2D0072,DES0024,P15558,SCH0097,temporal,documented_no_holdout,,yes,no,unknown,not_a_temporal_holdout,EVD1712 | EVD1711,The reported design partitions pooled samples or label groups without using temporal membership to define training and testing.,high
R2D0073,DES0025,P15558,SCH0098,client,documented_no_holdout,,yes,no,unknown,not_a_client_holdout,EVD1712 | EVD1711,The reported design partitions pooled samples or label groups without using client membership to define training and testing.,high
R2D0074,DES0025,P15558,SCH0098,network,documented_no_holdout,,yes,no,unknown,not_a_network_holdout,EVD1712 | EVD1711,The reported design partitions pooled samples or label groups without using network membership to define training and testing.,high
R2D0075,DES0025,P15558,SCH0098,temporal,documented_no_holdout,,yes,no,unknown,not_a_temporal_holdout,EVD1712 | EVD1711,The reported design partitions pooled samples or label groups without using temporal membership to define training and testing.,high
R2D0076,DES0026,P15558,SCH0099 | SCH0100,client,not_documented,,yes,unknown,unknown,unknown_not_reported,EVD1713,The cross-dataset deployment does not establish a complete client contrast with matching labels.,medium
R2D0077,DES0026,P15558,SCH0099 | SCH0100,network,documented_holdout,HyperVision benchmark environment versus institutional deployment,yes,yes,yes,documented_cross_network_holdout,EVD1713,The complete binary scheme is trained on HyperVision and tested on an independently captured institutional network deployment.,high
R2D0078,DES0026,P15558,SCH0099 | SCH0100,temporal,not_documented,,yes,unknown,unknown,unknown_not_reported,EVD1713,The cross-dataset deployment does not establish a complete temporal contrast with matching labels.,medium
R2D0079,DES0027,P15558,SCH0100,client,documented_no_holdout,,yes,no,unknown,not_a_client_holdout,EVD1712 | EVD1711,The reported design partitions pooled samples or label groups without using client membership to define training and testing.,high
R2D0080,DES0027,P15558,SCH0100,network,documented_no_holdout,,yes,no,unknown,not_a_network_holdout,EVD1712 | EVD1711,The reported design partitions pooled samples or label groups without using network membership to define training and testing.,high
R2D0081,DES0027,P15558,SCH0100,temporal,documented_no_holdout,,yes,no,unknown,not_a_temporal_holdout,EVD1712 | EVD1711,The reported design partitions pooled samples or label groups without using temporal membership to define training and testing.,high
R2D0082,DES0028,P15558,SCH0101,client,documented_no_holdout,,yes,no,unknown,not_a_client_holdout,EVD1712 | EVD1711,The reported design partitions pooled samples or label groups without using client membership to define training and testing.,high
R2D0083,DES0028,P15558,SCH0101,network,documented_no_holdout,,yes,no,unknown,not_a_network_holdout,EVD1712 | EVD1711,The reported design partitions pooled samples or label groups without using network membership to define training and testing.,high
R2D0084,DES0028,P15558,SCH0101,temporal,documented_no_holdout,,yes,no,unknown,not_a_temporal_holdout,EVD1712 | EVD1711,The reported design partitions pooled samples or label groups without using temporal membership to define training and testing.,high
R2D0085,DES0029,P15558,SCH0102,client,documented_no_holdout,,yes,no,unknown,not_a_client_holdout,EVD1712 | EVD1711,The reported design partitions pooled samples or label groups without using client membership to define training and testing.,high
R2D0086,DES0029,P15558,SCH0102,network,documented_no_holdout,,yes,no,unknown,not_a_network_holdout,EVD1712 | EVD1711,The reported design partitions pooled samples or label groups without using network membership to define training and testing.,high
R2D0087,DES0029,P15558,SCH0102,temporal,documented_no_holdout,,yes,no,unknown,not_a_temporal_holdout,EVD1712 | EVD1711,The reported design partitions pooled samples or label groups without using temporal membership to define training and testing.,high
R2D0088,DES0030,P15558,SCH0103,client,documented_no_holdout,,yes,no,unknown,not_a_client_holdout,EVD1712 | EVD1711,The reported design partitions pooled samples or label groups without using client membership to define training and testing.,high
R2D0089,DES0030,P15558,SCH0103,network,documented_no_holdout,,yes,no,unknown,not_a_network_holdout,EVD1712 | EVD1711,The reported design partitions pooled samples or label groups without using network membership to define training and testing.,high
R2D0090,DES0030,P15558,SCH0103,temporal,documented_no_holdout,,yes,no,unknown,not_a_temporal_holdout,EVD1712 | EVD1711,The reported design partitions pooled samples or label groups without using temporal membership to define training and testing.,high
R2D0091,DES0031,P15558,SCH0104,client,documented_no_holdout,,yes,no,unknown,not_a_client_holdout,EVD1712 | EVD1711,The reported design partitions pooled samples or label groups without using client membership to define training and testing.,high
R2D0092,DES0031,P15558,SCH0104,network,documented_no_holdout,,yes,no,unknown,not_a_network_holdout,EVD1712 | EVD1711,The reported design partitions pooled samples or label groups without using network membership to define training and testing.,high
R2D0093,DES0031,P15558,SCH0104,temporal,documented_no_holdout,,yes,no,unknown,not_a_temporal_holdout,EVD1712 | EVD1711,The reported design partitions pooled samples or label groups without using temporal membership to define training and testing.,high
R2D0094,DES0032,P15558,SCH0105,client,documented_no_holdout,,yes,no,unknown,not_a_client_holdout,EVD1712 | EVD1711,The reported design partitions pooled samples or label groups without using client membership to define training and testing.,high
R2D0095,DES0032,P15558,SCH0105,network,documented_no_holdout,,yes,no,unknown,not_a_network_holdout,EVD1712 | EVD1711,The reported design partitions pooled samples or label groups without using network membership to define training and testing.,high
R2D0096,DES0032,P15558,SCH0105,temporal,documented_no_holdout,,yes,no,unknown,not_a_temporal_holdout,EVD1712 | EVD1711,The reported design partitions pooled samples or label groups without using temporal membership to define training and testing.,high
R2D0097,DES0033,P15558,SCH0106,client,documented_no_holdout,,yes,no,unknown,not_a_client_holdout,EVD1712 | EVD1711,The reported design partitions pooled samples or label groups without using client membership to define training and testing.,high
R2D0098,DES0033,P15558,SCH0106,network,documented_no_holdout,,yes,no,unknown,not_a_network_holdout,EVD1712 | EVD1711,The reported design partitions pooled samples or label groups without using network membership to define training and testing.,high
R2D0099,DES0033,P15558,SCH0106,temporal,documented_no_holdout,,yes,no,unknown,not_a_temporal_holdout,EVD1712 | EVD1711,The reported design partitions pooled samples or label groups without using temporal membership to define training and testing.,high
R2D0100,DES0034,P15558,SCH0107,client,documented_no_holdout,,yes,no,unknown,not_a_client_holdout,EVD1712 | EVD1711,The reported design partitions pooled samples or label groups without using client membership to define training and testing.,high
R2D0101,DES0034,P15558,SCH0107,network,documented_no_holdout,,yes,no,unknown,not_a_network_holdout,EVD1712 | EVD1711,The reported design partitions pooled samples or label groups without using network membership to define training and testing.,high
R2D0102,DES0034,P15558,SCH0107,temporal,documented_no_holdout,,yes,no,unknown,not_a_temporal_holdout,EVD1712 | EVD1711,The reported design partitions pooled samples or label groups without using temporal membership to define training and testing.,high
R2D0103,DES0035,P15558,SCH0108,client,documented_no_holdout,,yes,no,unknown,not_a_client_holdout,EVD1712 | EVD1711,The reported design partitions pooled samples or label groups without using client membership to define training and testing.,high
R2D0104,DES0035,P15558,SCH0108,network,documented_no_holdout,,yes,no,unknown,not_a_network_holdout,EVD1712 | EVD1711,The reported design partitions pooled samples or label groups without using network membership to define training and testing.,high
R2D0105,DES0035,P15558,SCH0108,temporal,documented_no_holdout,,yes,no,unknown,not_a_temporal_holdout,EVD1712 | EVD1711,The reported design partitions pooled samples or label groups without using temporal membership to define training and testing.,high
R2D0106,DES0036,P16004,SCH0111 | SCH0114,client,not_documented,,unknown,unknown,unknown,not_documented,EVD1636,Client conditions do not determine the reported partition.,high
R2D0107,DES0036,P16004,SCH0111 | SCH0114,network,documented_no_holdout,,yes,no,unknown,documented_no_holdout,EVD1636,Router records are pooled before the chronological split rather than held out by router or network.,high
R2D0108,DES0036,P16004,SCH0111 | SCH0114,temporal,documented_holdout,earlier 70 percent and later 30 percent,yes,yes,yes,documented_holdout,EVD1636,Timestamp order determines the split and the paper states that final attack instances are temporally separate and not continuations.,high
R2D0109,DES0037,P16004,SCH0112,client,not_documented,,unknown,unknown,unknown,not_documented,EVD1637,Client conditions do not determine the reported partition.,high
R2D0110,DES0037,P16004,SCH0112,network,documented_no_holdout,,yes,no,unknown,documented_no_holdout,EVD1637,Router records are pooled before the chronological split rather than held out by router or network.,high
R2D0111,DES0037,P16004,SCH0112,temporal,documented_holdout,earlier 70 percent and later 30 percent,yes,yes,yes,documented_holdout,EVD1637,Timestamp order determines the split and the paper states that final attack instances are temporally separate and not continuations.,high
R2D0112,DES0038,P16004,SCH0113,client,not_documented,,unknown,unknown,unknown,not_documented,EVD1638,Client conditions do not determine the reported partition.,high
R2D0113,DES0038,P16004,SCH0113,network,documented_no_holdout,,yes,no,unknown,documented_no_holdout,EVD1638,Router records are pooled before the chronological split rather than held out by router or network.,high
R2D0114,DES0038,P16004,SCH0113,temporal,documented_holdout,earlier 70 percent and later 30 percent,yes,yes,yes,documented_holdout,EVD1638,Timestamp order determines the split and the paper states that final attack instances are temporally separate and not continuations.,high
R2D0115,DES0039,P16071,SCH0115,client,documented_no_holdout,,yes,no,unknown,not_a_client_holdout,EVD1721 | EVD1720 | EVD1719,The balanced flow-level partition follows class filtering and is not defined by client membership.,high
R2D0116,DES0039,P16071,SCH0115,network,documented_no_holdout,,yes,no,unknown,not_a_network_holdout,EVD1721 | EVD1720 | EVD1719,The balanced flow-level partition follows class filtering and is not defined by network membership.,high
R2D0117,DES0039,P16071,SCH0115,temporal,documented_no_holdout,,yes,no,unknown,not_a_temporal_holdout,EVD1721 | EVD1720 | EVD1719,The balanced flow-level partition follows class filtering and is not defined by temporal membership.,high
R2D0118,DES0040,P16071,SCH0116,client,documented_no_holdout,,yes,no,unknown,not_a_client_holdout,EVD1721 | EVD1720 | EVD1719,The balanced flow-level partition follows class filtering and is not defined by client membership.,high
R2D0119,DES0040,P16071,SCH0116,network,documented_no_holdout,,yes,no,unknown,not_a_network_holdout,EVD1721 | EVD1720 | EVD1719,The balanced flow-level partition follows class filtering and is not defined by network membership.,high
R2D0120,DES0040,P16071,SCH0116,temporal,documented_no_holdout,,yes,no,unknown,not_a_temporal_holdout,EVD1721 | EVD1720 | EVD1719,The balanced flow-level partition follows class filtering and is not defined by temporal membership.,high
R2D0121,DES0041,P16071,SCH0117,client,documented_no_holdout,,yes,no,unknown,not_a_client_holdout,EVD1721 | EVD1720 | EVD1719,The balanced flow-level partition follows class filtering and is not defined by client membership.,high
R2D0122,DES0041,P16071,SCH0117,network,documented_no_holdout,,yes,no,unknown,not_a_network_holdout,EVD1721 | EVD1720 | EVD1719,The balanced flow-level partition follows class filtering and is not defined by network membership.,high
R2D0123,DES0041,P16071,SCH0117,temporal,documented_no_holdout,,yes,no,unknown,not_a_temporal_holdout,EVD1721 | EVD1720 | EVD1719,The balanced flow-level partition follows class filtering and is not defined by temporal membership.,high
R2D0124,DES0042,P16071,SCH0118,client,documented_no_holdout,,yes,no,unknown,not_a_client_holdout,EVD1721 | EVD1720 | EVD1719,The balanced flow-level partition follows class filtering and is not defined by client membership.,high
R2D0125,DES0042,P16071,SCH0118,network,documented_no_holdout,,yes,no,unknown,not_a_network_holdout,EVD1721 | EVD1720 | EVD1719,The balanced flow-level partition follows class filtering and is not defined by network membership.,high
R2D0126,DES0042,P16071,SCH0118,temporal,documented_no_holdout,,yes,no,unknown,not_a_temporal_holdout,EVD1721 | EVD1720 | EVD1719,The balanced flow-level partition follows class filtering and is not defined by temporal membership.,high
R2D0127,DES0043,P16071,SCH0119,client,documented_no_holdout,,yes,no,unknown,not_a_client_holdout,EVD1721 | EVD1720 | EVD1719,The balanced flow-level partition follows class filtering and is not defined by client membership.,high
R2D0128,DES0043,P16071,SCH0119,network,documented_no_holdout,,yes,no,unknown,not_a_network_holdout,EVD1721 | EVD1720 | EVD1719,The balanced flow-level partition follows class filtering and is not defined by network membership.,high
R2D0129,DES0043,P16071,SCH0119,temporal,documented_no_holdout,,yes,no,unknown,not_a_temporal_holdout,EVD1721 | EVD1720 | EVD1719,The balanced flow-level partition follows class filtering and is not defined by temporal membership.,high
R2D0130,DES0044,P16071,SCH0120,client,documented_no_holdout,,yes,no,unknown,not_a_client_holdout,EVD1721 | EVD1720 | EVD1719,The balanced flow-level partition follows class filtering and is not defined by client membership.,high
R2D0131,DES0044,P16071,SCH0120,network,documented_no_holdout,,yes,no,unknown,not_a_network_holdout,EVD1721 | EVD1720 | EVD1719,The balanced flow-level partition follows class filtering and is not defined by network membership.,high
R2D0132,DES0044,P16071,SCH0120,temporal,documented_no_holdout,,yes,no,unknown,not_a_temporal_holdout,EVD1721 | EVD1720 | EVD1719,The balanced flow-level partition follows class filtering and is not defined by temporal membership.,high
R2D0133,DES0045,P16192,SCH0121,client,documented_no_holdout,,yes,no,unknown,not_a_client_holdout,EVD1726 | EVD1725,The reported design partitions pooled samples or label groups without using client membership to define training and testing.,high
R2D0134,DES0045,P16192,SCH0121,network,documented_no_holdout,,yes,no,unknown,not_a_network_holdout,EVD1726 | EVD1725,The reported design partitions pooled samples or label groups without using network membership to define training and testing.,high
R2D0135,DES0045,P16192,SCH0121,temporal,documented_holdout,earlier collection period versus final time segment,yes,yes,yes,documented_temporal_holdout,EVD1726 | EVD1727,Time determines the split before sample selection and the final test interval uses later parent probes.,high
R2D0136,DES0046,P16192,SCH0122,client,documented_no_holdout,,yes,no,unknown,not_a_client_holdout,EVD1726 | EVD1725,The reported design partitions pooled samples or label groups without using client membership to define training and testing.,high
R2D0137,DES0046,P16192,SCH0122,network,documented_no_holdout,,yes,no,unknown,not_a_network_holdout,EVD1726 | EVD1725,The reported design partitions pooled samples or label groups without using network membership to define training and testing.,high
R2D0138,DES0046,P16192,SCH0122,temporal,documented_holdout,earlier collection period versus final time segment,yes,yes,yes,documented_temporal_holdout,EVD1726 | EVD1727,Time determines the split before sample selection and the final test interval uses later parent probes.,high
R2D0139,DES0047,P16192,SCH0123,client,documented_no_holdout,,yes,no,unknown,not_a_client_holdout,EVD1727 | EVD1725,The reported design partitions pooled samples or label groups without using client membership to define training and testing.,high
R2D0140,DES0047,P16192,SCH0123,network,documented_no_holdout,,yes,no,unknown,not_a_network_holdout,EVD1727 | EVD1725,The reported design partitions pooled samples or label groups without using network membership to define training and testing.,high
R2D0141,DES0047,P16192,SCH0123,temporal,documented_holdout,earlier collection period versus final time segment,yes,yes,yes,documented_temporal_holdout,EVD1726 | EVD1727,Time determines the split before sample selection and the final test interval uses later parent probes.,high
R2D0142,DES0048,P16192,SCH0123,client,documented_no_holdout,,yes,no,unknown,not_a_client_holdout,EVD1726 | EVD1725,The reported design partitions pooled samples or label groups without using client membership to define training and testing.,high
R2D0143,DES0048,P16192,SCH0123,network,documented_no_holdout,,yes,no,unknown,not_a_network_holdout,EVD1726 | EVD1725,The reported design partitions pooled samples or label groups without using network membership to define training and testing.,high
R2D0144,DES0048,P16192,SCH0123,temporal,documented_holdout,earlier collection period versus final time segment,yes,yes,yes,documented_temporal_holdout,EVD1726 | EVD1727,Time determines the split before sample selection and the final test interval uses later parent probes.,high
R2D0145,DES0049,P16192,SCH0124,client,documented_no_holdout,,yes,no,unknown,not_a_client_holdout,EVD1727 | EVD1725,The reported design partitions pooled samples or label groups without using client membership to define training and testing.,high
R2D0146,DES0049,P16192,SCH0124,network,documented_no_holdout,,yes,no,unknown,not_a_network_holdout,EVD1727 | EVD1725,The reported design partitions pooled samples or label groups without using network membership to define training and testing.,high
R2D0147,DES0049,P16192,SCH0124,temporal,documented_holdout,earlier collection period versus final time segment,yes,yes,yes,documented_temporal_holdout,EVD1726 | EVD1727,Time determines the split before sample selection and the final test interval uses later parent probes.,high
R2D0148,DES0050,P16192,SCH0124,client,documented_no_holdout,,yes,no,unknown,not_a_client_holdout,EVD1726 | EVD1725,The reported design partitions pooled samples or label groups without using client membership to define training and testing.,high
R2D0149,DES0050,P16192,SCH0124,network,documented_no_holdout,,yes,no,unknown,not_a_network_holdout,EVD1726 | EVD1725,The reported design partitions pooled samples or label groups without using network membership to define training and testing.,high
R2D0150,DES0050,P16192,SCH0124,temporal,documented_holdout,earlier collection period versus final time segment,yes,yes,yes,documented_temporal_holdout,EVD1726 | EVD1727,Time determines the split before sample selection and the final test interval uses later parent probes.,high
R2D0151,DES0051,P16192,SCH0125,client,documented_no_holdout,,yes,no,unknown,not_a_client_holdout,EVD1727 | EVD1725,The reported design partitions pooled samples or label groups without using client membership to define training and testing.,high
R2D0152,DES0051,P16192,SCH0125,network,documented_no_holdout,,yes,no,unknown,not_a_network_holdout,EVD1727 | EVD1725,The reported design partitions pooled samples or label groups without using network membership to define training and testing.,high
R2D0153,DES0051,P16192,SCH0125,temporal,documented_holdout,earlier collection period versus final time segment,yes,yes,yes,documented_temporal_holdout,EVD1726 | EVD1727,Time determines the split before sample selection and the final test interval uses later parent probes.,high
R2D0154,DES0052,P16192,SCH0125,client,documented_no_holdout,,yes,no,unknown,not_a_client_holdout,EVD1726 | EVD1725,The reported design partitions pooled samples or label groups without using client membership to define training and testing.,high
R2D0155,DES0052,P16192,SCH0125,network,documented_no_holdout,,yes,no,unknown,not_a_network_holdout,EVD1726 | EVD1725,The reported design partitions pooled samples or label groups without using network membership to define training and testing.,high
R2D0156,DES0052,P16192,SCH0125,temporal,documented_holdout,earlier collection period versus final time segment,yes,yes,yes,documented_temporal_holdout,EVD1726 | EVD1727,Time determines the split before sample selection and the final test interval uses later parent probes.,high
R2D0157,DES0053,P16192,SCH0126,client,documented_no_holdout,,yes,no,unknown,not_a_client_holdout,EVD1726 | EVD1725,The reported design partitions pooled samples or label groups without using client membership to define training and testing.,high
R2D0158,DES0053,P16192,SCH0126,network,documented_no_holdout,,yes,no,unknown,not_a_network_holdout,EVD1726 | EVD1725,The reported design partitions pooled samples or label groups without using network membership to define training and testing.,high
R2D0159,DES0053,P16192,SCH0126,temporal,documented_holdout,earlier collection period versus final time segment,yes,yes,yes,documented_temporal_holdout,EVD1726 | EVD1727,Time determines the split before sample selection and the final test interval uses later parent probes.,high
R2D0160,DES0054,P16208,SCH0127,client,documented_no_holdout,,yes,no,unknown,not_a_client_holdout,EVD1732 | EVD1734 | EVD1731,Five-fold cross-validation divides pooled samples into folds and does not define folds using client membership.,high
R2D0161,DES0054,P16208,SCH0127,network,documented_no_holdout,,yes,no,unknown,not_a_network_holdout,EVD1732 | EVD1734 | EVD1731,Five-fold cross-validation divides pooled samples into folds and does not define folds using network membership.,high
R2D0162,DES0054,P16208,SCH0127,temporal,documented_no_holdout,,yes,no,unknown,not_a_temporal_holdout,EVD1732 | EVD1734 | EVD1731,Five-fold cross-validation divides pooled samples into folds and does not define folds using temporal membership.,high
R2D0163,DES0055,P16208,SCH0127,client,not_documented,,yes,unknown,unknown,client_condition_not_documented,EVD1732 | EVD1734,Accessible evidence does not establish a client-defined train-test grouping before sampling or disjoint parent captures.,medium
R2D0164,DES0055,P16208,SCH0127,network,not_documented,,yes,unknown,unknown,network_condition_not_documented,EVD1732 | EVD1734,Accessible evidence does not establish a network-defined train-test grouping before sampling or disjoint parent captures.,medium
R2D0165,DES0055,P16208,SCH0127,temporal,not_documented,,yes,unknown,unknown,temporal_condition_not_documented,EVD1732 | EVD1734,Accessible evidence does not establish a temporal-defined train-test grouping before sampling or disjoint parent captures.,medium
R2D0166,DES0056,P16208,SCH0128,client,documented_no_holdout,,yes,no,unknown,not_a_client_holdout,EVD1732 | EVD1734 | EVD1731,Five-fold cross-validation divides pooled samples into folds and does not define folds using client membership.,high
R2D0167,DES0056,P16208,SCH0128,network,documented_no_holdout,,yes,no,unknown,not_a_network_holdout,EVD1732 | EVD1734 | EVD1731,Five-fold cross-validation divides pooled samples into folds and does not define folds using network membership.,high
R2D0168,DES0056,P16208,SCH0128,temporal,documented_no_holdout,,yes,no,unknown,not_a_temporal_holdout,EVD1732 | EVD1734 | EVD1731,Five-fold cross-validation divides pooled samples into folds and does not define folds using temporal membership.,high
R2D0169,DES0057,P16208,SCH0128,client,documented_no_holdout,,yes,no,unknown,not_a_client_holdout,EVD1730 | EVD1732 | EVD1734,The 4 to 1 split is applied after selecting one day and is not defined by client membership.,high
R2D0170,DES0057,P16208,SCH0128,network,documented_no_holdout,,yes,no,unknown,not_a_network_holdout,EVD1730 | EVD1732 | EVD1734,The 4 to 1 split is applied after selecting one day and is not defined by network membership.,high
R2D0171,DES0057,P16208,SCH0128,temporal,documented_no_holdout,,yes,no,unknown,not_a_temporal_holdout,EVD1730 | EVD1732 | EVD1734,The 4 to 1 split is applied after selecting one day and is not defined by temporal membership.,high
R2D0172,DES0058,P16208,SCH0129,client,documented_no_holdout,,yes,no,unknown,not_a_client_holdout,EVD1732 | EVD1734 | EVD1731,Five-fold cross-validation divides pooled samples into folds and does not define folds using client membership.,high
R2D0173,DES0058,P16208,SCH0129,network,documented_no_holdout,,yes,no,unknown,not_a_network_holdout,EVD1732 | EVD1734 | EVD1731,Five-fold cross-validation divides pooled samples into folds and does not define folds using network membership.,high
R2D0174,DES0058,P16208,SCH0129,temporal,documented_no_holdout,,yes,no,unknown,not_a_temporal_holdout,EVD1732 | EVD1734 | EVD1731,Five-fold cross-validation divides pooled samples into folds and does not define folds using temporal membership.,high
R2D0175,DES0059,P16208,SCH0129,client,not_documented,,yes,unknown,unknown,client_condition_not_documented,EVD1732 | EVD1734,Accessible evidence does not establish a client-defined train-test grouping before sampling or disjoint parent captures.,medium
R2D0176,DES0059,P16208,SCH0129,network,not_documented,,yes,unknown,unknown,network_condition_not_documented,EVD1732 | EVD1734,Accessible evidence does not establish a network-defined train-test grouping before sampling or disjoint parent captures.,medium
R2D0177,DES0059,P16208,SCH0129,temporal,not_documented,,yes,unknown,unknown,temporal_condition_not_documented,EVD1732 | EVD1734,Accessible evidence does not establish a temporal-defined train-test grouping before sampling or disjoint parent captures.,medium
R2D0178,DES0060,P16208,SCH0130,client,documented_no_holdout,,yes,no,unknown,not_a_client_holdout,EVD1732 | EVD1734 | EVD1731,Five-fold cross-validation divides pooled samples into folds and does not define folds using client membership.,high
R2D0179,DES0060,P16208,SCH0130,network,documented_no_holdout,,yes,no,unknown,not_a_network_holdout,EVD1732 | EVD1734 | EVD1731,Five-fold cross-validation divides pooled samples into folds and does not define folds using network membership.,high
R2D0180,DES0060,P16208,SCH0130,temporal,documented_no_holdout,,yes,no,unknown,not_a_temporal_holdout,EVD1732 | EVD1734 | EVD1731,Five-fold cross-validation divides pooled samples into folds and does not define folds using temporal membership.,high
R2D0181,DES0061,P16208,SCH0130,client,not_documented,,yes,unknown,unknown,client_condition_not_documented,EVD1732 | EVD1734,Accessible evidence does not establish a client-defined train-test grouping before sampling or disjoint parent captures.,medium
R2D0182,DES0061,P16208,SCH0130,network,not_documented,,yes,unknown,unknown,network_condition_not_documented,EVD1732 | EVD1734,Accessible evidence does not establish a network-defined train-test grouping before sampling or disjoint parent captures.,medium
R2D0183,DES0061,P16208,SCH0130,temporal,not_documented,,yes,unknown,unknown,temporal_condition_not_documented,EVD1732 | EVD1734,Accessible evidence does not establish a temporal-defined train-test grouping before sampling or disjoint parent captures.,medium
R2D0184,DES0062,P16208,SCH0131,client,documented_no_holdout,,yes,no,unknown,not_a_client_holdout,EVD1732 | EVD1734 | EVD1731,Five-fold cross-validation divides pooled samples into folds and does not define folds using client membership.,high
R2D0185,DES0062,P16208,SCH0131,network,documented_no_holdout,,yes,no,unknown,not_a_network_holdout,EVD1732 | EVD1734 | EVD1731,Five-fold cross-validation divides pooled samples into folds and does not define folds using network membership.,high
R2D0186,DES0062,P16208,SCH0131,temporal,documented_no_holdout,,yes,no,unknown,not_a_temporal_holdout,EVD1732 | EVD1734 | EVD1731,Five-fold cross-validation divides pooled samples into folds and does not define folds using temporal membership.,high
R2D0187,DES0063,P16208,SCH0131,client,not_documented,,yes,unknown,unknown,client_condition_not_documented,EVD1732 | EVD1734,Accessible evidence does not establish a client-defined train-test grouping before sampling or disjoint parent captures.,medium
R2D0188,DES0063,P16208,SCH0131,network,not_documented,,yes,unknown,unknown,network_condition_not_documented,EVD1732 | EVD1734,Accessible evidence does not establish a network-defined train-test grouping before sampling or disjoint parent captures.,medium
R2D0189,DES0063,P16208,SCH0131,temporal,not_documented,,yes,unknown,unknown,temporal_condition_not_documented,EVD1732 | EVD1734,Accessible evidence does not establish a temporal-defined train-test grouping before sampling or disjoint parent captures.,medium
R2D0190,DES0064,P16208,SCH0132,client,not_documented,,yes,unknown,unknown,client_condition_not_documented,EVD1735 | EVD1736,Accessible evidence does not establish a client-defined train-test grouping before sampling or disjoint parent captures.,medium
R2D0191,DES0064,P16208,SCH0132,network,not_documented,,yes,unknown,unknown,network_condition_not_documented,EVD1735 | EVD1736,Accessible evidence does not establish a network-defined train-test grouping before sampling or disjoint parent captures.,medium
R2D0192,DES0064,P16208,SCH0132,temporal,not_documented,,yes,unknown,unknown,temporal_condition_not_documented,EVD1735 | EVD1736,Accessible evidence does not establish a temporal-defined train-test grouping before sampling or disjoint parent captures.,medium
R2D0193,DES0065,P16208,SCH0133,client,documented_no_holdout,,yes,no,unknown,not_a_client_holdout,EVD1732 | EVD1734 | EVD1731,Five-fold cross-validation divides pooled samples into folds and does not define folds using client membership.,high
R2D0194,DES0065,P16208,SCH0133,network,documented_no_holdout,,yes,no,unknown,not_a_network_holdout,EVD1732 | EVD1734 | EVD1731,Five-fold cross-validation divides pooled samples into folds and does not define folds using network membership.,high
R2D0195,DES0065,P16208,SCH0133,temporal,documented_no_holdout,,yes,no,unknown,not_a_temporal_holdout,EVD1732 | EVD1734 | EVD1731,Five-fold cross-validation divides pooled samples into folds and does not define folds using temporal membership.,high
R2D0196,DES0066,P16208,SCH0133,client,not_documented,,yes,unknown,unknown,client_condition_not_documented,EVD1732 | EVD1734,Accessible evidence does not establish a client-defined train-test grouping before sampling or disjoint parent captures.,medium
R2D0197,DES0066,P16208,SCH0133,network,not_documented,,yes,unknown,unknown,network_condition_not_documented,EVD1732 | EVD1734,Accessible evidence does not establish a network-defined train-test grouping before sampling or disjoint parent captures.,medium
R2D0198,DES0066,P16208,SCH0133,temporal,not_documented,,yes,unknown,unknown,temporal_condition_not_documented,EVD1732 | EVD1734,Accessible evidence does not establish a temporal-defined train-test grouping before sampling or disjoint parent captures.,medium
R2D0199,DES0067,P16248,SCH0144,client,documented_no_holdout,,yes,no,unknown,not_a_client_holdout,EVD1740,The reported design partitions pooled samples or label groups without using client membership to define training and testing.,high
R2D0200,DES0067,P16248,SCH0144,network,documented_no_holdout,,yes,no,unknown,not_a_network_holdout,EVD1740,The reported design partitions pooled samples or label groups without using network membership to define training and testing.,high
R2D0201,DES0067,P16248,SCH0144,temporal,documented_no_holdout,,yes,no,unknown,not_a_temporal_holdout,EVD1740,The reported design partitions pooled samples or label groups without using temporal membership to define training and testing.,high
R2D0202,DES0068,P16248,SCH0145,client,documented_no_holdout,,yes,no,unknown,not_a_client_holdout,EVD1740,The reported design partitions pooled samples or label groups without using client membership to define training and testing.,high
R2D0203,DES0068,P16248,SCH0145,network,documented_no_holdout,,yes,no,unknown,not_a_network_holdout,EVD1740,The reported design partitions pooled samples or label groups without using network membership to define training and testing.,high
R2D0204,DES0068,P16248,SCH0145,temporal,documented_no_holdout,,yes,no,unknown,not_a_temporal_holdout,EVD1740,The reported design partitions pooled samples or label groups without using temporal membership to define training and testing.,high
R2D0205,DES0069,P16248,SCH0146,client,documented_no_holdout,,yes,no,unknown,not_a_client_holdout,EVD1740,The reported design partitions pooled samples or label groups without using client membership to define training and testing.,high
R2D0206,DES0069,P16248,SCH0146,network,documented_no_holdout,,yes,no,unknown,not_a_network_holdout,EVD1740,The reported design partitions pooled samples or label groups without using network membership to define training and testing.,high
R2D0207,DES0069,P16248,SCH0146,temporal,documented_no_holdout,,yes,no,unknown,not_a_temporal_holdout,EVD1740,The reported design partitions pooled samples or label groups without using temporal membership to define training and testing.,high
R2D0208,DES0070,P16248,SCH0147,client,documented_no_holdout,,yes,no,unknown,not_a_client_holdout,EVD1740,The reported design partitions pooled samples or label groups without using client membership to define training and testing.,high
R2D0209,DES0070,P16248,SCH0147,network,documented_no_holdout,,yes,no,unknown,not_a_network_holdout,EVD1740,The reported design partitions pooled samples or label groups without using network membership to define training and testing.,high
R2D0210,DES0070,P16248,SCH0147,temporal,documented_no_holdout,,yes,no,unknown,not_a_temporal_holdout,EVD1740,The reported design partitions pooled samples or label groups without using temporal membership to define training and testing.,high
R2D0211,DES0071,P16248,SCH0148,client,documented_no_holdout,,yes,no,unknown,not_a_client_holdout,EVD1740,The reported design partitions pooled samples or label groups without using client membership to define training and testing.,high
R2D0212,DES0071,P16248,SCH0148,network,documented_no_holdout,,yes,no,unknown,not_a_network_holdout,EVD1740,The reported design partitions pooled samples or label groups without using network membership to define training and testing.,high
R2D0213,DES0071,P16248,SCH0148,temporal,documented_no_holdout,,yes,no,unknown,not_a_temporal_holdout,EVD1740,The reported design partitions pooled samples or label groups without using temporal membership to define training and testing.,high
R2D0214,DES0072,P16248,SCH0149,client,documented_no_holdout,,yes,no,unknown,not_a_client_holdout,EVD1740,The reported design partitions pooled samples or label groups without using client membership to define training and testing.,high
R2D0215,DES0072,P16248,SCH0149,network,documented_no_holdout,,yes,no,unknown,not_a_network_holdout,EVD1740,The reported design partitions pooled samples or label groups without using network membership to define training and testing.,high
R2D0216,DES0072,P16248,SCH0149,temporal,documented_no_holdout,,yes,no,unknown,not_a_temporal_holdout,EVD1740,The reported design partitions pooled samples or label groups without using temporal membership to define training and testing.,high
R2D0217,DES0073,P16248,SCH0150,client,documented_no_holdout,,yes,no,unknown,not_a_client_holdout,EVD1740,The reported design partitions pooled samples or label groups without using client membership to define training and testing.,high
R2D0218,DES0073,P16248,SCH0150,network,documented_no_holdout,,yes,no,unknown,not_a_network_holdout,EVD1740,The reported design partitions pooled samples or label groups without using network membership to define training and testing.,high
R2D0219,DES0073,P16248,SCH0150,temporal,documented_no_holdout,,yes,no,unknown,not_a_temporal_holdout,EVD1740,The reported design partitions pooled samples or label groups without using temporal membership to define training and testing.,high
R2D0220,DES0074,P16248,SCH0151,client,documented_no_holdout,,yes,no,unknown,not_a_client_holdout,EVD1740,The reported design partitions pooled samples or label groups without using client membership to define training and testing.,high
R2D0221,DES0074,P16248,SCH0151,network,documented_no_holdout,,yes,no,unknown,not_a_network_holdout,EVD1740,The reported design partitions pooled samples or label groups without using network membership to define training and testing.,high
R2D0222,DES0074,P16248,SCH0151,temporal,documented_no_holdout,,yes,no,unknown,not_a_temporal_holdout,EVD1740,The reported design partitions pooled samples or label groups without using temporal membership to define training and testing.,high
R2D0223,DES0075,P16248,SCH0152,client,documented_no_holdout,,yes,no,unknown,not_a_client_holdout,EVD1740,The reported design partitions pooled samples or label groups without using client membership to define training and testing.,high
R2D0224,DES0075,P16248,SCH0152,network,documented_no_holdout,,yes,no,unknown,not_a_network_holdout,EVD1740,The reported design partitions pooled samples or label groups without using network membership to define training and testing.,high
R2D0225,DES0075,P16248,SCH0152,temporal,documented_no_holdout,,yes,no,unknown,not_a_temporal_holdout,EVD1740,The reported design partitions pooled samples or label groups without using temporal membership to define training and testing.,high
R2D0226,DES0076,P16248,SCH0153,client,documented_no_holdout,,yes,no,unknown,not_a_client_holdout,EVD1740,The reported design partitions pooled samples or label groups without using client membership to define training and testing.,high
R2D0227,DES0076,P16248,SCH0153,network,documented_no_holdout,,yes,no,unknown,not_a_network_holdout,EVD1740,The reported design partitions pooled samples or label groups without using network membership to define training and testing.,high
R2D0228,DES0076,P16248,SCH0153,temporal,documented_no_holdout,,yes,no,unknown,not_a_temporal_holdout,EVD1740,The reported design partitions pooled samples or label groups without using temporal membership to define training and testing.,high
R2D0229,DES0077,P16248,SCH0154,client,documented_no_holdout,,yes,no,unknown,not_a_client_holdout,EVD1740,The reported design partitions pooled samples or label groups without using client membership to define training and testing.,high
R2D0230,DES0077,P16248,SCH0154,network,documented_no_holdout,,yes,no,unknown,not_a_network_holdout,EVD1740,The reported design partitions pooled samples or label groups without using network membership to define training and testing.,high
R2D0231,DES0077,P16248,SCH0154,temporal,documented_no_holdout,,yes,no,unknown,not_a_temporal_holdout,EVD1740,The reported design partitions pooled samples or label groups without using temporal membership to define training and testing.,high
R2D0232,DES0078,P16248,SCH0155,client,documented_no_holdout,,yes,no,unknown,not_a_client_holdout,EVD1740,The reported design partitions pooled samples or label groups without using client membership to define training and testing.,high
R2D0233,DES0078,P16248,SCH0155,network,documented_no_holdout,,yes,no,unknown,not_a_network_holdout,EVD1740,The reported design partitions pooled samples or label groups without using network membership to define training and testing.,high
R2D0234,DES0078,P16248,SCH0155,temporal,documented_no_holdout,,yes,no,unknown,not_a_temporal_holdout,EVD1740,The reported design partitions pooled samples or label groups without using temporal membership to define training and testing.,high
R2D0235,DES0079,P16248,SCH0156,client,documented_no_holdout,,yes,no,unknown,not_a_client_holdout,EVD1740,The reported design partitions pooled samples or label groups without using client membership to define training and testing.,high
R2D0236,DES0079,P16248,SCH0156,network,documented_no_holdout,,yes,no,unknown,not_a_network_holdout,EVD1740,The reported design partitions pooled samples or label groups without using network membership to define training and testing.,high
R2D0237,DES0079,P16248,SCH0156,temporal,documented_no_holdout,,yes,no,unknown,not_a_temporal_holdout,EVD1740,The reported design partitions pooled samples or label groups without using temporal membership to define training and testing.,high
R2D0238,DES0080,P16248,SCH0157,client,documented_no_holdout,,yes,no,unknown,not_a_client_holdout,EVD1740,The reported design partitions pooled samples or label groups without using client membership to define training and testing.,high
R2D0239,DES0080,P16248,SCH0157,network,documented_no_holdout,,yes,no,unknown,not_a_network_holdout,EVD1740,The reported design partitions pooled samples or label groups without using network membership to define training and testing.,high
R2D0240,DES0080,P16248,SCH0157,temporal,documented_no_holdout,,yes,no,unknown,not_a_temporal_holdout,EVD1740,The reported design partitions pooled samples or label groups without using temporal membership to define training and testing.,high
R2D0241,DES0081,P16248,SCH0158,client,documented_no_holdout,,yes,no,unknown,not_a_client_holdout,EVD1740,The reported design partitions pooled samples or label groups without using client membership to define training and testing.,high
R2D0242,DES0081,P16248,SCH0158,network,documented_no_holdout,,yes,no,unknown,not_a_network_holdout,EVD1740,The reported design partitions pooled samples or label groups without using network membership to define training and testing.,high
R2D0243,DES0081,P16248,SCH0158,temporal,documented_no_holdout,,yes,no,unknown,not_a_temporal_holdout,EVD1740,The reported design partitions pooled samples or label groups without using temporal membership to define training and testing.,high
R2D0244,DES0082,P16398,SCH0160,client,documented_no_holdout,,yes,no,unknown,not_a_client_holdout,EVD1744,The reported design partitions pooled samples or label groups without using client membership to define training and testing.,high
R2D0245,DES0082,P16398,SCH0160,network,documented_holdout,"US versus Japan, US versus Germany, and Japan versus Germany",yes,yes,yes,documented_network_holdout,EVD1744,The same fixed three-class model is trained at one network location and tested at another with location determining the partition.,high
R2D0246,DES0082,P16398,SCH0160,temporal,documented_no_holdout,,yes,no,unknown,not_a_temporal_holdout,EVD1744,The reported design partitions pooled samples or label groups without using temporal membership to define training and testing.,high
R2D0247,DES0083,P16398,SCH0160,client,documented_no_holdout,,yes,no,unknown,not_a_client_holdout,EVD1743,The reported design partitions pooled samples or label groups without using client membership to define training and testing.,high
R2D0248,DES0083,P16398,SCH0160,network,documented_no_holdout,,yes,no,unknown,not_a_network_holdout,EVD1743,The reported design partitions pooled samples or label groups without using network membership to define training and testing.,high
R2D0249,DES0083,P16398,SCH0160,temporal,documented_no_holdout,,yes,no,unknown,not_a_temporal_holdout,EVD1743,The reported design partitions pooled samples or label groups without using temporal membership to define training and testing.,high
R2D0250,DES0084,P16406,SCH0161 | SCH0162 | SCH0163 | SCH0164 | SCH0165 | SCH0166 | SCH0167 | SCH0168 | SCH0169 | SCH0170,client,not_documented,,unknown,unknown,unknown,not_documented,EVD1639,The source-target comparison does not document client-condition coverage for the complete scheme.,high
R2D0251,DES0084,P16406,SCH0161 | SCH0162 | SCH0163 | SCH0164 | SCH0165 | SCH0166 | SCH0167 | SCH0168 | SCH0169 | SCH0170,network,not_documented,,yes,unknown,yes,qualifying_condition_not_documented,EVD1639,Distinct corpus provenance does not by itself identify a qualifying physical network contrast.,high
R2D0252,DES0084,P16406,SCH0161 | SCH0162 | SCH0163 | SCH0164 | SCH0165 | SCH0166 | SCH0167 | SCH0168 | SCH0169 | SCH0170,temporal,not_documented,,unknown,unknown,unknown,not_documented,EVD1639,The different source datasets do not establish an elapsed-time holdout with stable temporal values.,high
R2D0253,DES0085,P16406,SCH0171 | SCH0172 | SCH0173,client,not_documented,,unknown,unknown,unknown,not_documented,EVD1640,The source-target comparison does not document client-condition coverage for the complete scheme.,high
R2D0254,DES0085,P16406,SCH0171 | SCH0172 | SCH0173,network,not_documented,,yes,unknown,yes,qualifying_condition_not_documented,EVD1640,Distinct corpus provenance does not by itself identify a qualifying physical network contrast.,high
R2D0255,DES0085,P16406,SCH0171 | SCH0172 | SCH0173,temporal,not_documented,,unknown,unknown,unknown,not_documented,EVD1640,The different source datasets do not establish an elapsed-time holdout with stable temporal values.,high
R2D0256,DES0086,P16406,SCH0161 | SCH0162 | SCH0163 | SCH0164 | SCH0165 | SCH0166 | SCH0167 | SCH0168 | SCH0169 | SCH0170,client,not_documented,,unknown,unknown,unknown,not_documented,EVD1641,Client-condition grouping is not documented for the merged-source design.,high
R2D0257,DES0086,P16406,SCH0161 | SCH0162 | SCH0163 | SCH0164 | SCH0165 | SCH0166 | SCH0167 | SCH0168 | SCH0169 | SCH0170,network,not_documented,,yes,unknown,yes,qualifying_condition_not_documented,EVD1641,Distinct corpus provenance does not by itself identify a qualifying physical network contrast.,high
R2D0258,DES0086,P16406,SCH0161 | SCH0162 | SCH0163 | SCH0164 | SCH0165 | SCH0166 | SCH0167 | SCH0168 | SCH0169 | SCH0170,temporal,not_documented,,unknown,unknown,unknown,not_documented,EVD1641,The merged-source design is organized by provenance rather than elapsed-time conditions.,high
R2D0259,DES0087,P16406,SCH0171 | SCH0172 | SCH0173,client,not_documented,,unknown,unknown,unknown,not_documented,EVD1642,Client-condition grouping is not documented for the merged-source design.,high
R2D0260,DES0087,P16406,SCH0171 | SCH0172 | SCH0173,network,not_documented,,yes,unknown,yes,qualifying_condition_not_documented,EVD1642,Distinct corpus provenance does not by itself identify a qualifying physical network contrast.,high
R2D0261,DES0087,P16406,SCH0171 | SCH0172 | SCH0173,temporal,not_documented,,unknown,unknown,unknown,not_documented,EVD1642,The merged-source design is organized by provenance rather than elapsed-time conditions.,high
R2D0262,DES0088,P16406,SCH0161,client,not_documented,,unknown,unknown,unknown,not_documented,EVD1643,Client grouping before the sample split is not documented.,high
R2D0263,DES0088,P16406,SCH0161,network,not_documented,,unknown,unknown,unknown,not_documented,EVD1643,Network-condition grouping before the sample split is not documented.,high
R2D0264,DES0088,P16406,SCH0161,temporal,documented_no_holdout,,yes,no,unknown,documented_no_holdout,EVD1643,Training and test samples come from a split of the same day or scenario trace rather than elapsed collection periods.,high
R2D0265,DES0089,P16406,SCH0162,client,not_documented,,unknown,unknown,unknown,not_documented,EVD1644,Client grouping before the sample split is not documented.,high
R2D0266,DES0089,P16406,SCH0162,network,not_documented,,unknown,unknown,unknown,not_documented,EVD1644,Network-condition grouping before the sample split is not documented.,high
R2D0267,DES0089,P16406,SCH0162,temporal,documented_no_holdout,,yes,no,unknown,documented_no_holdout,EVD1644,Training and test samples come from a split of the same day or scenario trace rather than elapsed collection periods.,high
R2D0268,DES0090,P16406,SCH0163,client,documented_no_holdout,No qualifying client pair: within-F2 sample split,unknown,no,unknown,nonqualifying_condition_contrast,EVD1645,Samples from the same component populate both partitions and no client condition determines the split.,high
R2D0269,DES0090,P16406,SCH0163,network,not_documented,,unknown,unknown,unknown,not_documented,EVD1645,Network-condition grouping before the sample split is not documented.,high
R2D0270,DES0090,P16406,SCH0163,temporal,documented_no_holdout,,yes,no,unknown,documented_no_holdout,EVD1645,Training and test samples come from a split of the same day or scenario trace rather than elapsed collection periods.,high
R2D0271,DES0091,P16406,SCH0164,client,not_documented,,unknown,unknown,unknown,not_documented,EVD1646,Client grouping before the sample split is not documented.,high
R2D0272,DES0091,P16406,SCH0164,network,not_documented,,unknown,unknown,unknown,not_documented,EVD1646,Network-condition grouping before the sample split is not documented.,high
R2D0273,DES0091,P16406,SCH0164,temporal,documented_no_holdout,,yes,no,unknown,documented_no_holdout,EVD1646,Training and test samples come from a split of the same day or scenario trace rather than elapsed collection periods.,high
R2D0274,DES0092,P16406,SCH0165,client,not_documented,,unknown,unknown,unknown,not_documented,EVD1647,Client grouping before the sample split is not documented.,high
R2D0275,DES0092,P16406,SCH0165,network,documented_no_holdout,No qualifying network pair: within-F4 sample split,unknown,no,unknown,nonqualifying_condition_contrast,EVD1647,The same dataset parent supplies both partitions and no physical network value determines the split.,high
R2D0276,DES0092,P16406,SCH0165,temporal,documented_no_holdout,,yes,no,unknown,documented_no_holdout,EVD1647,Training and test samples come from a split of the same day or scenario trace rather than elapsed collection periods.,high
R2D0277,DES0093,P16406,SCH0166,client,not_documented,,unknown,unknown,unknown,not_documented,EVD1648,Client grouping before the sample split is not documented.,high
R2D0278,DES0093,P16406,SCH0166,network,not_documented,,unknown,unknown,unknown,not_documented,EVD1648,Network-condition grouping before the sample split is not documented.,high
R2D0279,DES0093,P16406,SCH0166,temporal,documented_no_holdout,,yes,no,unknown,documented_no_holdout,EVD1648,Training and test samples come from a split of the same day or scenario trace rather than elapsed collection periods.,high
R2D0280,DES0094,P16406,SCH0167,client,not_documented,,unknown,unknown,unknown,not_documented,EVD1649,Client grouping before the sample split is not documented.,high
R2D0281,DES0094,P16406,SCH0167,network,not_documented,,unknown,unknown,unknown,not_documented,EVD1649,Network-condition grouping before the sample split is not documented.,high
R2D0282,DES0094,P16406,SCH0167,temporal,documented_no_holdout,,yes,no,unknown,documented_no_holdout,EVD1649,Training and test samples come from a split of the same day or scenario trace rather than elapsed collection periods.,high
R2D0283,DES0095,P16406,SCH0168,client,documented_no_holdout,No qualifying client pair: within-F7 sample split,unknown,no,unknown,nonqualifying_condition_contrast,EVD1650,Training and test samples come from the same dataset component and are not assigned by a client condition before sample splitting.,high
R2D0284,DES0095,P16406,SCH0168,network,not_documented,,unknown,unknown,unknown,not_documented,EVD1650,Network-condition grouping before the sample split is not documented.,high
R2D0285,DES0095,P16406,SCH0168,temporal,documented_no_holdout,,yes,no,unknown,documented_no_holdout,EVD1650,Training and test samples come from a split of the same day or scenario trace rather than elapsed collection periods.,high
R2D0286,DES0096,P16406,SCH0169,client,not_documented,,unknown,unknown,unknown,not_documented,EVD1651,Client grouping before the sample split is not documented.,high
R2D0287,DES0096,P16406,SCH0169,network,not_documented,,unknown,unknown,unknown,not_documented,EVD1651,Network-condition grouping before the sample split is not documented.,high
R2D0288,DES0096,P16406,SCH0169,temporal,documented_no_holdout,,yes,no,unknown,documented_no_holdout,EVD1651,Training and test samples come from a split of the same day or scenario trace rather than elapsed collection periods.,high
R2D0289,DES0097,P16406,SCH0170,client,not_documented,,unknown,unknown,unknown,not_documented,EVD1652,Client grouping before the sample split is not documented.,high
R2D0290,DES0097,P16406,SCH0170,network,not_documented,,unknown,unknown,unknown,not_documented,EVD1652,Network-condition grouping before the sample split is not documented.,high
R2D0291,DES0097,P16406,SCH0170,temporal,documented_no_holdout,,yes,no,unknown,documented_no_holdout,EVD1652,Training and test samples come from a split of the same day or scenario trace rather than elapsed collection periods.,high
R2D0292,DES0098,P16406,SCH0171,client,not_documented,,unknown,unknown,unknown,not_documented,EVD1653,Client grouping before the sample split is not documented.,high
R2D0293,DES0098,P16406,SCH0171,network,not_documented,,unknown,unknown,unknown,not_documented,EVD1653,Network-condition grouping before the sample split is not documented.,high
R2D0294,DES0098,P16406,SCH0171,temporal,documented_no_holdout,,yes,no,unknown,documented_no_holdout,EVD1653,Training and test samples come from a split of the same day or scenario trace rather than elapsed collection periods.,high
R2D0295,DES0099,P16406,SCH0172,client,not_documented,,unknown,unknown,unknown,not_documented,EVD1654,Client grouping before the sample split is not documented.,high
R2D0296,DES0099,P16406,SCH0172,network,not_documented,,unknown,unknown,unknown,not_documented,EVD1654,Network-condition grouping before the sample split is not documented.,high
R2D0297,DES0099,P16406,SCH0172,temporal,documented_no_holdout,,yes,no,unknown,documented_no_holdout,EVD1654,Training and test samples come from a split of the same day or scenario trace rather than elapsed collection periods.,high
R2D0298,DES0100,P16406,SCH0173,client,not_documented,,unknown,unknown,unknown,not_documented,EVD1655,Client grouping before the sample split is not documented.,high
R2D0299,DES0100,P16406,SCH0173,network,not_documented,,unknown,unknown,unknown,not_documented,EVD1655,Network-condition grouping before the sample split is not documented.,high
R2D0300,DES0100,P16406,SCH0173,temporal,documented_no_holdout,,yes,no,unknown,documented_no_holdout,EVD1655,Training and test samples come from a split of the same day or scenario trace rather than elapsed collection periods.,high
R2D0301,DES0101,P16418,SCH0174,client,documented_no_holdout,,yes,no,unknown,not_a_client_holdout,EVD1753 | EVD1756 | EVD1757 | EVD1752,The reported design is chronological and does not use client membership to define training and testing.,high
R2D0302,DES0101,P16418,SCH0174,network,documented_no_holdout,,yes,no,unknown,not_a_network_holdout,EVD1753 | EVD1756 | EVD1757 | EVD1752,The reported design is chronological and does not use network membership to define training and testing.,high
R2D0303,DES0101,P16418,SCH0174,temporal,documented_holdout,"April 24 to June 12, 2019 | July 3 to August 1, 2019",yes,yes,yes,reported_temporal_holdout,EVD1753 | EVD1756 | EVD1757 | EVD1752,"Training, validation, and testing are assigned by non-overlapping calendar periods before time-series construction. NetFlow observations from the training and test windows are temporally disjoint parent traffic.",high
R2D0304,DES0102,P16418,SCH0175,client,documented_no_holdout,,yes,no,unknown,not_a_client_holdout,EVD1753 | EVD1756 | EVD1757 | EVD1752,The reported design is chronological and does not use client membership to define training and testing.,high
R2D0305,DES0102,P16418,SCH0175,network,documented_no_holdout,,yes,no,unknown,not_a_network_holdout,EVD1753 | EVD1756 | EVD1757 | EVD1752,The reported design is chronological and does not use network membership to define training and testing.,high
R2D0306,DES0102,P16418,SCH0175,temporal,documented_holdout,"April 24 to June 12, 2019 | July 3 to August 1, 2019",yes,yes,yes,reported_temporal_holdout,EVD1753 | EVD1756 | EVD1757 | EVD1752,"Training, validation, and testing are assigned by non-overlapping calendar periods before time-series construction. NetFlow observations from the training and test windows are temporally disjoint parent traffic.",high
R2D0307,DES0103,P16418,SCH0176,client,documented_no_holdout,,yes,no,unknown,not_a_client_holdout,EVD1753 | EVD1756 | EVD1757 | EVD1752,The reported design is chronological and does not use client membership to define training and testing.,high
R2D0308,DES0103,P16418,SCH0176,network,documented_no_holdout,,yes,no,unknown,not_a_network_holdout,EVD1753 | EVD1756 | EVD1757 | EVD1752,The reported design is chronological and does not use network membership to define training and testing.,high
R2D0309,DES0103,P16418,SCH0176,temporal,documented_holdout,"April 24 to June 12, 2019 | July 3 to August 1, 2019",yes,yes,yes,reported_temporal_holdout,EVD1753 | EVD1756 | EVD1757 | EVD1752,"Training, validation, and testing are assigned by non-overlapping calendar periods before time-series construction. NetFlow observations from the training and test windows are temporally disjoint parent traffic.",high
R2D0310,DES0104,P16418,SCH0177,client,documented_no_holdout,,yes,no,unknown,not_a_client_holdout,EVD1753 | EVD1756 | EVD1757 | EVD1752,The reported design is chronological and does not use client membership to define training and testing.,high
R2D0311,DES0104,P16418,SCH0177,network,documented_no_holdout,,yes,no,unknown,not_a_network_holdout,EVD1753 | EVD1756 | EVD1757 | EVD1752,The reported design is chronological and does not use network membership to define training and testing.,high
R2D0312,DES0104,P16418,SCH0177,temporal,documented_holdout,"April 24 to June 12, 2019 | July 3 to August 1, 2019",yes,yes,yes,reported_temporal_holdout,EVD1753 | EVD1756 | EVD1757 | EVD1752,"Training, validation, and testing are assigned by non-overlapping calendar periods before time-series construction. NetFlow observations from the training and test windows are temporally disjoint parent traffic.",high
R2D0313,DES0105,P16418,SCH0178,client,documented_no_holdout,,yes,no,unknown,not_a_client_holdout,EVD1753 | EVD1756 | EVD1757 | EVD1752,The reported design is chronological and does not use client membership to define training and testing.,high
R2D0314,DES0105,P16418,SCH0178,network,documented_no_holdout,,yes,no,unknown,not_a_network_holdout,EVD1753 | EVD1756 | EVD1757 | EVD1752,The reported design is chronological and does not use network membership to define training and testing.,high
R2D0315,DES0105,P16418,SCH0178,temporal,documented_holdout,"April 24 to June 12, 2019 | July 3 to August 1, 2019",yes,yes,yes,reported_temporal_holdout,EVD1753 | EVD1756 | EVD1757 | EVD1752,"Training, validation, and testing are assigned by non-overlapping calendar periods before time-series construction. NetFlow observations from the training and test windows are temporally disjoint parent traffic.",high
R2D0316,DES0106,P16418,SCH0179,client,documented_no_holdout,,yes,no,unknown,not_a_client_holdout,EVD1753 | EVD1756 | EVD1757 | EVD1752,The reported design is chronological and does not use client membership to define training and testing.,high
R2D0317,DES0106,P16418,SCH0179,network,documented_no_holdout,,yes,no,unknown,not_a_network_holdout,EVD1753 | EVD1756 | EVD1757 | EVD1752,The reported design is chronological and does not use network membership to define training and testing.,high
R2D0318,DES0106,P16418,SCH0179,temporal,documented_holdout,"April 24 to June 12, 2019 | July 3 to August 1, 2019",yes,yes,yes,reported_temporal_holdout,EVD1753 | EVD1756 | EVD1757 | EVD1752,"Training, validation, and testing are assigned by non-overlapping calendar periods before time-series construction. NetFlow observations from the training and test windows are temporally disjoint parent traffic.",high
R2D0319,DES0107,P17148,SCH0181,client,not_documented,,yes,unknown,unknown,unknown_not_reported,EVD1761,Training and test construction does not document whether client membership determines the partition.,medium
R2D0320,DES0107,P17148,SCH0181,network,not_documented,,yes,unknown,unknown,unknown_not_reported,EVD1761,Training and test construction does not document whether network membership determines the partition.,medium
R2D0321,DES0107,P17148,SCH0181,temporal,not_documented,,yes,unknown,unknown,unknown_not_reported,EVD1761,Training and test construction does not document whether temporal membership determines the partition.,medium
R2D0322,DES0108,P17148,SCH0182,client,documented_no_holdout,,yes,no,yes,fixed_client_testbed,EVD1759 | EVD1760,Both date partitions use the same fixed client testbed.,high
R2D0323,DES0108,P17148,SCH0182,network,documented_no_holdout,,yes,no,yes,fixed_network_testbed,EVD1759 | EVD1760,Both date partitions use the same fixed network testbed.,high
R2D0324,DES0108,P17148,SCH0182,temporal,documented_holdout,documented training date versus documented testing date,yes,yes,yes,documented_temporal_holdout,EVD1760,The complete binary scheme is collected on separate dates and parent captures from the test date are excluded from training.,high
R2D0325,DES0109,P17269,SCH0186 | SCH0187 | SCH0189,client,not_documented,,yes,unknown,unknown,unknown_not_reported,EVD1763 | EVD1764,Client-condition membership is not documented for every label in both source and target mixtures.,medium
R2D0326,DES0109,P17269,SCH0186 | SCH0187 | SCH0189,network,documented_no_holdout,AndMal2019 source versus MTA malicious plus enterprise benign target,no,yes,yes,label_aliased_network_contrast,EVD1989 | EVD1764,The target labels come from different independently provenanced network collections and therefore do not share one documented target network value.,high
R2D0327,DES0109,P17269,SCH0186 | SCH0187 | SCH0189,temporal,documented_no_holdout,,yes,no,unknown,not_a_temporal_holdout,EVD1989 | EVD1764,The source and target collections are selected by dataset provenance and the paper does not construct an elapsed-time condition holdout.,high
R2D0328,DES0110,P17269,SCH0187 | SCH0188 | SCH0189,client,not_documented,,yes,unknown,unknown,unknown_not_reported,EVD1763 | EVD1764,Client-condition membership is not documented for every label in both source and target mixtures.,medium
R2D0329,DES0110,P17269,SCH0187 | SCH0188 | SCH0189,network,documented_no_holdout,MTA plus MAWI source mixture versus MTA plus enterprise target mixture,no,yes,unknown,label_aliased_network_contrast,EVD1989 | EVD1764,Only the benign source changes to enterprise traffic while the malicious label remains sourced from MTA. The full scheme is not captured under one shared target network value.,high
R2D0330,DES0110,P17269,SCH0187 | SCH0188 | SCH0189,temporal,documented_no_holdout,,yes,no,unknown,not_a_temporal_holdout,EVD1989 | EVD1764,The source and target collections are selected by dataset provenance and the paper does not construct an elapsed-time condition holdout.,high
R2D0331,DES0111,P17899,SCH0206,client,documented_no_holdout,,yes,no,unknown,not_a_client_holdout,EVD1768,The reported design partitions pooled samples or label groups without using client membership to define training and testing.,high
R2D0332,DES0111,P17899,SCH0206,network,documented_no_holdout,,yes,no,unknown,not_a_network_holdout,EVD1768,The reported design partitions pooled samples or label groups without using network membership to define training and testing.,high
R2D0333,DES0111,P17899,SCH0206,temporal,documented_no_holdout,,yes,no,unknown,not_a_temporal_holdout,EVD1768,The reported design partitions pooled samples or label groups without using temporal membership to define training and testing.,high
R2D0334,DES0112,P17899,SCH0207,client,documented_no_holdout,,yes,no,unknown,not_a_client_holdout,EVD1768,The reported design partitions pooled samples or label groups without using client membership to define training and testing.,high
R2D0335,DES0112,P17899,SCH0207,network,documented_no_holdout,,yes,no,unknown,not_a_network_holdout,EVD1768,The reported design partitions pooled samples or label groups without using network membership to define training and testing.,high
R2D0336,DES0112,P17899,SCH0207,temporal,documented_no_holdout,,yes,no,unknown,not_a_temporal_holdout,EVD1768,The reported design partitions pooled samples or label groups without using temporal membership to define training and testing.,high
R2D0337,DES0113,P17899,SCH0208,client,documented_no_holdout,,yes,no,unknown,not_a_client_holdout,EVD1768,The reported design partitions pooled samples or label groups without using client membership to define training and testing.,high
R2D0338,DES0113,P17899,SCH0208,network,documented_no_holdout,,yes,no,unknown,not_a_network_holdout,EVD1768,The reported design partitions pooled samples or label groups without using network membership to define training and testing.,high
R2D0339,DES0113,P17899,SCH0208,temporal,documented_no_holdout,,yes,no,unknown,not_a_temporal_holdout,EVD1768,The reported design partitions pooled samples or label groups without using temporal membership to define training and testing.,high
R2D0340,DES0114,P17899,SCH0209,client,documented_no_holdout,,yes,no,unknown,not_a_client_holdout,EVD1768,The reported design partitions pooled samples or label groups without using client membership to define training and testing.,high
R2D0341,DES0114,P17899,SCH0209,network,documented_no_holdout,,yes,no,unknown,not_a_network_holdout,EVD1768,The reported design partitions pooled samples or label groups without using network membership to define training and testing.,high
R2D0342,DES0114,P17899,SCH0209,temporal,documented_no_holdout,,yes,no,unknown,not_a_temporal_holdout,EVD1768,The reported design partitions pooled samples or label groups without using temporal membership to define training and testing.,high
R2D0343,DES0115,P17951,SCH0210,client,documented_no_holdout,,yes,no,unknown,documented_no_holdout,EVD1775 | EVD1776,This audited condition does not determine a disjoint train and test partition in the documented design.,high
R2D0344,DES0115,P17951,SCH0210,network,documented_no_holdout,,yes,no,unknown,documented_no_holdout,EVD1775 | EVD1776,This audited condition does not determine a disjoint train and test partition in the documented design.,high
R2D0345,DES0115,P17951,SCH0210,temporal,documented_no_holdout,,yes,no,unknown,documented_no_holdout,EVD1775 | EVD1776,This audited condition does not determine a disjoint train and test partition in the documented design.,high
R2D0346,DES0116,P17951,SCH0211,client,documented_no_holdout,,yes,no,unknown,documented_no_holdout,EVD1774,This audited condition does not determine a disjoint train and test partition in the documented design.,high
R2D0347,DES0116,P17951,SCH0211,network,documented_no_holdout,,yes,no,unknown,documented_no_holdout,EVD1774,This audited condition does not determine a disjoint train and test partition in the documented design.,high
R2D0348,DES0116,P17951,SCH0211,temporal,documented_no_holdout,,yes,no,unknown,documented_no_holdout,EVD1774,This audited condition does not determine a disjoint train and test partition in the documented design.,high
R2D0349,DES0117,P17951,SCH0212,client,documented_no_holdout,,yes,no,unknown,documented_no_holdout,EVD1775 | EVD1776,This audited condition does not determine a disjoint train and test partition in the documented design.,high
R2D0350,DES0117,P17951,SCH0212,network,documented_no_holdout,,yes,no,unknown,documented_no_holdout,EVD1775 | EVD1776,This audited condition does not determine a disjoint train and test partition in the documented design.,high
R2D0351,DES0117,P17951,SCH0212,temporal,documented_no_holdout,,yes,no,unknown,documented_no_holdout,EVD1775 | EVD1776,This audited condition does not determine a disjoint train and test partition in the documented design.,high
R2D0352,DES0118,P17951,SCH0213,client,documented_no_holdout,,yes,no,unknown,documented_no_holdout,EVD1775 | EVD1776,This audited condition does not determine a disjoint train and test partition in the documented design.,high
R2D0353,DES0118,P17951,SCH0213,network,documented_no_holdout,,yes,no,unknown,documented_no_holdout,EVD1775 | EVD1776,This audited condition does not determine a disjoint train and test partition in the documented design.,high
R2D0354,DES0118,P17951,SCH0213,temporal,documented_no_holdout,,yes,no,unknown,documented_no_holdout,EVD1775 | EVD1776,This audited condition does not determine a disjoint train and test partition in the documented design.,high
R2D0355,DES0119,P18011,SCH0217,client,documented_no_holdout,,yes,no,unknown,documented_no_holdout,EVD1779,This audited condition does not determine a disjoint train and test partition in the documented design.,high
R2D0356,DES0119,P18011,SCH0217,network,documented_no_holdout,,yes,no,yes,nonqualifying_condition_contrast,EVD1779,The design changes only simulated bandwidth congestion within one fixed-access-point testbed.,high
R2D0357,DES0119,P18011,SCH0217,temporal,documented_no_holdout,,yes,no,unknown,documented_no_holdout,EVD1779,This audited condition does not determine a disjoint train and test partition in the documented design.,high
R2D0358,DES0120,P18011,SCH0215,client,documented_no_holdout,,yes,no,unknown,documented_no_holdout,EVD1785,This audited condition does not determine a disjoint train and test partition in the documented design.,high
R2D0359,DES0120,P18011,SCH0215,network,documented_no_holdout,,yes,no,unknown,documented_no_holdout,EVD1785,This audited condition does not determine a disjoint train and test partition in the documented design.,high
R2D0360,DES0120,P18011,SCH0215,temporal,documented_no_holdout,,yes,no,unknown,documented_no_holdout,EVD1785,This audited condition does not determine a disjoint train and test partition in the documented design.,high
R2D0361,DES0121,P18011,SCH0215,client,documented_no_holdout,,yes,no,unknown,documented_no_holdout,EVD1785,This audited condition does not determine a disjoint train and test partition in the documented design.,high
R2D0362,DES0121,P18011,SCH0215,network,documented_no_holdout,,yes,no,unknown,documented_no_holdout,EVD1785,This audited condition does not determine a disjoint train and test partition in the documented design.,high
R2D0363,DES0121,P18011,SCH0215,temporal,documented_no_holdout,,yes,no,unknown,documented_no_holdout,EVD1785,This audited condition does not determine a disjoint train and test partition in the documented design.,high
R2D0364,DES0122,P18011,SCH0216,client,documented_no_holdout,,yes,no,unknown,documented_no_holdout,EVD1785,This audited condition does not determine a disjoint train and test partition in the documented design.,high
R2D0365,DES0122,P18011,SCH0216,network,documented_no_holdout,,yes,no,unknown,documented_no_holdout,EVD1785,This audited condition does not determine a disjoint train and test partition in the documented design.,high
R2D0366,DES0122,P18011,SCH0216,temporal,documented_no_holdout,,yes,no,unknown,documented_no_holdout,EVD1785,This audited condition does not determine a disjoint train and test partition in the documented design.,high
R2D0367,DES0123,P18011,SCH0217,client,documented_no_holdout,,yes,no,unknown,documented_no_holdout,EVD1789,This audited condition does not determine a disjoint train and test partition in the documented design.,high
R2D0368,DES0123,P18011,SCH0217,network,documented_no_holdout,,yes,no,unknown,documented_no_holdout,EVD1789,This audited condition does not determine a disjoint train and test partition in the documented design.,high
R2D0369,DES0123,P18011,SCH0217,temporal,documented_no_holdout,,yes,no,unknown,documented_no_holdout,EVD1789,This audited condition does not determine a disjoint train and test partition in the documented design.,high
R2D0370,DES0124,P18011,SCH0214 | SCH0217,client,documented_holdout,automated Pixel 2 collection versus five human operators,yes,yes,yes,documented_holdout,EVD1780,"The complete scheme is grouped by the documented condition before sample selection, with disjoint parent captures in training and test.",high
R2D0371,DES0124,P18011,SCH0214 | SCH0217,network,documented_no_holdout,,yes,no,unknown,documented_no_holdout,EVD1780,This audited condition does not determine a disjoint train and test partition in the documented design.,high
R2D0372,DES0124,P18011,SCH0214 | SCH0217,temporal,documented_no_holdout,,yes,no,unknown,documented_no_holdout,EVD1780,This audited condition does not determine a disjoint train and test partition in the documented design.,high
R2D0373,DES0125,P18011,SCH0217,client,documented_no_holdout,,yes,no,unknown,documented_no_holdout,EVD1789,This audited condition does not determine a disjoint train and test partition in the documented design.,high
R2D0374,DES0125,P18011,SCH0217,network,documented_no_holdout,,yes,no,unknown,documented_no_holdout,EVD1789,This audited condition does not determine a disjoint train and test partition in the documented design.,high
R2D0375,DES0125,P18011,SCH0217,temporal,documented_no_holdout,,yes,no,unknown,documented_no_holdout,EVD1789,This audited condition does not determine a disjoint train and test partition in the documented design.,high
R2D0376,DES0126,P18011,SCH0217,client,documented_no_holdout,,yes,no,unknown,documented_no_holdout,EVD1788,This audited condition does not determine a disjoint train and test partition in the documented design.,high
R2D0377,DES0126,P18011,SCH0217,network,documented_no_holdout,,yes,no,unknown,documented_no_holdout,EVD1788,This audited condition does not determine a disjoint train and test partition in the documented design.,high
R2D0378,DES0126,P18011,SCH0217,temporal,documented_no_holdout,,yes,no,unknown,documented_no_holdout,EVD1788,This audited condition does not determine a disjoint train and test partition in the documented design.,high
R2D0379,DES0127,P18222,SCH0218,client,documented_no_holdout,,yes,no,unknown,documented_no_holdout,EVD1791,This audited condition does not determine a disjoint train and test partition in the documented design.,high
R2D0380,DES0127,P18222,SCH0218,network,documented_no_holdout,,yes,no,unknown,documented_no_holdout,EVD1791,This audited condition does not determine a disjoint train and test partition in the documented design.,high
R2D0381,DES0127,P18222,SCH0218,temporal,documented_holdout,2017 versus 2018 through February 2021,yes,yes,yes,documented_holdout,EVD1791,"The complete scheme is grouped by the documented condition before sample selection, with disjoint parent captures in training and test.",high
R2D0382,DES0128,P18385,SCH0220 | SCH0221,client,documented_no_holdout,,yes,no,unknown,documented_no_holdout,EVD1793 | EVD1798,This audited condition does not determine a disjoint train and test partition in the documented design.,high
R2D0383,DES0128,P18385,SCH0220 | SCH0221,network,documented_no_holdout,,yes,no,unknown,documented_no_holdout,EVD1793 | EVD1798,This audited condition does not determine a disjoint train and test partition in the documented design.,high
R2D0384,DES0128,P18385,SCH0220 | SCH0221,temporal,documented_no_holdout,,yes,no,unknown,documented_no_holdout,EVD1793 | EVD1798,This audited condition does not determine a disjoint train and test partition in the documented design.,high
R2D0385,DES0129,P18385,SCH0221 | SCH0222,client,documented_no_holdout,,yes,no,unknown,documented_no_holdout,EVD1798,This audited condition does not determine a disjoint train and test partition in the documented design.,high
R2D0386,DES0129,P18385,SCH0221 | SCH0222,network,documented_no_holdout,,yes,no,unknown,documented_no_holdout,EVD1798,This audited condition does not determine a disjoint train and test partition in the documented design.,high
R2D0387,DES0129,P18385,SCH0221 | SCH0222,temporal,documented_no_holdout,,yes,no,unknown,documented_no_holdout,EVD1798,This audited condition does not determine a disjoint train and test partition in the documented design.,high
R2D0388,DES0130,P18385,SCH0221 | SCH0222,client,documented_no_holdout,,yes,no,unknown,documented_no_holdout,EVD1798,This audited condition does not determine a disjoint train and test partition in the documented design.,high
R2D0389,DES0130,P18385,SCH0221 | SCH0222,network,documented_no_holdout,,yes,no,unknown,documented_no_holdout,EVD1798,This audited condition does not determine a disjoint train and test partition in the documented design.,high
R2D0390,DES0130,P18385,SCH0221 | SCH0222,temporal,documented_no_holdout,,yes,no,unknown,documented_no_holdout,EVD1798,This audited condition does not determine a disjoint train and test partition in the documented design.,high
R2D0391,DES0131,P18385,SCH0222,client,documented_no_holdout,,yes,no,unknown,documented_no_holdout,EVD1798,This audited condition does not determine a disjoint train and test partition in the documented design.,high
R2D0392,DES0131,P18385,SCH0222,network,documented_no_holdout,,yes,no,unknown,documented_no_holdout,EVD1798,This audited condition does not determine a disjoint train and test partition in the documented design.,high
R2D0393,DES0131,P18385,SCH0222,temporal,documented_no_holdout,,yes,no,unknown,documented_no_holdout,EVD1798,This audited condition does not determine a disjoint train and test partition in the documented design.,high
R2D0394,DES0132,P18385,SCH0222,client,documented_no_holdout,,yes,no,unknown,documented_no_holdout,EVD1800,This audited condition does not determine a disjoint train and test partition in the documented design.,high
R2D0395,DES0132,P18385,SCH0222,network,documented_no_holdout,,yes,no,unknown,documented_no_holdout,EVD1800,This audited condition does not determine a disjoint train and test partition in the documented design.,high
R2D0396,DES0132,P18385,SCH0222,temporal,documented_no_holdout,,yes,no,unknown,documented_no_holdout,EVD1800,This audited condition does not determine a disjoint train and test partition in the documented design.,high
R2D0397,DES0133,P26148,SCH0223,client,documented_no_holdout,,yes,no,unknown,documented_no_holdout,EVD1813 | EVD1812,This audited condition does not determine a disjoint train and test partition in the documented design.,high
R2D0398,DES0133,P26148,SCH0223,network,documented_no_holdout,,yes,no,unknown,documented_no_holdout,EVD1813 | EVD1812,This audited condition does not determine a disjoint train and test partition in the documented design.,high
R2D0399,DES0133,P26148,SCH0223,temporal,documented_no_holdout,,yes,no,unknown,documented_no_holdout,EVD1813 | EVD1812,"The 75, 23, and 2 percent split is performed within the benchmark rather than using temporal task membership as an exclusive train and test partition.",high
R2D0400,DES0134,P26148,SCH0224,client,documented_no_holdout,,yes,no,unknown,documented_no_holdout,EVD1813 | EVD1812,This audited condition does not determine a disjoint train and test partition in the documented design.,high
R2D0401,DES0134,P26148,SCH0224,network,documented_no_holdout,,yes,no,unknown,documented_no_holdout,EVD1813 | EVD1812,This audited condition does not determine a disjoint train and test partition in the documented design.,high
R2D0402,DES0134,P26148,SCH0224,temporal,documented_no_holdout,,yes,no,unknown,documented_no_holdout,EVD1813 | EVD1812,"The 75, 23, and 2 percent split is performed within the benchmark rather than using temporal task membership as an exclusive train and test partition.",high
R2D0403,DES0135,P26148,SCH0225,client,documented_no_holdout,,yes,no,unknown,documented_no_holdout,EVD1813 | EVD1812,This audited condition does not determine a disjoint train and test partition in the documented design.,high
R2D0404,DES0135,P26148,SCH0225,network,documented_no_holdout,,yes,no,unknown,documented_no_holdout,EVD1813 | EVD1812,This audited condition does not determine a disjoint train and test partition in the documented design.,high
R2D0405,DES0135,P26148,SCH0225,temporal,documented_no_holdout,,yes,no,unknown,documented_no_holdout,EVD1813 | EVD1812,"The 75, 23, and 2 percent split is performed within the benchmark rather than using temporal task membership as an exclusive train and test partition.",high
R2D0406,DES0136,P26148,SCH0226,client,documented_no_holdout,,yes,no,unknown,documented_no_holdout,EVD1813 | EVD1812,This audited condition does not determine a disjoint train and test partition in the documented design.,high
R2D0407,DES0136,P26148,SCH0226,network,documented_no_holdout,,yes,no,unknown,documented_no_holdout,EVD1813 | EVD1812,This audited condition does not determine a disjoint train and test partition in the documented design.,high
R2D0408,DES0136,P26148,SCH0226,temporal,documented_no_holdout,,yes,no,unknown,documented_no_holdout,EVD1813 | EVD1812,"The 75, 23, and 2 percent split is performed within the benchmark rather than using temporal task membership as an exclusive train and test partition.",high
R2D0409,DES0137,P26148,SCH0227,client,documented_no_holdout,,yes,no,unknown,documented_no_holdout,EVD1813 | EVD1812,This audited condition does not determine a disjoint train and test partition in the documented design.,high
R2D0410,DES0137,P26148,SCH0227,network,documented_no_holdout,,yes,no,unknown,documented_no_holdout,EVD1813 | EVD1812,This audited condition does not determine a disjoint train and test partition in the documented design.,high
R2D0411,DES0137,P26148,SCH0227,temporal,documented_no_holdout,,yes,no,unknown,documented_no_holdout,EVD1813 | EVD1812,"The 75, 23, and 2 percent split is performed within the benchmark rather than using temporal task membership as an exclusive train and test partition.",high
R2D0412,DES0138,P26148,SCH0228,client,documented_no_holdout,,yes,no,unknown,documented_no_holdout,EVD1813 | EVD1812,This audited condition does not determine a disjoint train and test partition in the documented design.,high
R2D0413,DES0138,P26148,SCH0228,network,documented_no_holdout,,yes,no,unknown,documented_no_holdout,EVD1813 | EVD1812,This audited condition does not determine a disjoint train and test partition in the documented design.,high
R2D0414,DES0138,P26148,SCH0228,temporal,documented_no_holdout,,yes,no,unknown,documented_no_holdout,EVD1813 | EVD1812,"The 75, 23, and 2 percent split is performed within the benchmark rather than using temporal task membership as an exclusive train and test partition.",high
R2D0415,DES0139,P26148,SCH0229,client,documented_no_holdout,,yes,no,unknown,documented_no_holdout,EVD1813 | EVD1812,This audited condition does not determine a disjoint train and test partition in the documented design.,high
R2D0416,DES0139,P26148,SCH0229,network,documented_no_holdout,,yes,no,unknown,documented_no_holdout,EVD1813 | EVD1812,This audited condition does not determine a disjoint train and test partition in the documented design.,high
R2D0417,DES0139,P26148,SCH0229,temporal,documented_no_holdout,,yes,no,unknown,documented_no_holdout,EVD1813 | EVD1812,"The 75, 23, and 2 percent split is performed within the benchmark rather than using temporal task membership as an exclusive train and test partition.",high
R2D0418,DES0140,P39403,SCH0250,client,documented_no_holdout,,yes,no,unknown,documented_no_holdout,EVD1826,This audited condition does not determine a disjoint train and test partition in the documented design.,high
R2D0419,DES0140,P39403,SCH0250,network,documented_holdout,source IXP versus held-out IXP,yes,yes,yes,documented_holdout,EVD1826,"The complete scheme is grouped by the documented condition before sample selection, with disjoint parent captures in training and test.",high
R2D0420,DES0140,P39403,SCH0250,temporal,documented_no_holdout,,yes,no,unknown,documented_no_holdout,EVD1826,This audited condition does not determine a disjoint train and test partition in the documented design.,high
R2D0421,DES0141,P39403,SCH0250,client,documented_no_holdout,,yes,no,unknown,documented_no_holdout,EVD1826,This audited condition does not determine a disjoint train and test partition in the documented design.,high
R2D0422,DES0141,P39403,SCH0250,network,documented_no_holdout,,yes,no,unknown,documented_no_holdout,EVD1826,This audited condition does not determine a disjoint train and test partition in the documented design.,high
R2D0423,DES0141,P39403,SCH0250,temporal,documented_holdout,"initial day, week, or month versus all later days",yes,yes,yes,documented_holdout,EVD1826,"The complete scheme is grouped by the documented condition before sample selection, with disjoint parent captures in training and test.",high
R2D0424,DES0142,P39403,SCH0250,client,documented_no_holdout,,yes,no,unknown,documented_no_holdout,EVD1829,This audited condition does not determine a disjoint train and test partition in the documented design.,high
R2D0425,DES0142,P39403,SCH0250,network,documented_no_holdout,,yes,no,unknown,documented_no_holdout,EVD1829,This audited condition does not determine a disjoint train and test partition in the documented design.,high
R2D0426,DES0142,P39403,SCH0250,temporal,documented_no_holdout,,yes,no,unknown,documented_no_holdout,EVD1829,This audited condition does not determine a disjoint train and test partition in the documented design.,high
R2D0427,DES0143,P39403,SCH0250,client,documented_no_holdout,,yes,no,unknown,documented_no_holdout,EVD1826,This audited condition does not determine a disjoint train and test partition in the documented design.,high
R2D0428,DES0143,P39403,SCH0250,network,documented_no_holdout,,yes,no,unknown,documented_no_holdout,EVD1826,This audited condition does not determine a disjoint train and test partition in the documented design.,high
R2D0429,DES0143,P39403,SCH0250,temporal,documented_holdout,"past day, week, or month versus following day",yes,yes,yes,documented_holdout,EVD1826,"The complete scheme is grouped by the documented condition before sample selection, with disjoint parent captures in training and test.",high
R2D0430,DES0144,P40572,SCH0268,client,documented_no_holdout,,yes,no,unknown,documented_no_holdout,EVD1833,This audited condition does not determine a disjoint train and test partition in the documented design.,high
R2D0431,DES0144,P40572,SCH0268,network,documented_no_holdout,,yes,no,unknown,documented_no_holdout,EVD1833,This audited condition does not determine a disjoint train and test partition in the documented design.,high
R2D0432,DES0144,P40572,SCH0268,temporal,documented_holdout,first two weeks versus later two weeks of August 2018,yes,yes,yes,documented_holdout,EVD1833,"The complete scheme is grouped by the documented condition before sample selection, with disjoint parent captures in training and test.",high
R2D0433,DES0145,P40572,SCH0268,client,documented_no_holdout,,yes,no,unknown,documented_no_holdout,EVD1838,This audited condition does not determine a disjoint train and test partition in the documented design.,high
R2D0434,DES0145,P40572,SCH0268,network,documented_no_holdout,,yes,no,unknown,documented_no_holdout,EVD1838,This audited condition does not determine a disjoint train and test partition in the documented design.,high
R2D0435,DES0145,P40572,SCH0268,temporal,documented_holdout,August 2018 training versus January and September 2019 testing,yes,yes,yes,documented_holdout,EVD1838,"The complete scheme is grouped by the documented condition before sample selection, with disjoint parent captures in training and test.",high
R2D0436,DES0146,P40572,SCH0268,client,documented_no_holdout,,yes,no,unknown,documented_no_holdout,EVD1838,This audited condition does not determine a disjoint train and test partition in the documented design.,high
R2D0437,DES0146,P40572,SCH0268,network,documented_no_holdout,,yes,no,unknown,documented_no_holdout,EVD1838,This audited condition does not determine a disjoint train and test partition in the documented design.,high
R2D0438,DES0146,P40572,SCH0268,temporal,documented_holdout,first one percent versus remaining data in each month,yes,yes,yes,documented_holdout,EVD1838,"The complete scheme is grouped by the documented condition before sample selection, with disjoint parent captures in training and test.",high
R2D0439,DES0147,P41311,SCH0269 | SCH0270 | SCH0271 | SCH0272,client,documented_no_holdout,,yes,no,unknown,documented_no_holdout,EVD1842 | EVD1841,This audited condition does not determine a disjoint train and test partition in the documented design.,high
R2D0440,DES0147,P41311,SCH0269 | SCH0270 | SCH0271 | SCH0272,network,documented_no_holdout,,yes,no,yes,nonqualifying_condition_contrast,EVD1842 | EVD1841,The design groups generated scenarios and replayed traffic sources rather than a qualifying network condition.,high
R2D0441,DES0147,P41311,SCH0269 | SCH0270 | SCH0271 | SCH0272,temporal,documented_no_holdout,,yes,no,unknown,documented_no_holdout,EVD1842 | EVD1841,This audited condition does not determine a disjoint train and test partition in the documented design.,high
R2D0442,DES0148,P41311,SCH0271,client,documented_no_holdout,,yes,no,unknown,documented_no_holdout,EVD1841,This audited condition does not determine a disjoint train and test partition in the documented design.,high
R2D0443,DES0148,P41311,SCH0271,network,documented_no_holdout,,yes,no,yes,nonqualifying_condition_contrast,EVD1841,The design groups generated scenarios and replayed traffic sources rather than a qualifying network condition.,high
R2D0444,DES0148,P41311,SCH0271,temporal,documented_no_holdout,,yes,no,unknown,documented_no_holdout,EVD1841,This audited condition does not determine a disjoint train and test partition in the documented design.,high
R2D0445,DES0149,P41311,SCH0269 | SCH0270 | SCH0271 | SCH0272,client,documented_no_holdout,,yes,no,unknown,documented_no_holdout,EVD1841,This audited condition does not determine a disjoint train and test partition in the documented design.,high
R2D0446,DES0149,P41311,SCH0269 | SCH0270 | SCH0271 | SCH0272,network,documented_no_holdout,,yes,no,yes,nonqualifying_condition_contrast,EVD1841,The design groups generated scenarios and replayed traffic sources rather than a qualifying network condition.,high
R2D0447,DES0149,P41311,SCH0269 | SCH0270 | SCH0271 | SCH0272,temporal,documented_no_holdout,,yes,no,unknown,documented_no_holdout,EVD1841,This audited condition does not determine a disjoint train and test partition in the documented design.,high
R2D0448,DES0150,P41311,SCH0269 | SCH0270 | SCH0271 | SCH0272,client,documented_no_holdout,,yes,no,unknown,documented_no_holdout,EVD1842 | EVD1841,This audited condition does not determine a disjoint train and test partition in the documented design.,high
R2D0449,DES0150,P41311,SCH0269 | SCH0270 | SCH0271 | SCH0272,network,documented_no_holdout,,yes,no,yes,nonqualifying_condition_contrast,EVD1842 | EVD1841,The design groups generated scenarios and replayed traffic sources rather than a qualifying network condition.,high
R2D0450,DES0150,P41311,SCH0269 | SCH0270 | SCH0271 | SCH0272,temporal,documented_no_holdout,,yes,no,unknown,documented_no_holdout,EVD1842 | EVD1841,This audited condition does not determine a disjoint train and test partition in the documented design.,high
R2D0451,DES0151,P41709,SCH0276,client,not_documented,,no,unknown,unknown,client_condition_not_documented,EVD1854 | EVD1852 | EVD1853,Accessible evidence does not establish a client-defined train-test grouping before sampling or disjoint parent captures.,medium
R2D0452,DES0151,P41709,SCH0276,network,not_documented,,no,unknown,unknown,network_condition_not_documented,EVD1854 | EVD1852 | EVD1853,Accessible evidence does not establish a network-defined train-test grouping before sampling or disjoint parent captures.,medium
R2D0453,DES0151,P41709,SCH0276,temporal,not_documented,,no,unknown,unknown,temporal_condition_not_documented,EVD1854 | EVD1852 | EVD1853,Accessible evidence does not establish a temporal-defined train-test grouping before sampling or disjoint parent captures.,medium
R2D0454,DES0152,P42427,SCH0284 | SCH0288 | SCH0289 | SCH0290,client,documented_no_holdout,,yes,no,unknown,documented_no_holdout,EVD1656,Automated instances from the same client environment are divided across training and testing.,high
R2D0455,DES0152,P42427,SCH0284 | SCH0288 | SCH0289 | SCH0290,network,documented_no_holdout,,yes,no,unknown,documented_no_holdout,EVD1656,The automated samples are not grouped by network condition before splitting.,high
R2D0456,DES0152,P42427,SCH0284 | SCH0288 | SCH0289 | SCH0290,temporal,documented_no_holdout,,yes,no,unknown,documented_no_holdout,EVD1656,The automated split is by instances rather than elapsed time.,high
R2D0457,DES0153,P42427,SCH0285,client,documented_no_holdout,,yes,no,unknown,documented_no_holdout,EVD1657,Automated instances from the same client environment are divided across training and testing.,high
R2D0458,DES0153,P42427,SCH0285,network,documented_no_holdout,,yes,no,unknown,documented_no_holdout,EVD1657,The automated samples are not grouped by network condition before splitting.,high
R2D0459,DES0153,P42427,SCH0285,temporal,documented_no_holdout,,yes,no,unknown,documented_no_holdout,EVD1657,The automated split is by instances rather than elapsed time.,high
R2D0460,DES0154,P42427,SCH0286,client,not_documented,,yes,unknown,yes,qualifying_condition_not_documented,EVD1658,"The design holds out volunteer identity, but the paper does not report qualifying client-configuration membership for the volunteers.",high
R2D0461,DES0154,P42427,SCH0286,network,not_documented,,unknown,unknown,unknown,not_documented,EVD1658,Network conditions are not reported as the basis of this partition.,high
R2D0462,DES0154,P42427,SCH0286,temporal,not_documented,,unknown,unknown,unknown,not_documented,EVD1658,No elapsed-time condition determines this partition.,high
R2D0463,DES0155,P42427,SCH0287,client,not_documented,,yes,unknown,yes,qualifying_condition_not_documented,EVD1659,"The design holds out volunteer identity, but the paper does not report qualifying client-configuration membership for the volunteers.",high
R2D0464,DES0155,P42427,SCH0287,network,not_documented,,unknown,unknown,unknown,not_documented,EVD1659,Network conditions are not reported as the basis of this partition.,high
R2D0465,DES0155,P42427,SCH0287,temporal,not_documented,,unknown,unknown,unknown,not_documented,EVD1659,No elapsed-time condition determines this partition.,high
R2D0466,DES0156,P42427,SCH0284 | SCH0286,client,documented_holdout,automated client versus human volunteers,yes,yes,yes,documented_holdout,EVD1660,Client generation source or volunteer identity determines the partition and parent sessions are disjoint.,high
R2D0467,DES0156,P42427,SCH0284 | SCH0286,network,not_documented,,unknown,unknown,unknown,not_documented,EVD1660,Network conditions are not reported as the basis of this partition.,high
R2D0468,DES0156,P42427,SCH0284 | SCH0286,temporal,documented_no_holdout,No qualifying temporal pair: Monkey-generated versus human-operated traffic,unknown,no,unknown,nonqualifying_condition_contrast,EVD1660,Generation source and user behavior determine the partition. No elapsed-time condition is defined for the complete binary scheme.,high
R2D0469,DES0157,P42427,SCH0285 | SCH0287,client,documented_holdout,automated client versus human volunteers,yes,yes,yes,documented_holdout,EVD1661,Client generation source or volunteer identity determines the partition and parent sessions are disjoint.,high
R2D0470,DES0157,P42427,SCH0285 | SCH0287,network,documented_no_holdout,No qualifying network pair: Monkey-generated versus human-operated traffic,unknown,no,unknown,nonqualifying_condition_contrast,EVD1661,"The partition is explicitly defined by traffic-generation source and behavior, not by a physical network condition.",high
R2D0471,DES0157,P42427,SCH0285 | SCH0287,temporal,not_documented,,unknown,unknown,unknown,not_documented,EVD1661,No elapsed-time condition determines this partition.,high
R2D0472,DES0158,P42516,SCH0296 | SCH0297 | SCH0298,client,not_documented,,unknown,unknown,unknown,not_documented,EVD1662,"Providers do not overlap, but complete two-label coverage and disjoint client parent captures are not established for a shared client condition.",high
R2D0473,DES0158,P42516,SCH0296 | SCH0297 | SCH0298,network,documented_no_holdout,,yes,no,unknown,documented_no_holdout,EVD1662,"Merit supplies ambient traffic to both the tuning and deployment stages, so the network is not held out.",high
R2D0474,DES0158,P42516,SCH0296 | SCH0297 | SCH0298,temporal,not_documented,Not documented: complete July versus August binary scheme,unknown,unknown,unknown,qualifying_condition_not_documented,EVD1662,"The August campaign contains positive and negative traffic, but the complete training scheme cannot be assigned to July 28 because the VPN-positive collection period is missing. This blocks a holdout finding but is not enough for a documented negative.",high
R2D0475,DES0159,P42933,SCH0320,client,documented_no_holdout,,yes,no,unknown,documented_no_holdout,EVD1663,Client identities and implementations do not determine the train-test partition.,high
R2D0476,DES0159,P42933,SCH0320,network,documented_no_holdout,,yes,no,unknown,documented_no_holdout,EVD1663,The same LBNL observation environment supplies training and testing.,high
R2D0477,DES0159,P42933,SCH0320,temporal,documented_holdout,earlier training month or months and later test month,yes,yes,yes,documented_holdout,EVD1663,Calendar time determines the partition and interactive sessions do not cross months.,high
R2D0478,DES0160,P42933,SCH0320,client,documented_no_holdout,,yes,no,unknown,documented_no_holdout,EVD1664,Client identities and implementations do not determine the train-test partition.,high
R2D0479,DES0160,P42933,SCH0320,network,documented_no_holdout,,yes,no,unknown,documented_no_holdout,EVD1664,The same LBNL observation environment supplies training and testing.,high
R2D0480,DES0160,P42933,SCH0320,temporal,documented_holdout,earlier training month or months and later test month,yes,yes,yes,documented_holdout,EVD1664,Calendar time determines the partition and interactive sessions do not cross months.,high
R2D0481,DES0161,P42933,SCH0320,client,documented_no_holdout,,yes,no,unknown,documented_no_holdout,EVD1665,Client identities and implementations do not determine the train-test partition.,high
R2D0482,DES0161,P42933,SCH0320,network,documented_no_holdout,,yes,no,unknown,documented_no_holdout,EVD1665,The same LBNL observation environment supplies training and testing.,high
R2D0483,DES0161,P42933,SCH0320,temporal,documented_holdout,earlier training month or months and later test month,yes,yes,yes,documented_holdout,EVD1665,Calendar time determines the partition and interactive sessions do not cross months.,high
R2D0484,DES0162,P42933,SCH0321,client,documented_no_holdout,,yes,no,unknown,documented_no_holdout,EVD1666,Client identities and implementations do not determine the train-test partition.,high
R2D0485,DES0162,P42933,SCH0321,network,documented_no_holdout,,yes,no,unknown,documented_no_holdout,EVD1666,The same LBNL observation environment supplies training and testing.,high
R2D0486,DES0162,P42933,SCH0321,temporal,documented_holdout,earlier training month or months and later test month,yes,yes,yes,documented_holdout,EVD1666,Calendar time determines the partition and interactive sessions do not cross months.,high
R2D0487,DES0163,P42933,SCH0322,client,documented_no_holdout,,yes,no,unknown,documented_no_holdout,EVD1667,Client identities and implementations do not determine the train-test partition.,high
R2D0488,DES0163,P42933,SCH0322,network,documented_no_holdout,,yes,no,unknown,documented_no_holdout,EVD1667,The same LBNL observation environment supplies training and testing.,high
R2D0489,DES0163,P42933,SCH0322,temporal,documented_holdout,earlier training month or months and later test month,yes,yes,yes,documented_holdout,EVD1667,Calendar time determines the partition and interactive sessions do not cross months.,high
R2D0490,DES0164,P43680,SCH0338,client,documented_no_holdout,,yes,no,unknown,not_a_client_holdout,EVD1865 | EVD1868 | EVD1867,The 8 to 1 to 1 partition is applied to pooled flows and is not defined by client membership.,high
R2D0491,DES0164,P43680,SCH0338,network,documented_no_holdout,,yes,no,unknown,not_a_network_holdout,EVD1865 | EVD1868 | EVD1867,The 8 to 1 to 1 partition is applied to pooled flows and is not defined by network membership.,high
R2D0492,DES0164,P43680,SCH0338,temporal,documented_no_holdout,,yes,no,unknown,not_a_temporal_holdout,EVD1865 | EVD1868 | EVD1867,The 8 to 1 to 1 partition is applied to pooled flows and is not defined by temporal membership.,high
R2D0493,DES0165,P43680,SCH0339,client,documented_no_holdout,,yes,no,unknown,not_a_client_holdout,EVD1865 | EVD1868 | EVD1867,The 8 to 1 to 1 partition is applied to pooled flows and is not defined by client membership.,high
R2D0494,DES0165,P43680,SCH0339,network,documented_no_holdout,,yes,no,unknown,not_a_network_holdout,EVD1865 | EVD1868 | EVD1867,The 8 to 1 to 1 partition is applied to pooled flows and is not defined by network membership.,high
R2D0495,DES0165,P43680,SCH0339,temporal,documented_no_holdout,,yes,no,unknown,not_a_temporal_holdout,EVD1865 | EVD1868 | EVD1867,The 8 to 1 to 1 partition is applied to pooled flows and is not defined by temporal membership.,high
R2D0496,DES0166,P43793,SCH0340 | SCH0341,client,documented_no_holdout,,yes,no,unknown,documented_no_holdout,EVD1668,UE identity is not the reported basis of the split.,high
R2D0497,DES0166,P43793,SCH0340 | SCH0341,network,documented_no_holdout,,yes,no,unknown,documented_no_holdout,EVD1668,Network scenario is not held out before the trace split.,high
R2D0498,DES0166,P43793,SCH0340 | SCH0341,temporal,documented_no_holdout,,yes,no,unknown,documented_no_holdout,EVD1668,Experimental traces are split without an elapsed-time condition.,high
R2D0499,DES0167,P43793,SCH0341 | SCH0342,client,documented_holdout,POWDER endpoints and validation smartphone,yes,yes,yes,documented_holdout,EVD1669,Endpoint environment determines the partition and the validation parent traces are independently collected.,high
R2D0500,DES0167,P43793,SCH0341 | SCH0342,network,documented_holdout,POWDER network and controlled 4G lab,yes,yes,yes,documented_holdout,EVD1669,Network deployment determines the partition and the parent captures are disjoint.,high
R2D0501,DES0167,P43793,SCH0341 | SCH0342,temporal,not_documented,,unknown,unknown,unknown,not_documented,EVD1669,Collection dates do not establish an elapsed-time comparison.,high
R2D0502,DES0168,P43793,SCH0343 | SCH0344,client,documented_holdout,POWDER endpoints and validation smartphone,yes,yes,yes,documented_holdout,EVD1670,Endpoint environment determines the partition and the validation parent traces are independently collected.,high
R2D0503,DES0168,P43793,SCH0343 | SCH0344,network,documented_holdout,POWDER network and controlled 4G lab,yes,yes,yes,documented_holdout,EVD1670,Network deployment determines the partition and the parent captures are disjoint.,high
R2D0504,DES0168,P43793,SCH0343 | SCH0344,temporal,not_documented,,unknown,unknown,unknown,not_documented,EVD1670,Collection dates do not establish an elapsed-time comparison.,high
R2D0505,DES0169,P43793,SCH0344,client,documented_no_holdout,,yes,no,unknown,documented_no_holdout,EVD1671,UE identity is not the reported basis of the split.,high
R2D0506,DES0169,P43793,SCH0344,network,documented_no_holdout,,yes,no,unknown,documented_no_holdout,EVD1671,Network scenario is not held out before the trace split.,high
R2D0507,DES0169,P43793,SCH0344,temporal,documented_no_holdout,,yes,no,unknown,documented_no_holdout,EVD1671,Experimental traces are split without an elapsed-time condition.,high
R2D0508,DES0170,P43793,SCH0341 | SCH0342,client,documented_holdout,POWDER endpoints and validation smartphone,yes,yes,yes,documented_holdout,EVD1672,Endpoint environment determines the partition and the validation parent traces are independently collected.,high
R2D0509,DES0170,P43793,SCH0341 | SCH0342,network,documented_holdout,POWDER network and controlled 4G lab,yes,yes,yes,documented_holdout,EVD1672,Network deployment determines the partition and the parent captures are disjoint.,high
R2D0510,DES0170,P43793,SCH0341 | SCH0342,temporal,not_documented,,unknown,unknown,unknown,not_documented,EVD1672,Collection dates do not establish an elapsed-time comparison.,high
R2D0511,DES0171,P43907,SCH0345,client,documented_no_holdout,,yes,no,unknown,documented_no_holdout,EVD1673,The selected channel is pooled across client identities and versions before the chronological split.,high
R2D0512,DES0171,P43907,SCH0345,network,documented_no_holdout,,yes,no,unknown,documented_no_holdout,EVD1673,All countries contribute to training and testing rather than being held out by country.,high
R2D0513,DES0171,P43907,SCH0345,temporal,documented_holdout,first two months and final two weeks,yes,yes,yes,documented_holdout,EVD1673,Timestamp period determines the split and request logs do not cross periods.,high
R2D0514,DES0172,P43907,SCH0346,client,documented_no_holdout,,yes,no,unknown,documented_no_holdout,EVD1674,The selected channel is pooled across client identities and versions before the chronological split.,high
R2D0515,DES0172,P43907,SCH0346,network,documented_no_holdout,,yes,no,unknown,documented_no_holdout,EVD1674,All countries contribute to training and testing rather than being held out by country.,high
R2D0516,DES0172,P43907,SCH0346,temporal,documented_holdout,first two months and final two weeks,yes,yes,yes,documented_holdout,EVD1674,Timestamp period determines the split and request logs do not cross periods.,high
R2D0517,DES0173,P46126,SCH0359,client,documented_no_holdout,,yes,no,unknown,documented_no_holdout,EVD1675,The single browser environment is shared across all folds.,high
R2D0518,DES0173,P46126,SCH0359,network,documented_no_holdout,,yes,no,unknown,documented_no_holdout,EVD1675,The single collection network is shared across all folds.,high
R2D0519,DES0173,P46126,SCH0359,temporal,documented_no_holdout,,yes,no,unknown,documented_no_holdout,EVD1675,The sample folds are created after pooling the four-week corpus.,high
R2D0520,DES0174,P46215,SCH0360 | SCH0361,client,documented_no_holdout,,yes,no,unknown,documented_no_holdout,EVD1676,Scanner and human client sessions are not held out as a complete client-condition pair.,high
R2D0521,DES0174,P46215,SCH0360 | SCH0361,network,documented_no_holdout,,yes,no,unknown,documented_no_holdout,EVD1676,All partitions use the same web-application testbed network.,high
R2D0522,DES0174,P46215,SCH0360 | SCH0361,temporal,not_documented,,unknown,unknown,unknown,not_documented,EVD1676,Elapsed collection time does not determine the partition.,high
R2D0523,DES0175,P46215,SCH0360,client,documented_no_holdout,,yes,no,unknown,documented_no_holdout,EVD1677,Scanner and human client sessions are not held out as a complete client-condition pair.,high
R2D0524,DES0175,P46215,SCH0360,network,documented_no_holdout,,yes,no,unknown,documented_no_holdout,EVD1677,All partitions use the same web-application testbed network.,high
R2D0525,DES0175,P46215,SCH0360,temporal,not_documented,,unknown,unknown,unknown,not_documented,EVD1677,Elapsed collection time does not determine the partition.,high
R2D0526,DES0176,P46215,SCH0360 | SCH0361,client,not_documented,,unknown,unknown,unknown,not_documented,EVD1678,"Scanner tools are grouped, but disjoint human negative parent sessions are not established for the complete scheme.",high
R2D0527,DES0176,P46215,SCH0360 | SCH0361,network,documented_no_holdout,,yes,no,unknown,documented_no_holdout,EVD1678,All partitions use the same web-application testbed network.,high
R2D0528,DES0176,P46215,SCH0360 | SCH0361,temporal,not_documented,,unknown,unknown,unknown,not_documented,EVD1678,Elapsed collection time does not determine the partition.,high
R2D0529,DES0177,P46215,SCH0361,client,documented_no_holdout,,yes,no,unknown,documented_no_holdout,EVD1679,Scanner and human client sessions are not held out as a complete client-condition pair.,high
R2D0530,DES0177,P46215,SCH0361,network,documented_no_holdout,,yes,no,unknown,documented_no_holdout,EVD1679,All partitions use the same web-application testbed network.,high
R2D0531,DES0177,P46215,SCH0361,temporal,not_documented,,unknown,unknown,unknown,not_documented,EVD1679,Elapsed collection time does not determine the partition.,high
R2D0532,DES0178,P48170,SCH0405,client,documented_no_holdout,,yes,no,unknown,documented_no_holdout,EVD1680,"The general design mixes apps across folds, while per-app folds reuse the same app identity across training and test.",high
R2D0533,DES0178,P48170,SCH0405,network,documented_no_holdout,,yes,no,unknown,documented_no_holdout,EVD1680,No network condition determines the cross-validation folds.,high
R2D0534,DES0178,P48170,SCH0405,temporal,documented_no_holdout,,yes,no,unknown,documented_no_holdout,EVD1680,Cross-validation folds are formed after pooling rather than by time.,high
R2D0535,DES0179,P48170,SCH0406,client,documented_no_holdout,,yes,no,unknown,documented_no_holdout,EVD1681,"The general design mixes apps across folds, while per-app folds reuse the same app identity across training and test.",high
R2D0536,DES0179,P48170,SCH0406,network,documented_no_holdout,,yes,no,unknown,documented_no_holdout,EVD1681,No network condition determines the cross-validation folds.,high
R2D0537,DES0179,P48170,SCH0406,temporal,documented_no_holdout,,yes,no,unknown,documented_no_holdout,EVD1681,Cross-validation folds are formed after pooling rather than by time.,high
R2D0538,DES0180,P48723,SCH0449,client,documented_holdout,Chrome and Brave,yes,yes,yes,documented_holdout,EVD1682,Browser identity determines the partition and each browser has independently crawled complete labels.,high
R2D0539,DES0180,P48723,SCH0449,network,documented_no_holdout,,yes,no,unknown,documented_no_holdout,EVD1682,The 2022 browser comparisons use the same Frankfurt AWS region.,high
R2D0540,DES0180,P48723,SCH0449,temporal,documented_no_holdout,,yes,no,unknown,documented_no_holdout,EVD1682,The design does not separate elapsed collection periods.,high
R2D0541,DES0181,P48723,SCH0449,client,documented_holdout,Chrome and Firefox,yes,yes,yes,documented_holdout,EVD1683,Browser identity determines the partition and each browser has independently crawled complete labels.,high
R2D0542,DES0181,P48723,SCH0449,network,documented_no_holdout,,yes,no,unknown,documented_no_holdout,EVD1683,The 2022 browser comparisons use the same Frankfurt AWS region.,high
R2D0543,DES0181,P48723,SCH0449,temporal,documented_no_holdout,,yes,no,unknown,documented_no_holdout,EVD1683,The design does not separate elapsed collection periods.,high
R2D0544,DES0182,P48723,SCH0449,client,documented_no_holdout,,yes,no,unknown,documented_no_holdout,EVD1684,The same Chrome client supplies both partitions.,high
R2D0545,DES0182,P48723,SCH0449,network,documented_no_holdout,,yes,no,unknown,documented_no_holdout,EVD1684,The 2022 browser comparisons use the same Frankfurt AWS region.,high
R2D0546,DES0182,P48723,SCH0449,temporal,documented_no_holdout,,yes,no,unknown,documented_no_holdout,EVD1684,The design does not separate elapsed collection periods.,high
R2D0547,DES0183,P48723,SCH0449 | SCH0450,client,documented_no_holdout,,yes,no,unknown,documented_no_holdout,EVD1685,The same Chrome client supplies both partitions.,high
R2D0548,DES0183,P48723,SCH0449 | SCH0450,network,not_documented,,unknown,unknown,unknown,not_documented,EVD1685,The 2023 network location is not sufficiently documented for a network holdout decision.,high
R2D0549,DES0183,P48723,SCH0449 | SCH0450,temporal,documented_holdout,Chrome 2022 and Chrome 2023,yes,yes,yes,documented_holdout,EVD1685,Separate one-year crawl campaigns determine the partition and parent responses are disjoint.,high
R2D0550,DES0239,P07480,SCH0003,client,not_documented,,unknown,unknown,unknown,unknown_not_reported,EVD0001 | EVD0002,"A complete holdout is not confirmed because grouping order, full-scheme coverage, or parent independence remains unresolved.",medium
R2D0551,DES0239,P07480,SCH0003,network,not_documented,,unknown,unknown,unknown,unknown_not_reported,EVD1203,"A complete holdout is not confirmed because grouping order, full-scheme coverage, or parent independence remains unresolved.",medium
R2D0552,DES0239,P07480,SCH0003,temporal,not_documented,,unknown,unknown,unknown,unknown_not_reported,EVD1883,"A complete holdout is not confirmed because grouping order, full-scheme coverage, or parent independence remains unresolved.",medium
R2D0553,DES0240,P07480,SCH0004,client,not_documented,,unknown,unknown,unknown,unknown_not_reported,EVD0003 | EVD0004,"A complete holdout is not confirmed because grouping order, full-scheme coverage, or parent independence remains unresolved.",medium
R2D0554,DES0240,P07480,SCH0004,network,not_documented,,unknown,unknown,unknown,unknown_not_reported,EVD1204,"A complete holdout is not confirmed because grouping order, full-scheme coverage, or parent independence remains unresolved.",medium
R2D0555,DES0240,P07480,SCH0004,temporal,not_documented,,unknown,unknown,unknown,unknown_not_reported,EVD1884,"A complete holdout is not confirmed because grouping order, full-scheme coverage, or parent independence remains unresolved.",medium
R2D0556,DES0241,P07480,SCH0002,client,not_documented,,unknown,unknown,unknown,unknown_not_reported,EVD0005 | EVD0006,"A complete holdout is not confirmed because grouping order, full-scheme coverage, or parent independence remains unresolved.",medium
R2D0557,DES0241,P07480,SCH0002,network,not_documented,,unknown,unknown,unknown,unknown_not_reported,EVD1205,"A complete holdout is not confirmed because grouping order, full-scheme coverage, or parent independence remains unresolved.",medium
R2D0558,DES0241,P07480,SCH0002,temporal,not_documented,,unknown,unknown,unknown,unknown_not_reported,EVD1885,"A complete holdout is not confirmed because grouping order, full-scheme coverage, or parent independence remains unresolved.",medium
R2D0559,DES0242,P07480,SCH0005,client,not_documented,,unknown,unknown,unknown,unknown_not_reported,EVD0007 | EVD0008,"A complete holdout is not confirmed because grouping order, full-scheme coverage, or parent independence remains unresolved.",medium
R2D0560,DES0242,P07480,SCH0005,network,not_documented,,unknown,unknown,unknown,unknown_not_reported,EVD1206,"A complete holdout is not confirmed because grouping order, full-scheme coverage, or parent independence remains unresolved.",medium
R2D0561,DES0242,P07480,SCH0005,temporal,not_documented,,unknown,unknown,unknown,unknown_not_reported,EVD1886,"A complete holdout is not confirmed because grouping order, full-scheme coverage, or parent independence remains unresolved.",medium
R2D0562,DES0243,P07480,SCH0006,client,not_documented,,unknown,unknown,unknown,unknown_not_reported,EVD0009 | EVD0010,"A complete holdout is not confirmed because grouping order, full-scheme coverage, or parent independence remains unresolved.",medium
R2D0563,DES0243,P07480,SCH0006,network,not_documented,,unknown,unknown,unknown,unknown_not_reported,EVD1207,"A complete holdout is not confirmed because grouping order, full-scheme coverage, or parent independence remains unresolved.",medium
R2D0564,DES0243,P07480,SCH0006,temporal,not_documented,,unknown,unknown,unknown,unknown_not_reported,EVD1887,"A complete holdout is not confirmed because grouping order, full-scheme coverage, or parent independence remains unresolved.",medium
R2D0565,DES0244,P12435,SCH0022,client,not_documented,,unknown,unknown,unknown,unknown_not_reported,EVD0011,"A complete holdout is not confirmed because grouping order, full-scheme coverage, or parent independence remains unresolved.",medium
R2D0566,DES0244,P12435,SCH0022,network,not_documented,,unknown,unknown,unknown,unknown_not_reported,EVD1208,"A complete holdout is not confirmed because grouping order, full-scheme coverage, or parent independence remains unresolved.",medium
R2D0567,DES0244,P12435,SCH0022,temporal,not_documented,,unknown,unknown,unknown,unknown_not_reported,EVD1888,"A complete holdout is not confirmed because grouping order, full-scheme coverage, or parent independence remains unresolved.",medium
R2D0568,DES0245,P12435,SCH0020,client,not_documented,,unknown,unknown,unknown,unknown_not_reported,EVD0012,"A complete holdout is not confirmed because grouping order, full-scheme coverage, or parent independence remains unresolved.",medium
R2D0569,DES0245,P12435,SCH0020,network,not_documented,,unknown,unknown,unknown,unknown_not_reported,EVD1209,"A complete holdout is not confirmed because grouping order, full-scheme coverage, or parent independence remains unresolved.",medium
R2D0570,DES0245,P12435,SCH0020,temporal,not_documented,,unknown,unknown,unknown,unknown_not_reported,EVD1889,"A complete holdout is not confirmed because grouping order, full-scheme coverage, or parent independence remains unresolved.",medium
R2D0571,DES0246,P12435,SCH0023,client,documented_no_holdout,,unknown,unknown,unknown,not_a_client_holdout,EVD0013,"The available evidence establishes a non-holdout design, pooling before the condition split, or shared parent traffic.",medium
R2D0572,DES0246,P12435,SCH0023,network,not_documented,,unknown,unknown,unknown,unknown_not_reported,EVD1210,"A complete holdout is not confirmed because grouping order, full-scheme coverage, or parent independence remains unresolved.",medium
R2D0573,DES0246,P12435,SCH0023,temporal,not_documented,,unknown,unknown,unknown,unknown_not_reported,EVD1890,"A complete holdout is not confirmed because grouping order, full-scheme coverage, or parent independence remains unresolved.",medium
R2D0574,DES0247,P12435,SCH0019,client,documented_no_holdout,,unknown,unknown,unknown,not_a_client_holdout,EVD0014,"The available evidence establishes a non-holdout design, pooling before the condition split, or shared parent traffic.",medium
R2D0575,DES0247,P12435,SCH0019,network,not_documented,,unknown,unknown,unknown,unknown_not_reported,EVD1211,"A complete holdout is not confirmed because grouping order, full-scheme coverage, or parent independence remains unresolved.",medium
R2D0576,DES0247,P12435,SCH0019,temporal,not_documented,,unknown,unknown,unknown,unknown_not_reported,EVD1891,"A complete holdout is not confirmed because grouping order, full-scheme coverage, or parent independence remains unresolved.",medium
R2D0577,DES0248,P12435,SCH0021,client,not_documented,,unknown,unknown,unknown,unknown_not_reported,EVD0015,"A complete holdout is not confirmed because grouping order, full-scheme coverage, or parent independence remains unresolved.",medium
R2D0578,DES0248,P12435,SCH0021,network,not_documented,,unknown,unknown,unknown,unknown_not_reported,EVD1212,"A complete holdout is not confirmed because grouping order, full-scheme coverage, or parent independence remains unresolved.",medium
R2D0579,DES0248,P12435,SCH0021,temporal,not_documented,,unknown,unknown,unknown,unknown_not_reported,EVD1892,"A complete holdout is not confirmed because grouping order, full-scheme coverage, or parent independence remains unresolved.",medium
R2D0580,DES0249,P13076,SCH0024,client,documented_no_holdout,,unknown,no,unknown,not_a_client_holdout,EVD0016,"The available evidence establishes a non-holdout design, pooling before the condition split, or shared parent traffic.",medium
R2D0581,DES0249,P13076,SCH0024,network,documented_no_holdout,,unknown,no,unknown,not_a_network_holdout,EVD1213,"The available evidence establishes a non-holdout design, pooling before the condition split, or shared parent traffic.",medium
R2D0582,DES0249,P13076,SCH0024,temporal,documented_no_holdout,,unknown,no,unknown,not_a_temporal_holdout,EVD1893,"The available evidence establishes a non-holdout design, pooling before the condition split, or shared parent traffic.",medium
R2D0583,DES0250,P13076,SCH0028,client,documented_no_holdout,,unknown,no,unknown,not_a_client_holdout,EVD0017,"The available evidence establishes a non-holdout design, pooling before the condition split, or shared parent traffic.",medium
R2D0584,DES0250,P13076,SCH0028,network,documented_no_holdout,,unknown,no,unknown,not_a_network_holdout,EVD1214,"The available evidence establishes a non-holdout design, pooling before the condition split, or shared parent traffic.",medium
R2D0585,DES0250,P13076,SCH0028,temporal,documented_no_holdout,,unknown,no,unknown,not_a_temporal_holdout,EVD1894,"The available evidence establishes a non-holdout design, pooling before the condition split, or shared parent traffic.",medium
R2D0586,DES0251,P13076,SCH0026,client,documented_no_holdout,,unknown,no,unknown,not_a_client_holdout,EVD0018,"The available evidence establishes a non-holdout design, pooling before the condition split, or shared parent traffic.",medium
R2D0587,DES0251,P13076,SCH0026,network,documented_no_holdout,,unknown,no,unknown,not_a_network_holdout,EVD1215,"The available evidence establishes a non-holdout design, pooling before the condition split, or shared parent traffic.",medium
R2D0588,DES0251,P13076,SCH0026,temporal,documented_no_holdout,,unknown,no,unknown,not_a_temporal_holdout,EVD1895,"The available evidence establishes a non-holdout design, pooling before the condition split, or shared parent traffic.",medium
R2D0589,DES0252,P13076,SCH0027,client,documented_no_holdout,,unknown,no,unknown,not_a_client_holdout,EVD0019,"The available evidence establishes a non-holdout design, pooling before the condition split, or shared parent traffic.",medium
R2D0590,DES0252,P13076,SCH0027,network,documented_no_holdout,,unknown,no,unknown,not_a_network_holdout,EVD1216,"The available evidence establishes a non-holdout design, pooling before the condition split, or shared parent traffic.",medium
R2D0591,DES0252,P13076,SCH0027,temporal,documented_no_holdout,,unknown,no,unknown,not_a_temporal_holdout,EVD1896,"The available evidence establishes a non-holdout design, pooling before the condition split, or shared parent traffic.",medium
R2D0592,DES0253,P13076,SCH0025,client,documented_no_holdout,,unknown,no,unknown,not_a_client_holdout,EVD0020,"The available evidence establishes a non-holdout design, pooling before the condition split, or shared parent traffic.",medium
R2D0593,DES0253,P13076,SCH0025,network,documented_no_holdout,,unknown,no,unknown,not_a_network_holdout,EVD1217,"The available evidence establishes a non-holdout design, pooling before the condition split, or shared parent traffic.",medium
R2D0594,DES0253,P13076,SCH0025,temporal,documented_no_holdout,,unknown,no,unknown,not_a_temporal_holdout,EVD1897,"The available evidence establishes a non-holdout design, pooling before the condition split, or shared parent traffic.",medium
R2D0595,DES0254,P13883,SCH0029 | SCH0030,client,documented_no_holdout,,unknown,no,unknown,not_a_client_holdout,EVD0021,"The available evidence establishes a non-holdout design, pooling before the condition split, or shared parent traffic.",medium
R2D0596,DES0254,P13883,SCH0029 | SCH0030,network,documented_no_holdout,,unknown,no,unknown,not_a_network_holdout,EVD1218,"The available evidence establishes a non-holdout design, pooling before the condition split, or shared parent traffic.",medium
R2D0597,DES0254,P13883,SCH0029 | SCH0030,temporal,documented_no_holdout,,unknown,no,unknown,not_a_temporal_holdout,EVD1898,"The available evidence establishes a non-holdout design, pooling before the condition split, or shared parent traffic.",medium
R2D0598,DES0255,P13958,SCH0036,client,documented_no_holdout,,unknown,no,unknown,not_a_client_holdout,EVD0022,"The available evidence establishes a non-holdout design, pooling before the condition split, or shared parent traffic.",medium
R2D0599,DES0255,P13958,SCH0036,network,documented_no_holdout,,unknown,no,unknown,not_a_network_holdout,EVD1219,"The available evidence establishes a non-holdout design, pooling before the condition split, or shared parent traffic.",medium
R2D0600,DES0255,P13958,SCH0036,temporal,documented_no_holdout,,unknown,no,unknown,not_a_temporal_holdout,EVD1899,"The available evidence establishes a non-holdout design, pooling before the condition split, or shared parent traffic.",medium
R2D0601,DES0256,P13958,SCH0036,client,documented_no_holdout,,unknown,no,unknown,not_a_client_holdout,EVD0023,"The available evidence establishes a non-holdout design, pooling before the condition split, or shared parent traffic.",medium
R2D0602,DES0256,P13958,SCH0036,network,documented_no_holdout,,unknown,no,unknown,not_a_network_holdout,EVD1220,"The available evidence establishes a non-holdout design, pooling before the condition split, or shared parent traffic.",medium
R2D0603,DES0256,P13958,SCH0036,temporal,documented_no_holdout,,unknown,no,unknown,not_a_temporal_holdout,EVD1900,"The available evidence establishes a non-holdout design, pooling before the condition split, or shared parent traffic.",medium
R2D0604,DES0257,P14000,SCH0038 | SCH0047 | SCH0049,client,not_documented,,unknown,unknown,unknown,unknown_not_reported,EVD0024 | EVD0025,"A complete holdout is not confirmed because grouping order, full-scheme coverage, or parent independence remains unresolved.",medium
R2D0605,DES0257,P14000,SCH0038 | SCH0047 | SCH0049,network,not_documented,,unknown,unknown,unknown,unknown_not_reported,EVD1221,"A complete holdout is not confirmed because grouping order, full-scheme coverage, or parent independence remains unresolved.",medium
R2D0606,DES0257,P14000,SCH0038 | SCH0047 | SCH0049,temporal,not_documented,,unknown,unknown,unknown,unknown_not_reported,EVD1901,"A complete holdout is not confirmed because grouping order, full-scheme coverage, or parent independence remains unresolved.",medium
R2D0607,DES0258,P14000,SCH0037 | SCH0051 | SCH0053,client,not_documented,,unknown,unknown,unknown,unknown_not_reported,EVD0026 | EVD0027,"A complete holdout is not confirmed because grouping order, full-scheme coverage, or parent independence remains unresolved.",medium
R2D0608,DES0258,P14000,SCH0037 | SCH0051 | SCH0053,network,not_documented,,unknown,unknown,unknown,unknown_not_reported,EVD1222,"A complete holdout is not confirmed because grouping order, full-scheme coverage, or parent independence remains unresolved.",medium
R2D0609,DES0258,P14000,SCH0037 | SCH0051 | SCH0053,temporal,not_documented,,unknown,unknown,unknown,unknown_not_reported,EVD1902,"A complete holdout is not confirmed because grouping order, full-scheme coverage, or parent independence remains unresolved.",medium
R2D0610,DES0259,P14000,SCH0044 | SCH0045 | SCH0048,client,not_documented,,unknown,unknown,unknown,unknown_not_reported,EVD0028 | EVD0029,"A complete holdout is not confirmed because grouping order, full-scheme coverage, or parent independence remains unresolved.",medium
R2D0611,DES0259,P14000,SCH0044 | SCH0045 | SCH0048,network,not_documented,,unknown,unknown,unknown,unknown_not_reported,EVD1223,"A complete holdout is not confirmed because grouping order, full-scheme coverage, or parent independence remains unresolved.",medium
R2D0612,DES0259,P14000,SCH0044 | SCH0045 | SCH0048,temporal,not_documented,,unknown,unknown,unknown,unknown_not_reported,EVD1903,"A complete holdout is not confirmed because grouping order, full-scheme coverage, or parent independence remains unresolved.",medium
R2D0613,DES0260,P14000,SCH0041 | SCH0043 | SCH0046,client,not_documented,,unknown,unknown,unknown,unknown_not_reported,EVD0030 | EVD0031,"A complete holdout is not confirmed because grouping order, full-scheme coverage, or parent independence remains unresolved.",medium
R2D0614,DES0260,P14000,SCH0041 | SCH0043 | SCH0046,network,not_documented,,unknown,unknown,unknown,unknown_not_reported,EVD1224,"A complete holdout is not confirmed because grouping order, full-scheme coverage, or parent independence remains unresolved.",medium
R2D0615,DES0260,P14000,SCH0041 | SCH0043 | SCH0046,temporal,not_documented,,unknown,unknown,unknown,unknown_not_reported,EVD1904,"A complete holdout is not confirmed because grouping order, full-scheme coverage, or parent independence remains unresolved.",medium
R2D0616,DES0261,P14000,SCH0042 | SCH0052 | SCH0054,client,not_documented,,unknown,unknown,unknown,unknown_not_reported,EVD0032 | EVD0033,"A complete holdout is not confirmed because grouping order, full-scheme coverage, or parent independence remains unresolved.",medium
R2D0617,DES0261,P14000,SCH0042 | SCH0052 | SCH0054,network,not_documented,,unknown,unknown,unknown,unknown_not_reported,EVD1225,"A complete holdout is not confirmed because grouping order, full-scheme coverage, or parent independence remains unresolved.",medium
R2D0618,DES0261,P14000,SCH0042 | SCH0052 | SCH0054,temporal,not_documented,,unknown,unknown,unknown,unknown_not_reported,EVD1905,"A complete holdout is not confirmed because grouping order, full-scheme coverage, or parent independence remains unresolved.",medium
R2D0619,DES0262,P14000,SCH0039 | SCH0040 | SCH0050,client,not_documented,,unknown,unknown,unknown,unknown_not_reported,EVD0034 | EVD0035,"A complete holdout is not confirmed because grouping order, full-scheme coverage, or parent independence remains unresolved.",medium
R2D0620,DES0262,P14000,SCH0039 | SCH0040 | SCH0050,network,not_documented,,unknown,unknown,unknown,unknown_not_reported,EVD1226,"A complete holdout is not confirmed because grouping order, full-scheme coverage, or parent independence remains unresolved.",medium
R2D0621,DES0262,P14000,SCH0039 | SCH0040 | SCH0050,temporal,not_documented,,unknown,unknown,unknown,unknown_not_reported,EVD1906,"A complete holdout is not confirmed because grouping order, full-scheme coverage, or parent independence remains unresolved.",medium
R2D0622,DES0263,P14188,SCH0058,client,documented_no_holdout,,unknown,unknown,unknown,not_a_client_holdout,EVD0036,"The available evidence establishes a non-holdout design, pooling before the condition split, or shared parent traffic.",medium
R2D0623,DES0263,P14188,SCH0058,network,not_documented,,unknown,unknown,unknown,unknown_not_reported,EVD1227,"A complete holdout is not confirmed because grouping order, full-scheme coverage, or parent independence remains unresolved.",medium
R2D0624,DES0263,P14188,SCH0058,temporal,not_documented,,unknown,unknown,unknown,unknown_not_reported,EVD1907,"A complete holdout is not confirmed because grouping order, full-scheme coverage, or parent independence remains unresolved.",medium
R2D0625,DES0264,P14188,SCH0055,client,not_documented,,unknown,unknown,unknown,unknown_not_reported,EVD0037,"A complete holdout is not confirmed because grouping order, full-scheme coverage, or parent independence remains unresolved.",medium
R2D0626,DES0264,P14188,SCH0055,network,not_documented,,unknown,unknown,unknown,unknown_not_reported,EVD1228,"A complete holdout is not confirmed because grouping order, full-scheme coverage, or parent independence remains unresolved.",medium
R2D0627,DES0264,P14188,SCH0055,temporal,not_documented,,unknown,unknown,unknown,unknown_not_reported,EVD1908,"A complete holdout is not confirmed because grouping order, full-scheme coverage, or parent independence remains unresolved.",medium
R2D0628,DES0265,P14188,SCH0056,client,documented_no_holdout,,unknown,unknown,unknown,not_a_client_holdout,EVD0038,"The available evidence establishes a non-holdout design, pooling before the condition split, or shared parent traffic.",medium
R2D0629,DES0265,P14188,SCH0056,network,documented_no_holdout,,unknown,no,unknown,not_a_network_holdout,EVD1229,"The available evidence establishes a non-holdout design, pooling before the condition split, or shared parent traffic.",medium
R2D0630,DES0265,P14188,SCH0056,temporal,documented_no_holdout,,unknown,no,unknown,not_a_temporal_holdout,EVD1909,"The available evidence establishes a non-holdout design, pooling before the condition split, or shared parent traffic.",medium
R2D0631,DES0266,P14188,SCH0057,client,not_documented,,unknown,unknown,unknown,unknown_not_reported,EVD0039,"A complete holdout is not confirmed because grouping order, full-scheme coverage, or parent independence remains unresolved.",medium
R2D0632,DES0266,P14188,SCH0057,network,documented_no_holdout,,unknown,no,unknown,not_a_network_holdout,EVD1230,"The available evidence establishes a non-holdout design, pooling before the condition split, or shared parent traffic.",medium
R2D0633,DES0266,P14188,SCH0057,temporal,documented_no_holdout,,unknown,no,unknown,not_a_temporal_holdout,EVD1910,"The available evidence establishes a non-holdout design, pooling before the condition split, or shared parent traffic.",medium
R2D0634,DES0267,P14255,SCH0059,client,documented_no_holdout,,unknown,unknown,unknown,not_a_client_holdout,EVD0040,"The available evidence establishes a non-holdout design, pooling before the condition split, or shared parent traffic.",medium
R2D0635,DES0267,P14255,SCH0059,network,documented_no_holdout,,unknown,no,unknown,not_a_network_holdout,EVD1231,"The available evidence establishes a non-holdout design, pooling before the condition split, or shared parent traffic.",medium
R2D0636,DES0267,P14255,SCH0059,temporal,documented_no_holdout,,unknown,no,unknown,not_a_temporal_holdout,EVD1911,"The available evidence establishes a non-holdout design, pooling before the condition split, or shared parent traffic.",medium
R2D0637,DES0268,P14374,SCH0064,client,documented_no_holdout,,unknown,no,unknown,not_a_client_holdout,EVD0041,"The available evidence establishes a non-holdout design, pooling before the condition split, or shared parent traffic.",medium
R2D0638,DES0268,P14374,SCH0064,network,documented_no_holdout,,unknown,no,unknown,not_a_network_holdout,EVD1232,"The available evidence establishes a non-holdout design, pooling before the condition split, or shared parent traffic.",medium
R2D0639,DES0268,P14374,SCH0064,temporal,documented_no_holdout,,unknown,no,unknown,not_a_temporal_holdout,EVD1912,"The available evidence establishes a non-holdout design, pooling before the condition split, or shared parent traffic.",medium
R2D0640,DES0269,P14374,SCH0060,client,documented_no_holdout,,unknown,unknown,unknown,not_a_client_holdout,EVD0042,"The available evidence establishes a non-holdout design, pooling before the condition split, or shared parent traffic.",medium
R2D0641,DES0269,P14374,SCH0060,network,documented_no_holdout,,unknown,no,unknown,not_a_network_holdout,EVD1233,"The available evidence establishes a non-holdout design, pooling before the condition split, or shared parent traffic.",medium
R2D0642,DES0269,P14374,SCH0060,temporal,documented_no_holdout,,unknown,no,unknown,not_a_temporal_holdout,EVD1913,"The available evidence establishes a non-holdout design, pooling before the condition split, or shared parent traffic.",medium
R2D0643,DES0270,P14374,SCH0063,client,documented_no_holdout,,unknown,unknown,unknown,not_a_client_holdout,EVD0043,"The available evidence establishes a non-holdout design, pooling before the condition split, or shared parent traffic.",medium
R2D0644,DES0270,P14374,SCH0063,network,documented_no_holdout,,unknown,no,unknown,not_a_network_holdout,EVD1234,"The available evidence establishes a non-holdout design, pooling before the condition split, or shared parent traffic.",medium
R2D0645,DES0270,P14374,SCH0063,temporal,documented_no_holdout,,unknown,no,unknown,not_a_temporal_holdout,EVD1914,"The available evidence establishes a non-holdout design, pooling before the condition split, or shared parent traffic.",medium
R2D0646,DES0271,P14374,SCH0070,client,documented_no_holdout,,unknown,unknown,unknown,not_a_client_holdout,EVD0044,"The available evidence establishes a non-holdout design, pooling before the condition split, or shared parent traffic.",medium
R2D0647,DES0271,P14374,SCH0070,network,documented_no_holdout,,unknown,no,unknown,not_a_network_holdout,EVD1235,"The available evidence establishes a non-holdout design, pooling before the condition split, or shared parent traffic.",medium
R2D0648,DES0271,P14374,SCH0070,temporal,documented_no_holdout,,unknown,no,unknown,not_a_temporal_holdout,EVD1915,"The available evidence establishes a non-holdout design, pooling before the condition split, or shared parent traffic.",medium
R2D0649,DES0272,P14374,SCH0067,client,documented_no_holdout,,unknown,no,unknown,not_a_client_holdout,EVD0045,"The available evidence establishes a non-holdout design, pooling before the condition split, or shared parent traffic.",medium
R2D0650,DES0272,P14374,SCH0067,network,documented_no_holdout,,unknown,no,unknown,not_a_network_holdout,EVD1236,"The available evidence establishes a non-holdout design, pooling before the condition split, or shared parent traffic.",medium
R2D0651,DES0272,P14374,SCH0067,temporal,documented_no_holdout,,unknown,no,unknown,not_a_temporal_holdout,EVD1916,"The available evidence establishes a non-holdout design, pooling before the condition split, or shared parent traffic.",medium
R2D0652,DES0273,P14374,SCH0065,client,documented_no_holdout,,unknown,unknown,unknown,not_a_client_holdout,EVD0046,"The available evidence establishes a non-holdout design, pooling before the condition split, or shared parent traffic.",medium
R2D0653,DES0273,P14374,SCH0065,network,documented_no_holdout,,unknown,no,unknown,not_a_network_holdout,EVD1237,"The available evidence establishes a non-holdout design, pooling before the condition split, or shared parent traffic.",medium
R2D0654,DES0273,P14374,SCH0065,temporal,documented_no_holdout,,unknown,no,unknown,not_a_temporal_holdout,EVD1917,"The available evidence establishes a non-holdout design, pooling before the condition split, or shared parent traffic.",medium
R2D0655,DES0274,P14374,SCH0065,client,documented_no_holdout,,unknown,no,unknown,not_a_client_holdout,EVD0047,"The available evidence establishes a non-holdout design, pooling before the condition split, or shared parent traffic.",medium
R2D0656,DES0274,P14374,SCH0065,network,documented_no_holdout,,unknown,no,unknown,not_a_network_holdout,EVD1238,"The available evidence establishes a non-holdout design, pooling before the condition split, or shared parent traffic.",medium
R2D0657,DES0274,P14374,SCH0065,temporal,documented_no_holdout,,unknown,no,unknown,not_a_temporal_holdout,EVD1918,"The available evidence establishes a non-holdout design, pooling before the condition split, or shared parent traffic.",medium
R2D0658,DES0275,P14374,SCH0065,client,documented_holdout,US-configured source device versus four other country-configured devices.,yes,yes,yes,heldout_full_label_view,EVD0048 | EVD0049,The available evidence documents condition-first grouping and disjoint parent captures or sessions.,high
R2D0659,DES0275,P14374,SCH0065,network,documented_no_holdout,,unknown,unknown,unknown,not_a_network_holdout,EVD1239,"The available evidence establishes a non-holdout design, pooling before the condition split, or shared parent traffic.",medium
R2D0660,DES0275,P14374,SCH0065,temporal,documented_no_holdout,,unknown,unknown,unknown,not_a_temporal_holdout,EVD1919,"The available evidence establishes a non-holdout design, pooling before the condition split, or shared parent traffic.",medium
R2D0661,DES0276,P14374,SCH0061,client,documented_no_holdout,,unknown,no,unknown,not_a_client_holdout,EVD0050,"The available evidence establishes a non-holdout design, pooling before the condition split, or shared parent traffic.",medium
R2D0662,DES0276,P14374,SCH0061,network,documented_no_holdout,,unknown,unknown,unknown,not_a_network_holdout,EVD1240,"The available evidence establishes a non-holdout design, pooling before the condition split, or shared parent traffic.",medium
R2D0663,DES0276,P14374,SCH0061,temporal,documented_no_holdout,,unknown,no,unknown,not_a_temporal_holdout,EVD1920,"The available evidence establishes a non-holdout design, pooling before the condition split, or shared parent traffic.",medium
R2D0664,DES0277,P14374,SCH0072,client,documented_no_holdout,,unknown,no,unknown,not_a_client_holdout,EVD0051,"The available evidence establishes a non-holdout design, pooling before the condition split, or shared parent traffic.",medium
R2D0665,DES0277,P14374,SCH0072,network,documented_no_holdout,,unknown,no,unknown,not_a_network_holdout,EVD1241,"The available evidence establishes a non-holdout design, pooling before the condition split, or shared parent traffic.",medium
R2D0666,DES0277,P14374,SCH0072,temporal,documented_no_holdout,,unknown,no,unknown,not_a_temporal_holdout,EVD1921,"The available evidence establishes a non-holdout design, pooling before the condition split, or shared parent traffic.",medium
R2D0667,DES0278,P14374,SCH0068,client,documented_no_holdout,,unknown,no,unknown,not_a_client_holdout,EVD0052,"The available evidence establishes a non-holdout design, pooling before the condition split, or shared parent traffic.",medium
R2D0668,DES0278,P14374,SCH0068,network,documented_no_holdout,,unknown,no,unknown,not_a_network_holdout,EVD1242,"The available evidence establishes a non-holdout design, pooling before the condition split, or shared parent traffic.",medium
R2D0669,DES0278,P14374,SCH0068,temporal,documented_no_holdout,,unknown,no,unknown,not_a_temporal_holdout,EVD1922,"The available evidence establishes a non-holdout design, pooling before the condition split, or shared parent traffic.",medium
R2D0670,DES0279,P14374,SCH0071,client,documented_no_holdout,,unknown,no,unknown,not_a_client_holdout,EVD0053,"The available evidence establishes a non-holdout design, pooling before the condition split, or shared parent traffic.",medium
R2D0671,DES0279,P14374,SCH0071,network,documented_no_holdout,,unknown,no,unknown,not_a_network_holdout,EVD1243,"The available evidence establishes a non-holdout design, pooling before the condition split, or shared parent traffic.",medium
R2D0672,DES0279,P14374,SCH0071,temporal,documented_no_holdout,,unknown,no,unknown,not_a_temporal_holdout,EVD1923,"The available evidence establishes a non-holdout design, pooling before the condition split, or shared parent traffic.",medium
R2D0673,DES0280,P14374,SCH0066,client,documented_no_holdout,,unknown,no,unknown,not_a_client_holdout,EVD0054,"The available evidence establishes a non-holdout design, pooling before the condition split, or shared parent traffic.",medium
R2D0674,DES0280,P14374,SCH0066,network,documented_no_holdout,,unknown,no,unknown,not_a_network_holdout,EVD1244,"The available evidence establishes a non-holdout design, pooling before the condition split, or shared parent traffic.",medium
R2D0675,DES0280,P14374,SCH0066,temporal,documented_no_holdout,,unknown,no,unknown,not_a_temporal_holdout,EVD1924,"The available evidence establishes a non-holdout design, pooling before the condition split, or shared parent traffic.",medium
R2D0676,DES0281,P14374,SCH0062,client,documented_no_holdout,,unknown,no,unknown,not_a_client_holdout,EVD0055,"The available evidence establishes a non-holdout design, pooling before the condition split, or shared parent traffic.",medium
R2D0677,DES0281,P14374,SCH0062,network,documented_no_holdout,,unknown,no,unknown,not_a_network_holdout,EVD1245,"The available evidence establishes a non-holdout design, pooling before the condition split, or shared parent traffic.",medium
R2D0678,DES0281,P14374,SCH0062,temporal,documented_no_holdout,,unknown,no,unknown,not_a_temporal_holdout,EVD1925,"The available evidence establishes a non-holdout design, pooling before the condition split, or shared parent traffic.",medium
R2D0679,DES0282,P14374,SCH0062,client,documented_no_holdout,,unknown,no,unknown,not_a_client_holdout,EVD0056,"The available evidence establishes a non-holdout design, pooling before the condition split, or shared parent traffic.",medium
R2D0680,DES0282,P14374,SCH0062,network,documented_no_holdout,,unknown,no,unknown,not_a_network_holdout,EVD1246,"The available evidence establishes a non-holdout design, pooling before the condition split, or shared parent traffic.",medium
R2D0681,DES0282,P14374,SCH0062,temporal,documented_no_holdout,,unknown,no,unknown,not_a_temporal_holdout,EVD1926,"The available evidence establishes a non-holdout design, pooling before the condition split, or shared parent traffic.",medium
R2D0682,DES0283,P14374,SCH0069,client,documented_no_holdout,,unknown,unknown,unknown,not_a_client_holdout,EVD0057,"The available evidence establishes a non-holdout design, pooling before the condition split, or shared parent traffic.",medium
R2D0683,DES0283,P14374,SCH0069,network,documented_no_holdout,,unknown,unknown,unknown,not_a_network_holdout,EVD1247,"The available evidence establishes a non-holdout design, pooling before the condition split, or shared parent traffic.",medium
R2D0684,DES0283,P14374,SCH0069,temporal,documented_no_holdout,,unknown,unknown,unknown,not_a_temporal_holdout,EVD1927,"The available evidence establishes a non-holdout design, pooling before the condition split, or shared parent traffic.",medium
R2D0685,DES0284,P14413,SCH0074,client,not_documented,,unknown,unknown,unknown,unknown_not_reported,EVD0058,"A complete holdout is not confirmed because grouping order, full-scheme coverage, or parent independence remains unresolved.",medium
R2D0686,DES0284,P14413,SCH0074,network,not_documented,,unknown,unknown,unknown,unknown_not_reported,EVD1248,"A complete holdout is not confirmed because grouping order, full-scheme coverage, or parent independence remains unresolved.",medium
R2D0687,DES0284,P14413,SCH0074,temporal,not_documented,,unknown,unknown,unknown,unknown_not_reported,EVD1928,"A complete holdout is not confirmed because grouping order, full-scheme coverage, or parent independence remains unresolved.",medium
R2D0688,DES0285,P14413,SCH0075,client,not_documented,,unknown,unknown,unknown,unknown_not_reported,EVD0059,"A complete holdout is not confirmed because grouping order, full-scheme coverage, or parent independence remains unresolved.",medium
R2D0689,DES0285,P14413,SCH0075,network,not_documented,,unknown,unknown,unknown,unknown_not_reported,EVD1249,"A complete holdout is not confirmed because grouping order, full-scheme coverage, or parent independence remains unresolved.",medium
R2D0690,DES0285,P14413,SCH0075,temporal,not_documented,,unknown,unknown,unknown,unknown_not_reported,EVD1929,"A complete holdout is not confirmed because grouping order, full-scheme coverage, or parent independence remains unresolved.",medium
R2D0691,DES0286,P14413,SCH0073,client,not_documented,,unknown,unknown,unknown,unknown_not_reported,EVD0060,"A complete holdout is not confirmed because grouping order, full-scheme coverage, or parent independence remains unresolved.",medium
R2D0692,DES0286,P14413,SCH0073,network,not_documented,,unknown,unknown,unknown,unknown_not_reported,EVD1250,"A complete holdout is not confirmed because grouping order, full-scheme coverage, or parent independence remains unresolved.",medium
R2D0693,DES0286,P14413,SCH0073,temporal,documented_holdout,May-August 2023 versus December 2024-January 2025.,yes,yes,yes,heldout_full_label_view,EVD1930 | EVD1931,The available evidence documents condition-first grouping and disjoint parent captures or sessions.,high
R2D0694,DES0287,P14774,SCH0086,client,documented_no_holdout,,unknown,no,unknown,not_a_client_holdout,EVD0061,"The available evidence establishes a non-holdout design, pooling before the condition split, or shared parent traffic.",medium
R2D0695,DES0287,P14774,SCH0086,network,documented_no_holdout,,unknown,no,unknown,not_a_network_holdout,EVD1251,"The available evidence establishes a non-holdout design, pooling before the condition split, or shared parent traffic.",medium
R2D0696,DES0287,P14774,SCH0086,temporal,documented_no_holdout,,unknown,no,unknown,not_a_temporal_holdout,EVD1932,"The available evidence establishes a non-holdout design, pooling before the condition split, or shared parent traffic.",medium
R2D0697,DES0288,P14774,SCH0079,client,documented_no_holdout,,unknown,no,unknown,not_a_client_holdout,EVD0062,"The available evidence establishes a non-holdout design, pooling before the condition split, or shared parent traffic.",medium
R2D0698,DES0288,P14774,SCH0079,network,documented_no_holdout,,unknown,no,unknown,not_a_network_holdout,EVD1252,"The available evidence establishes a non-holdout design, pooling before the condition split, or shared parent traffic.",medium
R2D0699,DES0288,P14774,SCH0079,temporal,documented_no_holdout,,unknown,no,unknown,not_a_temporal_holdout,EVD1933,"The available evidence establishes a non-holdout design, pooling before the condition split, or shared parent traffic.",medium
R2D0700,DES0290,P14774,SCH0084,client,documented_no_holdout,,unknown,no,unknown,not_a_client_holdout,EVD0064,"The available evidence establishes a non-holdout design, pooling before the condition split, or shared parent traffic.",medium
R2D0701,DES0290,P14774,SCH0084,network,documented_no_holdout,,unknown,no,unknown,not_a_network_holdout,EVD1254,"The available evidence establishes a non-holdout design, pooling before the condition split, or shared parent traffic.",medium
R2D0702,DES0290,P14774,SCH0084,temporal,documented_no_holdout,,unknown,no,unknown,not_a_temporal_holdout,EVD1935 | EVD1936,"The available evidence establishes a non-holdout design, pooling before the condition split, or shared parent traffic.",medium
R2D0703,DES0291,P14774,SCH0085,client,documented_no_holdout,,unknown,no,unknown,not_a_client_holdout,EVD0065,"The available evidence establishes a non-holdout design, pooling before the condition split, or shared parent traffic.",medium
R2D0704,DES0291,P14774,SCH0085,network,documented_no_holdout,,unknown,no,unknown,not_a_network_holdout,EVD1255,"The available evidence establishes a non-holdout design, pooling before the condition split, or shared parent traffic.",medium
R2D0705,DES0291,P14774,SCH0085,temporal,documented_no_holdout,,unknown,no,unknown,not_a_temporal_holdout,EVD1937,"The available evidence establishes a non-holdout design, pooling before the condition split, or shared parent traffic.",medium
R2D0706,DES0292,P14774,SCH0083,client,documented_no_holdout,,unknown,no,unknown,not_a_client_holdout,EVD0066,"The available evidence establishes a non-holdout design, pooling before the condition split, or shared parent traffic.",medium
R2D0707,DES0292,P14774,SCH0083,network,documented_no_holdout,,unknown,no,unknown,not_a_network_holdout,EVD1256,"The available evidence establishes a non-holdout design, pooling before the condition split, or shared parent traffic.",medium
R2D0708,DES0292,P14774,SCH0083,temporal,documented_no_holdout,,unknown,no,unknown,not_a_temporal_holdout,EVD1938,"The available evidence establishes a non-holdout design, pooling before the condition split, or shared parent traffic.",medium
R2D0709,DES0293,P14774,SCH0080,client,documented_no_holdout,,unknown,no,unknown,not_a_client_holdout,EVD0067,"The available evidence establishes a non-holdout design, pooling before the condition split, or shared parent traffic.",medium
R2D0710,DES0293,P14774,SCH0080,network,documented_no_holdout,,unknown,no,unknown,not_a_network_holdout,EVD1257,"The available evidence establishes a non-holdout design, pooling before the condition split, or shared parent traffic.",medium
R2D0711,DES0293,P14774,SCH0080,temporal,documented_no_holdout,,unknown,no,unknown,not_a_temporal_holdout,EVD1939 | EVD1940,"The available evidence establishes a non-holdout design, pooling before the condition split, or shared parent traffic.",medium
R2D0712,DES0294,P14774,SCH0087,client,documented_no_holdout,,unknown,no,unknown,not_a_client_holdout,EVD0068,"The available evidence establishes a non-holdout design, pooling before the condition split, or shared parent traffic.",medium
R2D0713,DES0294,P14774,SCH0087,network,documented_no_holdout,,unknown,no,unknown,not_a_network_holdout,EVD1258,"The available evidence establishes a non-holdout design, pooling before the condition split, or shared parent traffic.",medium
R2D0714,DES0294,P14774,SCH0087,temporal,documented_no_holdout,,unknown,no,unknown,not_a_temporal_holdout,EVD1941,"The available evidence establishes a non-holdout design, pooling before the condition split, or shared parent traffic.",medium
R2D0715,DES0295,P14774,SCH0082,client,documented_no_holdout,,unknown,no,unknown,not_a_client_holdout,EVD0069,"The available evidence establishes a non-holdout design, pooling before the condition split, or shared parent traffic.",medium
R2D0716,DES0295,P14774,SCH0082,network,documented_no_holdout,,unknown,no,unknown,not_a_network_holdout,EVD1259,"The available evidence establishes a non-holdout design, pooling before the condition split, or shared parent traffic.",medium
R2D0717,DES0295,P14774,SCH0082,temporal,documented_no_holdout,,unknown,no,unknown,not_a_temporal_holdout,EVD1942 | EVD1943,"The available evidence establishes a non-holdout design, pooling before the condition split, or shared parent traffic.",medium
R2D0718,DES0296,P14774,SCH0078,client,documented_no_holdout,,unknown,no,unknown,not_a_client_holdout,EVD0070,"The available evidence establishes a non-holdout design, pooling before the condition split, or shared parent traffic.",medium
R2D0719,DES0296,P14774,SCH0078,network,documented_no_holdout,,unknown,no,unknown,not_a_network_holdout,EVD1260,"The available evidence establishes a non-holdout design, pooling before the condition split, or shared parent traffic.",medium
R2D0720,DES0296,P14774,SCH0078,temporal,documented_no_holdout,,unknown,no,unknown,not_a_temporal_holdout,EVD1944 | EVD1945,"The available evidence establishes a non-holdout design, pooling before the condition split, or shared parent traffic.",medium
R2D0721,DES0297,P14774,SCH0081,client,documented_no_holdout,,unknown,no,unknown,not_a_client_holdout,EVD0071,"The available evidence establishes a non-holdout design, pooling before the condition split, or shared parent traffic.",medium
R2D0722,DES0297,P14774,SCH0081,network,documented_no_holdout,,unknown,no,unknown,not_a_network_holdout,EVD1261,"The available evidence establishes a non-holdout design, pooling before the condition split, or shared parent traffic.",medium
R2D0723,DES0297,P14774,SCH0081,temporal,documented_no_holdout,,unknown,no,unknown,not_a_temporal_holdout,EVD1946 | EVD1947,"The available evidence establishes a non-holdout design, pooling before the condition split, or shared parent traffic.",medium
R2D0724,DES0298,P15385,SCH0092,client,documented_no_holdout,,unknown,no,unknown,not_a_client_holdout,EVD0072,"The available evidence establishes a non-holdout design, pooling before the condition split, or shared parent traffic.",medium
R2D0725,DES0298,P15385,SCH0092,network,documented_no_holdout,,unknown,no,unknown,not_a_network_holdout,EVD1262,"The available evidence establishes a non-holdout design, pooling before the condition split, or shared parent traffic.",medium
R2D0726,DES0298,P15385,SCH0092,temporal,documented_no_holdout,,unknown,no,unknown,not_a_temporal_holdout,EVD1948,"The available evidence establishes a non-holdout design, pooling before the condition split, or shared parent traffic.",medium
R2D0727,DES0299,P15385,SCH0094,client,documented_no_holdout,,unknown,unknown,unknown,not_a_client_holdout,EVD0073,"The available evidence establishes a non-holdout design, pooling before the condition split, or shared parent traffic.",medium
R2D0728,DES0299,P15385,SCH0094,network,documented_no_holdout,,yes,no,yes,nonqualifying_condition_contrast,EVD1263 | EVD1264,The design partitions only Tor routes or circuits rather than a qualifying network condition.,high
R2D0729,DES0299,P15385,SCH0094,temporal,documented_no_holdout,,unknown,unknown,unknown,not_a_temporal_holdout,EVD1949,"The available evidence establishes a non-holdout design, pooling before the condition split, or shared parent traffic.",medium
R2D0730,DES0300,P15385,SCH0094,client,documented_no_holdout,,unknown,unknown,unknown,not_a_client_holdout,EVD0074,"The available evidence establishes a non-holdout design, pooling before the condition split, or shared parent traffic.",medium
R2D0731,DES0300,P15385,SCH0094,network,documented_no_holdout,,yes,no,yes,nonqualifying_condition_contrast,EVD1265 | EVD1266,The design partitions only Tor routes or circuits rather than a qualifying network condition.,high
R2D0732,DES0300,P15385,SCH0094,temporal,documented_no_holdout,,unknown,unknown,unknown,not_a_temporal_holdout,EVD1950,"The available evidence establishes a non-holdout design, pooling before the condition split, or shared parent traffic.",medium
R2D0733,DES0301,P15385,SCH0091,client,documented_no_holdout,,unknown,unknown,unknown,not_a_client_holdout,EVD0075,"The available evidence establishes a non-holdout design, pooling before the condition split, or shared parent traffic.",medium
R2D0734,DES0301,P15385,SCH0091,network,documented_no_holdout,,unknown,unknown,unknown,not_a_network_holdout,EVD1267,"The available evidence establishes a non-holdout design, pooling before the condition split, or shared parent traffic.",medium
R2D0735,DES0301,P15385,SCH0091,temporal,documented_no_holdout,,unknown,unknown,unknown,not_a_temporal_holdout,EVD1951 | EVD1952,"The available evidence establishes a non-holdout design, pooling before the condition split, or shared parent traffic.",medium
R2D0736,DES0302,P15385,SCH0091,client,documented_no_holdout,,unknown,unknown,unknown,not_a_client_holdout,EVD0076,"The available evidence establishes a non-holdout design, pooling before the condition split, or shared parent traffic.",medium
R2D0737,DES0302,P15385,SCH0091,network,documented_no_holdout,,yes,no,yes,nonqualifying_condition_contrast,EVD1268 | EVD1269,The design partitions only Tor routes or circuits rather than a qualifying network condition.,high
R2D0738,DES0302,P15385,SCH0091,temporal,documented_no_holdout,,unknown,unknown,unknown,not_a_temporal_holdout,EVD1953,"The available evidence establishes a non-holdout design, pooling before the condition split, or shared parent traffic.",medium
R2D0739,DES0303,P15385,SCH0093,client,documented_no_holdout,,unknown,no,unknown,not_a_client_holdout,EVD0077,"The available evidence establishes a non-holdout design, pooling before the condition split, or shared parent traffic.",medium
R2D0740,DES0303,P15385,SCH0093,network,documented_no_holdout,,unknown,no,unknown,not_a_network_holdout,EVD1270,"The available evidence establishes a non-holdout design, pooling before the condition split, or shared parent traffic.",medium
R2D0741,DES0303,P15385,SCH0093,temporal,documented_no_holdout,,unknown,no,unknown,not_a_temporal_holdout,EVD1954,"The available evidence establishes a non-holdout design, pooling before the condition split, or shared parent traffic.",medium
R2D0742,DES0304,P15385,SCH0095,client,documented_no_holdout,,unknown,unknown,unknown,not_a_client_holdout,EVD0078,"The available evidence establishes a non-holdout design, pooling before the condition split, or shared parent traffic.",medium
R2D0743,DES0304,P15385,SCH0095,network,documented_no_holdout,,unknown,unknown,unknown,not_a_network_holdout,EVD1271,"The available evidence establishes a non-holdout design, pooling before the condition split, or shared parent traffic.",medium
R2D0744,DES0304,P15385,SCH0095,temporal,documented_no_holdout,,unknown,unknown,unknown,not_a_temporal_holdout,EVD1955 | EVD1956,"The available evidence establishes a non-holdout design, pooling before the condition split, or shared parent traffic.",medium
R2D0745,DES0305,P15762,SCH0110,client,not_documented,,unknown,unknown,unknown,unknown_not_reported,EVD0079,"A complete holdout is not confirmed because grouping order, full-scheme coverage, or parent independence remains unresolved.",medium
R2D0746,DES0305,P15762,SCH0110,network,documented_no_holdout,,unknown,no,unknown,not_a_network_holdout,EVD1272,"The available evidence establishes a non-holdout design, pooling before the condition split, or shared parent traffic.",medium
R2D0747,DES0305,P15762,SCH0110,temporal,not_documented,,unknown,unknown,unknown,unknown_not_reported,EVD1957,"A complete holdout is not confirmed because grouping order, full-scheme coverage, or parent independence remains unresolved.",medium
R2D0748,DES0306,P15762,SCH0109,client,not_documented,,unknown,unknown,unknown,unknown_not_reported,EVD0080,"A complete holdout is not confirmed because grouping order, full-scheme coverage, or parent independence remains unresolved.",medium
R2D0749,DES0306,P15762,SCH0109,network,documented_no_holdout,,unknown,no,unknown,not_a_network_holdout,EVD1273,"The available evidence establishes a non-holdout design, pooling before the condition split, or shared parent traffic.",medium
R2D0750,DES0306,P15762,SCH0109,temporal,not_documented,,unknown,unknown,unknown,unknown_not_reported,EVD1958,"A complete holdout is not confirmed because grouping order, full-scheme coverage, or parent independence remains unresolved.",medium
R2D0751,DES0307,P16217,SCH0136,client,documented_no_holdout,,unknown,unknown,unknown,not_a_client_holdout,EVD0081,"The available evidence establishes a non-holdout design, pooling before the condition split, or shared parent traffic.",medium
R2D0752,DES0307,P16217,SCH0136,network,documented_no_holdout,,yes,no,yes,nonqualifying_condition_contrast,EVD1274,The design partitions only Tor guards rather than a qualifying network condition.,high
R2D0753,DES0307,P16217,SCH0136,temporal,documented_no_holdout,,unknown,unknown,unknown,not_a_temporal_holdout,EVD1959,"The available evidence establishes a non-holdout design, pooling before the condition split, or shared parent traffic.",medium
R2D0754,DES0308,P16217,SCH0136,client,documented_no_holdout,,unknown,unknown,unknown,not_a_client_holdout,EVD0082,"The available evidence establishes a non-holdout design, pooling before the condition split, or shared parent traffic.",medium
R2D0755,DES0308,P16217,SCH0136,network,documented_no_holdout,,unknown,unknown,unknown,not_a_network_holdout,EVD1275,"The available evidence establishes a non-holdout design, pooling before the condition split, or shared parent traffic.",medium
R2D0756,DES0308,P16217,SCH0136,temporal,documented_no_holdout,No qualifying temporal pair: July 2024 source pretraining plus October 2024 target fine-tuning,unknown,no,unknown,nonqualifying_condition_contrast,EVD1960,"October target samples enter training, so the October condition is not held out even though the two campaign dates and labels are documented.",high
R2D0757,DES0309,P16217,SCH0136,client,documented_no_holdout,No qualifying client pair: Tor Browser source pretraining plus Chrome target fine-tuning,unknown,no,unknown,nonqualifying_condition_contrast,EVD0083 | EVD0084,"Browser is a qualifying client condition, but the target condition contributes training samples, so it is not a holdout.",high
R2D0758,DES0309,P16217,SCH0136,network,documented_no_holdout,,unknown,unknown,unknown,not_a_network_holdout,EVD1276,"The available evidence establishes a non-holdout design, pooling before the condition split, or shared parent traffic.",medium
R2D0759,DES0309,P16217,SCH0136,temporal,documented_no_holdout,,unknown,unknown,unknown,not_a_temporal_holdout,EVD1961,"The available evidence establishes a non-holdout design, pooling before the condition split, or shared parent traffic.",medium
R2D0760,DES0310,P16217,SCH0134 | SCH0135,client,documented_no_holdout,No qualifying client pair: target fine-tuning in Scenario 4,unknown,no,unknown,nonqualifying_condition_contrast,EVD0085 | EVD0086,"Using target-condition samples for fine-tuning means the target is not held out, and the cross-domain label scheme is not complete and unchanged in both conditions.",high
R2D0761,DES0310,P16217,SCH0134 | SCH0135,network,documented_no_holdout,No qualifying network pair: target adaptation and incomplete cross-domain scheme,unknown,no,unknown,nonqualifying_condition_contrast,EVD1277,The target network domain contributes adaptation data and the complete label scheme does not recur under two held-out network values.,high
R2D0762,DES0310,P16217,SCH0134 | SCH0135,temporal,documented_no_holdout,,unknown,unknown,unknown,not_a_temporal_holdout,EVD1962,"The available evidence establishes a non-holdout design, pooling before the condition split, or shared parent traffic.",medium
R2D0763,DES0311,P16217,SCH0137 | SCH0138,client,documented_no_holdout,No qualifying client pair: target adaptation and incomplete source-target label alignment,unknown,no,unknown,nonqualifying_condition_contrast,EVD0087 | EVD0088,"Target samples enter model adaptation before evaluation, and the complete scheme does not recur unchanged under two client conditions.",high
R2D0764,DES0311,P16217,SCH0137 | SCH0138,network,not_documented,,unknown,unknown,unknown,unknown_not_reported,EVD1278,"A complete holdout is not confirmed because grouping order, full-scheme coverage, or parent independence remains unresolved.",medium
R2D0765,DES0311,P16217,SCH0137 | SCH0138,temporal,documented_no_holdout,,unknown,unknown,unknown,not_a_temporal_holdout,EVD1963,"The available evidence establishes a non-holdout design, pooling before the condition split, or shared parent traffic.",medium
R2D0766,DES0312,P16247,SCH0142,client,documented_holdout,Android 6 and 7 versus Android 8 versus Android 9 versus Android 10 host groups,yes,yes,yes,qualifying_condition_holdout,EVD0089 | EVD0090,"OS version is a qualifying client configuration, it determines the split before traffic selection, and the held-out host captures are disjoint.",high
R2D0767,DES0312,P16247,SCH0142,network,documented_no_holdout,,unknown,unknown,unknown,not_a_network_holdout,EVD1279,"The available evidence establishes a non-holdout design, pooling before the condition split, or shared parent traffic.",medium
R2D0768,DES0312,P16247,SCH0142,temporal,documented_no_holdout,,unknown,unknown,unknown,not_a_temporal_holdout,EVD1964,"The available evidence establishes a non-holdout design, pooling before the condition split, or shared parent traffic.",medium
R2D0769,DES0315,P16247,SCH0139,client,documented_no_holdout,,unknown,no,unknown,not_a_client_holdout,EVD0093,"The available evidence establishes a non-holdout design, pooling before the condition split, or shared parent traffic.",medium
R2D0770,DES0315,P16247,SCH0139,network,documented_no_holdout,,unknown,unknown,no,not_a_network_holdout,EVD1284 | EVD1285,"The available evidence establishes a non-holdout design, pooling before the condition split, or shared parent traffic.",medium
R2D0771,DES0315,P16247,SCH0139,temporal,documented_no_holdout,,unknown,unknown,unknown,not_a_temporal_holdout,EVD1967,"The available evidence establishes a non-holdout design, pooling before the condition split, or shared parent traffic.",medium
R2D0772,DES0316,P16247,SCH0143,client,documented_no_holdout,,unknown,unknown,unknown,not_a_client_holdout,EVD0094,"The available evidence establishes a non-holdout design, pooling before the condition split, or shared parent traffic.",medium
R2D0773,DES0316,P16247,SCH0143,network,documented_no_holdout,,unknown,unknown,unknown,not_a_network_holdout,EVD1286,"The available evidence establishes a non-holdout design, pooling before the condition split, or shared parent traffic.",medium
R2D0774,DES0316,P16247,SCH0143,temporal,documented_no_holdout,,unknown,unknown,unknown,not_a_temporal_holdout,EVD1968,"The available evidence establishes a non-holdout design, pooling before the condition split, or shared parent traffic.",medium
R2D0775,DES0317,P16247,SCH0139,client,documented_no_holdout,,unknown,no,unknown,not_a_client_holdout,EVD0095,"The available evidence establishes a non-holdout design, pooling before the condition split, or shared parent traffic.",medium
R2D0776,DES0317,P16247,SCH0139,network,documented_no_holdout,,unknown,unknown,unknown,not_a_network_holdout,EVD1287,"The available evidence establishes a non-holdout design, pooling before the condition split, or shared parent traffic.",medium
R2D0777,DES0317,P16247,SCH0139,temporal,documented_no_holdout,,unknown,unknown,unknown,not_a_temporal_holdout,EVD1969,"The available evidence establishes a non-holdout design, pooling before the condition split, or shared parent traffic.",medium
R2D0778,DES0318,P16247,SCH0141,client,documented_no_holdout,,unknown,no,unknown,not_a_client_holdout,EVD0096,"The available evidence establishes a non-holdout design, pooling before the condition split, or shared parent traffic.",medium
R2D0779,DES0318,P16247,SCH0141,network,documented_no_holdout,,unknown,unknown,unknown,not_a_network_holdout,EVD1288,"The available evidence establishes a non-holdout design, pooling before the condition split, or shared parent traffic.",medium
R2D0780,DES0318,P16247,SCH0141,temporal,documented_no_holdout,,unknown,unknown,unknown,not_a_temporal_holdout,EVD1970,"The available evidence establishes a non-holdout design, pooling before the condition split, or shared parent traffic.",medium
R2D0781,DES0319,P16247,SCH0139,client,not_documented,,unknown,unknown,unknown,possible_heldout_client,EVD0097 | EVD0098,"A complete holdout is not confirmed because grouping order, full-scheme coverage, or parent independence remains unresolved.",medium
R2D0782,DES0319,P16247,SCH0139,network,documented_no_holdout,,unknown,unknown,no,not_a_network_holdout,EVD1289 | EVD1290,"The available evidence establishes a non-holdout design, pooling before the condition split, or shared parent traffic.",medium
R2D0783,DES0319,P16247,SCH0139,temporal,documented_no_holdout,,unknown,unknown,unknown,not_a_temporal_holdout,EVD1971,"The available evidence establishes a non-holdout design, pooling before the condition split, or shared parent traffic.",medium
R2D0784,DES0321,P16247,SCH0139,client,not_documented,,unknown,unknown,unknown,possible_heldout_client,EVD0100 | EVD0101,"A complete holdout is not confirmed because grouping order, full-scheme coverage, or parent independence remains unresolved.",medium
R2D0785,DES0321,P16247,SCH0139,network,documented_no_holdout,,unknown,unknown,unknown,not_a_network_holdout,EVD1293,"The available evidence establishes a non-holdout design, pooling before the condition split, or shared parent traffic.",medium
R2D0786,DES0321,P16247,SCH0139,temporal,documented_no_holdout,,unknown,unknown,unknown,not_a_temporal_holdout,EVD1973,"The available evidence establishes a non-holdout design, pooling before the condition split, or shared parent traffic.",medium
R2D0787,DES0322,P16247,SCH0141,client,documented_no_holdout,,unknown,unknown,unknown,not_a_client_holdout,EVD0102,"The available evidence establishes a non-holdout design, pooling before the condition split, or shared parent traffic.",medium
R2D0788,DES0322,P16247,SCH0141,network,documented_no_holdout,,yes,no,yes,nonqualifying_condition_contrast,EVD1294 | EVD1295,The design partitions only resolver or obfuscation settings rather than a qualifying network condition.,high
R2D0789,DES0322,P16247,SCH0141,temporal,documented_no_holdout,,unknown,unknown,unknown,not_a_temporal_holdout,EVD1974,"The available evidence establishes a non-holdout design, pooling before the condition split, or shared parent traffic.",medium
R2D0790,DES0323,P16247,SCH0139,client,documented_no_holdout,,unknown,no,unknown,not_a_client_holdout,EVD0103,"The available evidence establishes a non-holdout design, pooling before the condition split, or shared parent traffic.",medium
R2D0791,DES0323,P16247,SCH0139,network,documented_no_holdout,,unknown,unknown,no,not_a_network_holdout,EVD1296 | EVD1297,"The available evidence establishes a non-holdout design, pooling before the condition split, or shared parent traffic.",medium
R2D0792,DES0323,P16247,SCH0139,temporal,documented_no_holdout,,unknown,unknown,unknown,not_a_temporal_holdout,EVD1975,"The available evidence establishes a non-holdout design, pooling before the condition split, or shared parent traffic.",medium
R2D0793,DES0324,P16247,SCH0141,client,documented_no_holdout,,unknown,no,unknown,not_a_client_holdout,EVD0104,"The available evidence establishes a non-holdout design, pooling before the condition split, or shared parent traffic.",medium
R2D0794,DES0324,P16247,SCH0141,network,documented_no_holdout,No qualifying network pair: network and obfuscation groups are jointly selected from transformed traffic,unknown,no,unknown,nonqualifying_condition_contrast,EVD1298 | EVD1299,Network membership alone does not determine the partition and transformed copies do not create independent condition values. The design therefore fails condition-first grouping and parent independence for a network holdout.,high
R2D0795,DES0324,P16247,SCH0141,temporal,documented_no_holdout,,unknown,unknown,unknown,not_a_temporal_holdout,EVD1976,"The available evidence establishes a non-holdout design, pooling before the condition split, or shared parent traffic.",medium
R2D0796,DES0325,P16247,SCH0140,client,documented_holdout,"Tor Browser 13.0.10 on one cloud-server group trains; Tor Browser 13.5 on a disjoint cloud-server group tests, jointly with network and obfuscation changes.",yes,yes,yes,heldout_full_label_view,EVD0105 | EVD0106,The available evidence documents condition-first grouping and disjoint parent captures or sessions.,high
R2D0797,DES0325,P16247,SCH0140,network,documented_holdout,"Disjoint cloud-client/server groups, Tor Browser versions, network environments, and obfuscation groups define source and target.",yes,yes,yes,heldout_full_label_view,EVD1300 | EVD1301,The available evidence documents condition-first grouping and disjoint parent captures or sessions.,high
R2D0798,DES0325,P16247,SCH0140,temporal,documented_no_holdout,,unknown,unknown,unknown,not_a_temporal_holdout,EVD1977,"The available evidence establishes a non-holdout design, pooling before the condition split, or shared parent traffic.",medium
R2D0799,DES0326,P16354,SCH0159,client,not_documented,,unknown,unknown,unknown,unknown_not_reported,EVD0107 | EVD0108,"A complete holdout is not confirmed because grouping order, full-scheme coverage, or parent independence remains unresolved.",medium
R2D0800,DES0326,P16354,SCH0159,network,documented_no_holdout,,unknown,unknown,unknown,not_a_network_holdout,EVD1302,"The available evidence establishes a non-holdout design, pooling before the condition split, or shared parent traffic.",medium
R2D0801,DES0326,P16354,SCH0159,temporal,documented_no_holdout,,unknown,unknown,no,not_a_temporal_holdout,EVD1978,"The available evidence establishes a non-holdout design, pooling before the condition split, or shared parent traffic.",medium
R2D0802,DES0331,P17056,SCH0180,client,not_documented,,unknown,unknown,unknown,unknown_not_reported,EVD0114,"A complete holdout is not confirmed because grouping order, full-scheme coverage, or parent independence remains unresolved.",medium
R2D0803,DES0331,P17056,SCH0180,network,documented_no_holdout,,unknown,no,unknown,not_a_network_holdout,EVD1307,"The available evidence establishes a non-holdout design, pooling before the condition split, or shared parent traffic.",medium
R2D0804,DES0331,P17056,SCH0180,temporal,not_documented,,unknown,unknown,unknown,unknown_not_reported,EVD1983,"A complete holdout is not confirmed because grouping order, full-scheme coverage, or parent independence remains unresolved.",medium
R2D0805,DES0332,P17056,SCH0180,client,documented_no_holdout,,unknown,unknown,unknown,not_a_client_holdout,EVD0115,"The available evidence establishes a non-holdout design, pooling before the condition split, or shared parent traffic.",medium
R2D0806,DES0332,P17056,SCH0180,network,documented_no_holdout,,unknown,no,unknown,not_a_network_holdout,EVD1308,"The available evidence establishes a non-holdout design, pooling before the condition split, or shared parent traffic.",medium
R2D0807,DES0332,P17056,SCH0180,temporal,documented_holdout,Day 1 training versus later-day tests through day 20.,yes,yes,yes,heldout_full_label_view,EVD1984,The available evidence documents condition-first grouping and disjoint parent captures or sessions.,high
R2D0808,DES0333,P17269,SCH0190,client,documented_no_holdout,,unknown,no,unknown,not_a_client_holdout,EVD0116,"The available evidence establishes a non-holdout design, pooling before the condition split, or shared parent traffic.",medium
R2D0809,DES0333,P17269,SCH0190,network,documented_no_holdout,,unknown,no,unknown,not_a_network_holdout,EVD1309,"The available evidence establishes a non-holdout design, pooling before the condition split, or shared parent traffic.",medium
R2D0810,DES0333,P17269,SCH0190,temporal,documented_no_holdout,,unknown,no,unknown,not_a_temporal_holdout,EVD1985,"The available evidence establishes a non-holdout design, pooling before the condition split, or shared parent traffic.",medium
R2D0811,DES0334,P17269,SCH0183,client,documented_no_holdout,,unknown,no,unknown,not_a_client_holdout,EVD0117,"The available evidence establishes a non-holdout design, pooling before the condition split, or shared parent traffic.",medium
R2D0812,DES0334,P17269,SCH0183,network,documented_no_holdout,,unknown,no,unknown,not_a_network_holdout,EVD1310,"The available evidence establishes a non-holdout design, pooling before the condition split, or shared parent traffic.",medium
R2D0813,DES0334,P17269,SCH0183,temporal,documented_no_holdout,,unknown,no,unknown,not_a_temporal_holdout,EVD1986,"The available evidence establishes a non-holdout design, pooling before the condition split, or shared parent traffic.",medium
R2D0814,DES0335,P17269,SCH0185,client,documented_no_holdout,,unknown,no,unknown,not_a_client_holdout,EVD0118,"The available evidence establishes a non-holdout design, pooling before the condition split, or shared parent traffic.",medium
R2D0815,DES0335,P17269,SCH0185,network,documented_no_holdout,,unknown,no,unknown,not_a_network_holdout,EVD1311,"The available evidence establishes a non-holdout design, pooling before the condition split, or shared parent traffic.",medium
R2D0816,DES0335,P17269,SCH0185,temporal,documented_no_holdout,,unknown,no,unknown,not_a_temporal_holdout,EVD1987,"The available evidence establishes a non-holdout design, pooling before the condition split, or shared parent traffic.",medium
R2D0817,DES0336,P17269,SCH0184,client,documented_no_holdout,,unknown,no,unknown,not_a_client_holdout,EVD0119,"The available evidence establishes a non-holdout design, pooling before the condition split, or shared parent traffic.",medium
R2D0818,DES0336,P17269,SCH0184,network,documented_no_holdout,,unknown,no,unknown,not_a_network_holdout,EVD1312,"The available evidence establishes a non-holdout design, pooling before the condition split, or shared parent traffic.",medium
R2D0819,DES0336,P17269,SCH0184,temporal,documented_no_holdout,,unknown,no,unknown,not_a_temporal_holdout,EVD1988,"The available evidence establishes a non-holdout design, pooling before the condition split, or shared parent traffic.",medium
R2D0820,DES0341,P17323,SCH0191,client,not_documented,,unknown,unknown,unknown,unknown_not_reported,EVD0125,"A complete holdout is not confirmed because grouping order, full-scheme coverage, or parent independence remains unresolved.",medium
R2D0821,DES0341,P17323,SCH0191,network,not_documented,,unknown,unknown,unknown,unknown_not_reported,EVD1318,"A complete holdout is not confirmed because grouping order, full-scheme coverage, or parent independence remains unresolved.",medium
R2D0822,DES0341,P17323,SCH0191,temporal,not_documented,,unknown,unknown,unknown,unknown_not_reported,EVD1994,"A complete holdout is not confirmed because grouping order, full-scheme coverage, or parent independence remains unresolved.",medium
R2D0823,DES0342,P17323,SCH0193,client,not_documented,,unknown,unknown,unknown,unknown_not_reported,EVD0126,"A complete holdout is not confirmed because grouping order, full-scheme coverage, or parent independence remains unresolved.",medium
R2D0824,DES0342,P17323,SCH0193,network,not_documented,,unknown,unknown,unknown,unknown_not_reported,EVD1319,"A complete holdout is not confirmed because grouping order, full-scheme coverage, or parent independence remains unresolved.",medium
R2D0825,DES0342,P17323,SCH0193,temporal,not_documented,,unknown,unknown,unknown,unknown_not_reported,EVD1995,"A complete holdout is not confirmed because grouping order, full-scheme coverage, or parent independence remains unresolved.",medium
R2D0826,DES0343,P17323,SCH0192,client,not_documented,,unknown,unknown,unknown,unknown_not_reported,EVD0127,"A complete holdout is not confirmed because grouping order, full-scheme coverage, or parent independence remains unresolved.",medium
R2D0827,DES0343,P17323,SCH0192,network,not_documented,,unknown,unknown,unknown,unknown_not_reported,EVD1320,"A complete holdout is not confirmed because grouping order, full-scheme coverage, or parent independence remains unresolved.",medium
R2D0828,DES0343,P17323,SCH0192,temporal,not_documented,,unknown,unknown,unknown,unknown_not_reported,EVD1996,"A complete holdout is not confirmed because grouping order, full-scheme coverage, or parent independence remains unresolved.",medium
R2D0829,DES0346,P17713,SCH0194,client,not_documented,,unknown,unknown,unknown,unknown_not_reported,EVD0131,"A complete holdout is not confirmed because grouping order, full-scheme coverage, or parent independence remains unresolved.",medium
R2D0830,DES0346,P17713,SCH0194,network,not_documented,,unknown,unknown,unknown,unknown_not_reported,EVD1324,"A complete holdout is not confirmed because grouping order, full-scheme coverage, or parent independence remains unresolved.",medium
R2D0831,DES0346,P17713,SCH0194,temporal,not_documented,,unknown,unknown,unknown,unknown_not_reported,EVD1999,"A complete holdout is not confirmed because grouping order, full-scheme coverage, or parent independence remains unresolved.",medium
R2D0832,DES0347,P17713,SCH0195,client,not_documented,,unknown,unknown,unknown,unknown_not_reported,EVD0132,"A complete holdout is not confirmed because grouping order, full-scheme coverage, or parent independence remains unresolved.",medium
R2D0833,DES0347,P17713,SCH0195,network,not_documented,,unknown,unknown,unknown,unknown_not_reported,EVD1325,"A complete holdout is not confirmed because grouping order, full-scheme coverage, or parent independence remains unresolved.",medium
R2D0834,DES0347,P17713,SCH0195,temporal,not_documented,,unknown,unknown,unknown,unknown_not_reported,EVD2000,"A complete holdout is not confirmed because grouping order, full-scheme coverage, or parent independence remains unresolved.",medium
R2D0835,DES0348,P17713,SCH0194,client,not_documented,,unknown,unknown,unknown,possible_heldout_client,EVD0133,"A complete holdout is not confirmed because grouping order, full-scheme coverage, or parent independence remains unresolved.",medium
R2D0836,DES0348,P17713,SCH0194,network,documented_holdout,A laboratory ground-truth corpus trains the title classifier and separate traffic in a partner ISP deployment network tests it.,yes,yes,yes,heldout_full_label_view,EVD1326 | EVD1327,The available evidence documents condition-first grouping and disjoint parent captures or sessions.,high
R2D0837,DES0348,P17713,SCH0194,temporal,documented_no_holdout,,unknown,unknown,unknown,not_a_temporal_holdout,EVD2001,"The available evidence establishes a non-holdout design, pooling before the condition split, or shared parent traffic.",medium
R2D0838,DES0352,P17818,SCH0199,client,documented_no_holdout,,unknown,no,unknown,not_a_client_holdout,EVD0142,"The available evidence establishes a non-holdout design, pooling before the condition split, or shared parent traffic.",medium
R2D0839,DES0352,P17818,SCH0199,network,documented_no_holdout,,unknown,no,unknown,not_a_network_holdout,EVD1334,"The available evidence establishes a non-holdout design, pooling before the condition split, or shared parent traffic.",medium
R2D0840,DES0352,P17818,SCH0199,temporal,documented_no_holdout,,unknown,no,unknown,not_a_temporal_holdout,EVD2007,"The available evidence establishes a non-holdout design, pooling before the condition split, or shared parent traffic.",medium
R2D0841,DES0353,P17818,SCH0200,client,documented_no_holdout,,unknown,no,unknown,not_a_client_holdout,EVD0143,"The available evidence establishes a non-holdout design, pooling before the condition split, or shared parent traffic.",medium
R2D0842,DES0353,P17818,SCH0200,network,documented_no_holdout,,unknown,no,unknown,not_a_network_holdout,EVD1335,"The available evidence establishes a non-holdout design, pooling before the condition split, or shared parent traffic.",medium
R2D0843,DES0353,P17818,SCH0200,temporal,documented_no_holdout,,unknown,no,unknown,not_a_temporal_holdout,EVD2008,"The available evidence establishes a non-holdout design, pooling before the condition split, or shared parent traffic.",medium
R2D0844,DES0354,P17818,SCH0196,client,documented_no_holdout,,unknown,no,unknown,not_a_client_holdout,EVD0144,"The available evidence establishes a non-holdout design, pooling before the condition split, or shared parent traffic.",medium
R2D0845,DES0354,P17818,SCH0196,network,documented_no_holdout,,unknown,no,unknown,not_a_network_holdout,EVD1336,"The available evidence establishes a non-holdout design, pooling before the condition split, or shared parent traffic.",medium
R2D0846,DES0354,P17818,SCH0196,temporal,documented_no_holdout,,unknown,no,unknown,not_a_temporal_holdout,EVD2009,"The available evidence establishes a non-holdout design, pooling before the condition split, or shared parent traffic.",medium
R2D0847,DES0355,P17818,SCH0202,client,documented_no_holdout,,unknown,no,unknown,not_a_client_holdout,EVD0145,"The available evidence establishes a non-holdout design, pooling before the condition split, or shared parent traffic.",medium
R2D0848,DES0355,P17818,SCH0202,network,documented_no_holdout,,unknown,no,unknown,not_a_network_holdout,EVD1337,"The available evidence establishes a non-holdout design, pooling before the condition split, or shared parent traffic.",medium
R2D0849,DES0355,P17818,SCH0202,temporal,documented_no_holdout,,unknown,no,unknown,not_a_temporal_holdout,EVD2010,"The available evidence establishes a non-holdout design, pooling before the condition split, or shared parent traffic.",medium
R2D0850,DES0357,P17818,SCH0204,client,documented_no_holdout,,unknown,no,unknown,not_a_client_holdout,EVD0147,"The available evidence establishes a non-holdout design, pooling before the condition split, or shared parent traffic.",medium
R2D0851,DES0357,P17818,SCH0204,network,documented_no_holdout,,unknown,no,no,not_a_network_holdout,EVD1339,"The available evidence establishes a non-holdout design, pooling before the condition split, or shared parent traffic.",medium
R2D0852,DES0357,P17818,SCH0204,temporal,documented_no_holdout,,unknown,no,unknown,not_a_temporal_holdout,EVD2012,"The available evidence establishes a non-holdout design, pooling before the condition split, or shared parent traffic.",medium
R2D0853,DES0358,P17818,SCH0201,client,documented_no_holdout,,unknown,no,unknown,not_a_client_holdout,EVD0148,"The available evidence establishes a non-holdout design, pooling before the condition split, or shared parent traffic.",medium
R2D0854,DES0358,P17818,SCH0201,network,documented_no_holdout,,unknown,no,no,not_a_network_holdout,EVD1340,"The available evidence establishes a non-holdout design, pooling before the condition split, or shared parent traffic.",medium
R2D0855,DES0358,P17818,SCH0201,temporal,documented_no_holdout,,unknown,no,unknown,not_a_temporal_holdout,EVD2013,"The available evidence establishes a non-holdout design, pooling before the condition split, or shared parent traffic.",medium
R2D0856,DES0359,P17818,SCH0203,client,documented_no_holdout,,unknown,no,unknown,not_a_client_holdout,EVD0149,"The available evidence establishes a non-holdout design, pooling before the condition split, or shared parent traffic.",medium
R2D0857,DES0359,P17818,SCH0203,network,documented_no_holdout,,unknown,no,no,not_a_network_holdout,EVD1341,"The available evidence establishes a non-holdout design, pooling before the condition split, or shared parent traffic.",medium
R2D0858,DES0359,P17818,SCH0203,temporal,documented_no_holdout,,unknown,no,unknown,not_a_temporal_holdout,EVD2014,"The available evidence establishes a non-holdout design, pooling before the condition split, or shared parent traffic.",medium
R2D0859,DES0360,P17818,SCH0197 | SCH0198 | SCH0205,client,documented_holdout,Original application releases versus freshly recaptured current releases 26 months later.,yes,yes,yes,heldout_full_label_view,EVD0150 | EVD0152,The available evidence documents condition-first grouping and disjoint parent captures or sessions.,high
R2D0860,DES0360,P17818,SCH0197 | SCH0198 | SCH0205,network,documented_no_holdout,,unknown,unknown,unknown,not_a_network_holdout,EVD1342,"The available evidence establishes a non-holdout design, pooling before the condition split, or shared parent traffic.",medium
R2D0861,DES0360,P17818,SCH0197 | SCH0198 | SCH0205,temporal,documented_holdout,Original Cross Platform capture versus fresh 31-app recapture 26 months later.,yes,yes,yes,heldout_full_label_view,EVD2015 | EVD2016,The available evidence documents condition-first grouping and disjoint parent captures or sessions.,high
R2D0862,DES0361,P18348,SCH0219,client,documented_no_holdout,,unknown,unknown,unknown,not_a_client_holdout,EVD0153,"The available evidence establishes a non-holdout design, pooling before the condition split, or shared parent traffic.",medium
R2D0863,DES0361,P18348,SCH0219,network,documented_no_holdout,,unknown,no,unknown,not_a_network_holdout,EVD1343,"The available evidence establishes a non-holdout design, pooling before the condition split, or shared parent traffic.",medium
R2D0864,DES0361,P18348,SCH0219,temporal,not_documented,,unknown,unknown,unknown,possible_heldout_temporal,EVD2017 | EVD2031,"A complete holdout is not confirmed because grouping order, full-scheme coverage, or parent independence remains unresolved.",medium
R2D0865,DES0362,P18348,SCH0219,client,documented_no_holdout,,unknown,unknown,unknown,not_a_client_holdout,EVD0154,"The available evidence establishes a non-holdout design, pooling before the condition split, or shared parent traffic.",medium
R2D0866,DES0362,P18348,SCH0219,network,documented_no_holdout,,unknown,no,unknown,not_a_network_holdout,EVD1344,"The available evidence establishes a non-holdout design, pooling before the condition split, or shared parent traffic.",medium
R2D0867,DES0362,P18348,SCH0219,temporal,not_documented,,unknown,unknown,unknown,possible_heldout_temporal,EVD2018 | EVD2031,"A complete holdout is not confirmed because grouping order, full-scheme coverage, or parent independence remains unresolved.",medium
R2D0868,DES0363,P18348,SCH0219,client,documented_no_holdout,,unknown,unknown,unknown,not_a_client_holdout,EVD0155,"The available evidence establishes a non-holdout design, pooling before the condition split, or shared parent traffic.",medium
R2D0869,DES0363,P18348,SCH0219,network,documented_no_holdout,,unknown,no,unknown,not_a_network_holdout,EVD1345,"The available evidence establishes a non-holdout design, pooling before the condition split, or shared parent traffic.",medium
R2D0870,DES0363,P18348,SCH0219,temporal,not_documented,,unknown,unknown,unknown,possible_heldout_temporal,EVD2019 | EVD2031,"A complete holdout is not confirmed because grouping order, full-scheme coverage, or parent independence remains unresolved.",medium
R2D0871,DES0364,P18348,SCH0219,client,documented_no_holdout,,unknown,unknown,unknown,not_a_client_holdout,EVD0156,"The available evidence establishes a non-holdout design, pooling before the condition split, or shared parent traffic.",medium
R2D0872,DES0364,P18348,SCH0219,network,documented_no_holdout,,unknown,no,unknown,not_a_network_holdout,EVD1346,"The available evidence establishes a non-holdout design, pooling before the condition split, or shared parent traffic.",medium
R2D0873,DES0364,P18348,SCH0219,temporal,documented_holdout,December 2022 reference versus one-month later campaign.,yes,yes,yes,heldout_full_label_view,EVD2020 | EVD2031,The available evidence documents condition-first grouping and disjoint parent captures or sessions.,high
R2D0874,DES0365,P18348,SCH0219,client,documented_no_holdout,,unknown,unknown,unknown,not_a_client_holdout,EVD0157,"The available evidence establishes a non-holdout design, pooling before the condition split, or shared parent traffic.",medium
R2D0875,DES0365,P18348,SCH0219,network,documented_no_holdout,,unknown,no,unknown,not_a_network_holdout,EVD1347,"The available evidence establishes a non-holdout design, pooling before the condition split, or shared parent traffic.",medium
R2D0876,DES0365,P18348,SCH0219,temporal,documented_holdout,December 2022 reference versus three-month later campaign.,yes,yes,yes,heldout_full_label_view,EVD2021 | EVD2031,The available evidence documents condition-first grouping and disjoint parent captures or sessions.,high
R2D0877,DES0366,P18348,SCH0219,client,documented_no_holdout,,unknown,unknown,unknown,not_a_client_holdout,EVD0158,"The available evidence establishes a non-holdout design, pooling before the condition split, or shared parent traffic.",medium
R2D0878,DES0366,P18348,SCH0219,network,documented_no_holdout,,unknown,no,unknown,not_a_network_holdout,EVD1348,"The available evidence establishes a non-holdout design, pooling before the condition split, or shared parent traffic.",medium
R2D0879,DES0366,P18348,SCH0219,temporal,documented_holdout,December 2022 reference versus six-month later campaign.,yes,yes,yes,heldout_full_label_view,EVD2022 | EVD2031,The available evidence documents condition-first grouping and disjoint parent captures or sessions.,high
R2D0880,DES0367,P18348,SCH0219,client,documented_no_holdout,,unknown,unknown,unknown,not_a_client_holdout,EVD0159,"The available evidence establishes a non-holdout design, pooling before the condition split, or shared parent traffic.",medium
R2D0881,DES0367,P18348,SCH0219,network,documented_no_holdout,,unknown,no,unknown,not_a_network_holdout,EVD1349,"The available evidence establishes a non-holdout design, pooling before the condition split, or shared parent traffic.",medium
R2D0882,DES0367,P18348,SCH0219,temporal,documented_holdout,December 2022 reference versus twelve-month later campaign.,yes,yes,yes,heldout_full_label_view,EVD2023 | EVD2031,The available evidence documents condition-first grouping and disjoint parent captures or sessions.,high
R2D0883,DES0368,P18348,SCH0219,client,documented_no_holdout,,unknown,unknown,unknown,not_a_client_holdout,EVD0160,"The available evidence establishes a non-holdout design, pooling before the condition split, or shared parent traffic.",medium
R2D0884,DES0368,P18348,SCH0219,network,documented_no_holdout,,unknown,unknown,unknown,not_a_network_holdout,EVD1350,"The available evidence establishes a non-holdout design, pooling before the condition split, or shared parent traffic.",medium
R2D0885,DES0368,P18348,SCH0219,temporal,documented_no_holdout,,unknown,unknown,unknown,not_a_temporal_holdout,EVD2024,"The available evidence establishes a non-holdout design, pooling before the condition split, or shared parent traffic.",medium
R2D0886,DES0369,P18348,SCH0219,client,documented_holdout,"UK device specimens/testbed versus US specimens/testbed, in both directions, for 13 common device-model labels.",yes,yes,yes,heldout_full_label_view,EVD0161,The available evidence documents condition-first grouping and disjoint parent captures or sessions.,high
R2D0887,DES0369,P18348,SCH0219,network,documented_holdout,"UK testbed/site trains and US testbed/site tests, and vice versa, for 13 common device-model labels.",yes,yes,yes,heldout_full_label_view,EVD1351 | EVD1352,The available evidence documents condition-first grouping and disjoint parent captures or sessions.,high
R2D0888,DES0369,P18348,SCH0219,temporal,documented_no_holdout,,unknown,unknown,unknown,not_a_temporal_holdout,EVD2025,"The available evidence establishes a non-holdout design, pooling before the condition split, or shared parent traffic.",medium
R2D0889,DES0370,P18348,SCH0219,client,documented_no_holdout,,unknown,unknown,unknown,not_a_client_holdout,EVD0162,"The available evidence establishes a non-holdout design, pooling before the condition split, or shared parent traffic.",medium
R2D0890,DES0370,P18348,SCH0219,network,documented_no_holdout,,unknown,unknown,unknown,not_a_network_holdout,EVD1353,"The available evidence establishes a non-holdout design, pooling before the condition split, or shared parent traffic.",medium
R2D0891,DES0370,P18348,SCH0219,temporal,documented_no_holdout,,unknown,unknown,unknown,not_a_temporal_holdout,EVD2026,"The available evidence establishes a non-holdout design, pooling before the condition split, or shared parent traffic.",medium
R2D0892,DES0371,P18348,SCH0219,client,documented_no_holdout,,unknown,unknown,unknown,not_a_client_holdout,EVD0163,"The available evidence establishes a non-holdout design, pooling before the condition split, or shared parent traffic.",medium
R2D0893,DES0371,P18348,SCH0219,network,documented_no_holdout,,unknown,no,unknown,not_a_network_holdout,EVD1354,"The available evidence establishes a non-holdout design, pooling before the condition split, or shared parent traffic.",medium
R2D0894,DES0371,P18348,SCH0219,temporal,documented_holdout,December 2022 reference versus one-month later campaign.,yes,yes,yes,heldout_full_label_view,EVD2027 | EVD2031,The available evidence documents condition-first grouping and disjoint parent captures or sessions.,high
R2D0895,DES0372,P18348,SCH0219,client,documented_no_holdout,,unknown,unknown,unknown,not_a_client_holdout,EVD0164,"The available evidence establishes a non-holdout design, pooling before the condition split, or shared parent traffic.",medium
R2D0896,DES0372,P18348,SCH0219,network,documented_no_holdout,,unknown,no,unknown,not_a_network_holdout,EVD1355,"The available evidence establishes a non-holdout design, pooling before the condition split, or shared parent traffic.",medium
R2D0897,DES0372,P18348,SCH0219,temporal,documented_holdout,December 2022 reference versus three-month later campaign.,yes,yes,yes,heldout_full_label_view,EVD2028 | EVD2031,The available evidence documents condition-first grouping and disjoint parent captures or sessions.,high
R2D0898,DES0373,P18348,SCH0219,client,documented_no_holdout,,unknown,unknown,unknown,not_a_client_holdout,EVD0165,"The available evidence establishes a non-holdout design, pooling before the condition split, or shared parent traffic.",medium
R2D0899,DES0373,P18348,SCH0219,network,documented_no_holdout,,unknown,no,unknown,not_a_network_holdout,EVD1356,"The available evidence establishes a non-holdout design, pooling before the condition split, or shared parent traffic.",medium
R2D0900,DES0373,P18348,SCH0219,temporal,documented_holdout,December 2022 reference versus six-month later campaign.,yes,yes,yes,heldout_full_label_view,EVD2029 | EVD2031,The available evidence documents condition-first grouping and disjoint parent captures or sessions.,high
R2D0901,DES0374,P18348,SCH0219,client,documented_no_holdout,,unknown,unknown,unknown,not_a_client_holdout,EVD0166,"The available evidence establishes a non-holdout design, pooling before the condition split, or shared parent traffic.",medium
R2D0902,DES0374,P18348,SCH0219,network,documented_no_holdout,,unknown,no,unknown,not_a_network_holdout,EVD1357,"The available evidence establishes a non-holdout design, pooling before the condition split, or shared parent traffic.",medium
R2D0903,DES0374,P18348,SCH0219,temporal,documented_holdout,December 2022 reference versus twelve-month later campaign.,yes,yes,yes,heldout_full_label_view,EVD2030 | EVD2031,The available evidence documents condition-first grouping and disjoint parent captures or sessions.,high
R2D0904,DES0375,P35345,SCH0233,client,not_documented,,unknown,unknown,unknown,unknown_not_reported,EVD0167,"A complete holdout is not confirmed because grouping order, full-scheme coverage, or parent independence remains unresolved.",medium
R2D0905,DES0375,P35345,SCH0233,network,not_documented,,unknown,unknown,unknown,unknown_not_reported,EVD1358,"A complete holdout is not confirmed because grouping order, full-scheme coverage, or parent independence remains unresolved.",medium
R2D0906,DES0375,P35345,SCH0233,temporal,not_documented,,unknown,unknown,unknown,unknown_not_reported,EVD2032,"A complete holdout is not confirmed because grouping order, full-scheme coverage, or parent independence remains unresolved.",medium
R2D0907,DES0376,P35345,SCH0230,client,documented_no_holdout,,unknown,unknown,unknown,not_a_client_holdout,EVD0168,"The available evidence establishes a non-holdout design, pooling before the condition split, or shared parent traffic.",medium
R2D0908,DES0376,P35345,SCH0230,network,not_documented,,unknown,unknown,unknown,unknown_not_reported,EVD1359,"A complete holdout is not confirmed because grouping order, full-scheme coverage, or parent independence remains unresolved.",medium
R2D0909,DES0376,P35345,SCH0230,temporal,not_documented,,unknown,unknown,unknown,unknown_not_reported,EVD2033,"A complete holdout is not confirmed because grouping order, full-scheme coverage, or parent independence remains unresolved.",medium
R2D0910,DES0377,P35345,SCH0232,client,not_documented,,unknown,unknown,unknown,unknown_not_reported,EVD0169,"A complete holdout is not confirmed because grouping order, full-scheme coverage, or parent independence remains unresolved.",medium
R2D0911,DES0377,P35345,SCH0232,network,not_documented,,unknown,unknown,unknown,unknown_not_reported,EVD1360,"A complete holdout is not confirmed because grouping order, full-scheme coverage, or parent independence remains unresolved.",medium
R2D0912,DES0377,P35345,SCH0232,temporal,not_documented,,unknown,unknown,unknown,unknown_not_reported,EVD2034,"A complete holdout is not confirmed because grouping order, full-scheme coverage, or parent independence remains unresolved.",medium
R2D0913,DES0378,P35345,SCH0231,client,not_documented,,unknown,unknown,unknown,unknown_not_reported,EVD0170,"A complete holdout is not confirmed because grouping order, full-scheme coverage, or parent independence remains unresolved.",medium
R2D0914,DES0378,P35345,SCH0231,network,not_documented,,unknown,unknown,unknown,unknown_not_reported,EVD1361,"A complete holdout is not confirmed because grouping order, full-scheme coverage, or parent independence remains unresolved.",medium
R2D0915,DES0378,P35345,SCH0231,temporal,not_documented,,unknown,unknown,unknown,unknown_not_reported,EVD2035,"A complete holdout is not confirmed because grouping order, full-scheme coverage, or parent independence remains unresolved.",medium
R2D0916,DES0380,P38630,SCH0234,client,documented_no_holdout,,unknown,no,unknown,not_a_client_holdout,EVD0172,"The available evidence establishes a non-holdout design, pooling before the condition split, or shared parent traffic.",medium
R2D0917,DES0380,P38630,SCH0234,network,documented_no_holdout,,unknown,no,unknown,not_a_network_holdout,EVD1363,"The available evidence establishes a non-holdout design, pooling before the condition split, or shared parent traffic.",medium
R2D0918,DES0380,P38630,SCH0234,temporal,documented_no_holdout,,unknown,no,unknown,not_a_temporal_holdout,EVD2037 | EVD2038,"The available evidence establishes a non-holdout design, pooling before the condition split, or shared parent traffic.",medium
R2D0919,DES0381,P38761,SCH0236,client,not_documented,,unknown,unknown,unknown,unknown_not_reported,EVD0173,"A complete holdout is not confirmed because grouping order, full-scheme coverage, or parent independence remains unresolved.",medium
R2D0920,DES0381,P38761,SCH0236,network,not_documented,,unknown,unknown,unknown,unknown_not_reported,EVD1364,"A complete holdout is not confirmed because grouping order, full-scheme coverage, or parent independence remains unresolved.",medium
R2D0921,DES0381,P38761,SCH0236,temporal,not_documented,,unknown,no,unknown,unknown_not_reported,EVD2039,"A complete holdout is not confirmed because grouping order, full-scheme coverage, or parent independence remains unresolved.",medium
R2D0922,DES0382,P38761,SCH0235,client,not_documented,,unknown,unknown,unknown,unknown_not_reported,EVD0174,"A complete holdout is not confirmed because grouping order, full-scheme coverage, or parent independence remains unresolved.",medium
R2D0923,DES0382,P38761,SCH0235,network,not_documented,,unknown,unknown,unknown,unknown_not_reported,EVD1365,"A complete holdout is not confirmed because grouping order, full-scheme coverage, or parent independence remains unresolved.",medium
R2D0924,DES0382,P38761,SCH0235,temporal,not_documented,,unknown,no,unknown,unknown_not_reported,EVD2040,"A complete holdout is not confirmed because grouping order, full-scheme coverage, or parent independence remains unresolved.",medium
R2D0925,DES0383,P38761,SCH0237,client,not_documented,,unknown,unknown,unknown,unknown_not_reported,EVD0175,"A complete holdout is not confirmed because grouping order, full-scheme coverage, or parent independence remains unresolved.",medium
R2D0926,DES0383,P38761,SCH0237,network,documented_no_holdout,No qualifying network pair: flow records from each parent PCAP are split 80 percent versus 20 percent,unknown,no,unknown,nonqualifying_condition_contrast,EVD1366,"Parent PCAPs contribute to both partitions, and no network condition determines test membership.",high
R2D0927,DES0383,P38761,SCH0237,temporal,documented_no_holdout,No qualifying temporal pair: flow records from each parent PCAP are split 80 percent versus 20 percent,unknown,no,unknown,nonqualifying_condition_contrast,EVD2041,The same parent captures contribute to both partitions and no temporal condition determines membership.,high
R2D0928,DES0384,P38761,SCH0238,client,not_documented,,unknown,unknown,unknown,unknown_not_reported,EVD0176,"A complete holdout is not confirmed because grouping order, full-scheme coverage, or parent independence remains unresolved.",medium
R2D0929,DES0384,P38761,SCH0238,network,documented_no_holdout,No qualifying network pair: flow records from each parent PCAP are split 80 percent versus 20 percent,unknown,no,unknown,nonqualifying_condition_contrast,EVD1367,"The same parent PCAP contributes records to both partitions, so parent-capture independence fails and no network condition determines the split.",high
R2D0930,DES0384,P38761,SCH0238,temporal,not_documented,,unknown,no,unknown,unknown_not_reported,EVD2042,"A complete holdout is not confirmed because grouping order, full-scheme coverage, or parent independence remains unresolved.",medium
R2D0931,DES0385,P38798,SCH0240,client,not_documented,,unknown,unknown,unknown,unknown_not_reported,EVD0177,"A complete holdout is not confirmed because grouping order, full-scheme coverage, or parent independence remains unresolved.",medium
R2D0932,DES0385,P38798,SCH0240,network,not_documented,,unknown,unknown,unknown,unknown_not_reported,EVD1368,"A complete holdout is not confirmed because grouping order, full-scheme coverage, or parent independence remains unresolved.",medium
R2D0933,DES0385,P38798,SCH0240,temporal,not_documented,,unknown,unknown,unknown,unknown_not_reported,EVD2043,"A complete holdout is not confirmed because grouping order, full-scheme coverage, or parent independence remains unresolved.",medium
R2D0934,DES0386,P38798,SCH0239,client,not_documented,,unknown,unknown,unknown,unknown_not_reported,EVD0178,"A complete holdout is not confirmed because grouping order, full-scheme coverage, or parent independence remains unresolved.",medium
R2D0935,DES0386,P38798,SCH0239,network,not_documented,,unknown,unknown,unknown,unknown_not_reported,EVD1369,"A complete holdout is not confirmed because grouping order, full-scheme coverage, or parent independence remains unresolved.",medium
R2D0936,DES0386,P38798,SCH0239,temporal,not_documented,,unknown,unknown,unknown,unknown_not_reported,EVD2044,"A complete holdout is not confirmed because grouping order, full-scheme coverage, or parent independence remains unresolved.",medium
R2D0937,DES0388,P38868,SCH0241,client,documented_no_holdout,,unknown,no,unknown,not_a_client_holdout,EVD0180,"The available evidence establishes a non-holdout design, pooling before the condition split, or shared parent traffic.",medium
R2D0938,DES0388,P38868,SCH0241,network,documented_no_holdout,,unknown,no,unknown,not_a_network_holdout,EVD1371,"The available evidence establishes a non-holdout design, pooling before the condition split, or shared parent traffic.",medium
R2D0939,DES0388,P38868,SCH0241,temporal,documented_no_holdout,,unknown,no,unknown,not_a_temporal_holdout,EVD2046,"The available evidence establishes a non-holdout design, pooling before the condition split, or shared parent traffic.",medium
R2D0940,DES0389,P39009,SCH0242 | SCH0243,client,not_documented,,unknown,unknown,unknown,unknown_not_reported,EVD0181 | EVD0182,"A complete holdout is not confirmed because grouping order, full-scheme coverage, or parent independence remains unresolved.",medium
R2D0941,DES0389,P39009,SCH0242 | SCH0243,network,not_documented,,unknown,unknown,unknown,unknown_not_reported,EVD1372,"A complete holdout is not confirmed because grouping order, full-scheme coverage, or parent independence remains unresolved.",medium
R2D0942,DES0389,P39009,SCH0242 | SCH0243,temporal,not_documented,,unknown,unknown,unknown,unknown_not_reported,EVD2047 | EVD2048 | EVD2049,"A complete holdout is not confirmed because grouping order, full-scheme coverage, or parent independence remains unresolved.",medium
R2D0943,DES0392,P39064,SCH0246,client,documented_no_holdout,,unknown,no,unknown,not_a_client_holdout,EVD0185,"The available evidence establishes a non-holdout design, pooling before the condition split, or shared parent traffic.",medium
R2D0944,DES0392,P39064,SCH0246,network,documented_no_holdout,,unknown,no,unknown,not_a_network_holdout,EVD1375,"The available evidence establishes a non-holdout design, pooling before the condition split, or shared parent traffic.",medium
R2D0945,DES0392,P39064,SCH0246,temporal,documented_no_holdout,,unknown,no,unknown,not_a_temporal_holdout,EVD2052,"The available evidence establishes a non-holdout design, pooling before the condition split, or shared parent traffic.",medium
R2D0946,DES0393,P39064,SCH0244,client,documented_no_holdout,,unknown,no,unknown,not_a_client_holdout,EVD0186,"The available evidence establishes a non-holdout design, pooling before the condition split, or shared parent traffic.",medium
R2D0947,DES0393,P39064,SCH0244,network,documented_no_holdout,,unknown,no,unknown,not_a_network_holdout,EVD1376,"The available evidence establishes a non-holdout design, pooling before the condition split, or shared parent traffic.",medium
R2D0948,DES0393,P39064,SCH0244,temporal,documented_no_holdout,,unknown,no,unknown,not_a_temporal_holdout,EVD2053,"The available evidence establishes a non-holdout design, pooling before the condition split, or shared parent traffic.",medium
R2D0949,DES0394,P39064,SCH0248,client,documented_no_holdout,,unknown,no,unknown,not_a_client_holdout,EVD0187,"The available evidence establishes a non-holdout design, pooling before the condition split, or shared parent traffic.",medium
R2D0950,DES0394,P39064,SCH0248,network,documented_no_holdout,,unknown,no,unknown,not_a_network_holdout,EVD1377,"The available evidence establishes a non-holdout design, pooling before the condition split, or shared parent traffic.",medium
R2D0951,DES0394,P39064,SCH0248,temporal,documented_no_holdout,,unknown,no,unknown,not_a_temporal_holdout,EVD2054,"The available evidence establishes a non-holdout design, pooling before the condition split, or shared parent traffic.",medium
R2D0952,DES0395,P39064,SCH0245,client,documented_no_holdout,,unknown,no,unknown,not_a_client_holdout,EVD0188,"The available evidence establishes a non-holdout design, pooling before the condition split, or shared parent traffic.",medium
R2D0953,DES0395,P39064,SCH0245,network,documented_no_holdout,,unknown,no,unknown,not_a_network_holdout,EVD1378,"The available evidence establishes a non-holdout design, pooling before the condition split, or shared parent traffic.",medium
R2D0954,DES0395,P39064,SCH0245,temporal,documented_no_holdout,,unknown,no,unknown,not_a_temporal_holdout,EVD2055,"The available evidence establishes a non-holdout design, pooling before the condition split, or shared parent traffic.",medium
R2D0955,DES0396,P39064,SCH0249,client,documented_no_holdout,,unknown,no,unknown,not_a_client_holdout,EVD0189,"The available evidence establishes a non-holdout design, pooling before the condition split, or shared parent traffic.",medium
R2D0956,DES0396,P39064,SCH0249,network,documented_no_holdout,,unknown,no,unknown,not_a_network_holdout,EVD1379,"The available evidence establishes a non-holdout design, pooling before the condition split, or shared parent traffic.",medium
R2D0957,DES0396,P39064,SCH0249,temporal,documented_no_holdout,,unknown,no,unknown,not_a_temporal_holdout,EVD2056,"The available evidence establishes a non-holdout design, pooling before the condition split, or shared parent traffic.",medium
R2D0958,DES0397,P39064,SCH0247,client,documented_no_holdout,,unknown,no,unknown,not_a_client_holdout,EVD0190,"The available evidence establishes a non-holdout design, pooling before the condition split, or shared parent traffic.",medium
R2D0959,DES0397,P39064,SCH0247,network,documented_no_holdout,,unknown,no,unknown,not_a_network_holdout,EVD1380,"The available evidence establishes a non-holdout design, pooling before the condition split, or shared parent traffic.",medium
R2D0960,DES0397,P39064,SCH0247,temporal,documented_no_holdout,,unknown,no,unknown,not_a_temporal_holdout,EVD2057,"The available evidence establishes a non-holdout design, pooling before the condition split, or shared parent traffic.",medium
R2D0961,DES0406,P39497,SCH0252,client,documented_no_holdout,,unknown,no,unknown,not_a_client_holdout,EVD0201,"The available evidence establishes a non-holdout design, pooling before the condition split, or shared parent traffic.",medium
R2D0962,DES0406,P39497,SCH0252,network,documented_no_holdout,,unknown,no,unknown,not_a_network_holdout,EVD1389,"The available evidence establishes a non-holdout design, pooling before the condition split, or shared parent traffic.",medium
R2D0963,DES0406,P39497,SCH0252,temporal,documented_no_holdout,,unknown,no,unknown,not_a_temporal_holdout,EVD2066,"The available evidence establishes a non-holdout design, pooling before the condition split, or shared parent traffic.",medium
R2D0964,DES0407,P39497,SCH0254,client,documented_no_holdout,,unknown,no,unknown,not_a_client_holdout,EVD0202,"The available evidence establishes a non-holdout design, pooling before the condition split, or shared parent traffic.",medium
R2D0965,DES0407,P39497,SCH0254,network,documented_no_holdout,,unknown,no,unknown,not_a_network_holdout,EVD1390,"The available evidence establishes a non-holdout design, pooling before the condition split, or shared parent traffic.",medium
R2D0966,DES0407,P39497,SCH0254,temporal,documented_no_holdout,,unknown,no,unknown,not_a_temporal_holdout,EVD2067,"The available evidence establishes a non-holdout design, pooling before the condition split, or shared parent traffic.",medium
R2D0967,DES0408,P39497,SCH0256,client,documented_no_holdout,,unknown,no,unknown,not_a_client_holdout,EVD0203,"The available evidence establishes a non-holdout design, pooling before the condition split, or shared parent traffic.",medium
R2D0968,DES0408,P39497,SCH0256,network,documented_no_holdout,,unknown,no,unknown,not_a_network_holdout,EVD1391,"The available evidence establishes a non-holdout design, pooling before the condition split, or shared parent traffic.",medium
R2D0969,DES0408,P39497,SCH0256,temporal,documented_no_holdout,,unknown,no,unknown,not_a_temporal_holdout,EVD2068,"The available evidence establishes a non-holdout design, pooling before the condition split, or shared parent traffic.",medium
R2D0970,DES0409,P39497,SCH0257,client,documented_no_holdout,,unknown,no,unknown,not_a_client_holdout,EVD0204,"The available evidence establishes a non-holdout design, pooling before the condition split, or shared parent traffic.",medium
R2D0971,DES0409,P39497,SCH0257,network,documented_no_holdout,,unknown,no,unknown,not_a_network_holdout,EVD1392,"The available evidence establishes a non-holdout design, pooling before the condition split, or shared parent traffic.",medium
R2D0972,DES0409,P39497,SCH0257,temporal,documented_no_holdout,,unknown,no,unknown,not_a_temporal_holdout,EVD2069,"The available evidence establishes a non-holdout design, pooling before the condition split, or shared parent traffic.",medium
R2D0973,DES0410,P39497,SCH0253,client,documented_no_holdout,,unknown,no,unknown,not_a_client_holdout,EVD0205,"The available evidence establishes a non-holdout design, pooling before the condition split, or shared parent traffic.",medium
R2D0974,DES0410,P39497,SCH0253,network,documented_no_holdout,,unknown,no,unknown,not_a_network_holdout,EVD1393,"The available evidence establishes a non-holdout design, pooling before the condition split, or shared parent traffic.",medium
R2D0975,DES0410,P39497,SCH0253,temporal,documented_no_holdout,,unknown,no,unknown,not_a_temporal_holdout,EVD2070,"The available evidence establishes a non-holdout design, pooling before the condition split, or shared parent traffic.",medium
R2D0976,DES0411,P39497,SCH0255,client,documented_no_holdout,,unknown,no,unknown,not_a_client_holdout,EVD0206,"The available evidence establishes a non-holdout design, pooling before the condition split, or shared parent traffic.",medium
R2D0977,DES0411,P39497,SCH0255,network,documented_no_holdout,,unknown,no,unknown,not_a_network_holdout,EVD1394,"The available evidence establishes a non-holdout design, pooling before the condition split, or shared parent traffic.",medium
R2D0978,DES0411,P39497,SCH0255,temporal,documented_no_holdout,,unknown,no,unknown,not_a_temporal_holdout,EVD2071,"The available evidence establishes a non-holdout design, pooling before the condition split, or shared parent traffic.",medium
R2D0979,DES0412,P39497,SCH0255,client,documented_no_holdout,,unknown,unknown,unknown,not_a_client_holdout,EVD0207,"The available evidence establishes a non-holdout design, pooling before the condition split, or shared parent traffic.",medium
R2D0980,DES0412,P39497,SCH0255,network,documented_no_holdout,,unknown,no,no,not_a_network_holdout,EVD1395,"The available evidence establishes a non-holdout design, pooling before the condition split, or shared parent traffic.",medium
R2D0981,DES0412,P39497,SCH0255,temporal,documented_no_holdout,,unknown,unknown,no,not_a_temporal_holdout,EVD2072,"The available evidence establishes a non-holdout design, pooling before the condition split, or shared parent traffic.",medium
R2D0982,DES0413,P39771,SCH0260,client,documented_no_holdout,,unknown,no,unknown,not_a_client_holdout,EVD0208,"The available evidence establishes a non-holdout design, pooling before the condition split, or shared parent traffic.",medium
R2D0983,DES0413,P39771,SCH0260,network,documented_no_holdout,,unknown,no,unknown,not_a_network_holdout,EVD1396,"The available evidence establishes a non-holdout design, pooling before the condition split, or shared parent traffic.",medium
R2D0984,DES0413,P39771,SCH0260,temporal,documented_no_holdout,,unknown,no,unknown,not_a_temporal_holdout,EVD2073,"The available evidence establishes a non-holdout design, pooling before the condition split, or shared parent traffic.",medium
R2D0985,DES0414,P39771,SCH0259,client,documented_no_holdout,,unknown,no,unknown,not_a_client_holdout,EVD0209,"The available evidence establishes a non-holdout design, pooling before the condition split, or shared parent traffic.",medium
R2D0986,DES0414,P39771,SCH0259,network,documented_no_holdout,,unknown,no,unknown,not_a_network_holdout,EVD1397,"The available evidence establishes a non-holdout design, pooling before the condition split, or shared parent traffic.",medium
R2D0987,DES0414,P39771,SCH0259,temporal,documented_no_holdout,,unknown,no,unknown,not_a_temporal_holdout,EVD2074,"The available evidence establishes a non-holdout design, pooling before the condition split, or shared parent traffic.",medium
R2D0988,DES0415,P39771,SCH0258,client,documented_no_holdout,,unknown,no,unknown,not_a_client_holdout,EVD0210,"The available evidence establishes a non-holdout design, pooling before the condition split, or shared parent traffic.",medium
R2D0989,DES0415,P39771,SCH0258,network,documented_no_holdout,,unknown,no,unknown,not_a_network_holdout,EVD1398,"The available evidence establishes a non-holdout design, pooling before the condition split, or shared parent traffic.",medium
R2D0990,DES0415,P39771,SCH0258,temporal,documented_no_holdout,,unknown,no,unknown,not_a_temporal_holdout,EVD2075,"The available evidence establishes a non-holdout design, pooling before the condition split, or shared parent traffic.",medium
R2D0991,DES0419,P39804,SCH0262,client,documented_no_holdout,,unknown,no,unknown,not_a_client_holdout,EVD0214,"The available evidence establishes a non-holdout design, pooling before the condition split, or shared parent traffic.",medium
R2D0992,DES0419,P39804,SCH0262,network,documented_no_holdout,,unknown,no,unknown,not_a_network_holdout,EVD1402,"The available evidence establishes a non-holdout design, pooling before the condition split, or shared parent traffic.",medium
R2D0993,DES0419,P39804,SCH0262,temporal,documented_no_holdout,,unknown,no,unknown,not_a_temporal_holdout,EVD2079,"The available evidence establishes a non-holdout design, pooling before the condition split, or shared parent traffic.",medium
R2D0994,DES0420,P39804,SCH0264,client,documented_no_holdout,,unknown,no,unknown,not_a_client_holdout,EVD0215,"The available evidence establishes a non-holdout design, pooling before the condition split, or shared parent traffic.",medium
R2D0995,DES0420,P39804,SCH0264,network,documented_no_holdout,,unknown,no,unknown,not_a_network_holdout,EVD1403,"The available evidence establishes a non-holdout design, pooling before the condition split, or shared parent traffic.",medium
R2D0996,DES0420,P39804,SCH0264,temporal,documented_no_holdout,,unknown,no,unknown,not_a_temporal_holdout,EVD2080,"The available evidence establishes a non-holdout design, pooling before the condition split, or shared parent traffic.",medium
R2D0997,DES0421,P39804,SCH0261,client,documented_no_holdout,,unknown,no,unknown,not_a_client_holdout,EVD0216,"The available evidence establishes a non-holdout design, pooling before the condition split, or shared parent traffic.",medium
R2D0998,DES0421,P39804,SCH0261,network,documented_no_holdout,,unknown,no,unknown,not_a_network_holdout,EVD1404,"The available evidence establishes a non-holdout design, pooling before the condition split, or shared parent traffic.",medium
R2D0999,DES0421,P39804,SCH0261,temporal,documented_no_holdout,,unknown,no,unknown,not_a_temporal_holdout,EVD2081,"The available evidence establishes a non-holdout design, pooling before the condition split, or shared parent traffic.",medium
R2D1000,DES0423,P39804,SCH0263,client,documented_no_holdout,,unknown,no,unknown,not_a_client_holdout,EVD0218,"The available evidence establishes a non-holdout design, pooling before the condition split, or shared parent traffic.",medium
R2D1001,DES0423,P39804,SCH0263,network,documented_no_holdout,,unknown,no,unknown,not_a_network_holdout,EVD1406,"The available evidence establishes a non-holdout design, pooling before the condition split, or shared parent traffic.",medium
R2D1002,DES0423,P39804,SCH0263,temporal,documented_no_holdout,,unknown,no,no,not_a_temporal_holdout,EVD2083,"The available evidence establishes a non-holdout design, pooling before the condition split, or shared parent traffic.",medium
R2D1003,DES0425,P39804,SCH0263,client,documented_no_holdout,,unknown,no,unknown,not_a_client_holdout,EVD0220,"The available evidence establishes a non-holdout design, pooling before the condition split, or shared parent traffic.",medium
R2D1004,DES0425,P39804,SCH0263,network,documented_no_holdout,,unknown,no,unknown,not_a_network_holdout,EVD1408,"The available evidence establishes a non-holdout design, pooling before the condition split, or shared parent traffic.",medium
R2D1005,DES0425,P39804,SCH0263,temporal,documented_no_holdout,,unknown,no,unknown,not_a_temporal_holdout,EVD2085,"The available evidence establishes a non-holdout design, pooling before the condition split, or shared parent traffic.",medium
R2D1006,DES0427,P40493,SCH0266,client,documented_no_holdout,,unknown,no,unknown,not_a_client_holdout,EVD0222,"The available evidence establishes a non-holdout design, pooling before the condition split, or shared parent traffic.",medium
R2D1007,DES0427,P40493,SCH0266,network,documented_no_holdout,,unknown,no,unknown,not_a_network_holdout,EVD1410,"The available evidence establishes a non-holdout design, pooling before the condition split, or shared parent traffic.",medium
R2D1008,DES0427,P40493,SCH0266,temporal,documented_no_holdout,,unknown,no,unknown,not_a_temporal_holdout,EVD2087,"The available evidence establishes a non-holdout design, pooling before the condition split, or shared parent traffic.",medium
R2D1009,DES0428,P40493,SCH0267,client,documented_no_holdout,,unknown,no,unknown,not_a_client_holdout,EVD0223,"The available evidence establishes a non-holdout design, pooling before the condition split, or shared parent traffic.",medium
R2D1010,DES0428,P40493,SCH0267,network,documented_no_holdout,,unknown,no,unknown,not_a_network_holdout,EVD1411,"The available evidence establishes a non-holdout design, pooling before the condition split, or shared parent traffic.",medium
R2D1011,DES0428,P40493,SCH0267,temporal,documented_no_holdout,,unknown,no,unknown,not_a_temporal_holdout,EVD2088,"The available evidence establishes a non-holdout design, pooling before the condition split, or shared parent traffic.",medium
R2D1012,DES0429,P40493,SCH0265,client,documented_no_holdout,,unknown,no,unknown,not_a_client_holdout,EVD0224,"The available evidence establishes a non-holdout design, pooling before the condition split, or shared parent traffic.",medium
R2D1013,DES0429,P40493,SCH0265,network,documented_no_holdout,,unknown,no,unknown,not_a_network_holdout,EVD1412,"The available evidence establishes a non-holdout design, pooling before the condition split, or shared parent traffic.",medium
R2D1014,DES0429,P40493,SCH0265,temporal,documented_no_holdout,,unknown,no,unknown,not_a_temporal_holdout,EVD2089 | EVD2090,"The available evidence establishes a non-holdout design, pooling before the condition split, or shared parent traffic.",medium
R2D1015,DES0430,P41557,SCH0273,client,not_documented,,unknown,unknown,unknown,unknown_not_reported,EVD0225,"A complete holdout is not confirmed because grouping order, full-scheme coverage, or parent independence remains unresolved.",medium
R2D1016,DES0430,P41557,SCH0273,network,not_documented,,unknown,unknown,unknown,unknown_not_reported,EVD1413,"A complete holdout is not confirmed because grouping order, full-scheme coverage, or parent independence remains unresolved.",medium
R2D1017,DES0430,P41557,SCH0273,temporal,not_documented,,unknown,unknown,unknown,unknown_not_reported,EVD2091,"A complete holdout is not confirmed because grouping order, full-scheme coverage, or parent independence remains unresolved.",medium
R2D1018,DES0431,P41557,SCH0275,client,not_documented,,unknown,unknown,unknown,unknown_not_reported,EVD0226,"A complete holdout is not confirmed because grouping order, full-scheme coverage, or parent independence remains unresolved.",medium
R2D1019,DES0431,P41557,SCH0275,network,not_documented,,unknown,unknown,unknown,unknown_not_reported,EVD1414,"A complete holdout is not confirmed because grouping order, full-scheme coverage, or parent independence remains unresolved.",medium
R2D1020,DES0431,P41557,SCH0275,temporal,not_documented,,unknown,unknown,unknown,unknown_not_reported,EVD2092,"A complete holdout is not confirmed because grouping order, full-scheme coverage, or parent independence remains unresolved.",medium
R2D1021,DES0432,P41557,SCH0274,client,not_documented,,unknown,unknown,unknown,unknown_not_reported,EVD0227,"A complete holdout is not confirmed because grouping order, full-scheme coverage, or parent independence remains unresolved.",medium
R2D1022,DES0432,P41557,SCH0274,network,not_documented,,unknown,unknown,unknown,unknown_not_reported,EVD1415,"A complete holdout is not confirmed because grouping order, full-scheme coverage, or parent independence remains unresolved.",medium
R2D1023,DES0432,P41557,SCH0274,temporal,not_documented,,unknown,unknown,unknown,unknown_not_reported,EVD2093,"A complete holdout is not confirmed because grouping order, full-scheme coverage, or parent independence remains unresolved.",medium
R2D1024,DES0435,P41766,SCH0279,client,documented_no_holdout,,unknown,unknown,unknown,not_a_client_holdout,EVD0230,"The available evidence establishes a non-holdout design, pooling before the condition split, or shared parent traffic.",medium
R2D1025,DES0435,P41766,SCH0279,network,documented_no_holdout,No qualifying network pair: per-class flow split,unknown,no,unknown,nonqualifying_condition_contrast,EVD1418,Network membership does not determine the partition and parent source traffic is divided across portions.,high
R2D1026,DES0435,P41766,SCH0279,temporal,not_documented,,unknown,unknown,unknown,unknown_not_reported,EVD2096,"A complete holdout is not confirmed because grouping order, full-scheme coverage, or parent independence remains unresolved.",medium
R2D1027,DES0436,P41766,SCH0281,client,documented_no_holdout,,unknown,unknown,unknown,not_a_client_holdout,EVD0231,"The available evidence establishes a non-holdout design, pooling before the condition split, or shared parent traffic.",medium
R2D1028,DES0436,P41766,SCH0281,network,not_documented,,unknown,unknown,unknown,unknown_not_reported,EVD1419,"A complete holdout is not confirmed because grouping order, full-scheme coverage, or parent independence remains unresolved.",medium
R2D1029,DES0436,P41766,SCH0281,temporal,not_documented,,unknown,unknown,unknown,unknown_not_reported,EVD2097,"A complete holdout is not confirmed because grouping order, full-scheme coverage, or parent independence remains unresolved.",medium
R2D1030,DES0438,P41766,SCH0280,client,not_documented,,unknown,unknown,unknown,unknown_not_reported,EVD0233,"A complete holdout is not confirmed because grouping order, full-scheme coverage, or parent independence remains unresolved.",medium
R2D1031,DES0438,P41766,SCH0280,network,documented_no_holdout,No qualifying network pair: per-class flow split,unknown,no,unknown,nonqualifying_condition_contrast,EVD1421,"The partition is sample-level within classes, not condition-first by network, and parent traffic contributes across portions.",high
R2D1032,DES0438,P41766,SCH0280,temporal,not_documented,,unknown,unknown,unknown,unknown_not_reported,EVD2099,"A complete holdout is not confirmed because grouping order, full-scheme coverage, or parent independence remains unresolved.",medium
R2D1033,DES0439,P41766,SCH0278,client,documented_no_holdout,No qualifying client pair: per-class flow split,unknown,no,unknown,nonqualifying_condition_contrast,EVD0234,"Flows within every class are partitioned directly, so client condition does not determine the split and parent traffic is reused across portions.",high
R2D1034,DES0439,P41766,SCH0278,network,not_documented,,unknown,unknown,unknown,unknown_not_reported,EVD1422,"A complete holdout is not confirmed because grouping order, full-scheme coverage, or parent independence remains unresolved.",medium
R2D1035,DES0439,P41766,SCH0278,temporal,not_documented,,unknown,unknown,unknown,unknown_not_reported,EVD2100,"A complete holdout is not confirmed because grouping order, full-scheme coverage, or parent independence remains unresolved.",medium
R2D1036,DES0440,P41766,SCH0277,client,not_documented,,unknown,unknown,unknown,unknown_not_reported,EVD0235,"A complete holdout is not confirmed because grouping order, full-scheme coverage, or parent independence remains unresolved.",medium
R2D1037,DES0440,P41766,SCH0277,network,not_documented,,unknown,unknown,unknown,unknown_not_reported,EVD1423,"A complete holdout is not confirmed because grouping order, full-scheme coverage, or parent independence remains unresolved.",medium
R2D1038,DES0440,P41766,SCH0277,temporal,not_documented,,unknown,unknown,unknown,unknown_not_reported,EVD2101,"A complete holdout is not confirmed because grouping order, full-scheme coverage, or parent independence remains unresolved.",medium
R2D1039,DES0441,P42020,SCH0283,client,not_documented,,unknown,unknown,unknown,possible_heldout_client,EVD0236 | EVD0237 | EVD0238,"A complete holdout is not confirmed because grouping order, full-scheme coverage, or parent independence remains unresolved.",medium
R2D1040,DES0441,P42020,SCH0283,network,documented_no_holdout,,unknown,no,unknown,not_a_network_holdout,EVD1424,"The available evidence establishes a non-holdout design, pooling before the condition split, or shared parent traffic.",medium
R2D1041,DES0441,P42020,SCH0283,temporal,documented_no_holdout,,unknown,no,unknown,not_a_temporal_holdout,EVD2102,"The available evidence establishes a non-holdout design, pooling before the condition split, or shared parent traffic.",medium
R2D1042,DES0442,P42020,SCH0282,client,not_documented,,unknown,unknown,unknown,possible_heldout_client,EVD0239 | EVD0240 | EVD0241,"A complete holdout is not confirmed because grouping order, full-scheme coverage, or parent independence remains unresolved.",medium
R2D1043,DES0442,P42020,SCH0282,network,documented_no_holdout,,unknown,no,unknown,not_a_network_holdout,EVD1425,"The available evidence establishes a non-holdout design, pooling before the condition split, or shared parent traffic.",medium
R2D1044,DES0442,P42020,SCH0282,temporal,documented_no_holdout,,unknown,no,unknown,not_a_temporal_holdout,EVD2103,"The available evidence establishes a non-holdout design, pooling before the condition split, or shared parent traffic.",medium
R2D1045,DES0443,P42485,SCH0292,client,not_documented,,unknown,unknown,unknown,possible_heldout_client,EVD0242 | EVD0243 | EVD0246,"A complete holdout is not confirmed because grouping order, full-scheme coverage, or parent independence remains unresolved.",medium
R2D1046,DES0443,P42485,SCH0292,network,documented_holdout,"Offline mini-testbed training versus deployment in an office, apartments, and a lab-space setup.",yes,yes,yes,heldout_full_label_view,EVD1426 | EVD1427,The available evidence documents condition-first grouping and disjoint parent captures or sessions.,high
R2D1047,DES0443,P42485,SCH0292,temporal,documented_no_holdout,,unknown,unknown,unknown,not_a_temporal_holdout,EVD2104,"The available evidence establishes a non-holdout design, pooling before the condition split, or shared parent traffic.",medium
R2D1048,DES0444,P42485,SCH0291,client,documented_no_holdout,,unknown,unknown,unknown,not_a_client_holdout,EVD0244 | EVD0245 | EVD0247 | EVD0248,"The available evidence establishes a non-holdout design, pooling before the condition split, or shared parent traffic.",medium
R2D1049,DES0444,P42485,SCH0291,network,documented_no_holdout,,unknown,unknown,unknown,not_a_network_holdout,EVD1428,"The available evidence establishes a non-holdout design, pooling before the condition split, or shared parent traffic.",medium
R2D1050,DES0444,P42485,SCH0291,temporal,documented_no_holdout,,unknown,unknown,unknown,not_a_temporal_holdout,EVD2105,"The available evidence establishes a non-holdout design, pooling before the condition split, or shared parent traffic.",medium
R2D1051,DES0445,P42512,SCH0295,client,not_documented,,unknown,unknown,unknown,unknown_not_reported,EVD0249 | EVD0250,"A complete holdout is not confirmed because grouping order, full-scheme coverage, or parent independence remains unresolved.",medium
R2D1052,DES0445,P42512,SCH0295,network,documented_no_holdout,,unknown,unknown,unknown,not_a_network_holdout,EVD1429,"The available evidence establishes a non-holdout design, pooling before the condition split, or shared parent traffic.",medium
R2D1053,DES0445,P42512,SCH0295,temporal,not_documented,,unknown,unknown,unknown,possible_heldout_temporal,EVD2106,"A complete holdout is not confirmed because grouping order, full-scheme coverage, or parent independence remains unresolved.",medium
R2D1054,DES0446,P42512,SCH0294,client,not_documented,,unknown,unknown,unknown,unknown_not_reported,EVD0251 | EVD0252,"A complete holdout is not confirmed because grouping order, full-scheme coverage, or parent independence remains unresolved.",medium
R2D1055,DES0446,P42512,SCH0294,network,documented_no_holdout,,unknown,unknown,unknown,not_a_network_holdout,EVD1430,"The available evidence establishes a non-holdout design, pooling before the condition split, or shared parent traffic.",medium
R2D1056,DES0446,P42512,SCH0294,temporal,not_documented,,unknown,unknown,unknown,possible_heldout_temporal,EVD2107,"A complete holdout is not confirmed because grouping order, full-scheme coverage, or parent independence remains unresolved.",medium
R2D1057,DES0447,P42512,SCH0293,client,documented_no_holdout,,unknown,unknown,unknown,not_a_client_holdout,EVD0253,"The available evidence establishes a non-holdout design, pooling before the condition split, or shared parent traffic.",medium
R2D1058,DES0447,P42512,SCH0293,network,documented_no_holdout,,yes,no,yes,nonqualifying_condition_contrast,EVD1431 | EVD1432,The design partitions only a VPN or tunnel property rather than a qualifying network condition.,high
R2D1059,DES0447,P42512,SCH0293,temporal,documented_no_holdout,,unknown,unknown,unknown,not_a_temporal_holdout,EVD2108,"The available evidence establishes a non-holdout design, pooling before the condition split, or shared parent traffic.",medium
R2D1060,DES0448,P42624,SCH0302,client,documented_no_holdout,,unknown,no,unknown,not_a_client_holdout,EVD0254,"The available evidence establishes a non-holdout design, pooling before the condition split, or shared parent traffic.",medium
R2D1061,DES0448,P42624,SCH0302,network,documented_no_holdout,,unknown,no,unknown,not_a_network_holdout,EVD1433,"The available evidence establishes a non-holdout design, pooling before the condition split, or shared parent traffic.",medium
R2D1062,DES0448,P42624,SCH0302,temporal,documented_no_holdout,,unknown,no,unknown,not_a_temporal_holdout,EVD2109,"The available evidence establishes a non-holdout design, pooling before the condition split, or shared parent traffic.",medium
R2D1063,DES0449,P42624,SCH0311,client,documented_no_holdout,,unknown,no,unknown,not_a_client_holdout,EVD0255,"The available evidence establishes a non-holdout design, pooling before the condition split, or shared parent traffic.",medium
R2D1064,DES0449,P42624,SCH0311,network,documented_no_holdout,,unknown,no,unknown,not_a_network_holdout,EVD1434,"The available evidence establishes a non-holdout design, pooling before the condition split, or shared parent traffic.",medium
R2D1065,DES0449,P42624,SCH0311,temporal,documented_no_holdout,,unknown,no,unknown,not_a_temporal_holdout,EVD2110,"The available evidence establishes a non-holdout design, pooling before the condition split, or shared parent traffic.",medium
R2D1066,DES0450,P42624,SCH0315,client,documented_no_holdout,,unknown,no,unknown,not_a_client_holdout,EVD0256,"The available evidence establishes a non-holdout design, pooling before the condition split, or shared parent traffic.",medium
R2D1067,DES0450,P42624,SCH0315,network,documented_no_holdout,,unknown,no,unknown,not_a_network_holdout,EVD1435,"The available evidence establishes a non-holdout design, pooling before the condition split, or shared parent traffic.",medium
R2D1068,DES0450,P42624,SCH0315,temporal,documented_no_holdout,,unknown,no,unknown,not_a_temporal_holdout,EVD2111,"The available evidence establishes a non-holdout design, pooling before the condition split, or shared parent traffic.",medium
R2D1069,DES0451,P42624,SCH0301 | SCH0306,client,documented_no_holdout,,unknown,no,unknown,not_a_client_holdout,EVD0257,"The available evidence establishes a non-holdout design, pooling before the condition split, or shared parent traffic.",medium
R2D1070,DES0451,P42624,SCH0301 | SCH0306,network,documented_no_holdout,,unknown,no,unknown,not_a_network_holdout,EVD1436,"The available evidence establishes a non-holdout design, pooling before the condition split, or shared parent traffic.",medium
R2D1071,DES0451,P42624,SCH0301 | SCH0306,temporal,documented_no_holdout,,unknown,no,unknown,not_a_temporal_holdout,EVD2112,"The available evidence establishes a non-holdout design, pooling before the condition split, or shared parent traffic.",medium
R2D1072,DES0452,P42624,SCH0312,client,not_documented,,unknown,unknown,unknown,unknown_not_reported,EVD0258 | EVD0259,"A complete holdout is not confirmed because grouping order, full-scheme coverage, or parent independence remains unresolved.",medium
R2D1073,DES0452,P42624,SCH0312,network,documented_holdout,All six train/test directions among three commercial mobile network operators.,yes,yes,yes,heldout_full_label_view,EVD1437 | EVD1438,The available evidence documents condition-first grouping and disjoint parent captures or sessions.,high
R2D1074,DES0452,P42624,SCH0312,temporal,documented_no_holdout,,unknown,unknown,unknown,not_a_temporal_holdout,EVD2113,"The available evidence establishes a non-holdout design, pooling before the condition split, or shared parent traffic.",medium
R2D1075,DES0453,P42624,SCH0308 | SCH0312,client,documented_no_holdout,,unknown,unknown,unknown,not_a_client_holdout,EVD0260,"The available evidence establishes a non-holdout design, pooling before the condition split, or shared parent traffic.",medium
R2D1076,DES0453,P42624,SCH0308 | SCH0312,network,documented_holdout,Carrier-aggregation-disabled YouTube100 traffic versus independently captured CA-enabled YouTubeCA traffic.,yes,yes,yes,heldout_full_label_view,EVD1439 | EVD1440,The available evidence documents condition-first grouping and disjoint parent captures or sessions.,high
R2D1077,DES0453,P42624,SCH0308 | SCH0312,temporal,documented_no_holdout,,unknown,unknown,unknown,not_a_temporal_holdout,EVD2114,"The available evidence establishes a non-holdout design, pooling before the condition split, or shared parent traffic.",medium
R2D1078,DES0454,P42624,SCH0299 | SCH0300 | SCH0303 | SCH0304 | SCH0310 | SCH0313,client,documented_no_holdout,,unknown,unknown,unknown,not_a_client_holdout,EVD0261,"The available evidence establishes a non-holdout design, pooling before the condition split, or shared parent traffic.",medium
R2D1079,DES0454,P42624,SCH0299 | SCH0300 | SCH0303 | SCH0304 | SCH0310 | SCH0313,network,documented_no_holdout,,unknown,no,unknown,not_a_network_holdout,EVD1441,"The available evidence establishes a non-holdout design, pooling before the condition split, or shared parent traffic.",medium
R2D1080,DES0454,P42624,SCH0299 | SCH0300 | SCH0303 | SCH0304 | SCH0310 | SCH0313,temporal,documented_no_holdout,,unknown,unknown,unknown,not_a_temporal_holdout,EVD2115,"The available evidence establishes a non-holdout design, pooling before the condition split, or shared parent traffic.",medium
R2D1081,DES0455,P42624,SCH0305 | SCH0307 | SCH0309 | SCH0314 | SCH0316,client,documented_no_holdout,,unknown,unknown,unknown,not_a_client_holdout,EVD0262,"The available evidence establishes a non-holdout design, pooling before the condition split, or shared parent traffic.",medium
R2D1082,DES0455,P42624,SCH0305 | SCH0307 | SCH0309 | SCH0314 | SCH0316,network,documented_no_holdout,,unknown,unknown,unknown,not_a_network_holdout,EVD1442,"The available evidence establishes a non-holdout design, pooling before the condition split, or shared parent traffic.",medium
R2D1083,DES0455,P42624,SCH0305 | SCH0307 | SCH0309 | SCH0314 | SCH0316,temporal,documented_no_holdout,,unknown,unknown,unknown,not_a_temporal_holdout,EVD2116,"The available evidence establishes a non-holdout design, pooling before the condition split, or shared parent traffic.",medium
R2D1084,DES0456,P42690,SCH0317,client,documented_no_holdout,,unknown,no,unknown,not_a_client_holdout,EVD0263,"The available evidence establishes a non-holdout design, pooling before the condition split, or shared parent traffic.",medium
R2D1085,DES0456,P42690,SCH0317,network,documented_no_holdout,,unknown,no,unknown,not_a_network_holdout,EVD1443,"The available evidence establishes a non-holdout design, pooling before the condition split, or shared parent traffic.",medium
R2D1086,DES0456,P42690,SCH0317,temporal,documented_no_holdout,,unknown,no,unknown,not_a_temporal_holdout,EVD2117,"The available evidence establishes a non-holdout design, pooling before the condition split, or shared parent traffic.",medium
R2D1087,DES0457,P42690,SCH0319,client,documented_no_holdout,,unknown,no,unknown,not_a_client_holdout,EVD0264,"The available evidence establishes a non-holdout design, pooling before the condition split, or shared parent traffic.",medium
R2D1088,DES0457,P42690,SCH0319,network,documented_no_holdout,,unknown,no,unknown,not_a_network_holdout,EVD1444,"The available evidence establishes a non-holdout design, pooling before the condition split, or shared parent traffic.",medium
R2D1089,DES0457,P42690,SCH0319,temporal,documented_no_holdout,,unknown,no,unknown,not_a_temporal_holdout,EVD2118,"The available evidence establishes a non-holdout design, pooling before the condition split, or shared parent traffic.",medium
R2D1090,DES0459,P42690,SCH0318,client,documented_no_holdout,,unknown,no,unknown,not_a_client_holdout,EVD0266,"The available evidence establishes a non-holdout design, pooling before the condition split, or shared parent traffic.",medium
R2D1091,DES0459,P42690,SCH0318,network,documented_no_holdout,,unknown,no,unknown,not_a_network_holdout,EVD1446,"The available evidence establishes a non-holdout design, pooling before the condition split, or shared parent traffic.",medium
R2D1092,DES0459,P42690,SCH0318,temporal,documented_no_holdout,,unknown,no,unknown,not_a_temporal_holdout,EVD2120,"The available evidence establishes a non-holdout design, pooling before the condition split, or shared parent traffic.",medium
R2D1093,DES0460,P42690,SCH0319,client,documented_no_holdout,,unknown,unknown,unknown,not_a_client_holdout,EVD0267,"The available evidence establishes a non-holdout design, pooling before the condition split, or shared parent traffic.",medium
R2D1094,DES0460,P42690,SCH0319,network,documented_no_holdout,,unknown,no,no,not_a_network_holdout,EVD1447,"The available evidence establishes a non-holdout design, pooling before the condition split, or shared parent traffic.",medium
R2D1095,DES0460,P42690,SCH0319,temporal,documented_no_holdout,,unknown,unknown,no,not_a_temporal_holdout,EVD2121,"The available evidence establishes a non-holdout design, pooling before the condition split, or shared parent traffic.",medium
R2D1096,DES0461,P42690,SCH0319,client,documented_no_holdout,,unknown,no,unknown,not_a_client_holdout,EVD0268,"The available evidence establishes a non-holdout design, pooling before the condition split, or shared parent traffic.",medium
R2D1097,DES0461,P42690,SCH0319,network,documented_no_holdout,,unknown,no,unknown,not_a_network_holdout,EVD1448,"The available evidence establishes a non-holdout design, pooling before the condition split, or shared parent traffic.",medium
R2D1098,DES0461,P42690,SCH0319,temporal,documented_no_holdout,,unknown,no,unknown,not_a_temporal_holdout,EVD2122,"The available evidence establishes a non-holdout design, pooling before the condition split, or shared parent traffic.",medium
R2D1099,DES0464,P43021,SCH0324,client,documented_no_holdout,,unknown,unknown,unknown,not_a_client_holdout,EVD0273,"The available evidence establishes a non-holdout design, pooling before the condition split, or shared parent traffic.",medium
R2D1100,DES0464,P43021,SCH0324,network,documented_no_holdout,,unknown,no,unknown,not_a_network_holdout,EVD1457,"The available evidence establishes a non-holdout design, pooling before the condition split, or shared parent traffic.",medium
R2D1101,DES0464,P43021,SCH0324,temporal,not_documented,,unknown,unknown,unknown,unknown_not_reported,EVD2125,"A complete holdout is not confirmed because grouping order, full-scheme coverage, or parent independence remains unresolved.",medium
R2D1102,DES0465,P43021,SCH0328,client,documented_no_holdout,,unknown,unknown,unknown,not_a_client_holdout,EVD0274,"The available evidence establishes a non-holdout design, pooling before the condition split, or shared parent traffic.",medium
R2D1103,DES0465,P43021,SCH0328,network,documented_no_holdout,,unknown,no,unknown,not_a_network_holdout,EVD1458,"The available evidence establishes a non-holdout design, pooling before the condition split, or shared parent traffic.",medium
R2D1104,DES0465,P43021,SCH0328,temporal,not_documented,,unknown,unknown,unknown,unknown_not_reported,EVD2126,"A complete holdout is not confirmed because grouping order, full-scheme coverage, or parent independence remains unresolved.",medium
R2D1105,DES0466,P43021,SCH0325,client,documented_no_holdout,,unknown,unknown,unknown,not_a_client_holdout,EVD0275,"The available evidence establishes a non-holdout design, pooling before the condition split, or shared parent traffic.",medium
R2D1106,DES0466,P43021,SCH0325,network,documented_no_holdout,,unknown,no,unknown,not_a_network_holdout,EVD1459,"The available evidence establishes a non-holdout design, pooling before the condition split, or shared parent traffic.",medium
R2D1107,DES0466,P43021,SCH0325,temporal,not_documented,,unknown,unknown,unknown,unknown_not_reported,EVD2127,"A complete holdout is not confirmed because grouping order, full-scheme coverage, or parent independence remains unresolved.",medium
R2D1108,DES0467,P43021,SCH0323,client,documented_no_holdout,,unknown,unknown,unknown,not_a_client_holdout,EVD0276,"The available evidence establishes a non-holdout design, pooling before the condition split, or shared parent traffic.",medium
R2D1109,DES0467,P43021,SCH0323,network,documented_no_holdout,,unknown,no,unknown,not_a_network_holdout,EVD1460,"The available evidence establishes a non-holdout design, pooling before the condition split, or shared parent traffic.",medium
R2D1110,DES0467,P43021,SCH0323,temporal,not_documented,,unknown,unknown,unknown,unknown_not_reported,EVD2128,"A complete holdout is not confirmed because grouping order, full-scheme coverage, or parent independence remains unresolved.",medium
R2D1111,DES0468,P43021,SCH0327,client,documented_no_holdout,,unknown,unknown,unknown,not_a_client_holdout,EVD0277,"The available evidence establishes a non-holdout design, pooling before the condition split, or shared parent traffic.",medium
R2D1112,DES0468,P43021,SCH0327,network,documented_no_holdout,,unknown,no,unknown,not_a_network_holdout,EVD1461,"The available evidence establishes a non-holdout design, pooling before the condition split, or shared parent traffic.",medium
R2D1113,DES0468,P43021,SCH0327,temporal,not_documented,,unknown,unknown,unknown,unknown_not_reported,EVD2129,"A complete holdout is not confirmed because grouping order, full-scheme coverage, or parent independence remains unresolved.",medium
R2D1114,DES0469,P43021,SCH0328,client,documented_no_holdout,,unknown,unknown,unknown,not_a_client_holdout,EVD0278,"The available evidence establishes a non-holdout design, pooling before the condition split, or shared parent traffic.",medium
R2D1115,DES0469,P43021,SCH0328,network,documented_no_holdout,,unknown,no,unknown,not_a_network_holdout,EVD1462,"The available evidence establishes a non-holdout design, pooling before the condition split, or shared parent traffic.",medium
R2D1116,DES0469,P43021,SCH0328,temporal,not_documented,,unknown,unknown,unknown,possible_heldout_temporal,EVD2130,"A complete holdout is not confirmed because grouping order, full-scheme coverage, or parent independence remains unresolved.",medium
R2D1117,DES0470,P43021,SCH0327,client,documented_holdout,Original lab Alexa versus a fresh home Echo Dot third generation.,yes,yes,yes,heldout_full_label_view,EVD0279 | EVD0280,The available evidence documents condition-first grouping and disjoint parent captures or sessions.,high
R2D1118,DES0470,P43021,SCH0327,network,documented_holdout,Laboratory/campus collection versus a home network operated by a different ISP.,yes,yes,yes,heldout_full_label_view,EVD1463 | EVD1464,The available evidence documents condition-first grouping and disjoint parent captures or sessions.,high
R2D1119,DES0470,P43021,SCH0327,temporal,documented_no_holdout,,unknown,unknown,unknown,not_a_temporal_holdout,EVD2131,"The available evidence establishes a non-holdout design, pooling before the condition split, or shared parent traffic.",medium
R2D1120,DES0471,P43021,SCH0326,client,documented_no_holdout,,unknown,unknown,unknown,not_a_client_holdout,EVD0281,"The available evidence establishes a non-holdout design, pooling before the condition split, or shared parent traffic.",medium
R2D1121,DES0471,P43021,SCH0326,network,documented_no_holdout,,unknown,unknown,unknown,not_a_network_holdout,EVD1465,"The available evidence establishes a non-holdout design, pooling before the condition split, or shared parent traffic.",medium
R2D1122,DES0471,P43021,SCH0326,temporal,documented_no_holdout,,unknown,unknown,unknown,not_a_temporal_holdout,EVD2132,"The available evidence establishes a non-holdout design, pooling before the condition split, or shared parent traffic.",medium
R2D1123,DES0472,P43026,SCH0329,client,not_documented,,unknown,unknown,unknown,unknown_not_reported,EVD0282,"A complete holdout is not confirmed because grouping order, full-scheme coverage, or parent independence remains unresolved.",medium
R2D1124,DES0472,P43026,SCH0329,network,documented_no_holdout,,unknown,no,unknown,not_a_network_holdout,EVD1466,"The available evidence establishes a non-holdout design, pooling before the condition split, or shared parent traffic.",medium
R2D1125,DES0472,P43026,SCH0329,temporal,not_documented,,unknown,unknown,unknown,unknown_not_reported,EVD2133,"A complete holdout is not confirmed because grouping order, full-scheme coverage, or parent independence remains unresolved.",medium
R2D1126,DES0473,P43026,SCH0331,client,not_documented,,unknown,unknown,unknown,unknown_not_reported,EVD0283,"A complete holdout is not confirmed because grouping order, full-scheme coverage, or parent independence remains unresolved.",medium
R2D1127,DES0473,P43026,SCH0331,network,documented_no_holdout,,unknown,no,unknown,not_a_network_holdout,EVD1467,"The available evidence establishes a non-holdout design, pooling before the condition split, or shared parent traffic.",medium
R2D1128,DES0473,P43026,SCH0331,temporal,not_documented,,unknown,unknown,unknown,unknown_not_reported,EVD2134,"A complete holdout is not confirmed because grouping order, full-scheme coverage, or parent independence remains unresolved.",medium
R2D1129,DES0474,P43026,SCH0329,client,documented_no_holdout,,unknown,no,unknown,not_a_client_holdout,EVD0284,"The available evidence establishes a non-holdout design, pooling before the condition split, or shared parent traffic.",medium
R2D1130,DES0474,P43026,SCH0329,network,documented_no_holdout,,unknown,no,unknown,not_a_network_holdout,EVD1468,"The available evidence establishes a non-holdout design, pooling before the condition split, or shared parent traffic.",medium
R2D1131,DES0474,P43026,SCH0329,temporal,documented_no_holdout,,unknown,no,unknown,not_a_temporal_holdout,EVD2135,"The available evidence establishes a non-holdout design, pooling before the condition split, or shared parent traffic.",medium
R2D1132,DES0475,P43026,SCH0331,client,documented_no_holdout,,unknown,no,unknown,not_a_client_holdout,EVD0285,"The available evidence establishes a non-holdout design, pooling before the condition split, or shared parent traffic.",medium
R2D1133,DES0475,P43026,SCH0331,network,documented_no_holdout,,unknown,no,unknown,not_a_network_holdout,EVD1469,"The available evidence establishes a non-holdout design, pooling before the condition split, or shared parent traffic.",medium
R2D1134,DES0475,P43026,SCH0331,temporal,documented_no_holdout,,unknown,no,unknown,not_a_temporal_holdout,EVD2136,"The available evidence establishes a non-holdout design, pooling before the condition split, or shared parent traffic.",medium
R2D1135,DES0476,P43026,SCH0329,client,documented_no_holdout,,unknown,unknown,unknown,not_a_client_holdout,EVD0286,"The available evidence establishes a non-holdout design, pooling before the condition split, or shared parent traffic.",medium
R2D1136,DES0476,P43026,SCH0329,network,documented_no_holdout,,unknown,unknown,unknown,not_a_network_holdout,EVD1470,"The available evidence establishes a non-holdout design, pooling before the condition split, or shared parent traffic.",medium
R2D1137,DES0476,P43026,SCH0329,temporal,documented_no_holdout,,unknown,unknown,no,not_a_temporal_holdout,EVD2137,"The available evidence establishes a non-holdout design, pooling before the condition split, or shared parent traffic.",medium
R2D1138,DES0477,P43026,SCH0329,client,documented_no_holdout,,unknown,unknown,unknown,not_a_client_holdout,EVD0287,"The available evidence establishes a non-holdout design, pooling before the condition split, or shared parent traffic.",medium
R2D1139,DES0477,P43026,SCH0329,network,not_documented,,unknown,unknown,unknown,possible_heldout_network,EVD1471 | EVD1472,"A complete holdout is not confirmed because grouping order, full-scheme coverage, or parent independence remains unresolved.",medium
R2D1140,DES0477,P43026,SCH0329,temporal,documented_no_holdout,,unknown,unknown,unknown,not_a_temporal_holdout,EVD2138,"The available evidence establishes a non-holdout design, pooling before the condition split, or shared parent traffic.",medium
R2D1141,DES0478,P43026,SCH0330,client,not_documented,,unknown,unknown,unknown,unknown_not_reported,EVD0288,"A complete holdout is not confirmed because grouping order, full-scheme coverage, or parent independence remains unresolved.",medium
R2D1142,DES0478,P43026,SCH0330,network,documented_no_holdout,,unknown,no,unknown,not_a_network_holdout,EVD1473,"The available evidence establishes a non-holdout design, pooling before the condition split, or shared parent traffic.",medium
R2D1143,DES0478,P43026,SCH0330,temporal,not_documented,,unknown,unknown,unknown,unknown_not_reported,EVD2139,"A complete holdout is not confirmed because grouping order, full-scheme coverage, or parent independence remains unresolved.",medium
R2D1144,DES0479,P43500,SCH0337,client,documented_no_holdout,,unknown,no,unknown,not_a_client_holdout,EVD0289,"The available evidence establishes a non-holdout design, pooling before the condition split, or shared parent traffic.",medium
R2D1145,DES0479,P43500,SCH0337,network,documented_no_holdout,,unknown,no,unknown,not_a_network_holdout,EVD1474,"The available evidence establishes a non-holdout design, pooling before the condition split, or shared parent traffic.",medium
R2D1146,DES0479,P43500,SCH0337,temporal,documented_no_holdout,,unknown,no,unknown,not_a_temporal_holdout,EVD2140,"The available evidence establishes a non-holdout design, pooling before the condition split, or shared parent traffic.",medium
R2D1147,DES0480,P43500,SCH0336,client,documented_no_holdout,,unknown,no,unknown,not_a_client_holdout,EVD0290,"The available evidence establishes a non-holdout design, pooling before the condition split, or shared parent traffic.",medium
R2D1148,DES0480,P43500,SCH0336,network,documented_no_holdout,,unknown,no,unknown,not_a_network_holdout,EVD1475,"The available evidence establishes a non-holdout design, pooling before the condition split, or shared parent traffic.",medium
R2D1149,DES0480,P43500,SCH0336,temporal,documented_no_holdout,,unknown,no,unknown,not_a_temporal_holdout,EVD2141,"The available evidence establishes a non-holdout design, pooling before the condition split, or shared parent traffic.",medium
R2D1150,DES0481,P43500,SCH0332 | SCH0335,client,documented_no_holdout,,unknown,unknown,unknown,not_a_client_holdout,EVD0291,"The available evidence establishes a non-holdout design, pooling before the condition split, or shared parent traffic.",medium
R2D1151,DES0481,P43500,SCH0332 | SCH0335,network,documented_no_holdout,,unknown,unknown,unknown,not_a_network_holdout,EVD1476,"The available evidence establishes a non-holdout design, pooling before the condition split, or shared parent traffic.",medium
R2D1152,DES0481,P43500,SCH0332 | SCH0335,temporal,documented_no_holdout,,unknown,unknown,unknown,not_a_temporal_holdout,EVD2142,"The available evidence establishes a non-holdout design, pooling before the condition split, or shared parent traffic.",medium
R2D1153,DES0482,P43500,SCH0333 | SCH0334,client,documented_no_holdout,,unknown,no,unknown,not_a_client_holdout,EVD0292,"The available evidence establishes a non-holdout design, pooling before the condition split, or shared parent traffic.",medium
R2D1154,DES0482,P43500,SCH0333 | SCH0334,network,documented_no_holdout,,unknown,no,unknown,not_a_network_holdout,EVD1477,"The available evidence establishes a non-holdout design, pooling before the condition split, or shared parent traffic.",medium
R2D1155,DES0482,P43500,SCH0333 | SCH0334,temporal,documented_no_holdout,,unknown,no,unknown,not_a_temporal_holdout,EVD2143,"The available evidence establishes a non-holdout design, pooling before the condition split, or shared parent traffic.",medium
R2D1156,DES0483,P44356,SCH0347,client,documented_no_holdout,,unknown,no,unknown,not_a_client_holdout,EVD0293,"The available evidence establishes a non-holdout design, pooling before the condition split, or shared parent traffic.",medium
R2D1157,DES0483,P44356,SCH0347,network,documented_no_holdout,,unknown,no,unknown,not_a_network_holdout,EVD1478,"The available evidence establishes a non-holdout design, pooling before the condition split, or shared parent traffic.",medium
R2D1158,DES0483,P44356,SCH0347,temporal,documented_no_holdout,,unknown,no,unknown,not_a_temporal_holdout,EVD2144,"The available evidence establishes a non-holdout design, pooling before the condition split, or shared parent traffic.",medium
R2D1159,DES0484,P44356,SCH0348,client,documented_no_holdout,No qualifying client pair: per-class split within the ISCX 2012 design,unknown,no,unknown,nonqualifying_condition_contrast,EVD0294 | EVD0295,"The partition is made among records within every class, not by a client configuration before sample selection.",high
R2D1160,DES0484,P44356,SCH0348,network,not_documented,,unknown,unknown,unknown,unknown_not_reported,EVD1479,"A complete holdout is not confirmed because grouping order, full-scheme coverage, or parent independence remains unresolved.",medium
R2D1161,DES0484,P44356,SCH0348,temporal,not_documented,,unknown,unknown,unknown,unknown_not_reported,EVD2145,"A complete holdout is not confirmed because grouping order, full-scheme coverage, or parent independence remains unresolved.",medium
R2D1162,DES0485,P44356,SCH0348,client,documented_no_holdout,,unknown,unknown,unknown,not_a_client_holdout,EVD0296,"The available evidence establishes a non-holdout design, pooling before the condition split, or shared parent traffic.",medium
R2D1163,DES0485,P44356,SCH0348,network,documented_no_holdout,,unknown,unknown,unknown,not_a_network_holdout,EVD1480,"The available evidence establishes a non-holdout design, pooling before the condition split, or shared parent traffic.",medium
R2D1164,DES0485,P44356,SCH0348,temporal,documented_no_holdout,,unknown,unknown,unknown,not_a_temporal_holdout,EVD2146,"The available evidence establishes a non-holdout design, pooling before the condition split, or shared parent traffic.",medium
R2D1165,DES0486,P44356,SCH0348,client,not_documented,,unknown,unknown,unknown,unknown_not_reported,EVD0297 | EVD0298,"A complete holdout is not confirmed because grouping order, full-scheme coverage, or parent independence remains unresolved.",medium
R2D1166,DES0486,P44356,SCH0348,network,documented_no_holdout,"No qualifying network pair: 1,000 per-class records versus the remaining records",unknown,no,unknown,nonqualifying_condition_contrast,EVD1481,The design partitions records within each class rather than assigning test data by a physical network condition before record selection.,high
R2D1167,DES0486,P44356,SCH0348,temporal,not_documented,,unknown,unknown,unknown,unknown_not_reported,EVD2147,"A complete holdout is not confirmed because grouping order, full-scheme coverage, or parent independence remains unresolved.",medium
R2D1168,DES0490,P44828,SCH0349,client,documented_no_holdout,,unknown,no,unknown,not_a_client_holdout,EVD0302,"The available evidence establishes a non-holdout design, pooling before the condition split, or shared parent traffic.",medium
R2D1169,DES0490,P44828,SCH0349,network,documented_no_holdout,,unknown,no,no,not_a_network_holdout,EVD1485,"The available evidence establishes a non-holdout design, pooling before the condition split, or shared parent traffic.",medium
R2D1170,DES0490,P44828,SCH0349,temporal,documented_no_holdout,,unknown,no,unknown,not_a_temporal_holdout,EVD2151,"The available evidence establishes a non-holdout design, pooling before the condition split, or shared parent traffic.",medium
R2D1171,DES0491,P44828,SCH0350,client,not_documented,,unknown,unknown,unknown,possible_heldout_client,EVD0303 | EVD0304 | EVD0305,"A complete holdout is not confirmed because grouping order, full-scheme coverage, or parent independence remains unresolved.",medium
R2D1172,DES0491,P44828,SCH0350,network,not_documented,,unknown,unknown,unknown,possible_heldout_network,EVD1486 | EVD1487,"A complete holdout is not confirmed because grouping order, full-scheme coverage, or parent independence remains unresolved.",medium
R2D1173,DES0491,P44828,SCH0350,temporal,documented_no_holdout,,unknown,unknown,unknown,not_a_temporal_holdout,EVD2152,"The available evidence establishes a non-holdout design, pooling before the condition split, or shared parent traffic.",medium
R2D1174,DES0492,P45261,SCH0354,client,documented_no_holdout,,unknown,no,unknown,not_a_client_holdout,EVD0306,"The available evidence establishes a non-holdout design, pooling before the condition split, or shared parent traffic.",medium
R2D1175,DES0492,P45261,SCH0354,network,documented_no_holdout,,unknown,no,unknown,not_a_network_holdout,EVD1488,"The available evidence establishes a non-holdout design, pooling before the condition split, or shared parent traffic.",medium
R2D1176,DES0492,P45261,SCH0354,temporal,documented_no_holdout,,unknown,no,unknown,not_a_temporal_holdout,EVD2153,"The available evidence establishes a non-holdout design, pooling before the condition split, or shared parent traffic.",medium
R2D1177,DES0494,P45261,SCH0353,client,documented_no_holdout,,unknown,no,unknown,not_a_client_holdout,EVD0308,"The available evidence establishes a non-holdout design, pooling before the condition split, or shared parent traffic.",medium
R2D1178,DES0494,P45261,SCH0353,network,documented_no_holdout,,unknown,no,unknown,not_a_network_holdout,EVD1490,"The available evidence establishes a non-holdout design, pooling before the condition split, or shared parent traffic.",medium
R2D1179,DES0494,P45261,SCH0353,temporal,documented_no_holdout,,unknown,no,unknown,not_a_temporal_holdout,EVD2155,"The available evidence establishes a non-holdout design, pooling before the condition split, or shared parent traffic.",medium
R2D1180,DES0495,P45261,SCH0352,client,documented_no_holdout,,unknown,no,unknown,not_a_client_holdout,EVD0309,"The available evidence establishes a non-holdout design, pooling before the condition split, or shared parent traffic.",medium
R2D1181,DES0495,P45261,SCH0352,network,documented_no_holdout,,unknown,no,unknown,not_a_network_holdout,EVD1491,"The available evidence establishes a non-holdout design, pooling before the condition split, or shared parent traffic.",medium
R2D1182,DES0495,P45261,SCH0352,temporal,documented_no_holdout,,unknown,no,unknown,not_a_temporal_holdout,EVD2156,"The available evidence establishes a non-holdout design, pooling before the condition split, or shared parent traffic.",medium
R2D1183,DES0496,P45261,SCH0351,client,documented_no_holdout,,unknown,no,unknown,not_a_client_holdout,EVD0310,"The available evidence establishes a non-holdout design, pooling before the condition split, or shared parent traffic.",medium
R2D1184,DES0496,P45261,SCH0351,network,documented_no_holdout,,unknown,no,unknown,not_a_network_holdout,EVD1492,"The available evidence establishes a non-holdout design, pooling before the condition split, or shared parent traffic.",medium
R2D1185,DES0496,P45261,SCH0351,temporal,documented_no_holdout,,unknown,no,unknown,not_a_temporal_holdout,EVD2157 | EVD2158,"The available evidence establishes a non-holdout design, pooling before the condition split, or shared parent traffic.",medium
R2D1186,DES0497,P45261,SCH0355,client,documented_no_holdout,,unknown,no,unknown,not_a_client_holdout,EVD0311,"The available evidence establishes a non-holdout design, pooling before the condition split, or shared parent traffic.",medium
R2D1187,DES0497,P45261,SCH0355,network,documented_no_holdout,,unknown,no,unknown,not_a_network_holdout,EVD1493,"The available evidence establishes a non-holdout design, pooling before the condition split, or shared parent traffic.",medium
R2D1188,DES0497,P45261,SCH0355,temporal,documented_no_holdout,,unknown,no,unknown,not_a_temporal_holdout,EVD2159,"The available evidence establishes a non-holdout design, pooling before the condition split, or shared parent traffic.",medium
R2D1189,DES0498,P45721,SCH0356,client,documented_no_holdout,,unknown,unknown,unknown,not_a_client_holdout,EVD0312,"The available evidence establishes a non-holdout design, pooling before the condition split, or shared parent traffic.",medium
R2D1190,DES0498,P45721,SCH0356,network,documented_no_holdout,,unknown,no,unknown,not_a_network_holdout,EVD1494,"The available evidence establishes a non-holdout design, pooling before the condition split, or shared parent traffic.",medium
R2D1191,DES0498,P45721,SCH0356,temporal,documented_holdout,Earlier chronological fold(s) 1 train and the next fold 2 tests; fold 5 is reserved for validation.,yes,yes,yes,heldout_full_label_view,EVD2160,The available evidence documents condition-first grouping and disjoint parent captures or sessions.,high
R2D1192,DES0499,P45721,SCH0356,client,documented_no_holdout,,unknown,unknown,unknown,not_a_client_holdout,EVD0313,"The available evidence establishes a non-holdout design, pooling before the condition split, or shared parent traffic.",medium
R2D1193,DES0499,P45721,SCH0356,network,documented_no_holdout,,unknown,no,unknown,not_a_network_holdout,EVD1495,"The available evidence establishes a non-holdout design, pooling before the condition split, or shared parent traffic.",medium
R2D1194,DES0499,P45721,SCH0356,temporal,documented_holdout,Earlier chronological fold(s) 1–2 train and the next fold 3 tests; fold 5 is reserved for validation.,yes,yes,yes,heldout_full_label_view,EVD2161,The available evidence documents condition-first grouping and disjoint parent captures or sessions.,high
R2D1195,DES0500,P45721,SCH0356,client,documented_no_holdout,,unknown,unknown,unknown,not_a_client_holdout,EVD0314,"The available evidence establishes a non-holdout design, pooling before the condition split, or shared parent traffic.",medium
R2D1196,DES0500,P45721,SCH0356,network,documented_no_holdout,,unknown,no,unknown,not_a_network_holdout,EVD1496,"The available evidence establishes a non-holdout design, pooling before the condition split, or shared parent traffic.",medium
R2D1197,DES0500,P45721,SCH0356,temporal,documented_holdout,Earlier chronological fold(s) 1–3 train and the next fold 4 tests; fold 5 is reserved for validation.,yes,yes,yes,heldout_full_label_view,EVD2162,The available evidence documents condition-first grouping and disjoint parent captures or sessions.,high
R2D1198,DES0501,P45721,SCH0356,client,documented_no_holdout,,unknown,unknown,unknown,not_a_client_holdout,EVD0315,"The available evidence establishes a non-holdout design, pooling before the condition split, or shared parent traffic.",medium
R2D1199,DES0501,P45721,SCH0356,network,documented_no_holdout,,yes,no,yes,nonqualifying_condition_contrast,EVD1497 | EVD1498,The design partitions only VPN providers or gateways rather than a qualifying client access network.,high
R2D1200,DES0501,P45721,SCH0356,temporal,documented_no_holdout,,unknown,unknown,unknown,not_a_temporal_holdout,EVD2163,"The available evidence establishes a non-holdout design, pooling before the condition split, or shared parent traffic.",medium
R2D1201,DES0502,P45879,SCH0357,client,documented_no_holdout,,unknown,unknown,unknown,not_a_client_holdout,EVD0316,"The available evidence establishes a non-holdout design, pooling before the condition split, or shared parent traffic.",medium
R2D1202,DES0502,P45879,SCH0357,network,documented_no_holdout,,unknown,no,unknown,not_a_network_holdout,EVD1499,"The available evidence establishes a non-holdout design, pooling before the condition split, or shared parent traffic.",medium
R2D1203,DES0502,P45879,SCH0357,temporal,not_documented,,unknown,unknown,unknown,unknown_not_reported,EVD2164,"A complete holdout is not confirmed because grouping order, full-scheme coverage, or parent independence remains unresolved.",medium
R2D1204,DES0503,P45879,SCH0358,client,documented_no_holdout,,unknown,unknown,unknown,not_a_client_holdout,EVD0317,"The available evidence establishes a non-holdout design, pooling before the condition split, or shared parent traffic.",medium
R2D1205,DES0503,P45879,SCH0358,network,documented_no_holdout,,unknown,no,unknown,not_a_network_holdout,EVD1500,"The available evidence establishes a non-holdout design, pooling before the condition split, or shared parent traffic.",medium
R2D1206,DES0503,P45879,SCH0358,temporal,not_documented,,unknown,unknown,unknown,unknown_not_reported,EVD2165,"A complete holdout is not confirmed because grouping order, full-scheme coverage, or parent independence remains unresolved.",medium
R2D1207,DES0504,P46267,SCH0367,client,documented_no_holdout,,unknown,no,unknown,not_a_client_holdout,EVD0318,"The available evidence establishes a non-holdout design, pooling before the condition split, or shared parent traffic.",medium
R2D1208,DES0504,P46267,SCH0367,network,documented_no_holdout,,unknown,no,unknown,not_a_network_holdout,EVD1501,"The available evidence establishes a non-holdout design, pooling before the condition split, or shared parent traffic.",medium
R2D1209,DES0504,P46267,SCH0367,temporal,documented_no_holdout,,unknown,no,unknown,not_a_temporal_holdout,EVD2166,"The available evidence establishes a non-holdout design, pooling before the condition split, or shared parent traffic.",medium
R2D1210,DES0505,P46267,SCH0363,client,documented_no_holdout,,unknown,no,unknown,not_a_client_holdout,EVD0319,"The available evidence establishes a non-holdout design, pooling before the condition split, or shared parent traffic.",medium
R2D1211,DES0505,P46267,SCH0363,network,documented_no_holdout,,unknown,no,unknown,not_a_network_holdout,EVD1502,"The available evidence establishes a non-holdout design, pooling before the condition split, or shared parent traffic.",medium
R2D1212,DES0505,P46267,SCH0363,temporal,documented_no_holdout,,unknown,no,unknown,not_a_temporal_holdout,EVD2167,"The available evidence establishes a non-holdout design, pooling before the condition split, or shared parent traffic.",medium
R2D1213,DES0506,P46267,SCH0364,client,documented_no_holdout,,unknown,no,unknown,not_a_client_holdout,EVD0320,"The available evidence establishes a non-holdout design, pooling before the condition split, or shared parent traffic.",medium
R2D1214,DES0506,P46267,SCH0364,network,documented_no_holdout,,unknown,no,unknown,not_a_network_holdout,EVD1503,"The available evidence establishes a non-holdout design, pooling before the condition split, or shared parent traffic.",medium
R2D1215,DES0506,P46267,SCH0364,temporal,documented_no_holdout,,unknown,no,unknown,not_a_temporal_holdout,EVD2168,"The available evidence establishes a non-holdout design, pooling before the condition split, or shared parent traffic.",medium
R2D1216,DES0507,P46267,SCH0368,client,documented_no_holdout,,unknown,no,unknown,not_a_client_holdout,EVD0321,"The available evidence establishes a non-holdout design, pooling before the condition split, or shared parent traffic.",medium
R2D1217,DES0507,P46267,SCH0368,network,documented_no_holdout,,unknown,no,unknown,not_a_network_holdout,EVD1504,"The available evidence establishes a non-holdout design, pooling before the condition split, or shared parent traffic.",medium
R2D1218,DES0507,P46267,SCH0368,temporal,documented_no_holdout,,unknown,no,unknown,not_a_temporal_holdout,EVD2169,"The available evidence establishes a non-holdout design, pooling before the condition split, or shared parent traffic.",medium
R2D1219,DES0508,P46267,SCH0365,client,documented_no_holdout,,unknown,no,unknown,not_a_client_holdout,EVD0322,"The available evidence establishes a non-holdout design, pooling before the condition split, or shared parent traffic.",medium
R2D1220,DES0508,P46267,SCH0365,network,documented_no_holdout,,unknown,no,unknown,not_a_network_holdout,EVD1505,"The available evidence establishes a non-holdout design, pooling before the condition split, or shared parent traffic.",medium
R2D1221,DES0508,P46267,SCH0365,temporal,documented_no_holdout,,unknown,no,unknown,not_a_temporal_holdout,EVD2170,"The available evidence establishes a non-holdout design, pooling before the condition split, or shared parent traffic.",medium
R2D1222,DES0509,P46267,SCH0366,client,documented_no_holdout,,unknown,no,unknown,not_a_client_holdout,EVD0323,"The available evidence establishes a non-holdout design, pooling before the condition split, or shared parent traffic.",medium
R2D1223,DES0509,P46267,SCH0366,network,documented_no_holdout,,unknown,no,unknown,not_a_network_holdout,EVD1506,"The available evidence establishes a non-holdout design, pooling before the condition split, or shared parent traffic.",medium
R2D1224,DES0509,P46267,SCH0366,temporal,documented_no_holdout,,unknown,no,unknown,not_a_temporal_holdout,EVD2171,"The available evidence establishes a non-holdout design, pooling before the condition split, or shared parent traffic.",medium
R2D1225,DES0510,P46267,SCH0362,client,documented_no_holdout,,unknown,no,unknown,not_a_client_holdout,EVD0324,"The available evidence establishes a non-holdout design, pooling before the condition split, or shared parent traffic.",medium
R2D1226,DES0510,P46267,SCH0362,network,documented_no_holdout,,unknown,no,unknown,not_a_network_holdout,EVD1507,"The available evidence establishes a non-holdout design, pooling before the condition split, or shared parent traffic.",medium
R2D1227,DES0510,P46267,SCH0362,temporal,documented_no_holdout,,unknown,no,unknown,not_a_temporal_holdout,EVD2172,"The available evidence establishes a non-holdout design, pooling before the condition split, or shared parent traffic.",medium
R2D1228,DES0511,P46427,SCH0371,client,not_documented,,unknown,unknown,unknown,unknown_not_reported,EVD0325,"A complete holdout is not confirmed because grouping order, full-scheme coverage, or parent independence remains unresolved.",medium
R2D1229,DES0511,P46427,SCH0371,network,not_documented,,yes,unknown,yes,qualifying_condition_not_documented,EVD1508 | EVD1509 | EVD1510,The source does not identify whether its different network environments correspond to qualifying physical network values.,high
R2D1230,DES0511,P46427,SCH0371,temporal,documented_no_holdout,,unknown,unknown,unknown,not_a_temporal_holdout,EVD2173,"The available evidence establishes a non-holdout design, pooling before the condition split, or shared parent traffic.",medium
R2D1231,DES0512,P46427,SCH0372,client,not_documented,,unknown,unknown,unknown,unknown_not_reported,EVD0326,"A complete holdout is not confirmed because grouping order, full-scheme coverage, or parent independence remains unresolved.",medium
R2D1232,DES0512,P46427,SCH0372,network,documented_no_holdout,,unknown,no,unknown,not_a_network_holdout,EVD1511,"The available evidence establishes a non-holdout design, pooling before the condition split, or shared parent traffic.",medium
R2D1233,DES0512,P46427,SCH0372,temporal,not_documented,,unknown,unknown,unknown,unknown_not_reported,EVD2174,"A complete holdout is not confirmed because grouping order, full-scheme coverage, or parent independence remains unresolved.",medium
R2D1234,DES0513,P46427,SCH0373,client,not_documented,,unknown,unknown,unknown,unknown_not_reported,EVD0327,"A complete holdout is not confirmed because grouping order, full-scheme coverage, or parent independence remains unresolved.",medium
R2D1235,DES0513,P46427,SCH0373,network,documented_no_holdout,,unknown,no,unknown,not_a_network_holdout,EVD1512,"The available evidence establishes a non-holdout design, pooling before the condition split, or shared parent traffic.",medium
R2D1236,DES0513,P46427,SCH0373,temporal,not_documented,,unknown,unknown,unknown,unknown_not_reported,EVD2175,"A complete holdout is not confirmed because grouping order, full-scheme coverage, or parent independence remains unresolved.",medium
R2D1237,DES0514,P46427,SCH0369,client,not_documented,,unknown,unknown,unknown,unknown_not_reported,EVD0328,"A complete holdout is not confirmed because grouping order, full-scheme coverage, or parent independence remains unresolved.",medium
R2D1238,DES0514,P46427,SCH0369,network,not_documented,,unknown,unknown,unknown,unknown_not_reported,EVD1513,"A complete holdout is not confirmed because grouping order, full-scheme coverage, or parent independence remains unresolved.",medium
R2D1239,DES0514,P46427,SCH0369,temporal,not_documented,,unknown,unknown,unknown,unknown_not_reported,EVD2176,"A complete holdout is not confirmed because grouping order, full-scheme coverage, or parent independence remains unresolved.",medium
R2D1240,DES0515,P46427,SCH0370,client,not_documented,,unknown,unknown,unknown,unknown_not_reported,EVD0329,"A complete holdout is not confirmed because grouping order, full-scheme coverage, or parent independence remains unresolved.",medium
R2D1241,DES0515,P46427,SCH0370,network,not_documented,,unknown,unknown,unknown,unknown_not_reported,EVD1514,"A complete holdout is not confirmed because grouping order, full-scheme coverage, or parent independence remains unresolved.",medium
R2D1242,DES0515,P46427,SCH0370,temporal,not_documented,,unknown,unknown,unknown,unknown_not_reported,EVD2177,"A complete holdout is not confirmed because grouping order, full-scheme coverage, or parent independence remains unresolved.",medium
R2D1243,DES0516,P46522,SCH0376 | SCH0379,client,documented_no_holdout,,unknown,unknown,unknown,not_a_client_holdout,EVD0330,"The available evidence establishes a non-holdout design, pooling before the condition split, or shared parent traffic.",medium
R2D1244,DES0516,P46522,SCH0376 | SCH0379,network,documented_no_holdout,,unknown,unknown,unknown,not_a_network_holdout,EVD1515,"The available evidence establishes a non-holdout design, pooling before the condition split, or shared parent traffic.",medium
R2D1245,DES0516,P46522,SCH0376 | SCH0379,temporal,documented_no_holdout,,unknown,unknown,unknown,not_a_temporal_holdout,EVD2178,"The available evidence establishes a non-holdout design, pooling before the condition split, or shared parent traffic.",medium
R2D1246,DES0517,P46522,SCH0384 | SCH0385,client,documented_no_holdout,,unknown,unknown,unknown,not_a_client_holdout,EVD0331,"The available evidence establishes a non-holdout design, pooling before the condition split, or shared parent traffic.",medium
R2D1247,DES0517,P46522,SCH0384 | SCH0385,network,documented_no_holdout,,unknown,unknown,unknown,not_a_network_holdout,EVD1516,"The available evidence establishes a non-holdout design, pooling before the condition split, or shared parent traffic.",medium
R2D1248,DES0517,P46522,SCH0384 | SCH0385,temporal,documented_no_holdout,,unknown,unknown,unknown,not_a_temporal_holdout,EVD2179,"The available evidence establishes a non-holdout design, pooling before the condition split, or shared parent traffic.",medium
R2D1249,DES0518,P46522,SCH0378 | SCH0383,client,documented_no_holdout,,unknown,unknown,unknown,not_a_client_holdout,EVD0332,"The available evidence establishes a non-holdout design, pooling before the condition split, or shared parent traffic.",medium
R2D1250,DES0518,P46522,SCH0378 | SCH0383,network,documented_no_holdout,,unknown,unknown,unknown,not_a_network_holdout,EVD1517,"The available evidence establishes a non-holdout design, pooling before the condition split, or shared parent traffic.",medium
R2D1251,DES0518,P46522,SCH0378 | SCH0383,temporal,documented_no_holdout,,unknown,unknown,unknown,not_a_temporal_holdout,EVD2180,"The available evidence establishes a non-holdout design, pooling before the condition split, or shared parent traffic.",medium
R2D1252,DES0519,P46522,SCH0379,client,documented_no_holdout,,unknown,unknown,unknown,not_a_client_holdout,EVD0333,"The available evidence establishes a non-holdout design, pooling before the condition split, or shared parent traffic.",medium
R2D1253,DES0519,P46522,SCH0379,network,documented_no_holdout,,unknown,unknown,unknown,not_a_network_holdout,EVD1518,"The available evidence establishes a non-holdout design, pooling before the condition split, or shared parent traffic.",medium
R2D1254,DES0519,P46522,SCH0379,temporal,documented_no_holdout,,unknown,unknown,unknown,not_a_temporal_holdout,EVD2181,"The available evidence establishes a non-holdout design, pooling before the condition split, or shared parent traffic.",medium
R2D1255,DES0520,P46522,SCH0381 | SCH0382,client,documented_no_holdout,,unknown,unknown,unknown,not_a_client_holdout,EVD0334,"The available evidence establishes a non-holdout design, pooling before the condition split, or shared parent traffic.",medium
R2D1256,DES0520,P46522,SCH0381 | SCH0382,network,documented_no_holdout,,unknown,unknown,unknown,not_a_network_holdout,EVD1519,"The available evidence establishes a non-holdout design, pooling before the condition split, or shared parent traffic.",medium
R2D1257,DES0520,P46522,SCH0381 | SCH0382,temporal,documented_no_holdout,,unknown,unknown,unknown,not_a_temporal_holdout,EVD2182,"The available evidence establishes a non-holdout design, pooling before the condition split, or shared parent traffic.",medium
R2D1258,DES0521,P46522,SCH0375 | SCH0377,client,documented_no_holdout,,unknown,unknown,unknown,not_a_client_holdout,EVD0335,"The available evidence establishes a non-holdout design, pooling before the condition split, or shared parent traffic.",medium
R2D1259,DES0521,P46522,SCH0375 | SCH0377,network,documented_no_holdout,,unknown,unknown,unknown,not_a_network_holdout,EVD1520,"The available evidence establishes a non-holdout design, pooling before the condition split, or shared parent traffic.",medium
R2D1260,DES0521,P46522,SCH0375 | SCH0377,temporal,documented_no_holdout,,unknown,unknown,unknown,not_a_temporal_holdout,EVD2183,"The available evidence establishes a non-holdout design, pooling before the condition split, or shared parent traffic.",medium
R2D1261,DES0522,P46522,SCH0374 | SCH0380,client,documented_no_holdout,,unknown,unknown,unknown,not_a_client_holdout,EVD0336,"The available evidence establishes a non-holdout design, pooling before the condition split, or shared parent traffic.",medium
R2D1262,DES0522,P46522,SCH0374 | SCH0380,network,documented_no_holdout,,unknown,unknown,unknown,not_a_network_holdout,EVD1521,"The available evidence establishes a non-holdout design, pooling before the condition split, or shared parent traffic.",medium
R2D1263,DES0522,P46522,SCH0374 | SCH0380,temporal,documented_no_holdout,,unknown,unknown,unknown,not_a_temporal_holdout,EVD2184,"The available evidence establishes a non-holdout design, pooling before the condition split, or shared parent traffic.",medium
R2D1264,DES0523,P46578,SCH0387,client,documented_no_holdout,,unknown,no,unknown,not_a_client_holdout,EVD0337,"The available evidence establishes a non-holdout design, pooling before the condition split, or shared parent traffic.",medium
R2D1265,DES0523,P46578,SCH0387,network,documented_no_holdout,,unknown,no,unknown,not_a_network_holdout,EVD1522,"The available evidence establishes a non-holdout design, pooling before the condition split, or shared parent traffic.",medium
R2D1266,DES0523,P46578,SCH0387,temporal,documented_no_holdout,,unknown,no,unknown,not_a_temporal_holdout,EVD2185,"The available evidence establishes a non-holdout design, pooling before the condition split, or shared parent traffic.",medium
R2D1267,DES0524,P46578,SCH0386,client,documented_no_holdout,,unknown,no,unknown,not_a_client_holdout,EVD0338,"The available evidence establishes a non-holdout design, pooling before the condition split, or shared parent traffic.",medium
R2D1268,DES0524,P46578,SCH0386,network,documented_no_holdout,,unknown,no,unknown,not_a_network_holdout,EVD1523,"The available evidence establishes a non-holdout design, pooling before the condition split, or shared parent traffic.",medium
R2D1269,DES0524,P46578,SCH0386,temporal,documented_no_holdout,,unknown,no,unknown,not_a_temporal_holdout,EVD2186,"The available evidence establishes a non-holdout design, pooling before the condition split, or shared parent traffic.",medium
R2D1270,DES0525,P47085,SCH0398,client,not_documented,,unknown,unknown,unknown,unknown_not_reported,EVD0339,"A complete holdout is not confirmed because grouping order, full-scheme coverage, or parent independence remains unresolved.",medium
R2D1271,DES0525,P47085,SCH0398,network,not_documented,,unknown,unknown,unknown,unknown_not_reported,EVD1524,"A complete holdout is not confirmed because grouping order, full-scheme coverage, or parent independence remains unresolved.",medium
R2D1272,DES0525,P47085,SCH0398,temporal,not_documented,,unknown,unknown,unknown,unknown_not_reported,EVD2187,"A complete holdout is not confirmed because grouping order, full-scheme coverage, or parent independence remains unresolved.",medium
R2D1273,DES0526,P47085,SCH0397,client,not_documented,,unknown,unknown,unknown,unknown_not_reported,EVD0340,"A complete holdout is not confirmed because grouping order, full-scheme coverage, or parent independence remains unresolved.",medium
R2D1274,DES0526,P47085,SCH0397,network,not_documented,,unknown,unknown,unknown,unknown_not_reported,EVD1525,"A complete holdout is not confirmed because grouping order, full-scheme coverage, or parent independence remains unresolved.",medium
R2D1275,DES0526,P47085,SCH0397,temporal,not_documented,,unknown,unknown,unknown,unknown_not_reported,EVD2188,"A complete holdout is not confirmed because grouping order, full-scheme coverage, or parent independence remains unresolved.",medium
R2D1276,DES0527,P47085,SCH0392,client,not_documented,,unknown,unknown,unknown,unknown_not_reported,EVD0341,"A complete holdout is not confirmed because grouping order, full-scheme coverage, or parent independence remains unresolved.",medium
R2D1277,DES0527,P47085,SCH0392,network,not_documented,,unknown,unknown,unknown,unknown_not_reported,EVD1526,"A complete holdout is not confirmed because grouping order, full-scheme coverage, or parent independence remains unresolved.",medium
R2D1278,DES0527,P47085,SCH0392,temporal,not_documented,,unknown,unknown,unknown,unknown_not_reported,EVD2189,"A complete holdout is not confirmed because grouping order, full-scheme coverage, or parent independence remains unresolved.",medium
R2D1279,DES0528,P47085,SCH0394,client,not_documented,,unknown,unknown,unknown,unknown_not_reported,EVD0342,"A complete holdout is not confirmed because grouping order, full-scheme coverage, or parent independence remains unresolved.",medium
R2D1280,DES0528,P47085,SCH0394,network,not_documented,,unknown,unknown,unknown,unknown_not_reported,EVD1527,"A complete holdout is not confirmed because grouping order, full-scheme coverage, or parent independence remains unresolved.",medium
R2D1281,DES0528,P47085,SCH0394,temporal,not_documented,,unknown,unknown,unknown,unknown_not_reported,EVD2190,"A complete holdout is not confirmed because grouping order, full-scheme coverage, or parent independence remains unresolved.",medium
R2D1282,DES0529,P47085,SCH0396,client,documented_no_holdout,No qualifying client pair: known-class versus unknown-class label partition,unknown,no,unknown,nonqualifying_condition_contrast,EVD0343,"The partition is defined by label identity, not by a client configuration under which the complete class scheme recurs.",high
R2D1283,DES0529,P47085,SCH0396,network,not_documented,,unknown,unknown,unknown,unknown_not_reported,EVD1528,"A complete holdout is not confirmed because grouping order, full-scheme coverage, or parent independence remains unresolved.",medium
R2D1284,DES0529,P47085,SCH0396,temporal,not_documented,,unknown,unknown,unknown,unknown_not_reported,EVD2191,"A complete holdout is not confirmed because grouping order, full-scheme coverage, or parent independence remains unresolved.",medium
R2D1285,DES0530,P47085,SCH0388,client,not_documented,,unknown,unknown,unknown,unknown_not_reported,EVD0344,"A complete holdout is not confirmed because grouping order, full-scheme coverage, or parent independence remains unresolved.",medium
R2D1286,DES0530,P47085,SCH0388,network,not_documented,,unknown,unknown,unknown,unknown_not_reported,EVD1529,"A complete holdout is not confirmed because grouping order, full-scheme coverage, or parent independence remains unresolved.",medium
R2D1287,DES0530,P47085,SCH0388,temporal,not_documented,,unknown,unknown,unknown,unknown_not_reported,EVD2192,"A complete holdout is not confirmed because grouping order, full-scheme coverage, or parent independence remains unresolved.",medium
R2D1288,DES0531,P47085,SCH0389,client,not_documented,,unknown,unknown,unknown,unknown_not_reported,EVD0345,"A complete holdout is not confirmed because grouping order, full-scheme coverage, or parent independence remains unresolved.",medium
R2D1289,DES0531,P47085,SCH0389,network,not_documented,,unknown,unknown,unknown,unknown_not_reported,EVD1530,"A complete holdout is not confirmed because grouping order, full-scheme coverage, or parent independence remains unresolved.",medium
R2D1290,DES0531,P47085,SCH0389,temporal,documented_no_holdout,No qualifying temporal pair: known versus unknown class partition,unknown,no,unknown,nonqualifying_condition_contrast,EVD2193,"Label identity defines the partition, so the complete scheme does not recur under two temporal conditions.",high
R2D1291,DES0532,P47085,SCH0391,client,not_documented,,unknown,unknown,unknown,unknown_not_reported,EVD0346,"A complete holdout is not confirmed because grouping order, full-scheme coverage, or parent independence remains unresolved.",medium
R2D1292,DES0532,P47085,SCH0391,network,not_documented,,unknown,unknown,unknown,unknown_not_reported,EVD1531,"A complete holdout is not confirmed because grouping order, full-scheme coverage, or parent independence remains unresolved.",medium
R2D1293,DES0532,P47085,SCH0391,temporal,not_documented,,unknown,unknown,unknown,unknown_not_reported,EVD2194,"A complete holdout is not confirmed because grouping order, full-scheme coverage, or parent independence remains unresolved.",medium
R2D1294,DES0533,P47085,SCH0393 | SCH0395,client,not_documented,,unknown,unknown,unknown,unknown_not_reported,EVD0347,"A complete holdout is not confirmed because grouping order, full-scheme coverage, or parent independence remains unresolved.",medium
R2D1295,DES0533,P47085,SCH0393 | SCH0395,network,not_documented,,unknown,unknown,unknown,unknown_not_reported,EVD1532,"A complete holdout is not confirmed because grouping order, full-scheme coverage, or parent independence remains unresolved.",medium
R2D1296,DES0533,P47085,SCH0393 | SCH0395,temporal,not_documented,,unknown,unknown,unknown,possible_heldout_temporal,EVD2195 | EVD2198,"A complete holdout is not confirmed because grouping order, full-scheme coverage, or parent independence remains unresolved.",medium
R2D1297,DES0534,P47085,SCH0390,client,documented_no_holdout,,unknown,unknown,unknown,not_a_client_holdout,EVD0349,"The available evidence establishes a non-holdout design, pooling before the condition split, or shared parent traffic.",medium
R2D1298,DES0534,P47085,SCH0390,network,documented_no_holdout,,yes,no,yes,nonqualifying_condition_contrast,EVD1534 | EVD1535,The design partitions only software-controlled QoS settings rather than a qualifying network condition.,high
R2D1299,DES0534,P47085,SCH0390,temporal,documented_no_holdout,,unknown,unknown,unknown,not_a_temporal_holdout,EVD2197,"The available evidence establishes a non-holdout design, pooling before the condition split, or shared parent traffic.",medium
R2D1300,DES0535,P47353,SCH0399,client,not_documented,,unknown,unknown,unknown,unknown_not_reported,EVD0350,"A complete holdout is not confirmed because grouping order, full-scheme coverage, or parent independence remains unresolved.",medium
R2D1301,DES0535,P47353,SCH0399,network,not_documented,,unknown,unknown,unknown,unknown_not_reported,EVD1536,"A complete holdout is not confirmed because grouping order, full-scheme coverage, or parent independence remains unresolved.",medium
R2D1302,DES0535,P47353,SCH0399,temporal,not_documented,,unknown,unknown,unknown,unknown_not_reported,EVD2199,"A complete holdout is not confirmed because grouping order, full-scheme coverage, or parent independence remains unresolved.",medium
R2D1303,DES0536,P47353,SCH0399,client,not_documented,,unknown,unknown,unknown,unknown_not_reported,EVD0351,"A complete holdout is not confirmed because grouping order, full-scheme coverage, or parent independence remains unresolved.",medium
R2D1304,DES0536,P47353,SCH0399,network,not_documented,,unknown,unknown,unknown,unknown_not_reported,EVD1537,"A complete holdout is not confirmed because grouping order, full-scheme coverage, or parent independence remains unresolved.",medium
R2D1305,DES0536,P47353,SCH0399,temporal,not_documented,,unknown,unknown,unknown,unknown_not_reported,EVD2200,"A complete holdout is not confirmed because grouping order, full-scheme coverage, or parent independence remains unresolved.",medium
R2D1306,DES0537,P47353,SCH0399,client,not_documented,,unknown,unknown,unknown,unknown_not_reported,EVD0352,"A complete holdout is not confirmed because grouping order, full-scheme coverage, or parent independence remains unresolved.",medium
R2D1307,DES0537,P47353,SCH0399,network,not_documented,,unknown,unknown,unknown,unknown_not_reported,EVD1538,"A complete holdout is not confirmed because grouping order, full-scheme coverage, or parent independence remains unresolved.",medium
R2D1308,DES0537,P47353,SCH0399,temporal,not_documented,,unknown,unknown,unknown,unknown_not_reported,EVD2201,"A complete holdout is not confirmed because grouping order, full-scheme coverage, or parent independence remains unresolved.",medium
R2D1309,DES0538,P47353,SCH0399,client,not_documented,,unknown,unknown,unknown,unknown_not_reported,EVD0353,"A complete holdout is not confirmed because grouping order, full-scheme coverage, or parent independence remains unresolved.",medium
R2D1310,DES0538,P47353,SCH0399,network,not_documented,,unknown,unknown,unknown,unknown_not_reported,EVD1539,"A complete holdout is not confirmed because grouping order, full-scheme coverage, or parent independence remains unresolved.",medium
R2D1311,DES0538,P47353,SCH0399,temporal,not_documented,,unknown,unknown,unknown,unknown_not_reported,EVD2202,"A complete holdout is not confirmed because grouping order, full-scheme coverage, or parent independence remains unresolved.",medium
R2D1312,DES0539,P47353,SCH0399,client,not_documented,,unknown,unknown,unknown,unknown_not_reported,EVD0354,"A complete holdout is not confirmed because grouping order, full-scheme coverage, or parent independence remains unresolved.",medium
R2D1313,DES0539,P47353,SCH0399,network,not_documented,,unknown,unknown,unknown,unknown_not_reported,EVD1540,"A complete holdout is not confirmed because grouping order, full-scheme coverage, or parent independence remains unresolved.",medium
R2D1314,DES0539,P47353,SCH0399,temporal,not_documented,,unknown,unknown,unknown,unknown_not_reported,EVD2203,"A complete holdout is not confirmed because grouping order, full-scheme coverage, or parent independence remains unresolved.",medium
R2D1315,DES0540,P47353,SCH0399,client,not_documented,,unknown,unknown,unknown,unknown_not_reported,EVD0355,"A complete holdout is not confirmed because grouping order, full-scheme coverage, or parent independence remains unresolved.",medium
R2D1316,DES0540,P47353,SCH0399,network,not_documented,,unknown,unknown,unknown,unknown_not_reported,EVD1541,"A complete holdout is not confirmed because grouping order, full-scheme coverage, or parent independence remains unresolved.",medium
R2D1317,DES0540,P47353,SCH0399,temporal,not_documented,,unknown,unknown,unknown,unknown_not_reported,EVD2204,"A complete holdout is not confirmed because grouping order, full-scheme coverage, or parent independence remains unresolved.",medium
R2D1318,DES0541,P47584,SCH0400,client,documented_no_holdout,,unknown,no,unknown,not_a_client_holdout,EVD0356,"The available evidence establishes a non-holdout design, pooling before the condition split, or shared parent traffic.",medium
R2D1319,DES0541,P47584,SCH0400,network,documented_no_holdout,,unknown,no,unknown,not_a_network_holdout,EVD1542,"The available evidence establishes a non-holdout design, pooling before the condition split, or shared parent traffic.",medium
R2D1320,DES0541,P47584,SCH0400,temporal,documented_no_holdout,,unknown,no,unknown,not_a_temporal_holdout,EVD2205,"The available evidence establishes a non-holdout design, pooling before the condition split, or shared parent traffic.",medium
R2D1321,DES0542,P47584,SCH0404,client,documented_no_holdout,,unknown,no,unknown,not_a_client_holdout,EVD0357,"The available evidence establishes a non-holdout design, pooling before the condition split, or shared parent traffic.",medium
R2D1322,DES0542,P47584,SCH0404,network,documented_no_holdout,,unknown,no,unknown,not_a_network_holdout,EVD1543,"The available evidence establishes a non-holdout design, pooling before the condition split, or shared parent traffic.",medium
R2D1323,DES0542,P47584,SCH0404,temporal,documented_no_holdout,,unknown,no,unknown,not_a_temporal_holdout,EVD2206,"The available evidence establishes a non-holdout design, pooling before the condition split, or shared parent traffic.",medium
R2D1324,DES0543,P47584,SCH0403,client,documented_no_holdout,,unknown,no,unknown,not_a_client_holdout,EVD0358,"The available evidence establishes a non-holdout design, pooling before the condition split, or shared parent traffic.",medium
R2D1325,DES0543,P47584,SCH0403,network,documented_no_holdout,,unknown,no,unknown,not_a_network_holdout,EVD1544,"The available evidence establishes a non-holdout design, pooling before the condition split, or shared parent traffic.",medium
R2D1326,DES0543,P47584,SCH0403,temporal,documented_no_holdout,,unknown,no,unknown,not_a_temporal_holdout,EVD2207,"The available evidence establishes a non-holdout design, pooling before the condition split, or shared parent traffic.",medium
R2D1327,DES0544,P47584,SCH0401,client,documented_no_holdout,,unknown,unknown,unknown,not_a_client_holdout,EVD0359,"The available evidence establishes a non-holdout design, pooling before the condition split, or shared parent traffic.",medium
R2D1328,DES0544,P47584,SCH0401,network,documented_no_holdout,,yes,no,yes,nonqualifying_condition_contrast,EVD1545 | EVD1546,The design partitions only traffic-shaping settings rather than a qualifying network condition.,high
R2D1329,DES0544,P47584,SCH0401,temporal,documented_no_holdout,,unknown,unknown,unknown,not_a_temporal_holdout,EVD2208,"The available evidence establishes a non-holdout design, pooling before the condition split, or shared parent traffic.",medium
R2D1330,DES0545,P47584,SCH0401,client,documented_no_holdout,,unknown,unknown,unknown,not_a_client_holdout,EVD0360,"The available evidence establishes a non-holdout design, pooling before the condition split, or shared parent traffic.",medium
R2D1331,DES0545,P47584,SCH0401,network,documented_no_holdout,,unknown,unknown,unknown,not_a_network_holdout,EVD1547,"The available evidence establishes a non-holdout design, pooling before the condition split, or shared parent traffic.",medium
R2D1332,DES0545,P47584,SCH0401,temporal,documented_holdout,CW-popular day-0 reference versus the 18-day later time-drift capture.,yes,yes,yes,heldout_full_label_view,EVD2209 | EVD2217 | EVD2218,The available evidence documents condition-first grouping and disjoint parent captures or sessions.,high
R2D1333,DES0546,P47584,SCH0401,client,documented_no_holdout,,unknown,unknown,unknown,not_a_client_holdout,EVD0361,"The available evidence establishes a non-holdout design, pooling before the condition split, or shared parent traffic.",medium
R2D1334,DES0546,P47584,SCH0401,network,documented_no_holdout,,unknown,unknown,unknown,not_a_network_holdout,EVD1548,"The available evidence establishes a non-holdout design, pooling before the condition split, or shared parent traffic.",medium
R2D1335,DES0546,P47584,SCH0401,temporal,documented_holdout,CW-popular day-0 reference versus the 30-day later time-drift capture.,yes,yes,yes,heldout_full_label_view,EVD2210 | EVD2217 | EVD2218,The available evidence documents condition-first grouping and disjoint parent captures or sessions.,high
R2D1336,DES0547,P47584,SCH0402,client,documented_no_holdout,,unknown,no,unknown,not_a_client_holdout,EVD0362,"The available evidence establishes a non-holdout design, pooling before the condition split, or shared parent traffic.",medium
R2D1337,DES0547,P47584,SCH0402,network,documented_no_holdout,,unknown,no,unknown,not_a_network_holdout,EVD1549,"The available evidence establishes a non-holdout design, pooling before the condition split, or shared parent traffic.",medium
R2D1338,DES0547,P47584,SCH0402,temporal,documented_no_holdout,,unknown,no,unknown,not_a_temporal_holdout,EVD2211,"The available evidence establishes a non-holdout design, pooling before the condition split, or shared parent traffic.",medium
R2D1339,DES0548,P47584,SCH0401,client,documented_no_holdout,,unknown,no,unknown,not_a_client_holdout,EVD0363,"The available evidence establishes a non-holdout design, pooling before the condition split, or shared parent traffic.",medium
R2D1340,DES0548,P47584,SCH0401,network,documented_no_holdout,,unknown,no,unknown,not_a_network_holdout,EVD1550,"The available evidence establishes a non-holdout design, pooling before the condition split, or shared parent traffic.",medium
R2D1341,DES0548,P47584,SCH0401,temporal,documented_no_holdout,,unknown,no,unknown,not_a_temporal_holdout,EVD2212,"The available evidence establishes a non-holdout design, pooling before the condition split, or shared parent traffic.",medium
R2D1342,DES0549,P47584,SCH0401,client,documented_holdout,"Chrome v126 versus legacy Chrome v104, evaluated in cross-version directions for the same websites.",yes,yes,yes,heldout_full_label_view,EVD0364 | EVD0365,The available evidence documents condition-first grouping and disjoint parent captures or sessions.,high
R2D1343,DES0549,P47584,SCH0401,network,documented_no_holdout,,unknown,unknown,unknown,not_a_network_holdout,EVD1551,"The available evidence establishes a non-holdout design, pooling before the condition split, or shared parent traffic.",medium
R2D1344,DES0549,P47584,SCH0401,temporal,documented_no_holdout,,unknown,unknown,unknown,not_a_temporal_holdout,EVD2213,"The available evidence establishes a non-holdout design, pooling before the condition split, or shared parent traffic.",medium
R2D1345,DES0550,P47584,SCH0401,client,documented_holdout,"Chrome v126 versus Firefox v129, evaluated in cross-browser directions for the same websites.",yes,yes,yes,heldout_full_label_view,EVD0366 | EVD0367,The available evidence documents condition-first grouping and disjoint parent captures or sessions.,high
R2D1346,DES0550,P47584,SCH0401,network,documented_no_holdout,,unknown,unknown,unknown,not_a_network_holdout,EVD1552,"The available evidence establishes a non-holdout design, pooling before the condition split, or shared parent traffic.",medium
R2D1347,DES0550,P47584,SCH0401,temporal,documented_no_holdout,,unknown,unknown,unknown,not_a_temporal_holdout,EVD2214,"The available evidence establishes a non-holdout design, pooling before the condition split, or shared parent traffic.",medium
R2D1348,DES0551,P47584,SCH0403,client,documented_no_holdout,,unknown,unknown,unknown,not_a_client_holdout,EVD0368,"The available evidence establishes a non-holdout design, pooling before the condition split, or shared parent traffic.",medium
R2D1349,DES0551,P47584,SCH0403,network,documented_no_holdout,,unknown,unknown,unknown,not_a_network_holdout,EVD1553,"The available evidence establishes a non-holdout design, pooling before the condition split, or shared parent traffic.",medium
R2D1350,DES0551,P47584,SCH0403,temporal,documented_no_holdout,,unknown,no,unknown,not_a_temporal_holdout,EVD2215,"The available evidence establishes a non-holdout design, pooling before the condition split, or shared parent traffic.",medium
R2D1351,DES0552,P47584,SCH0403,client,documented_no_holdout,,unknown,unknown,unknown,not_a_client_holdout,EVD0369,"The available evidence establishes a non-holdout design, pooling before the condition split, or shared parent traffic.",medium
R2D1352,DES0552,P47584,SCH0403,network,documented_no_holdout,,unknown,unknown,unknown,not_a_network_holdout,EVD1554,"The available evidence establishes a non-holdout design, pooling before the condition split, or shared parent traffic.",medium
R2D1353,DES0552,P47584,SCH0403,temporal,documented_no_holdout,,unknown,unknown,unknown,not_a_temporal_holdout,EVD2216,"The available evidence establishes a non-holdout design, pooling before the condition split, or shared parent traffic.",medium
R2D1354,DES0553,P48205,SCH0409,client,documented_no_holdout,,unknown,unknown,unknown,not_a_client_holdout,EVD0370,"The available evidence establishes a non-holdout design, pooling before the condition split, or shared parent traffic.",medium
R2D1355,DES0553,P48205,SCH0409,network,documented_no_holdout,,yes,no,yes,nonqualifying_condition_contrast,EVD1555 | EVD1556,The design partitions only Tor routes or circuits rather than a qualifying network condition.,high
R2D1356,DES0553,P48205,SCH0409,temporal,documented_no_holdout,,unknown,unknown,unknown,not_a_temporal_holdout,EVD2219,"The available evidence establishes a non-holdout design, pooling before the condition split, or shared parent traffic.",medium
R2D1357,DES0554,P48205,SCH0407,client,documented_no_holdout,,unknown,unknown,unknown,not_a_client_holdout,EVD0371,"The available evidence establishes a non-holdout design, pooling before the condition split, or shared parent traffic.",medium
R2D1358,DES0554,P48205,SCH0407,network,documented_no_holdout,,yes,no,yes,nonqualifying_condition_contrast,EVD1557 | EVD1558,The design partitions only Tor routes or circuits rather than a qualifying network condition.,high
R2D1359,DES0554,P48205,SCH0407,temporal,documented_no_holdout,,unknown,unknown,unknown,not_a_temporal_holdout,EVD2220,"The available evidence establishes a non-holdout design, pooling before the condition split, or shared parent traffic.",medium
R2D1360,DES0555,P48205,SCH0408,client,documented_no_holdout,,unknown,unknown,unknown,not_a_client_holdout,EVD0372,"The available evidence establishes a non-holdout design, pooling before the condition split, or shared parent traffic.",medium
R2D1361,DES0555,P48205,SCH0408,network,documented_no_holdout,,yes,no,yes,nonqualifying_condition_contrast,EVD1559 | EVD1560,The design partitions only Tor routes or circuits rather than a qualifying network condition.,high
R2D1362,DES0555,P48205,SCH0408,temporal,documented_no_holdout,,unknown,unknown,unknown,not_a_temporal_holdout,EVD2221,"The available evidence establishes a non-holdout design, pooling before the condition split, or shared parent traffic.",medium
R2D1363,DES0556,P48205,SCH0409,client,documented_no_holdout,,unknown,unknown,unknown,not_a_client_holdout,EVD0373,"The available evidence establishes a non-holdout design, pooling before the condition split, or shared parent traffic.",medium
R2D1364,DES0556,P48205,SCH0409,network,documented_no_holdout,,yes,no,yes,nonqualifying_condition_contrast,EVD1561 | EVD1562,The design partitions only Tor routes or circuits rather than a qualifying network condition.,high
R2D1365,DES0556,P48205,SCH0409,temporal,documented_no_holdout,,unknown,unknown,unknown,not_a_temporal_holdout,EVD2222,"The available evidence establishes a non-holdout design, pooling before the condition split, or shared parent traffic.",medium
R2D1366,DES0557,P48207,SCH0411,client,documented_no_holdout,,unknown,no,unknown,not_a_client_holdout,EVD0374,"The available evidence establishes a non-holdout design, pooling before the condition split, or shared parent traffic.",medium
R2D1367,DES0557,P48207,SCH0411,network,documented_no_holdout,,unknown,no,unknown,not_a_network_holdout,EVD1563,"The available evidence establishes a non-holdout design, pooling before the condition split, or shared parent traffic.",medium
R2D1368,DES0557,P48207,SCH0411,temporal,documented_no_holdout,,unknown,no,unknown,not_a_temporal_holdout,EVD2223,"The available evidence establishes a non-holdout design, pooling before the condition split, or shared parent traffic.",medium
R2D1369,DES0558,P48207,SCH0410,client,documented_no_holdout,,unknown,no,unknown,not_a_client_holdout,EVD0375,"The available evidence establishes a non-holdout design, pooling before the condition split, or shared parent traffic.",medium
R2D1370,DES0558,P48207,SCH0410,network,documented_no_holdout,,unknown,no,unknown,not_a_network_holdout,EVD1564,"The available evidence establishes a non-holdout design, pooling before the condition split, or shared parent traffic.",medium
R2D1371,DES0558,P48207,SCH0410,temporal,documented_no_holdout,,unknown,no,unknown,not_a_temporal_holdout,EVD2224,"The available evidence establishes a non-holdout design, pooling before the condition split, or shared parent traffic.",medium
R2D1372,DES0559,P48207,SCH0413,client,documented_no_holdout,,unknown,no,unknown,not_a_client_holdout,EVD0376,"The available evidence establishes a non-holdout design, pooling before the condition split, or shared parent traffic.",medium
R2D1373,DES0559,P48207,SCH0413,network,documented_no_holdout,,unknown,no,unknown,not_a_network_holdout,EVD1565,"The available evidence establishes a non-holdout design, pooling before the condition split, or shared parent traffic.",medium
R2D1374,DES0559,P48207,SCH0413,temporal,documented_no_holdout,,unknown,no,unknown,not_a_temporal_holdout,EVD2225,"The available evidence establishes a non-holdout design, pooling before the condition split, or shared parent traffic.",medium
R2D1375,DES0560,P48207,SCH0412,client,documented_no_holdout,,unknown,no,unknown,not_a_client_holdout,EVD0377,"The available evidence establishes a non-holdout design, pooling before the condition split, or shared parent traffic.",medium
R2D1376,DES0560,P48207,SCH0412,network,documented_no_holdout,,unknown,no,unknown,not_a_network_holdout,EVD1566,"The available evidence establishes a non-holdout design, pooling before the condition split, or shared parent traffic.",medium
R2D1377,DES0560,P48207,SCH0412,temporal,documented_no_holdout,,unknown,no,unknown,not_a_temporal_holdout,EVD2226,"The available evidence establishes a non-holdout design, pooling before the condition split, or shared parent traffic.",medium
R2D1378,DES0561,P48246,SCH0415,client,documented_no_holdout,,unknown,no,unknown,not_a_client_holdout,EVD0378,"The available evidence establishes a non-holdout design, pooling before the condition split, or shared parent traffic.",medium
R2D1379,DES0561,P48246,SCH0415,network,documented_no_holdout,,unknown,no,unknown,not_a_network_holdout,EVD1567,"The available evidence establishes a non-holdout design, pooling before the condition split, or shared parent traffic.",medium
R2D1380,DES0561,P48246,SCH0415,temporal,documented_no_holdout,,unknown,no,unknown,not_a_temporal_holdout,EVD2227,"The available evidence establishes a non-holdout design, pooling before the condition split, or shared parent traffic.",medium
R2D1381,DES0562,P48246,SCH0416,client,documented_no_holdout,,unknown,no,unknown,not_a_client_holdout,EVD0379,"The available evidence establishes a non-holdout design, pooling before the condition split, or shared parent traffic.",medium
R2D1382,DES0562,P48246,SCH0416,network,documented_no_holdout,,unknown,no,unknown,not_a_network_holdout,EVD1568,"The available evidence establishes a non-holdout design, pooling before the condition split, or shared parent traffic.",medium
R2D1383,DES0562,P48246,SCH0416,temporal,documented_no_holdout,,unknown,no,unknown,not_a_temporal_holdout,EVD2228,"The available evidence establishes a non-holdout design, pooling before the condition split, or shared parent traffic.",medium
R2D1384,DES0563,P48246,SCH0414,client,documented_no_holdout,,unknown,unknown,unknown,not_a_client_holdout,EVD0380,"The available evidence establishes a non-holdout design, pooling before the condition split, or shared parent traffic.",medium
R2D1385,DES0563,P48246,SCH0414,network,documented_no_holdout,,yes,no,yes,nonqualifying_condition_contrast,EVD1569 | EVD1570,The design partitions only Tor routes or circuits rather than a qualifying network condition.,high
R2D1386,DES0563,P48246,SCH0414,temporal,documented_no_holdout,,unknown,unknown,unknown,not_a_temporal_holdout,EVD2229,"The available evidence establishes a non-holdout design, pooling before the condition split, or shared parent traffic.",medium
R2D1387,DES0564,P48290,SCH0417,client,documented_no_holdout,,unknown,no,unknown,not_a_client_holdout,EVD0381,"The available evidence establishes a non-holdout design, pooling before the condition split, or shared parent traffic.",medium
R2D1388,DES0564,P48290,SCH0417,network,documented_no_holdout,,unknown,no,unknown,not_a_network_holdout,EVD1571,"The available evidence establishes a non-holdout design, pooling before the condition split, or shared parent traffic.",medium
R2D1389,DES0564,P48290,SCH0417,temporal,documented_no_holdout,,unknown,no,unknown,not_a_temporal_holdout,EVD2230,"The available evidence establishes a non-holdout design, pooling before the condition split, or shared parent traffic.",medium
R2D1390,DES0565,P48290,SCH0417,client,documented_no_holdout,,unknown,unknown,unknown,not_a_client_holdout,EVD0382 | EVD0383,"The available evidence establishes a non-holdout design, pooling before the condition split, or shared parent traffic.",medium
R2D1391,DES0565,P48290,SCH0417,network,documented_no_holdout,,unknown,unknown,unknown,not_a_network_holdout,EVD1572,"The available evidence establishes a non-holdout design, pooling before the condition split, or shared parent traffic.",medium
R2D1392,DES0565,P48290,SCH0417,temporal,documented_no_holdout,,unknown,unknown,unknown,not_a_temporal_holdout,EVD2231,"The available evidence establishes a non-holdout design, pooling before the condition split, or shared parent traffic.",medium
R2D1393,DES0566,P48305,SCH0429,client,documented_no_holdout,,unknown,no,unknown,not_a_client_holdout,EVD0384,"The available evidence establishes a non-holdout design, pooling before the condition split, or shared parent traffic.",medium
R2D1394,DES0566,P48305,SCH0429,network,documented_no_holdout,,unknown,no,unknown,not_a_network_holdout,EVD1573,"The available evidence establishes a non-holdout design, pooling before the condition split, or shared parent traffic.",medium
R2D1395,DES0566,P48305,SCH0429,temporal,documented_no_holdout,,unknown,no,unknown,not_a_temporal_holdout,EVD2232,"The available evidence establishes a non-holdout design, pooling before the condition split, or shared parent traffic.",medium
R2D1396,DES0567,P48305,SCH0420,client,documented_no_holdout,,unknown,no,unknown,not_a_client_holdout,EVD0385,"The available evidence establishes a non-holdout design, pooling before the condition split, or shared parent traffic.",medium
R2D1397,DES0567,P48305,SCH0420,network,documented_no_holdout,,unknown,no,unknown,not_a_network_holdout,EVD1574,"The available evidence establishes a non-holdout design, pooling before the condition split, or shared parent traffic.",medium
R2D1398,DES0567,P48305,SCH0420,temporal,documented_no_holdout,,unknown,no,unknown,not_a_temporal_holdout,EVD2233,"The available evidence establishes a non-holdout design, pooling before the condition split, or shared parent traffic.",medium
R2D1399,DES0568,P48305,SCH0425,client,documented_no_holdout,,unknown,no,unknown,not_a_client_holdout,EVD0386,"The available evidence establishes a non-holdout design, pooling before the condition split, or shared parent traffic.",medium
R2D1400,DES0568,P48305,SCH0425,network,documented_no_holdout,,unknown,no,unknown,not_a_network_holdout,EVD1575,"The available evidence establishes a non-holdout design, pooling before the condition split, or shared parent traffic.",medium
R2D1401,DES0568,P48305,SCH0425,temporal,documented_no_holdout,,unknown,no,unknown,not_a_temporal_holdout,EVD2234,"The available evidence establishes a non-holdout design, pooling before the condition split, or shared parent traffic.",medium
R2D1402,DES0569,P48305,SCH0439,client,documented_no_holdout,,unknown,no,unknown,not_a_client_holdout,EVD0387,"The available evidence establishes a non-holdout design, pooling before the condition split, or shared parent traffic.",medium
R2D1403,DES0569,P48305,SCH0439,network,documented_no_holdout,,unknown,no,unknown,not_a_network_holdout,EVD1576,"The available evidence establishes a non-holdout design, pooling before the condition split, or shared parent traffic.",medium
R2D1404,DES0569,P48305,SCH0439,temporal,documented_no_holdout,,unknown,no,unknown,not_a_temporal_holdout,EVD2235,"The available evidence establishes a non-holdout design, pooling before the condition split, or shared parent traffic.",medium
R2D1405,DES0570,P48305,SCH0426,client,documented_no_holdout,,unknown,no,unknown,not_a_client_holdout,EVD0388,"The available evidence establishes a non-holdout design, pooling before the condition split, or shared parent traffic.",medium
R2D1406,DES0570,P48305,SCH0426,network,documented_no_holdout,,unknown,no,unknown,not_a_network_holdout,EVD1577,"The available evidence establishes a non-holdout design, pooling before the condition split, or shared parent traffic.",medium
R2D1407,DES0570,P48305,SCH0426,temporal,documented_no_holdout,,unknown,no,unknown,not_a_temporal_holdout,EVD2236,"The available evidence establishes a non-holdout design, pooling before the condition split, or shared parent traffic.",medium
R2D1408,DES0571,P48305,SCH0428,client,documented_no_holdout,,unknown,no,unknown,not_a_client_holdout,EVD0389,"The available evidence establishes a non-holdout design, pooling before the condition split, or shared parent traffic.",medium
R2D1409,DES0571,P48305,SCH0428,network,documented_no_holdout,,unknown,no,unknown,not_a_network_holdout,EVD1578,"The available evidence establishes a non-holdout design, pooling before the condition split, or shared parent traffic.",medium
R2D1410,DES0571,P48305,SCH0428,temporal,documented_no_holdout,,unknown,no,unknown,not_a_temporal_holdout,EVD2237,"The available evidence establishes a non-holdout design, pooling before the condition split, or shared parent traffic.",medium
R2D1411,DES0572,P48305,SCH0419 | SCH0424,client,not_documented,,unknown,unknown,unknown,unknown_not_reported,EVD0390 | EVD0428,"A complete holdout is not confirmed because grouping order, full-scheme coverage, or parent independence remains unresolved.",medium
R2D1412,DES0572,P48305,SCH0419 | SCH0424,network,documented_no_holdout,,unknown,unknown,unknown,not_a_network_holdout,EVD1579,"The available evidence establishes a non-holdout design, pooling before the condition split, or shared parent traffic.",medium
R2D1413,DES0572,P48305,SCH0419 | SCH0424,temporal,documented_holdout,Early-2020 own-lab campaign versus January-2021 recapture.,yes,yes,yes,heldout_full_label_view,EVD2238 | EVD2239,The available evidence documents condition-first grouping and disjoint parent captures or sessions.,high
R2D1414,DES0573,P48305,SCH0423 | SCH0434,client,not_documented,,unknown,unknown,unknown,unknown_not_reported,EVD0391 | EVD0429,"A complete holdout is not confirmed because grouping order, full-scheme coverage, or parent independence remains unresolved.",medium
R2D1415,DES0573,P48305,SCH0423 | SCH0434,network,documented_no_holdout,,unknown,unknown,unknown,not_a_network_holdout,EVD1580,"The available evidence establishes a non-holdout design, pooling before the condition split, or shared parent traffic.",medium
R2D1416,DES0573,P48305,SCH0423 | SCH0434,temporal,documented_no_holdout,,unknown,unknown,unknown,heldout_multiclass_subset,EVD2240 | EVD2241,"The available evidence establishes a non-holdout design, pooling before the condition split, or shared parent traffic.",medium
R2D1417,DES0574,P48305,SCH0445,client,documented_holdout,Independent dataset captures of common IoT make-and-model labels from different physical device specimens.,yes,yes,yes,heldout_full_label_view,EVD0392 | EVD0393 | EVD0418,The available evidence documents condition-first grouping and disjoint parent captures or sessions.,high
R2D1418,DES0574,P48305,SCH0445,network,documented_holdout,Mon(IoT)r UK and US testbeds for common device classes.,yes,yes,yes,heldout_full_label_view,EVD1581 | EVD1582 | EVD1583 | EVD1584,The available evidence documents condition-first grouping and disjoint parent captures or sessions.,high
R2D1419,DES0574,P48305,SCH0445,temporal,documented_no_holdout,,unknown,unknown,unknown,not_a_temporal_holdout,EVD2242,"The available evidence establishes a non-holdout design, pooling before the condition split, or shared parent traffic.",medium
R2D1420,DES0575,P48305,SCH0433 | SCH0436,client,documented_holdout,Independent dataset captures of common IoT make-and-model labels from different physical device specimens.,yes,yes,yes,heldout_full_label_view,EVD0394 | EVD0395 | EVD0419,The available evidence documents condition-first grouping and disjoint parent captures or sessions.,high
R2D1421,DES0575,P48305,SCH0433 | SCH0436,network,documented_holdout,Independent source and target IoT captures from different named laboratories/sites (Mon(IoT)r-to-YourThings all-feature temporal transfer).,yes,yes,yes,heldout_full_label_view,EVD1585 | EVD1586,The available evidence documents condition-first grouping and disjoint parent captures or sessions.,high
R2D1422,DES0575,P48305,SCH0433 | SCH0436,temporal,documented_holdout,Mon(IoT)r US early-2019 campaign versus YourThings early-2018 campaign for 13 common device identities,yes,yes,yes,qualifying_condition_holdout,EVD2243,"The complete 13-label scheme occurs in two named nonoverlapping campaigns, corpus condition determines the split, and the captures are independent.",high
R2D1423,DES0576,P48305,SCH0438 | SCH0441,client,documented_holdout,Independent dataset captures of common IoT make-and-model labels from different physical device specimens.,yes,yes,yes,heldout_full_label_view,EVD0396 | EVD0397 | EVD0420,The available evidence documents condition-first grouping and disjoint parent captures or sessions.,high
R2D1424,DES0576,P48305,SCH0438 | SCH0441,network,documented_holdout,Independent source and target IoT captures from different named laboratories/sites (YourThings-to-own-lab cross-dataset transfer).,yes,yes,yes,heldout_full_label_view,EVD1587 | EVD1588,The available evidence documents condition-first grouping and disjoint parent captures or sessions.,high
R2D1425,DES0576,P48305,SCH0438 | SCH0441,temporal,documented_no_holdout,,unknown,unknown,unknown,heldout_multiclass_subset,EVD2244 | EVD2245,"The available evidence establishes a non-holdout design, pooling before the condition split, or shared parent traffic.",medium
R2D1426,DES0577,P48305,SCH0438 | SCH0441,client,documented_holdout,Independent dataset captures of common IoT make-and-model labels from different physical device specimens.,yes,yes,yes,heldout_full_label_view,EVD0398 | EVD0399 | EVD0421,The available evidence documents condition-first grouping and disjoint parent captures or sessions.,high
R2D1427,DES0577,P48305,SCH0438 | SCH0441,network,documented_holdout,Independent source and target IoT captures from different named laboratories/sites (Own-lab-to-YourThings cross-dataset transfer).,yes,yes,yes,heldout_full_label_view,EVD1589 | EVD1590,The available evidence documents condition-first grouping and disjoint parent captures or sessions.,high
R2D1428,DES0577,P48305,SCH0438 | SCH0441,temporal,documented_holdout,Own-lab early-2020 campaign versus YourThings early-2018 campaign for four common device identities,yes,yes,yes,qualifying_condition_holdout,EVD2246 | EVD2247,"The same four labels recur in two nonoverlapping named campaigns, and the dataset condition determines the train-test partition.",high
R2D1429,DES0578,P48305,SCH0418 | SCH0437,client,documented_holdout,Independent dataset captures of common IoT make-and-model labels from different physical device specimens.,yes,yes,yes,heldout_full_label_view,EVD0400 | EVD0401 | EVD0422,The available evidence documents condition-first grouping and disjoint parent captures or sessions.,high
R2D1430,DES0578,P48305,SCH0418 | SCH0437,network,documented_holdout,Independent source and target IoT captures from different named laboratories/sites (YourThings-to-HomeSnitch cross-dataset transfer).,yes,yes,yes,heldout_full_label_view,EVD1591 | EVD1592,The available evidence documents condition-first grouping and disjoint parent captures or sessions.,high
R2D1431,DES0578,P48305,SCH0418 | SCH0437,temporal,documented_no_holdout,,unknown,unknown,unknown,heldout_multiclass_subset,EVD2248 | EVD2249,"The available evidence establishes a non-holdout design, pooling before the condition split, or shared parent traffic.",medium
R2D1432,DES0579,P48305,SCH0418 | SCH0437,client,documented_holdout,Independent dataset captures of common IoT make-and-model labels from different physical device specimens.,yes,yes,yes,heldout_full_label_view,EVD0402 | EVD0403 | EVD0423,The available evidence documents condition-first grouping and disjoint parent captures or sessions.,high
R2D1433,DES0579,P48305,SCH0418 | SCH0437,network,documented_holdout,Independent source and target IoT captures from different named laboratories/sites (HomeSnitch-to-YourThings cross-dataset transfer).,yes,yes,yes,heldout_full_label_view,EVD1593 | EVD1594,The available evidence documents condition-first grouping and disjoint parent captures or sessions.,high
R2D1434,DES0579,P48305,SCH0418 | SCH0437,temporal,documented_no_holdout,,unknown,unknown,unknown,heldout_multiclass_subset,EVD2250 | EVD2251,"The available evidence establishes a non-holdout design, pooling before the condition split, or shared parent traffic.",medium
R2D1435,DES0580,P48305,SCH0431 | SCH0435 | SCH0440,client,documented_holdout,Independent dataset captures of common IoT make-and-model labels from different physical device specimens.,yes,yes,yes,heldout_full_label_view,EVD0404 | EVD0405 | EVD0424,The available evidence documents condition-first grouping and disjoint parent captures or sessions.,high
R2D1436,DES0580,P48305,SCH0431 | SCH0435 | SCH0440,network,documented_holdout,Independent source and target IoT captures from different named laboratories/sites (YourThings-plus-own-lab-to-HomeSnitch transfer).,yes,yes,yes,heldout_full_label_view,EVD1595 | EVD1596,The available evidence documents condition-first grouping and disjoint parent captures or sessions.,high
R2D1437,DES0580,P48305,SCH0431 | SCH0435 | SCH0440,temporal,documented_no_holdout,,unknown,unknown,unknown,not_a_temporal_holdout,EVD2252 | EVD2253,"The available evidence establishes a non-holdout design, pooling before the condition split, or shared parent traffic.",medium
R2D1438,DES0581,P48305,SCH0427 | SCH0432 | SCH0443,client,documented_holdout,Independent dataset captures of common IoT make-and-model labels from different physical device specimens.,yes,yes,yes,heldout_full_label_view,EVD0406 | EVD0407 | EVD0425,The available evidence documents condition-first grouping and disjoint parent captures or sessions.,high
R2D1439,DES0581,P48305,SCH0427 | SCH0432 | SCH0443,network,documented_holdout,Independent source and target IoT captures from different named laboratories/sites (HomeSnitch-plus-own-lab-to-YourThings transfer).,yes,yes,yes,heldout_full_label_view,EVD1597 | EVD1598,The available evidence documents condition-first grouping and disjoint parent captures or sessions.,high
R2D1440,DES0581,P48305,SCH0427 | SCH0432 | SCH0443,temporal,documented_no_holdout,,unknown,unknown,unknown,heldout_multiclass_subset,EVD2254 | EVD2255,"The available evidence establishes a non-holdout design, pooling before the condition split, or shared parent traffic.",medium
R2D1441,DES0582,P48305,SCH0421 | SCH0422 | SCH0430,client,documented_holdout,Independent dataset captures of common IoT make-and-model labels from different physical device specimens.,yes,yes,yes,heldout_full_label_view,EVD0408 | EVD0409 | EVD0426,The available evidence documents condition-first grouping and disjoint parent captures or sessions.,high
R2D1442,DES0582,P48305,SCH0421 | SCH0422 | SCH0430,network,documented_holdout,Independent source and target IoT captures from different named laboratories/sites (HomeSnitch-plus-YourThings-to-own-lab transfer).,yes,yes,yes,heldout_full_label_view,EVD1599 | EVD1600,The available evidence documents condition-first grouping and disjoint parent captures or sessions.,high
R2D1443,DES0582,P48305,SCH0421 | SCH0422 | SCH0430,temporal,documented_no_holdout,,unknown,unknown,unknown,not_a_temporal_holdout,EVD2256 | EVD2257,"The available evidence establishes a non-holdout design, pooling before the condition split, or shared parent traffic.",medium
R2D1444,DES0583,P48305,SCH0433 | SCH0436,client,documented_holdout,Independent dataset captures of common IoT make-and-model labels from different physical device specimens.,yes,yes,yes,heldout_full_label_view,EVD0410 | EVD0411 | EVD0427,The available evidence documents condition-first grouping and disjoint parent captures or sessions.,high
R2D1445,DES0583,P48305,SCH0433 | SCH0436,network,documented_holdout,Independent source and target IoT captures from different named laboratories/sites (YourThings-to-Mon(IoT)r all-feature temporal transfer).,yes,yes,yes,heldout_full_label_view,EVD1601 | EVD1602,The available evidence documents condition-first grouping and disjoint parent captures or sessions.,high
R2D1446,DES0583,P48305,SCH0433 | SCH0436,temporal,documented_no_holdout,,unknown,unknown,unknown,heldout_multiclass_subset,EVD2258,"The available evidence establishes a non-holdout design, pooling before the condition split, or shared parent traffic.",medium
R2D1447,DES0584,P48305,SCH0433 | SCH0436,client,documented_holdout,Independent dataset captures of common IoT make-and-model labels from different physical device specimens.,yes,yes,yes,heldout_full_label_view,EVD0412 | EVD0413,The available evidence documents condition-first grouping and disjoint parent captures or sessions.,high
R2D1448,DES0584,P48305,SCH0433 | SCH0436,network,documented_holdout,Independent source and target IoT captures from different named laboratories/sites (Mon(IoT)r-to-YourThings robust-feature temporal transfer).,yes,yes,yes,heldout_full_label_view,EVD1603 | EVD1604,The available evidence documents condition-first grouping and disjoint parent captures or sessions.,high
R2D1449,DES0584,P48305,SCH0433 | SCH0436,temporal,documented_no_holdout,,unknown,unknown,unknown,heldout_multiclass_subset,EVD2259,"The available evidence establishes a non-holdout design, pooling before the condition split, or shared parent traffic.",medium
R2D1450,DES0585,P48305,SCH0433 | SCH0436,client,documented_holdout,Independent dataset captures of common IoT make-and-model labels from different physical device specimens.,yes,yes,yes,heldout_full_label_view,EVD0414 | EVD0415,The available evidence documents condition-first grouping and disjoint parent captures or sessions.,high
R2D1451,DES0585,P48305,SCH0433 | SCH0436,network,documented_holdout,Independent source and target IoT captures from different named laboratories/sites (YourThings-to-Mon(IoT)r robust-feature temporal transfer).,yes,yes,yes,heldout_full_label_view,EVD1605 | EVD1606,The available evidence documents condition-first grouping and disjoint parent captures or sessions.,high
R2D1452,DES0585,P48305,SCH0433 | SCH0436,temporal,documented_no_holdout,,unknown,unknown,unknown,heldout_multiclass_subset,EVD2260,"The available evidence establishes a non-holdout design, pooling before the condition split, or shared parent traffic.",medium
R2D1453,DES0586,P48305,SCH0419 | SCH0424,client,not_documented,,unknown,unknown,unknown,unknown_not_reported,EVD0416,"A complete holdout is not confirmed because grouping order, full-scheme coverage, or parent independence remains unresolved.",medium
R2D1454,DES0586,P48305,SCH0419 | SCH0424,network,documented_no_holdout,,unknown,unknown,unknown,not_a_network_holdout,EVD1607,"The available evidence establishes a non-holdout design, pooling before the condition split, or shared parent traffic.",medium
R2D1455,DES0586,P48305,SCH0419 | SCH0424,temporal,documented_holdout,Early-2020 own-lab campaign versus January-2021 recapture.,yes,yes,yes,heldout_full_label_view,EVD2261,The available evidence documents condition-first grouping and disjoint parent captures or sessions.,high
R2D1456,DES0587,P48305,SCH0442 | SCH0444,client,not_documented,,unknown,unknown,unknown,unknown_not_reported,EVD0417,"A complete holdout is not confirmed because grouping order, full-scheme coverage, or parent independence remains unresolved.",medium
R2D1457,DES0587,P48305,SCH0442 | SCH0444,network,documented_no_holdout,,unknown,unknown,unknown,not_a_network_holdout,EVD1608,"The available evidence establishes a non-holdout design, pooling before the condition split, or shared parent traffic.",medium
R2D1458,DES0587,P48305,SCH0442 | SCH0444,temporal,documented_no_holdout,,unknown,unknown,unknown,heldout_multiclass_subset,EVD2262,"The available evidence establishes a non-holdout design, pooling before the condition split, or shared parent traffic.",medium
R2D1459,DES0588,P48443,SCH0447,client,documented_no_holdout,,unknown,unknown,unknown,not_a_client_holdout,EVD0430,"The available evidence establishes a non-holdout design, pooling before the condition split, or shared parent traffic.",medium
R2D1460,DES0588,P48443,SCH0447,network,documented_no_holdout,,unknown,no,unknown,not_a_network_holdout,EVD1609,"The available evidence establishes a non-holdout design, pooling before the condition split, or shared parent traffic.",medium
R2D1461,DES0588,P48443,SCH0447,temporal,documented_no_holdout,,unknown,no,unknown,not_a_temporal_holdout,EVD2264,"The available evidence establishes a non-holdout design, pooling before the condition split, or shared parent traffic.",medium
R2D1462,DES0589,P48443,SCH0446,client,documented_no_holdout,,unknown,unknown,unknown,not_a_client_holdout,EVD0431,"The available evidence establishes a non-holdout design, pooling before the condition split, or shared parent traffic.",medium
R2D1463,DES0589,P48443,SCH0446,network,documented_no_holdout,,unknown,no,unknown,not_a_network_holdout,EVD1610,"The available evidence establishes a non-holdout design, pooling before the condition split, or shared parent traffic.",medium
R2D1464,DES0589,P48443,SCH0446,temporal,documented_no_holdout,,unknown,no,unknown,not_a_temporal_holdout,EVD2265,"The available evidence establishes a non-holdout design, pooling before the condition split, or shared parent traffic.",medium
R2D1465,DES0590,P48443,SCH0446 | SCH0447,client,documented_holdout,Live-Tor wget2 versus wget2 in Shadow/Singularity.,yes,yes,yes,heldout_full_label_view,EVD0432 | EVD0433,The available evidence documents condition-first grouping and disjoint parent captures or sessions.,high
R2D1466,DES0590,P48443,SCH0446 | SCH0447,network,documented_no_holdout,,yes,no,yes,nonqualifying_condition_contrast,EVD1611 | EVD1612,The design partitions only simulated network parameters rather than a qualifying network condition.,high
R2D1467,DES0590,P48443,SCH0446 | SCH0447,temporal,documented_no_holdout,,unknown,unknown,unknown,not_a_temporal_holdout,EVD2266,"The available evidence establishes a non-holdout design, pooling before the condition split, or shared parent traffic.",medium
R2D1468,DES0591,P48443,SCH0446 | SCH0447,client,documented_holdout,Shadow/Singularity wget2 versus live-Tor wget2.,yes,yes,yes,heldout_full_label_view,EVD0434 | EVD0435,The available evidence documents condition-first grouping and disjoint parent captures or sessions.,high
R2D1469,DES0591,P48443,SCH0446 | SCH0447,network,documented_no_holdout,,yes,no,yes,nonqualifying_condition_contrast,EVD1613 | EVD1614,The design partitions only simulated network parameters rather than a qualifying network condition.,high
R2D1470,DES0591,P48443,SCH0446 | SCH0447,temporal,documented_no_holdout,,unknown,unknown,unknown,not_a_temporal_holdout,EVD2267,"The available evidence establishes a non-holdout design, pooling before the condition split, or shared parent traffic.",medium
R2D1471,DES0592,P48443,SCH0446,client,documented_no_holdout,,unknown,unknown,unknown,not_a_client_holdout,EVD0436,"The available evidence establishes a non-holdout design, pooling before the condition split, or shared parent traffic.",medium
R2D1472,DES0592,P48443,SCH0446,network,documented_no_holdout,,yes,no,yes,nonqualifying_condition_contrast,EVD1615 | EVD1616 | EVD1617 | EVD1618,The design partitions only simulated network parameters rather than a qualifying network condition.,high
R2D1473,DES0592,P48443,SCH0446,temporal,documented_no_holdout,,unknown,unknown,unknown,not_a_temporal_holdout,EVD2268,"The available evidence establishes a non-holdout design, pooling before the condition split, or shared parent traffic.",medium
R2D1474,DES0593,P48443,SCH0446,client,documented_no_holdout,,unknown,unknown,unknown,not_a_client_holdout,EVD0437,"The available evidence establishes a non-holdout design, pooling before the condition split, or shared parent traffic.",medium
R2D1475,DES0593,P48443,SCH0446,network,documented_no_holdout,,yes,no,yes,nonqualifying_condition_contrast,EVD1619 | EVD1620,The design partitions only simulated network parameters rather than a qualifying network condition.,high
R2D1476,DES0593,P48443,SCH0446,temporal,documented_no_holdout,,unknown,unknown,unknown,not_a_temporal_holdout,EVD2269,"The available evidence establishes a non-holdout design, pooling before the condition split, or shared parent traffic.",medium
R2D1477,DES0594,P48443,SCH0446 | SCH0447,client,documented_holdout,Multi-condition Shadow/Singularity training versus live-Tor testing.,yes,yes,yes,heldout_full_label_view,EVD0438 | EVD0439,The available evidence documents condition-first grouping and disjoint parent captures or sessions.,high
R2D1478,DES0594,P48443,SCH0446 | SCH0447,network,documented_no_holdout,,yes,no,yes,nonqualifying_condition_contrast,EVD1621 | EVD1622,The design partitions only simulated network parameters rather than a qualifying network condition.,high
R2D1479,DES0594,P48443,SCH0446 | SCH0447,temporal,documented_no_holdout,,unknown,unknown,unknown,not_a_temporal_holdout,EVD2270,"The available evidence establishes a non-holdout design, pooling before the condition split, or shared parent traffic.",medium
R2D1480,DES0595,P48659,SCH0448,client,documented_no_holdout,,unknown,unknown,unknown,not_a_client_holdout,EVD0440,"The available evidence establishes a non-holdout design, pooling before the condition split, or shared parent traffic.",medium
R2D1481,DES0595,P48659,SCH0448,network,documented_no_holdout,,unknown,no,unknown,not_a_network_holdout,EVD1623,"The available evidence establishes a non-holdout design, pooling before the condition split, or shared parent traffic.",medium
R2D1482,DES0595,P48659,SCH0448,temporal,documented_no_holdout,,unknown,no,unknown,not_a_temporal_holdout,EVD2271,"The available evidence establishes a non-holdout design, pooling before the condition split, or shared parent traffic.",medium
R2D1483,DES0596,P48659,SCH0448,client,documented_no_holdout,,unknown,unknown,unknown,not_a_client_holdout,EVD0441,"The available evidence establishes a non-holdout design, pooling before the condition split, or shared parent traffic.",medium
R2D1484,DES0596,P48659,SCH0448,network,documented_no_holdout,,unknown,no,unknown,not_a_network_holdout,EVD1624,"The available evidence establishes a non-holdout design, pooling before the condition split, or shared parent traffic.",medium
R2D1485,DES0596,P48659,SCH0448,temporal,documented_no_holdout,,unknown,no,unknown,not_a_temporal_holdout,EVD2272,"The available evidence establishes a non-holdout design, pooling before the condition split, or shared parent traffic.",medium
R2D1486,DES0597,P48659,SCH0448,client,documented_no_holdout,,unknown,unknown,unknown,not_a_client_holdout,EVD0442,"The available evidence establishes a non-holdout design, pooling before the condition split, or shared parent traffic.",medium
R2D1487,DES0597,P48659,SCH0448,network,documented_no_holdout,,unknown,no,unknown,not_a_network_holdout,EVD1625,"The available evidence establishes a non-holdout design, pooling before the condition split, or shared parent traffic.",medium
R2D1488,DES0597,P48659,SCH0448,temporal,not_documented,,unknown,unknown,unknown,unknown_not_reported,EVD2273,"A complete holdout is not confirmed because grouping order, full-scheme coverage, or parent independence remains unresolved.",medium
R2D1489,DES0599,P48758,SCH0451,client,documented_no_holdout,,unknown,unknown,unknown,not_a_client_holdout,EVD0444,"The available evidence establishes a non-holdout design, pooling before the condition split, or shared parent traffic.",medium
R2D1490,DES0599,P48758,SCH0451,network,not_documented,,unknown,unknown,unknown,unknown_not_reported,EVD1627,"A complete holdout is not confirmed because grouping order, full-scheme coverage, or parent independence remains unresolved.",medium
R2D1491,DES0599,P48758,SCH0451,temporal,not_documented,,unknown,unknown,unknown,unknown_not_reported,EVD2275,"A complete holdout is not confirmed because grouping order, full-scheme coverage, or parent independence remains unresolved.",medium
R2D1492,DES0601,P48758,SCH0452,client,documented_no_holdout,,unknown,unknown,unknown,not_a_client_holdout,EVD0447 | EVD0448,"The available evidence establishes a non-holdout design, pooling before the condition split, or shared parent traffic.",medium
R2D1493,DES0601,P48758,SCH0452,network,documented_holdout,A model fitted at one AWS-region client/capture vantage is tested at a different AWS-region vantage across directed pairs.,yes,yes,yes,heldout_full_label_view,EVD1630 | EVD1631,The available evidence documents condition-first grouping and disjoint parent captures or sessions.,high
R2D1494,DES0601,P48758,SCH0452,temporal,documented_no_holdout,,unknown,unknown,unknown,not_a_temporal_holdout,EVD2277,"The available evidence establishes a non-holdout design, pooling before the condition split, or shared parent traffic.",medium
R2D1495,DES0603,P48758,SCH0451,client,documented_no_holdout,,unknown,unknown,unknown,not_a_client_holdout,EVD0451 | EVD0452,"The available evidence establishes a non-holdout design, pooling before the condition split, or shared parent traffic.",medium
R2D1496,DES0603,P48758,SCH0451,network,documented_holdout,A model fitted at a non-us-west-2 AWS vantage is tested on us-west-2 monitored and open-world traffic.,yes,yes,yes,heldout_full_label_view,EVD1634 | EVD1635,The available evidence documents condition-first grouping and disjoint parent captures or sessions.,high
R2D1497,DES0603,P48758,SCH0451,temporal,documented_no_holdout,,unknown,unknown,unknown,not_a_temporal_holdout,EVD2279,"The available evidence establishes a non-holdout design, pooling before the condition split, or shared parent traffic.",medium
R2D1498,DES0184,P16247,SCH0453,client,documented_no_holdout,"One destination DNS-server group (AdGuard, Cloudflare, Google, or Quad9) is held out; this is a server/destination condition rather than a client-environment condition.",unknown,unknown,unknown,documented_no_holdout,EVD0091,Training: Meta-training on reported source-condition groups. Testing: Held-out target-condition group.,high
R2D1499,DES0184,P16247,SCH0453,network,documented_no_holdout,One public DNS-resolver/server group is tested while the other three groups train.,unknown,unknown,unknown,documented_no_holdout,EVD1280 | EVD1281,Training: Meta-training on reported source-condition groups. Testing: Held-out target-condition group.,high
R2D1500,DES0184,P16247,SCH0453,temporal,documented_no_holdout,One DNS-server/client condition is held out.,unknown,unknown,unknown,documented_no_holdout,EVD1965,Training: Meta-training on reported source-condition groups. Testing: Held-out target-condition group.,high
R2D1501,DES0185,P16247,SCH0454,client,documented_no_holdout,China-to-China/Korea/US network environment is held out; the paper does not construct a separate client-side holdout.,unknown,unknown,unknown,documented_no_holdout,EVD0092,Training: Meta-training on reported source-condition groups. Testing: Held-out target-condition group.,high
R2D1502,DES0185,P16247,SCH0454,network,documented_no_holdout,China-to-China source traffic versus China-to-Korea/United-States target network paths.,unknown,unknown,unknown,documented_no_holdout,EVD1282 | EVD1283,Training: Meta-training on reported source-condition groups. Testing: Held-out target-condition group.,high
R2D1503,DES0185,P16247,SCH0454,temporal,documented_no_holdout,CN-to-US/Korea network conditions are held out.,unknown,unknown,unknown,documented_no_holdout,EVD1966,Training: Meta-training on reported source-condition groups. Testing: Held-out target-condition group.,high
R2D1504,DES0186,P16247,SCH0453,client,documented_no_holdout,A destination DNS-server group and cloud-network group are jointly excluded; neither is a client-environment factor.,unknown,unknown,unknown,documented_no_holdout,EVD0099,Training: Meta-training on reported source-condition groups. Testing: Held-out target-condition group.,high
R2D1505,DES0186,P16247,SCH0453,network,documented_no_holdout,A resolver/server group and cloud-network group are jointly excluded.,unknown,unknown,unknown,documented_no_holdout,EVD1291 | EVD1292,Training: Meta-training on reported source-condition groups. Testing: Held-out target-condition group.,high
R2D1506,DES0186,P16247,SCH0453,temporal,documented_no_holdout,Host and network conditions are jointly changed and held out.,unknown,unknown,unknown,documented_no_holdout,EVD1972,Training: Meta-training on reported source-condition groups. Testing: Held-out target-condition group.,high
R2D1507,DES0187,P16931,SCH0456,client,documented_no_holdout,Fitting and test remain matched within a client condition.,unknown,unknown,unknown,documented_no_holdout,EVD0109,"Training: Set A supplies 90 samples per class for model/reference construction over 6,000 pages and Set B supplies 10 held-out samples per class; the sets have no sample overlap. Testing: Set A supplies 90 samples per class for model/reference construction over 6,000 pages and Set B supplies 10 held-out samples per class; the sets have no sample overlap.",high
R2D1508,DES0187,P16931,SCH0456,network,documented_no_holdout,Traces from 100 EC2 instances in five regions are pooled into page-level sets; no region or instance is reserved for final testing.,unknown,unknown,unknown,documented_no_holdout,EVD1303,"Training: Set A supplies 90 samples per class for model/reference construction over 6,000 pages and Set B supplies 10 held-out samples per class; the sets have no sample overlap. Testing: Set A supplies 90 samples per class for model/reference construction over 6,000 pages and Set B supplies 10 held-out samples per class; the sets have no sample overlap.",high
R2D1509,DES0187,P16931,SCH0456,temporal,documented_no_holdout,No temporal condition pair is defined; evaluation partitions samples within the available corpus.,unknown,unknown,unknown,documented_no_holdout,EVD1979,"Training: Set A supplies 90 samples per class for model/reference construction over 6,000 pages and Set B supplies 10 held-out samples per class; the sets have no sample overlap. Testing: Set A supplies 90 samples per class for model/reference construction over 6,000 pages and Set B supplies 10 held-out samples per class; the sets have no sample overlap.",high
R2D1510,DES0188,P16931,SCH0457,client,documented_no_holdout,Fitting and test remain matched within a client condition.,unknown,unknown,unknown,documented_no_holdout,EVD0110,"Training: The embedding is learned from Set A's 6,000 classes, while labelled references in Set C and tests in Set D cover 13,000 disjoint page classes without sample overlap. Testing: The embedding is learned from Set A's 6,000 classes, while labelled references in Set C and tests in Set D cover 13,000 disjoint page classes without sample overlap.",high
R2D1511,DES0188,P16931,SCH0457,network,documented_no_holdout,"The reported holdout changes classes, TLS/application/client state, cache state, user agent, defense parameters, or dataset identity without a stable common-label network-side contrast.",unknown,unknown,unknown,documented_no_holdout,EVD1304,"Training: The embedding is learned from Set A's 6,000 classes, while labelled references in Set C and tests in Set D cover 13,000 disjoint page classes without sample overlap. Testing: The embedding is learned from Set A's 6,000 classes, while labelled references in Set C and tests in Set D cover 13,000 disjoint page classes without sample overlap.",high
R2D1512,DES0188,P16931,SCH0457,temporal,documented_no_holdout,"Representation training classes and disjoint target page classes are drawn from the same three-day collection; this is class adaptation, not a temporal contrast.",unknown,unknown,unknown,documented_no_holdout,EVD1980,"Training: The embedding is learned from Set A's 6,000 classes, while labelled references in Set C and tests in Set D cover 13,000 disjoint page classes without sample overlap. Testing: The embedding is learned from Set A's 6,000 classes, while labelled references in Set C and tests in Set D cover 13,000 disjoint page classes without sample overlap.",high
R2D1513,DES0189,P16931,SCH0455,client,documented_no_holdout,"TLS 1.2 versus TLS 1.3 is a wire-protocol contrast, not a distinct client software or network-library contrast.",unknown,unknown,unknown,documented_no_holdout,EVD0111 | EVD0112,"Training: The TLS 1.2-trained representation is applied to a TLS 1.3 Wiki500 subset, with labelled target references used by the downstream nearest-neighbour classifier; capture-time ordering is not used. Testing: The TLS 1.2-trained representation is applied to a TLS 1.3 Wiki500 subset, with labelled target references used by the downstream nearest-neighbour classifier; capture-time ordering is not used.",high
R2D1514,DES0189,P16931,SCH0455,network,documented_no_holdout,"The reported holdout changes classes, TLS/application/client state, cache state, user agent, defense parameters, or dataset identity without a stable common-label network-side contrast.",unknown,unknown,unknown,documented_no_holdout,EVD1305,"Training: The TLS 1.2-trained representation is applied to a TLS 1.3 Wiki500 subset, with labelled target references used by the downstream nearest-neighbour classifier; capture-time ordering is not used. Testing: The TLS 1.2-trained representation is applied to a TLS 1.3 Wiki500 subset, with labelled target references used by the downstream nearest-neighbour classifier; capture-time ordering is not used.",high
R2D1515,DES0189,P16931,SCH0455,temporal,documented_no_holdout,TLS 1.2 versus TLS 1.3 condition; no temporal ordering is reported.,unknown,unknown,unknown,documented_no_holdout,EVD1981,"Training: The TLS 1.2-trained representation is applied to a TLS 1.3 Wiki500 subset, with labelled target references used by the downstream nearest-neighbour classifier; capture-time ordering is not used. Testing: The TLS 1.2-trained representation is applied to a TLS 1.3 Wiki500 subset, with labelled target references used by the downstream nearest-neighbour classifier; capture-time ordering is not used.",high
R2D1516,DES0190,P16931,SCH0458 | SCH0459,client,documented_no_holdout,"Source representation and target few-shot corpora differ, but their class identities do not overlap.",unknown,unknown,unknown,documented_no_holdout,EVD0113,"Training: The sequence embedding is learned on Wiki19K, while labelled GitHub500 reference traces construct the target classifier and separate GitHub samples are queried. Testing: The sequence embedding is learned on Wiki19K, while labelled GitHub500 reference traces construct the target classifier and separate GitHub samples are queried.",high
R2D1517,DES0190,P16931,SCH0458 | SCH0459,network,documented_no_holdout,"The reported holdout changes classes, TLS/application/client state, cache state, user agent, defense parameters, or dataset identity without a stable common-label network-side contrast.",unknown,unknown,unknown,documented_no_holdout,EVD1306,"Training: The sequence embedding is learned on Wiki19K, while labelled GitHub500 reference traces construct the target classifier and separate GitHub samples are queried. Testing: The sequence embedding is learned on Wiki19K, while labelled GitHub500 reference traces construct the target classifier and separate GitHub samples are queried.",high
R2D1518,DES0190,P16931,SCH0458 | SCH0459,temporal,documented_no_holdout,Wiki19K representation source versus GitHub500 target; the page identities are different and no temporal ordering is evaluated.,unknown,unknown,unknown,documented_no_holdout,EVD1982,"Training: The sequence embedding is learned on Wiki19K, while labelled GitHub500 reference traces construct the target classifier and separate GitHub samples are queried. Testing: The sequence embedding is learned on Wiki19K, while labelled GitHub500 reference traces construct the target classifier and separate GitHub samples are queried.",high
R2D1519,DES0191,P17290,SCH0460,client,documented_no_holdout,Samples are partitioned after pooling; the reported split does not reserve a client condition for final testing.,unknown,unknown,unknown,documented_no_holdout,EVD0121,Training: Sixty percent main-collection samples. Testing: Forty percent main-collection samples.,high
R2D1520,DES0191,P17290,SCH0460,network,documented_no_holdout,The 60:40 baseline pools traces from ten client sites/ISPs and three resolvers before sample allocation; resolver-specific analyses also fit and test within each resolver rather than holding one out.,unknown,unknown,unknown,documented_no_holdout,EVD1314,Training: Sixty percent main-collection samples. Testing: Forty percent main-collection samples.,high
R2D1521,DES0191,P17290,SCH0460,temporal,not_documented,Temporal grouping or condition dates are not reported.,unknown,unknown,unknown,not_documented,EVD1990,Training: Sixty percent main-collection samples. Testing: Forty percent main-collection samples.,high
R2D1522,DES0192,P17290,SCH0460,client,documented_no_holdout,"Leave-one-GENI-location-out across ten matched Ubuntu VM endpoints; the documented contrast is site, ISP, geography, and path while the client VM configuration is held constant.",unknown,unknown,unknown,documented_no_holdout,EVD0122 | EVD0123,Training: Traffic from nine client locations. Testing: Traffic from the excluded location.,high
R2D1523,DES0192,P17290,SCH0460,network,documented_holdout,Each of ten institution-hosted GENI client sites is excluded in turn while the other nine sites train.,yes,yes,yes,documented_holdout,EVD1315 | EVD1316,Training: Traffic from nine client locations. Testing: Traffic from the excluded location.,high
R2D1524,DES0192,P17290,SCH0460,temporal,documented_no_holdout,Nine client locations versus one held-out client.,unknown,unknown,unknown,documented_no_holdout,EVD1991,Training: Traffic from nine client locations. Testing: Traffic from the excluded location.,high
R2D1525,DES0193,P17290,SCH0460,client,documented_no_holdout,Classifier fitting and final testing use the same reported client condition.,unknown,unknown,unknown,documented_no_holdout,EVD0124,Training: First-round 100-site collection. Testing: Second-round collection after six weeks.,high
R2D1526,DES0193,P17290,SCH0460,network,documented_no_holdout,"The six-week target is captured at the primary client site, a location already represented in the first-round source collection.",unknown,unknown,unknown,documented_no_holdout,EVD1317,Training: First-round 100-site collection. Testing: Second-round collection after six weeks.,high
R2D1527,DES0193,P17290,SCH0460,temporal,documented_holdout,First-round versus fresh second-round capture six weeks later.,yes,yes,yes,documented_holdout,EVD1992 | EVD1993,Training: First-round 100-site collection. Testing: Second-round collection after six weeks.,high
R2D1528,DES0194,P17610,SCH0464,client,documented_no_holdout,Sample-level allocation; no client-defined final-test group.,unknown,unknown,unknown,documented_no_holdout,EVD0128,The paper trains a separate classifier bank for each provider and transport. Table 1 gives the complete supported platform set and the laboratory evaluation uses 10-fold cross-validation.,high
R2D1529,DES0194,P17610,SCH0464,network,documented_no_holdout,The ordinary platform classifier uses folds from the same laboratory Wi-Fi capture.,unknown,unknown,unknown,documented_no_holdout,EVD1321,The paper trains a separate classifier bank for each provider and transport. Table 1 gives the complete supported platform set and the laboratory evaluation uses 10-fold cross-validation.,high
R2D1530,DES0194,P17610,SCH0464,temporal,documented_no_holdout,Provider/client conditions are pooled in sample folds; no period is held out.,unknown,unknown,unknown,documented_no_holdout,EVD1997,The paper trains a separate classifier bank for each provider and transport. Table 1 gives the complete supported platform set and the laboratory evaluation uses 10-fold cross-validation.,high
R2D1531,DES0195,P17610,SCH0461,client,documented_no_holdout,Sample-level allocation; no client-defined final-test group.,unknown,unknown,unknown,documented_no_holdout,EVD0128,The paper trains a separate classifier bank for each provider and transport. Table 1 gives the complete supported platform set and the laboratory evaluation uses 10-fold cross-validation.,high
R2D1532,DES0195,P17610,SCH0461,network,documented_no_holdout,The ordinary platform classifier uses folds from the same laboratory Wi-Fi capture.,unknown,unknown,unknown,documented_no_holdout,EVD1321,The paper trains a separate classifier bank for each provider and transport. Table 1 gives the complete supported platform set and the laboratory evaluation uses 10-fold cross-validation.,high
R2D1533,DES0195,P17610,SCH0461,temporal,documented_no_holdout,Provider/client conditions are pooled in sample folds; no period is held out.,unknown,unknown,unknown,documented_no_holdout,EVD1997,The paper trains a separate classifier bank for each provider and transport. Table 1 gives the complete supported platform set and the laboratory evaluation uses 10-fold cross-validation.,high
R2D1534,DES0196,P17610,SCH0462,client,documented_no_holdout,Sample-level allocation; no client-defined final-test group.,unknown,unknown,unknown,documented_no_holdout,EVD0128,The paper trains a separate classifier bank for each provider and transport. Table 1 gives the complete supported platform set and the laboratory evaluation uses 10-fold cross-validation.,high
R2D1535,DES0196,P17610,SCH0462,network,documented_no_holdout,The ordinary platform classifier uses folds from the same laboratory Wi-Fi capture.,unknown,unknown,unknown,documented_no_holdout,EVD1321,The paper trains a separate classifier bank for each provider and transport. Table 1 gives the complete supported platform set and the laboratory evaluation uses 10-fold cross-validation.,high
R2D1536,DES0196,P17610,SCH0462,temporal,documented_no_holdout,Provider/client conditions are pooled in sample folds; no period is held out.,unknown,unknown,unknown,documented_no_holdout,EVD1997,The paper trains a separate classifier bank for each provider and transport. Table 1 gives the complete supported platform set and the laboratory evaluation uses 10-fold cross-validation.,high
R2D1537,DES0197,P17610,SCH0463,client,documented_no_holdout,Sample-level allocation; no client-defined final-test group.,unknown,unknown,unknown,documented_no_holdout,EVD0128,The paper trains a separate classifier bank for each provider and transport. Table 1 gives the complete supported platform set and the laboratory evaluation uses 10-fold cross-validation.,high
R2D1538,DES0197,P17610,SCH0463,network,documented_no_holdout,The ordinary platform classifier uses folds from the same laboratory Wi-Fi capture.,unknown,unknown,unknown,documented_no_holdout,EVD1321,The paper trains a separate classifier bank for each provider and transport. Table 1 gives the complete supported platform set and the laboratory evaluation uses 10-fold cross-validation.,high
R2D1539,DES0197,P17610,SCH0463,temporal,documented_no_holdout,Provider/client conditions are pooled in sample folds; no period is held out.,unknown,unknown,unknown,documented_no_holdout,EVD1997,The paper trains a separate classifier bank for each provider and transport. Table 1 gives the complete supported platform set and the laboratory evaluation uses 10-fold cross-validation.,high
R2D1540,DES0198,P17610,SCH0464,client,documented_holdout,Lab platform captures versus an independent home capture with changed versions.,yes,yes,yes,documented_holdout,EVD0129 | EVD0130,The provider-specific model is trained on the laboratory corpus and evaluated on independently captured home traffic from the same complete provider-specific platform scheme.,high
R2D1541,DES0198,P17610,SCH0464,network,documented_holdout,Laboratory Wi-Fi collection versus an author's home network.,yes,yes,yes,documented_holdout,EVD1322 | EVD1323,The provider-specific model is trained on the laboratory corpus and evaluated on independently captured home traffic from the same complete provider-specific platform scheme.,high
R2D1542,DES0198,P17610,SCH0464,temporal,documented_no_holdout,Laboratory source versus independently captured home/client-version target; capture-time ordering is not used.,unknown,unknown,unknown,documented_no_holdout,EVD1998,The provider-specific model is trained on the laboratory corpus and evaluated on independently captured home traffic from the same complete provider-specific platform scheme.,high
R2D1543,DES0199,P17610,SCH0461,client,documented_holdout,Lab platform captures versus an independent home capture with changed versions.,yes,yes,yes,documented_holdout,EVD0129 | EVD0130,The provider-specific model is trained on the laboratory corpus and evaluated on independently captured home traffic from the same complete provider-specific platform scheme.,high
R2D1544,DES0199,P17610,SCH0461,network,documented_holdout,Laboratory Wi-Fi collection versus an author's home network.,yes,yes,yes,documented_holdout,EVD1322 | EVD1323,The provider-specific model is trained on the laboratory corpus and evaluated on independently captured home traffic from the same complete provider-specific platform scheme.,high
R2D1545,DES0199,P17610,SCH0461,temporal,documented_no_holdout,Laboratory source versus independently captured home/client-version target; capture-time ordering is not used.,unknown,unknown,unknown,documented_no_holdout,EVD1998,The provider-specific model is trained on the laboratory corpus and evaluated on independently captured home traffic from the same complete provider-specific platform scheme.,high
R2D1546,DES0200,P17610,SCH0462,client,documented_holdout,Lab platform captures versus an independent home capture with changed versions.,yes,yes,yes,documented_holdout,EVD0129 | EVD0130,The provider-specific model is trained on the laboratory corpus and evaluated on independently captured home traffic from the same complete provider-specific platform scheme.,high
R2D1547,DES0200,P17610,SCH0462,network,documented_holdout,Laboratory Wi-Fi collection versus an author's home network.,yes,yes,yes,documented_holdout,EVD1322 | EVD1323,The provider-specific model is trained on the laboratory corpus and evaluated on independently captured home traffic from the same complete provider-specific platform scheme.,high
R2D1548,DES0200,P17610,SCH0462,temporal,documented_no_holdout,Laboratory source versus independently captured home/client-version target; capture-time ordering is not used.,unknown,unknown,unknown,documented_no_holdout,EVD1998,The provider-specific model is trained on the laboratory corpus and evaluated on independently captured home traffic from the same complete provider-specific platform scheme.,high
R2D1549,DES0201,P17610,SCH0463,client,documented_holdout,Lab platform captures versus an independent home capture with changed versions.,yes,yes,yes,documented_holdout,EVD0129 | EVD0130,The provider-specific model is trained on the laboratory corpus and evaluated on independently captured home traffic from the same complete provider-specific platform scheme.,high
R2D1550,DES0201,P17610,SCH0463,network,documented_holdout,Laboratory Wi-Fi collection versus an author's home network.,yes,yes,yes,documented_holdout,EVD1322 | EVD1323,The provider-specific model is trained on the laboratory corpus and evaluated on independently captured home traffic from the same complete provider-specific platform scheme.,high
R2D1551,DES0201,P17610,SCH0463,temporal,documented_no_holdout,Laboratory source versus independently captured home/client-version target; capture-time ordering is not used.,unknown,unknown,unknown,documented_no_holdout,EVD1998,The provider-specific model is trained on the laboratory corpus and evaluated on independently captured home traffic from the same complete provider-specific platform scheme.,high
R2D1552,DES0202,P17815,SCH0466,client,documented_no_holdout,"Training and testing are formed by a sample-level random, stratified, or cross-validation split without client-condition grouping.",unknown,unknown,unknown,documented_no_holdout,EVD0134,Training: Nine sample folds from LOC1. Testing: Remaining LOC1 sample fold.,high
R2D1553,DES0202,P17815,SCH0466,network,documented_no_holdout,"Training and testing use a sample-level random, stratified, or cross-validation split without network-condition grouping.",unknown,unknown,unknown,documented_no_holdout,EVD1328,Training: Nine sample folds from LOC1. Testing: Remaining LOC1 sample fold.,high
R2D1554,DES0202,P17815,SCH0466,temporal,documented_no_holdout,No temporally distinct source/test condition is constructed.,unknown,unknown,unknown,documented_no_holdout,EVD2002 | EVD2005,Training: Nine sample folds from LOC1. Testing: Remaining LOC1 sample fold.,high
R2D1555,DES0203,P17815,SCH0466,client,documented_no_holdout,"The reported contrast is temporal, network, circuit, dataset-composition, or another non-client factor; no orthogonal client factor is assigned.",unknown,unknown,unknown,documented_no_holdout,EVD0135,Training: One complete two-week interval. Testing: A distinct two-week interval from the same ten-week campaign.,high
R2D1556,DES0203,P17815,SCH0466,network,documented_no_holdout,"The reported source/test contrast is temporal, client-, content-, transport-, sender-, or sampling-related; no orthogonal network factor is assigned.",unknown,unknown,unknown,documented_no_holdout,EVD1329,Training: One complete two-week interval. Testing: A distinct two-week interval from the same ten-week campaign.,high
R2D1557,DES0203,P17815,SCH0466,temporal,documented_holdout,One two-week LOC1 interval versus a different two-week LOC1 interval.,yes,yes,yes,documented_holdout,EVD2003 | EVD2005 | EVD2006,Training: One complete two-week interval. Testing: A distinct two-week interval from the same ten-week campaign.,high
R2D1558,DES0204,P17815,SCH0465,client,documented_holdout,"Firefox built-in DoH, Cloudflare standalone DoH with Firefox, and Cloudflare standalone DoH with Chrome for the same 700 sites. | Ubuntu desktop versus Raspberry Pi for the same 700 website labels.",yes,yes,yes,documented_holdout,EVD0136 | EVD0137 | EVD0138 | EVD0139 | EVD0140 | EVD0141,Training: Samples from one reported environment. Testing: Samples from a different environment.,high
R2D1559,DES0204,P17815,SCH0465,network,documented_holdout,"Google Public DNS versus Cloudflare resolver captures for the same 700 websites at LOC2. | LOC1 (Lausanne), LOC2 (Leuven), and LOC3 (Singapore) captures for the same 700 websites.",yes,yes,yes,documented_holdout,EVD1330 | EVD1331 | EVD1332 | EVD1333,Training: Samples from one reported environment. Testing: Samples from a different environment.,high
R2D1560,DES0204,P17815,SCH0465,temporal,documented_no_holdout,One client/location/resolver configuration versus another; no temporal ordering is established.,unknown,unknown,unknown,documented_no_holdout,EVD2004,Training: Samples from one reported environment. Testing: Samples from a different environment.,high
R2D1561,DES0205,P18222,SCH0468,client,documented_no_holdout,,unknown,unknown,unknown,documented_no_holdout,EVD2415,No client environment determines the partition.,high
R2D1562,DES0205,P18222,SCH0468,network,documented_no_holdout,,unknown,unknown,unknown,documented_no_holdout,EVD2415,No qualifying network environment determines the partition.,high
R2D1563,DES0205,P18222,SCH0468,temporal,documented_holdout,first collection day and later collection days,yes,yes,yes,documented_holdout,EVD2416,Training uses first-day traffic and final testing uses later-day traffic for the complete binary label scheme.,high
R2D1564,DES0206,P18222,SCH0467 | SCH0469,client,documented_no_holdout,,unknown,unknown,unknown,documented_no_holdout,EVD2422,No client environment determines the partition.,high
R2D1565,DES0206,P18222,SCH0467 | SCH0469,network,documented_no_holdout,,unknown,unknown,unknown,documented_no_holdout,EVD2422,No qualifying network environment determines the partition.,high
R2D1566,DES0206,P18222,SCH0467 | SCH0469,temporal,documented_holdout,first collection day and later collection days,yes,yes,yes,documented_holdout,EVD2423,Training uses first-day traffic and final testing uses later-day traffic for the complete binary label scheme.,high
R2D1567,DES0207,P18222,SCH0467 | SCH0468 | SCH0469,client,documented_no_holdout,,unknown,unknown,unknown,documented_no_holdout,EVD2429,No client environment determines the partition.,high
R2D1568,DES0207,P18222,SCH0467 | SCH0468 | SCH0469,network,documented_no_holdout,,unknown,unknown,unknown,documented_no_holdout,EVD2429,No qualifying network environment determines the partition.,high
R2D1569,DES0207,P18222,SCH0467 | SCH0468 | SCH0469,temporal,documented_holdout,earlier IDS collection and later IDS plus DoHBrw collections,yes,yes,yes,documented_holdout,EVD2430,Training uses first-day traffic and final testing uses later-day traffic for the complete binary label scheme.,high
R2D1570,DES0208,P38868,SCH0470,client,documented_no_holdout,Samples are partitioned after pooling; the reported split does not reserve a client condition for final testing.,unknown,unknown,unknown,documented_no_holdout,EVD0179,"Training: Four-fifths of the campus flow records, with nested folds for pipeline optimization. Testing: Final 20% flow holdout from the same corpus.",high
R2D1571,DES0208,P38868,SCH0470,network,documented_no_holdout,Campus flow records from the same border capture are pooled for nested folds and a final flow-level holdout.,unknown,unknown,unknown,documented_no_holdout,EVD1370,"Training: Four-fifths of the campus flow records, with nested folds for pipeline optimization. Testing: Final 20% flow holdout from the same corpus.",high
R2D1572,DES0208,P38868,SCH0470,temporal,documented_no_holdout,No temporally distinct source/test condition is constructed.,unknown,unknown,unknown,documented_no_holdout,EVD2045,"Training: Four-fifths of the campus flow records, with nested folds for pipeline optimization. Testing: Final 20% flow holdout from the same corpus.",high
R2D1573,DES0209,P39015,SCH0474,client,documented_no_holdout,Windows 7 and Windows 10 captures are aggregated and then divided by an 80:20 sample split; OS is not a held-out grouping.,unknown,unknown,unknown,documented_no_holdout,EVD0183,Training: Eighty-percent sample partition. Testing: Twenty-percent partition from the same corpus.,high
R2D1574,DES0209,P39015,SCH0474,network,documented_no_holdout,"Training and testing use a sample-level random, stratified, or cross-validation split without network-condition grouping.",unknown,unknown,unknown,documented_no_holdout,EVD1373,Training: Eighty-percent sample partition. Testing: Twenty-percent partition from the same corpus.,high
R2D1575,DES0209,P39015,SCH0474,temporal,documented_no_holdout,No temporally distinct source/test condition is constructed.,unknown,unknown,unknown,documented_no_holdout,EVD2050,Training: Eighty-percent sample partition. Testing: Twenty-percent partition from the same corpus.,high
R2D1576,DES0210,P39015,SCH0473,client,documented_no_holdout,"Training and testing are formed by a sample-level random, stratified, or cross-validation split without client-condition grouping.",unknown,unknown,unknown,documented_no_holdout,EVD0184,Training: Eighty-percent sample partition. Testing: Twenty-percent partition from the same corpus.,high
R2D1577,DES0210,P39015,SCH0473,network,documented_no_holdout,"Training and testing use a sample-level random, stratified, or cross-validation split without network-condition grouping.",unknown,unknown,unknown,documented_no_holdout,EVD1374,Training: Eighty-percent sample partition. Testing: Twenty-percent partition from the same corpus.,high
R2D1578,DES0210,P39015,SCH0473,temporal,documented_no_holdout,No temporally distinct source/test condition is constructed.,unknown,unknown,unknown,documented_no_holdout,EVD2051,Training: Eighty-percent sample partition. Testing: Twenty-percent partition from the same corpus.,high
R2D1579,DES0211,P39015,SCH0471,client,documented_no_holdout,,unknown,unknown,unknown,documented_no_holdout,EVD2454,The binary task uses a paper-reported random split rather than a condition-grouped holdout.,high
R2D1580,DES0211,P39015,SCH0471,network,documented_no_holdout,,unknown,unknown,unknown,documented_no_holdout,EVD2454,The binary task uses a paper-reported random split rather than a condition-grouped holdout.,high
R2D1581,DES0211,P39015,SCH0471,temporal,documented_no_holdout,,unknown,unknown,unknown,documented_no_holdout,EVD2454,The binary task uses a paper-reported random split rather than a condition-grouped holdout.,high
R2D1582,DES0212,P39015,SCH0472,client,documented_no_holdout,,unknown,unknown,unknown,documented_no_holdout,EVD2460,The binary task uses a paper-reported random split rather than a condition-grouped holdout.,high
R2D1583,DES0212,P39015,SCH0472,network,documented_no_holdout,,unknown,unknown,unknown,documented_no_holdout,EVD2460,The binary task uses a paper-reported random split rather than a condition-grouped holdout.,high
R2D1584,DES0212,P39015,SCH0472,temporal,documented_no_holdout,,unknown,unknown,unknown,documented_no_holdout,EVD2460,The binary task uses a paper-reported random split rather than a condition-grouped holdout.,high
R2D1585,DES0213,P39111,SCH0475 | SCH0476 | SCH0478,client,documented_no_holdout,,unknown,unknown,unknown,documented_no_holdout,EVD2466,"The protocol separates TLS versions or source datasets, not the audited collection condition while preserving a complete within-dataset scheme.",high
R2D1586,DES0213,P39111,SCH0475 | SCH0476 | SCH0478,network,documented_no_holdout,,unknown,unknown,unknown,documented_no_holdout,EVD2466,"The protocol separates TLS versions or source datasets, not the audited collection condition while preserving a complete within-dataset scheme.",high
R2D1587,DES0213,P39111,SCH0475 | SCH0476 | SCH0478,temporal,documented_no_holdout,,unknown,unknown,unknown,documented_no_holdout,EVD2466,"The protocol separates TLS versions or source datasets, not the audited collection condition while preserving a complete within-dataset scheme.",high
R2D1588,DES0214,P39111,SCH0475 | SCH0476 | SCH0477 | SCH0478,client,documented_no_holdout,,unknown,unknown,unknown,documented_no_holdout,EVD2472,"The protocol separates TLS versions or source datasets, not the audited collection condition while preserving a complete within-dataset scheme.",high
R2D1589,DES0214,P39111,SCH0475 | SCH0476 | SCH0477 | SCH0478,network,documented_no_holdout,,unknown,unknown,unknown,documented_no_holdout,EVD2472,"The protocol separates TLS versions or source datasets, not the audited collection condition while preserving a complete within-dataset scheme.",high
R2D1590,DES0214,P39111,SCH0475 | SCH0476 | SCH0477 | SCH0478,temporal,documented_no_holdout,,unknown,unknown,unknown,documented_no_holdout,EVD2472,"The protocol separates TLS versions or source datasets, not the audited collection condition while preserving a complete within-dataset scheme.",high
R2D1591,DES0215,P39132,SCH0480,client,documented_no_holdout,Sample-level allocation; no client-defined final-test group.,unknown,unknown,unknown,documented_no_holdout,EVD0191,Training: Each task benchmarks learned models using five-fold cross-validation; folds are not grouped by collection time. Testing: Each task benchmarks learned models using five-fold cross-validation; folds are not grouped by collection time.,high
R2D1592,DES0215,P39132,SCH0480,network,documented_no_holdout,Network metadata are not used to group the sample/fold split.,unknown,unknown,unknown,documented_no_holdout,EVD1381,Training: Each task benchmarks learned models using five-fold cross-validation; folds are not grouped by collection time. Testing: Each task benchmarks learned models using five-fold cross-validation; folds are not grouped by collection time.,high
R2D1593,DES0215,P39132,SCH0480,temporal,documented_no_holdout,No temporal condition pair is defined; evaluation partitions samples within the available corpus.,unknown,unknown,unknown,documented_no_holdout,EVD2058,Training: Each task benchmarks learned models using five-fold cross-validation; folds are not grouped by collection time. Testing: Each task benchmarks learned models using five-fold cross-validation; folds are not grouped by collection time.,high
R2D1594,DES0216,P39132,SCH0482,client,documented_no_holdout,Sample-level allocation; no client-defined final-test group.,unknown,unknown,unknown,documented_no_holdout,EVD0192,Training: Each task benchmarks learned models using five-fold cross-validation; folds are not grouped by collection time. Testing: Each task benchmarks learned models using five-fold cross-validation; folds are not grouped by collection time.,high
R2D1595,DES0216,P39132,SCH0482,network,documented_no_holdout,Network metadata are not used to group the sample/fold split.,unknown,unknown,unknown,documented_no_holdout,EVD1382,Training: Each task benchmarks learned models using five-fold cross-validation; folds are not grouped by collection time. Testing: Each task benchmarks learned models using five-fold cross-validation; folds are not grouped by collection time.,high
R2D1596,DES0216,P39132,SCH0482,temporal,documented_no_holdout,No temporal condition pair is defined; evaluation partitions samples within the available corpus.,unknown,unknown,unknown,documented_no_holdout,EVD2059,Training: Each task benchmarks learned models using five-fold cross-validation; folds are not grouped by collection time. Testing: Each task benchmarks learned models using five-fold cross-validation; folds are not grouped by collection time.,high
R2D1597,DES0217,P39132,SCH0479,client,documented_no_holdout,Sample-level allocation; no client-defined final-test group.,unknown,unknown,unknown,documented_no_holdout,EVD0193,Training: Each task benchmarks learned models using five-fold cross-validation; folds are not grouped by collection time. Testing: Each task benchmarks learned models using five-fold cross-validation; folds are not grouped by collection time.,high
R2D1598,DES0217,P39132,SCH0479,network,documented_no_holdout,Network metadata are not used to group the sample/fold split.,unknown,unknown,unknown,documented_no_holdout,EVD1383,Training: Each task benchmarks learned models using five-fold cross-validation; folds are not grouped by collection time. Testing: Each task benchmarks learned models using five-fold cross-validation; folds are not grouped by collection time.,high
R2D1599,DES0217,P39132,SCH0479,temporal,documented_no_holdout,No temporal condition pair is defined; evaluation partitions samples within the available corpus.,unknown,unknown,unknown,documented_no_holdout,EVD2060,Training: Each task benchmarks learned models using five-fold cross-validation; folds are not grouped by collection time. Testing: Each task benchmarks learned models using five-fold cross-validation; folds are not grouped by collection time.,high
R2D1600,DES0218,P39132,SCH0481,client,documented_no_holdout,Sample-level allocation; no client-defined final-test group.,unknown,unknown,unknown,documented_no_holdout,EVD0194,Training: Each task benchmarks learned models using five-fold cross-validation; folds are not grouped by collection time. Testing: Each task benchmarks learned models using five-fold cross-validation; folds are not grouped by collection time.,high
R2D1601,DES0218,P39132,SCH0481,network,documented_no_holdout,Network metadata are not used to group the sample/fold split.,unknown,unknown,unknown,documented_no_holdout,EVD1384,Training: Each task benchmarks learned models using five-fold cross-validation; folds are not grouped by collection time. Testing: Each task benchmarks learned models using five-fold cross-validation; folds are not grouped by collection time.,high
R2D1602,DES0218,P39132,SCH0481,temporal,documented_no_holdout,No temporal condition pair is defined; evaluation partitions samples within the available corpus.,unknown,unknown,unknown,documented_no_holdout,EVD2061,Training: Each task benchmarks learned models using five-fold cross-validation; folds are not grouped by collection time. Testing: Each task benchmarks learned models using five-fold cross-validation; folds are not grouped by collection time.,high
R2D1603,DES0219,P39132,SCH0480,client,documented_no_holdout,,yes,no,yes,nonqualifying_condition_contrast,EVD0195 | EVD0196,"The design partitions HTTP cache state within the same Chrome, Linux, and Docker environment rather than a client condition.",high
R2D1604,DES0219,P39132,SCH0480,network,documented_no_holdout,"The reported holdout changes classes, TLS/application/client state, cache state, user agent, defense parameters, or dataset identity without a stable common-label network-side contrast.",unknown,unknown,unknown,documented_no_holdout,EVD1385,Training: Models trained only on cached traffic are tested on non-cached traffic and vice versa. Testing: Models trained only on cached traffic are tested on non-cached traffic and vice versa.,high
R2D1605,DES0219,P39132,SCH0480,temporal,documented_no_holdout,Cached versus non-cached HTTP behavior in both transfer directions; no temporal ordering.,unknown,unknown,unknown,documented_no_holdout,EVD2062,Training: Models trained only on cached traffic are tested on non-cached traffic and vice versa. Testing: Models trained only on cached traffic are tested on non-cached traffic and vice versa.,high
R2D1606,DES0220,P39132,SCH0480,client,documented_no_holdout,Sample-level allocation; no client-defined final-test group.,unknown,unknown,unknown,documented_no_holdout,EVD0197,Training: The mixed scenario includes cached and non-cached samples in training and tests on an unseen mixture. Testing: The mixed scenario includes cached and non-cached samples in training and tests on an unseen mixture.,high
R2D1607,DES0220,P39132,SCH0480,network,documented_no_holdout,Network metadata are not used to group the sample/fold split.,unknown,unknown,unknown,documented_no_holdout,EVD1386,Training: The mixed scenario includes cached and non-cached samples in training and tests on an unseen mixture. Testing: The mixed scenario includes cached and non-cached samples in training and tests on an unseen mixture.,high
R2D1608,DES0220,P39132,SCH0480,temporal,documented_no_holdout,Both cache conditions enter the training pool.,unknown,unknown,unknown,documented_no_holdout,EVD2063,Training: The mixed scenario includes cached and non-cached samples in training and tests on an unseen mixture. Testing: The mixed scenario includes cached and non-cached samples in training and tests on an unseen mixture.,high
R2D1609,DES0221,P39132,SCH0479,client,documented_no_holdout,,yes,no,yes,nonqualifying_condition_contrast,EVD0198 | EVD0199,"The design partitions a spoofed User Agent within the same Chrome, Linux, and Docker environment rather than a client condition.",high
R2D1610,DES0221,P39132,SCH0479,network,documented_no_holdout,"The reported holdout changes classes, TLS/application/client state, cache state, user agent, defense parameters, or dataset identity without a stable common-label network-side contrast.",unknown,unknown,unknown,documented_no_holdout,EVD1387,Training: Models trained on desktop-user-agent traffic are tested on mobile-user-agent traffic and vice versa. Testing: Models trained on desktop-user-agent traffic are tested on mobile-user-agent traffic and vice versa.,high
R2D1611,DES0221,P39132,SCH0479,temporal,documented_no_holdout,Desktop versus mobile User-Agent conditions in both directions; no temporal ordering.,unknown,unknown,unknown,documented_no_holdout,EVD2064,Training: Models trained on desktop-user-agent traffic are tested on mobile-user-agent traffic and vice versa. Testing: Models trained on desktop-user-agent traffic are tested on mobile-user-agent traffic and vice versa.,high
R2D1612,DES0222,P39132,SCH0479,client,documented_no_holdout,Sample-level allocation; no client-defined final-test group.,unknown,unknown,unknown,documented_no_holdout,EVD0200,Training: The mixed-user-agent model trains and tests on a mixture of desktop and mobile User-Agent traffic. Testing: The mixed-user-agent model trains and tests on a mixture of desktop and mobile User-Agent traffic.,high
R2D1613,DES0222,P39132,SCH0479,network,documented_no_holdout,Network metadata are not used to group the sample/fold split.,unknown,unknown,unknown,documented_no_holdout,EVD1388,Training: The mixed-user-agent model trains and tests on a mixture of desktop and mobile User-Agent traffic. Testing: The mixed-user-agent model trains and tests on a mixture of desktop and mobile User-Agent traffic.,high
R2D1614,DES0222,P39132,SCH0479,temporal,documented_no_holdout,Desktop and mobile User-Agent conditions both enter training.,unknown,unknown,unknown,documented_no_holdout,EVD2065,Training: The mixed-user-agent model trains and tests on a mixture of desktop and mobile User-Agent traffic. Testing: The mixed-user-agent model trains and tests on a mixture of desktop and mobile User-Agent traffic.,high
R2D1615,DES0223,P39497,SCH0483,client,documented_no_holdout,,unknown,unknown,unknown,documented_no_holdout,EVD2526,The task uses a within-trace supervised holdout rather than a collection-condition partition.,high
R2D1616,DES0223,P39497,SCH0483,network,documented_no_holdout,,unknown,unknown,unknown,documented_no_holdout,EVD2526,The task uses a within-trace supervised holdout rather than a collection-condition partition.,high
R2D1617,DES0223,P39497,SCH0483,temporal,documented_no_holdout,,unknown,unknown,unknown,documented_no_holdout,EVD2526,The task uses a within-trace supervised holdout rather than a collection-condition partition.,high
R2D1618,DES0224,P39804,SCH0484,client,documented_no_holdout,Samples are partitioned after pooling; the reported split does not reserve a client condition for final testing.,unknown,unknown,unknown,documented_no_holdout,EVD0217,"Training: Seven-eighths per-flow training partition, class-balanced by undersampling. Testing: One-eighth per-flow test partition retaining the observed class distribution.",high
R2D1619,DES0224,P39804,SCH0484,network,documented_no_holdout,Samples are split after pooling; network-condition metadata are not used to reserve a final-test condition.,unknown,unknown,unknown,documented_no_holdout,EVD1405,"Training: Seven-eighths per-flow training partition, class-balanced by undersampling. Testing: One-eighth per-flow test partition retaining the observed class distribution.",high
R2D1620,DES0224,P39804,SCH0484,temporal,documented_no_holdout,No temporally distinct source/test condition is constructed.,unknown,unknown,unknown,documented_no_holdout,EVD2082,"Training: Seven-eighths per-flow training partition, class-balanced by undersampling. Testing: One-eighth per-flow test partition retaining the observed class distribution.",high
R2D1621,DES0225,P39804,SCH0484,client,documented_no_holdout,Samples are partitioned after pooling; the reported split does not reserve a client condition for final testing.,unknown,unknown,unknown,documented_no_holdout,EVD0219,Training: 80% random packet partition. Testing: 10% random packet partition.,high
R2D1622,DES0225,P39804,SCH0484,network,documented_no_holdout,Samples are split after pooling; network-condition metadata are not used to reserve a final-test condition.,unknown,unknown,unknown,documented_no_holdout,EVD1407,Training: 80% random packet partition. Testing: 10% random packet partition.,high
R2D1623,DES0225,P39804,SCH0484,temporal,documented_no_holdout,No temporally distinct source/test condition is constructed.,unknown,unknown,unknown,documented_no_holdout,EVD2084,Training: 80% random packet partition. Testing: 10% random packet partition.,high
R2D1624,DES0226,P39804,SCH0484,client,documented_no_holdout,Samples are partitioned after pooling; the reported split does not reserve a client condition for final testing.,unknown,unknown,unknown,documented_no_holdout,EVD0221,Training: Seven-eighths per-flow training partition. Testing: One-eighth per-flow test partition.,high
R2D1625,DES0226,P39804,SCH0484,network,documented_no_holdout,Samples are split after pooling; network-condition metadata are not used to reserve a final-test condition.,unknown,unknown,unknown,documented_no_holdout,EVD1409,Training: Seven-eighths per-flow training partition. Testing: One-eighth per-flow test partition.,high
R2D1626,DES0226,P39804,SCH0484,temporal,documented_no_holdout,No temporally distinct source/test condition is constructed.,unknown,unknown,unknown,documented_no_holdout,EVD2086,Training: Seven-eighths per-flow training partition. Testing: One-eighth per-flow test partition.,high
R2D1627,DES0227,P41766,SCH0485,client,not_documented,The evaluated paper does not report enough client-condition membership or grouping information to determine whether source and final-test traffic differ by client condition.,unknown,unknown,unknown,not_documented,EVD0232,Training: Eight tenths per-class training. Testing: One tenth per-class test.,high
R2D1628,DES0227,P41766,SCH0485,network,not_documented,The evaluated paper does not report assignable network-condition membership and grouping for classifier fitting and final testing.,unknown,unknown,unknown,not_documented,EVD1420,Training: Eight tenths per-class training. Testing: One tenth per-class test.,high
R2D1629,DES0227,P41766,SCH0485,temporal,not_documented,Temporal grouping or condition dates are not reported.,unknown,unknown,unknown,not_documented,EVD2098,Training: Eight tenths per-class training. Testing: One tenth per-class test.,high
R2D1630,DES0228,P42690,SCH0486,client,documented_no_holdout,Sample-level allocation; no client-defined final-test group.,unknown,unknown,unknown,documented_no_holdout,EVD0265,Training: The paper evaluates the task with sample-level 10-fold cross-validation; folds are not grouped by capture period or parent campaign. Testing: The paper evaluates the task with sample-level 10-fold cross-validation; folds are not grouped by capture period or parent campaign.,high
R2D1631,DES0228,P42690,SCH0486,network,documented_no_holdout,Network metadata are not used to group the sample/fold split.,unknown,unknown,unknown,documented_no_holdout,EVD1445,Training: The paper evaluates the task with sample-level 10-fold cross-validation; folds are not grouped by capture period or parent campaign. Testing: The paper evaluates the task with sample-level 10-fold cross-validation; folds are not grouped by capture period or parent campaign.,high
R2D1632,DES0228,P42690,SCH0486,temporal,documented_no_holdout,No temporal condition pair is defined; evaluation partitions samples within the available corpus.,unknown,unknown,unknown,documented_no_holdout,EVD2119,Training: The paper evaluates the task with sample-level 10-fold cross-validation; folds are not grouped by capture period or parent campaign. Testing: The paper evaluates the task with sample-level 10-fold cross-validation; folds are not grouped by capture period or parent campaign.,high
R2D1633,DES0229,P43001,SCH0489,client,documented_no_holdout,Website traffic trains in one network environment and tests in five other geographic/access-network environments; the paper keeps Firefox as the client software and does not evaluate a client-stack factor.,unknown,unknown,unknown,documented_no_holdout,EVD0269 | EVD0270,Training: About 1.8 million flows for 12 websites are collected across six network environments over 14 days; models train/test in one environment and are then tested separately on the other environments. Testing: About 1.8 million flows for 12 websites are collected across six network environments over 14 days; models train/test in one environment and are then tested separately on the other environments.,high
R2D1634,DES0229,P43001,SCH0489,network,documented_holdout,"Fixed source τ1 (China/Ethernet) versus targets τ2 (Korea/Ethernet) and τ3 (USA/Ethernet) for the same 12 websites. | Fixed source τ1 (China/Ethernet) versus targets τ4–τ6 (China Wi-Fi, 4G LTE, and 3G WCDMA) for the same 12 websites.",yes,yes,yes,documented_holdout,EVD1449 | EVD1450 | EVD1451 | EVD1452,Training: About 1.8 million flows for 12 websites are collected across six network environments over 14 days; models train/test in one environment and are then tested separately on the other environments. Testing: About 1.8 million flows for 12 websites are collected across six network environments over 14 days; models train/test in one environment and are then tested separately on the other environments.,high
R2D1635,DES0229,P43001,SCH0489,temporal,documented_no_holdout,One access/location environment trains and the remaining five environments test; the 14-day collection is not partitioned chronologically.,unknown,unknown,unknown,documented_no_holdout,EVD2123,Training: About 1.8 million flows for 12 websites are collected across six network environments over 14 days; models train/test in one environment and are then tested separately on the other environments. Testing: About 1.8 million flows for 12 websites are collected across six network environments over 14 days; models train/test in one environment and are then tested separately on the other environments.,high
R2D1636,DES0230,P43001,SCH0488,client,documented_no_holdout,Application traffic trains in one network environment and tests in five other geographic/access-network environments; the evaluated factor is the network environment rather than a documented client configuration.,unknown,unknown,unknown,documented_no_holdout,EVD0271 | EVD0272,Training: Application flows for six applications are collected in the six environments; a model trained in one environment is tested in the other environments without a temporal ordering. Testing: Application flows for six applications are collected in the six environments; a model trained in one environment is tested in the other environments without a temporal ordering.,high
R2D1637,DES0230,P43001,SCH0488,network,documented_holdout,"Fixed source τ1 (China/Ethernet) versus targets τ2 (Korea/Ethernet) and τ3 (USA/Ethernet) for the same 6 applications. | Fixed source τ1 (China/Ethernet) versus targets τ4–τ6 (China Wi-Fi, 4G LTE, and 3G WCDMA) for the same 6 applications.",yes,yes,yes,documented_holdout,EVD1453 | EVD1454 | EVD1455 | EVD1456,Training: Application flows for six applications are collected in the six environments; a model trained in one environment is tested in the other environments without a temporal ordering. Testing: Application flows for six applications are collected in the six environments; a model trained in one environment is tested in the other environments without a temporal ordering.,high
R2D1638,DES0230,P43001,SCH0488,temporal,documented_no_holdout,One access/location environment trains and the other environments test.,unknown,unknown,unknown,documented_no_holdout,EVD2124,Training: Application flows for six applications are collected in the six environments; a model trained in one environment is tested in the other environments without a temporal ordering. Testing: Application flows for six applications are collected in the six environments; a model trained in one environment is tested in the other environments without a temporal ordering.,high
R2D1639,DES0231,P43001,SCH0487,client,documented_no_holdout,,unknown,unknown,unknown,documented_no_holdout,EVD2574,No client environment determines the partition.,high
R2D1640,DES0231,P43001,SCH0487,network,documented_no_holdout,,unknown,unknown,unknown,documented_no_holdout,EVD2574,Replayed copies do not create an independently collected network condition under the locked coding rule.,high
R2D1641,DES0231,P43001,SCH0487,temporal,documented_no_holdout,,unknown,unknown,unknown,documented_no_holdout,EVD2574,No temporal collection condition determines the partition.,high
R2D1642,DES0232,P44828,SCH0490,client,documented_no_holdout,"Training and testing are formed by a sample-level random, stratified, or cross-validation split without client-condition grouping.",unknown,unknown,unknown,documented_no_holdout,EVD0299,Training: Nine stratified visit folds within a short campus collection. Testing: Remaining visit fold.,high
R2D1643,DES0232,P44828,SCH0490,network,documented_no_holdout,"Training and testing use a sample-level random, stratified, or cross-validation split without network-condition grouping.",unknown,unknown,unknown,documented_no_holdout,EVD1482,Training: Nine stratified visit folds within a short campus collection. Testing: Remaining visit fold.,high
R2D1644,DES0232,P44828,SCH0490,temporal,documented_no_holdout,No temporally distinct source/test condition is constructed.,unknown,unknown,unknown,documented_no_holdout,EVD2148,Training: Nine stratified visit folds within a short campus collection. Testing: Remaining visit fold.,high
R2D1645,DES0233,P44828,SCH0491,client,documented_no_holdout,"Training and testing are formed by a sample-level random, stratified, or cross-validation split without client-condition grouping.",unknown,unknown,unknown,documented_no_holdout,EVD0300,Training: Nine stratified visit folds within a short campus collection. Testing: Remaining visit fold.,high
R2D1646,DES0233,P44828,SCH0491,network,documented_no_holdout,"Training and testing use a sample-level random, stratified, or cross-validation split without network-condition grouping.",unknown,unknown,unknown,documented_no_holdout,EVD1483,Training: Nine stratified visit folds within a short campus collection. Testing: Remaining visit fold.,high
R2D1647,DES0233,P44828,SCH0491,temporal,documented_no_holdout,No temporally distinct source/test condition is constructed.,unknown,unknown,unknown,documented_no_holdout,EVD2149,Training: Nine stratified visit folds within a short campus collection. Testing: Remaining visit fold.,high
R2D1648,DES0234,P44828,SCH0492,client,documented_no_holdout,"Training and testing are formed by a sample-level random, stratified, or cross-validation split without client-condition grouping.",unknown,unknown,unknown,documented_no_holdout,EVD0301,Training: Nine monitored folds plus selected unmonitored visits. Testing: One monitored fold plus remaining unmonitored visits.,high
R2D1649,DES0234,P44828,SCH0492,network,documented_no_holdout,"Training and testing use a sample-level random, stratified, or cross-validation split without network-condition grouping.",unknown,unknown,unknown,documented_no_holdout,EVD1484,Training: Nine monitored folds plus selected unmonitored visits. Testing: One monitored fold plus remaining unmonitored visits.,high
R2D1650,DES0234,P44828,SCH0492,temporal,documented_no_holdout,No temporally distinct source/test condition is constructed.,unknown,unknown,unknown,documented_no_holdout,EVD2150,Training: Nine monitored folds plus selected unmonitored visits. Testing: One monitored fold plus remaining unmonitored visits.,high
R2D1651,DES0235,P45261,SCH0493,client,documented_no_holdout,"The documented device, operating-system, browser, or application property is the output label rather than an orthogonal client condition.",unknown,unknown,unknown,documented_no_holdout,EVD0307,Training: Eight sample parts per downstream dataset. Testing: One sample part from the same dataset.,high
R2D1652,DES0235,P45261,SCH0493,network,documented_no_holdout,"Training and testing use a sample-level random, stratified, or cross-validation split without network-condition grouping.",unknown,unknown,unknown,documented_no_holdout,EVD1489,Training: Eight sample parts per downstream dataset. Testing: One sample part from the same dataset.,high
R2D1653,DES0235,P45261,SCH0493,temporal,documented_no_holdout,No temporally distinct source/test condition is constructed.,unknown,unknown,unknown,documented_no_holdout,EVD2154,Training: Eight sample parts per downstream dataset. Testing: One sample part from the same dataset.,high
R2D1654,DES0236,P48758,SCH0495,client,documented_no_holdout,Classifier fitting and final testing use the same reported client condition.,unknown,unknown,unknown,documented_no_holdout,EVD0443,Training: Remaining monitored and open-world HTTPS-only training samples. Testing: Ten held-out samples for each monitored video plus unmonitored HTTPS-only test samples.,high
R2D1655,DES0236,P48758,SCH0495,network,not_documented,The evaluated paper does not report assignable network-condition membership and grouping for classifier fitting and final testing.,unknown,unknown,unknown,not_documented,EVD1626,Training: Remaining monitored and open-world HTTPS-only training samples. Testing: Ten held-out samples for each monitored video plus unmonitored HTTPS-only test samples.,high
R2D1656,DES0236,P48758,SCH0495,temporal,not_documented,Temporal grouping or condition dates are not reported.,unknown,unknown,unknown,not_documented,EVD2274,Training: Remaining monitored and open-world HTTPS-only training samples. Testing: Ten held-out samples for each monitored video plus unmonitored HTTPS-only test samples.,high
R2D1657,DES0237,P48758,SCH0494,client,documented_no_holdout,One AWS geographic collection vantage trains and a different AWS vantage tests across directed pairs; the evaluated factor is network/geographic vantage rather than a documented client configuration.,unknown,unknown,unknown,documented_no_holdout,EVD0445 | EVD0446,Training: 70 HTTPS-only visits per video from the source AWS region. Testing: 10 HTTPS-only visits per video from a different AWS target region.,high
R2D1658,DES0237,P48758,SCH0494,network,documented_no_holdout,A model fitted at one AWS-region client/capture vantage is tested at a different AWS-region vantage across directed pairs.,unknown,unknown,unknown,documented_no_holdout,EVD1628 | EVD1629,Training: 70 HTTPS-only visits per video from the source AWS region. Testing: 10 HTTPS-only visits per video from a different AWS target region.,high
R2D1659,DES0237,P48758,SCH0494,temporal,documented_no_holdout,One AWS collection region trains the model and a different AWS region supplies final test visits.,unknown,unknown,unknown,documented_no_holdout,EVD2276,Training: 70 HTTPS-only visits per video from the source AWS region. Testing: 10 HTTPS-only visits per video from a different AWS target region.,high
R2D1660,DES0238,P48758,SCH0495,client,documented_no_holdout,A model from one of nine non-us-west-2 AWS geographic vantages is tested at the us-west-2 vantage; the evaluated factor is network/geographic vantage rather than a documented client configuration.,unknown,unknown,unknown,documented_no_holdout,EVD0449 | EVD0450,Training: Monitored HTTPS-only visits from one of nine source AWS regions. Testing: Monitored and unmonitored HTTPS-only visits from us-west2.,high
R2D1661,DES0238,P48758,SCH0495,network,documented_no_holdout,A model fitted at a non-us-west-2 AWS vantage is tested on us-west-2 monitored and open-world traffic.,unknown,unknown,unknown,documented_no_holdout,EVD1632 | EVD1633,Training: Monitored HTTPS-only visits from one of nine source AWS regions. Testing: Monitored and unmonitored HTTPS-only visits from us-west2.,high
R2D1662,DES0238,P48758,SCH0495,temporal,documented_no_holdout,A non-us-west2 AWS region supplies monitored-class training and us-west2 supplies monitored plus open-world testing.,unknown,unknown,unknown,documented_no_holdout,EVD2278,Training: Monitored HTTPS-only visits from one of nine source AWS regions. Testing: Monitored and unmonitored HTTPS-only visits from us-west2.,high
